{
    "on-table(milk-carton,wood-table)": 0.2736127465032041,
    "on-table(milk-carton,black-table)": 0.08488450098472337,
    "on-table(milk-carton,white-table)": 0.6672439078489939,
    "on-table(lemon,wood-table)": 0.19001474735947946,
    "on-table(lemon,black-table)": 0.18541820082221724,
    "on-table(lemon,white-table)": 0.6563064476940781,
    "on-table(green-bottle,wood-table)": 0.2278664357921419,
    "on-table(green-bottle,black-table)": 0.06301003488564068,
    "on-table(green-bottle,white-table)": 0.9769450922807058,
    "on-table(loaf-of-bread,wood-table)": 0.4000270199030638,
    "on-table(loaf-of-bread,black-table)": 0.15218124528958774,
    "on-table(loaf-of-bread,white-table)": 0.6627853804578384,
    "on-table(red-box-of-cereal,wood-table)": 0.26694697809095186,
    "on-table(red-box-of-cereal,black-table)": 0.2801995067954219,
    "on-table(red-box-of-cereal,white-table)": 0.031145849662910525,
    "on-table(red-can-of-soda,wood-table)": 0.14303822655347176,
    "on-table(red-can-of-soda,black-table)": 0.13774540747029582,
    "on-table(red-can-of-soda,white-table)": 0.027197116706399054,
    "robot-gripper-empty()": 0.6148107834160328,
    "robot-gripping(milk-carton)": 0.3673787657171488,
    "robot-gripping(lemon)": 0.3882921470018725,
    "robot-gripping(green-bottle)": 0.13782938911269108,
    "robot-gripping(loaf-of-bread)": 0.23156953354676565,
    "robot-gripping(red-box-of-cereal)": 0.11717173922806978,
    "robot-gripping(red-can-of-soda)": 0.17877607187256217
}