{
    "on-table(milk-carton,wood-table)": 0.4085851309937425,
    "on-table(milk-carton,black-table)": 0.0031706178433523746,
    "on-table(milk-carton,white-table)": 0.6939903398354849,
    "on-table(lemon,wood-table)": 0.0249252581949501,
    "on-table(lemon,black-table)": 0.005880639688333152,
    "on-table(lemon,white-table)": 0.7447341655691465,
    "on-table(green-bottle,wood-table)": 0.16830295601660814,
    "on-table(green-bottle,black-table)": 0.002923236814088644,
    "on-table(green-bottle,white-table)": 0.8379643078272542,
    "on-table(loaf-of-bread,wood-table)": 0.1923085121282687,
    "on-table(loaf-of-bread,black-table)": 0.038539605811820365,
    "on-table(loaf-of-bread,white-table)": 0.0852794382662978,
    "on-table(red-box-of-cereal,wood-table)": 0.34700526064261794,
    "on-table(red-box-of-cereal,black-table)": 0.1683191446136334,
    "on-table(red-box-of-cereal,white-table)": 0.0008961282989427369,
    "on-table(red-can-of-soda,wood-table)": 0.6338280759907017,
    "on-table(red-can-of-soda,black-table)": 0.17060540008727307,
    "on-table(red-can-of-soda,white-table)": 0.0004995612495501215,
    "robot-gripper-empty()": 0.9103457033634186,
    "robot-gripping(milk-carton)": 0.1232201550155878,
    "robot-gripping(lemon)": 0.04025694685212026,
    "robot-gripping(green-bottle)": 0.019796872860752046,
    "robot-gripping(loaf-of-bread)": 0.10017241025343537,
    "robot-gripping(red-box-of-cereal)": 0.037796874453003206,
    "robot-gripping(red-can-of-soda)": 0.18091017147526145
}