{
    "on-table(milk-carton,wood-table)": 0.6239590545495352,
    "on-table(milk-carton,black-table)": 0.5268795285373926,
    "on-table(milk-carton,white-table)": 0.0778940324477541,
    "on-table(lemon,wood-table)": 0.06683987339541393,
    "on-table(lemon,black-table)": 0.8172630444169044,
    "on-table(lemon,white-table)": 0.03934667096594543,
    "on-table(green-bottle,wood-table)": 0.19024307877164878,
    "on-table(green-bottle,black-table)": 0.7033075257204473,
    "on-table(green-bottle,white-table)": 0.0015894304901469998,
    "on-table(loaf-of-bread,wood-table)": 0.22267143878464898,
    "on-table(loaf-of-bread,black-table)": 0.43251096829771996,
    "on-table(loaf-of-bread,white-table)": 0.6254328489303589,
    "on-table(red-box-of-cereal,wood-table)": 0.16980472226471952,
    "on-table(red-box-of-cereal,black-table)": 0.7887830339216938,
    "on-table(red-box-of-cereal,white-table)": 0.02086732831473152,
    "on-table(red-can-of-soda,wood-table)": 0.23764497090208656,
    "on-table(red-can-of-soda,black-table)": 0.7749012211958567,
    "on-table(red-can-of-soda,white-table)": 0.01926009864231067,
    "robot-gripper-empty()": 0.9269836246967316,
    "robot-gripping(milk-carton)": 0.16297976362208524,
    "robot-gripping(lemon)": 0.04729147255420685,
    "robot-gripping(green-bottle)": 0.05120634644602736,
    "robot-gripping(loaf-of-bread)": 0.07507811735073726,
    "robot-gripping(red-box-of-cereal)": 0.04731573800866803,
    "robot-gripping(red-can-of-soda)": 0.06470471806824207
}