{
    "on-table(milk-carton,wood-table)": 0.39309969288297,
    "on-table(milk-carton,black-table)": 0.021086001600148545,
    "on-table(milk-carton,white-table)": 0.07706457147044905,
    "on-table(lemon,wood-table)": 0.01561218091713575,
    "on-table(lemon,black-table)": 0.0017948187056996783,
    "on-table(lemon,white-table)": 0.01895180988503853,
    "on-table(green-bottle,wood-table)": 0.16926733316116346,
    "on-table(green-bottle,black-table)": 0.17186244990254332,
    "on-table(green-bottle,white-table)": 0.0008150681187544251,
    "on-table(loaf-of-bread,wood-table)": 0.018254000733577413,
    "on-table(loaf-of-bread,black-table)": 0.0022936465788916394,
    "on-table(loaf-of-bread,white-table)": 0.501667964165487,
    "on-table(red-box-of-cereal,wood-table)": 0.0036603491025744006,
    "on-table(red-box-of-cereal,black-table)": 0.4029026257970448,
    "on-table(red-box-of-cereal,white-table)": 0.013664532988817276,
    "on-table(red-can-of-soda,wood-table)": 0.16762221409347453,
    "on-table(red-can-of-soda,black-table)": 0.796711595923019,
    "on-table(red-can-of-soda,white-table)": 0.007941543896170819,
    "robot-gripper-empty()": 0.24053721519885585,
    "robot-gripping(milk-carton)": 0.27051548194140196,
    "robot-gripping(lemon)": 0.2474224028022339,
    "robot-gripping(green-bottle)": 0.7071745332020024,
    "robot-gripping(loaf-of-bread)": 0.054533874111560486,
    "robot-gripping(red-box-of-cereal)": 0.09853785260929726,
    "robot-gripping(red-can-of-soda)": 0.2094956990913488
}