{
    "on-table(milk-carton,wood-table)": 0.17786802369422125,
    "on-table(milk-carton,black-table)": 0.04080161373735791,
    "on-table(milk-carton,white-table)": 0.8505014938612779,
    "on-table(lemon,wood-table)": 0.9581509927908579,
    "on-table(lemon,black-table)": 0.32897561327627045,
    "on-table(lemon,white-table)": 0.016179440121959487,
    "on-table(green-bottle,wood-table)": 0.7410481773937742,
    "on-table(green-bottle,black-table)": 0.1701194473430784,
    "on-table(green-bottle,white-table)": 0.001475062756526313,
    "on-table(loaf-of-bread,wood-table)": 0.30165643508856493,
    "on-table(loaf-of-bread,black-table)": 0.7093547834083438,
    "on-table(loaf-of-bread,white-table)": 0.018209258016819756,
    "on-table(red-box-of-cereal,wood-table)": 0.04894590931750523,
    "on-table(red-box-of-cereal,black-table)": 0.08156239190914978,
    "on-table(red-box-of-cereal,white-table)": 0.48543943573410314,
    "on-table(red-can-of-soda,wood-table)": 0.16537543418174513,
    "on-table(red-can-of-soda,black-table)": 0.0015552778017990931,
    "on-table(red-can-of-soda,white-table)": 0.9682034949461619,
    "robot-gripper-empty()": 0.8528576567769051,
    "robot-gripping(milk-carton)": 0.11229633400216699,
    "robot-gripping(lemon)": 0.108650303290536,
    "robot-gripping(green-bottle)": 0.17647564977717897,
    "robot-gripping(loaf-of-bread)": 0.16800462873652577,
    "robot-gripping(red-box-of-cereal)": 0.06057339999824762,
    "robot-gripping(red-can-of-soda)": 0.0916011983839174
}