{
    "on-table(milk-carton,wood-table)": 0.6573279974982142,
    "on-table(milk-carton,black-table)": 0.6480228528380394,
    "on-table(milk-carton,white-table)": 0.03732913275113484,
    "on-table(lemon,wood-table)": 0.17491968035210448,
    "on-table(lemon,black-table)": 0.002584680439061534,
    "on-table(lemon,white-table)": 0.8348801336251199,
    "on-table(green-bottle,wood-table)": 0.7885867782558004,
    "on-table(green-bottle,black-table)": 0.17402624076066786,
    "on-table(green-bottle,white-table)": 0.001707156596542821,
    "on-table(loaf-of-bread,wood-table)": 0.1804770661983639,
    "on-table(loaf-of-bread,black-table)": 0.7386992576842507,
    "on-table(loaf-of-bread,white-table)": 0.010975397710960047,
    "on-table(red-box-of-cereal,wood-table)": 0.1770020326754699,
    "on-table(red-box-of-cereal,black-table)": 0.8290604072778175,
    "on-table(red-box-of-cereal,white-table)": 0.015900978973756235,
    "on-table(red-can-of-soda,wood-table)": 0.14763766479639648,
    "on-table(red-can-of-soda,black-table)": 0.3293090049011577,
    "on-table(red-can-of-soda,white-table)": 0.8385268871982893,
    "robot-gripper-empty()": 0.9646914104620615,
    "robot-gripping(milk-carton)": 0.14640644316871962,
    "robot-gripping(lemon)": 0.048518606616804995,
    "robot-gripping(green-bottle)": 0.16989321044335762,
    "robot-gripping(loaf-of-bread)": 0.09195844363421202,
    "robot-gripping(red-box-of-cereal)": 0.10818218094451974,
    "robot-gripping(red-can-of-soda)": 0.1921772074420005
}