{
    "on-table(milk-carton,wood-table)": 0.20919225703498037,
    "on-table(milk-carton,black-table)": 0.15639577883939637,
    "on-table(milk-carton,white-table)": 0.8020021679500738,
    "on-table(lemon,wood-table)": 0.13114832946060537,
    "on-table(lemon,black-table)": 0.06059757379769811,
    "on-table(lemon,white-table)": 0.8495153238375982,
    "on-table(green-bottle,wood-table)": 0.16152939535095356,
    "on-table(green-bottle,black-table)": 0.41624487602772814,
    "on-table(green-bottle,white-table)": 0.1227788213606497,
    "on-table(loaf-of-bread,wood-table)": 0.15025692889078832,
    "on-table(loaf-of-bread,black-table)": 0.5009656228745977,
    "on-table(loaf-of-bread,white-table)": 0.33052754470554646,
    "on-table(red-box-of-cereal,wood-table)": 0.3562035624248286,
    "on-table(red-box-of-cereal,black-table)": 0.7947312916318575,
    "on-table(red-box-of-cereal,white-table)": 0.0036637722029505917,
    "on-table(red-can-of-soda,wood-table)": 0.9190036058425903,
    "on-table(red-can-of-soda,black-table)": 0.33511380342802494,
    "on-table(red-can-of-soda,white-table)": 0.004929584536171205,
    "robot-gripper-empty()": 0.6548910948137442,
    "robot-gripping(milk-carton)": 0.319941205283006,
    "robot-gripping(lemon)": 0.12412966415286064,
    "robot-gripping(green-bottle)": 0.12910844261447588,
    "robot-gripping(loaf-of-bread)": 0.3312602713704109,
    "robot-gripping(red-box-of-cereal)": 0.3565973850588004,
    "robot-gripping(red-can-of-soda)": 0.3272620489199956
}