{
    "on-table(milk-carton,wood-table)": 0.6038189809769392,
    "on-table(milk-carton,black-table)": 0.11895294677621375,
    "on-table(milk-carton,white-table)": 0.5184615785256028,
    "on-table(lemon,wood-table)": 0.00463317584702357,
    "on-table(lemon,black-table)": 0.0013348604034035816,
    "on-table(lemon,white-table)": 0.02088147568823236,
    "on-table(green-bottle,wood-table)": 0.8348820193981131,
    "on-table(green-bottle,black-table)": 0.16835680345958318,
    "on-table(green-bottle,white-table)": 0.0021011232619040734,
    "on-table(loaf-of-bread,wood-table)": 0.7561871235569319,
    "on-table(loaf-of-bread,black-table)": 0.19322273846106933,
    "on-table(loaf-of-bread,white-table)": 0.15151141817235234,
    "on-table(red-box-of-cereal,wood-table)": 0.5402954146265984,
    "on-table(red-box-of-cereal,black-table)": 0.5067141299756864,
    "on-table(red-box-of-cereal,white-table)": 0.0091324228560552,
    "on-table(red-can-of-soda,wood-table)": 0.32298772928334074,
    "on-table(red-can-of-soda,black-table)": 0.9985342621803284,
    "on-table(red-can-of-soda,white-table)": 0.13142580779640411,
    "robot-gripper-empty()": 0.8358981292694807,
    "robot-gripping(milk-carton)": 0.10755472878615062,
    "robot-gripping(lemon)": 0.017982589391370613,
    "robot-gripping(green-bottle)": 0.17519348758893707,
    "robot-gripping(loaf-of-bread)": 0.07438941362003486,
    "robot-gripping(red-box-of-cereal)": 0.017395459193115432,
    "robot-gripping(red-can-of-soda)": 0.04197087076803049
}