{
    "on-table(milk-carton,wood-table)": 0.33870428676406544,
    "on-table(milk-carton,black-table)": 0.158328607629907,
    "on-table(milk-carton,white-table)": 0.6804492107282082,
    "on-table(lemon,wood-table)": 0.16254473101192465,
    "on-table(lemon,black-table)": 0.835426329014202,
    "on-table(lemon,white-table)": 0.003420336533054069,
    "on-table(green-bottle,wood-table)": 0.00048319878563537105,
    "on-table(green-bottle,black-table)": 0.0006361849652118204,
    "on-table(green-bottle,white-table)": 0.029054023463686462,
    "on-table(loaf-of-bread,wood-table)": 0.5078315843517581,
    "on-table(loaf-of-bread,black-table)": 0.16818908019922674,
    "on-table(loaf-of-bread,white-table)": 0.040113911779675014,
    "on-table(red-box-of-cereal,wood-table)": 0.9819892446200053,
    "on-table(red-box-of-cereal,black-table)": 0.5071405244380003,
    "on-table(red-box-of-cereal,white-table)": 0.007447735391906463,
    "on-table(red-can-of-soda,wood-table)": 0.5974475071028186,
    "on-table(red-can-of-soda,black-table)": 0.8864817668994268,
    "on-table(red-can-of-soda,white-table)": 0.005018716179620242,
    "robot-gripper-empty()": 0.6900313372413317,
    "robot-gripping(milk-carton)": 0.46450189997752506,
    "robot-gripping(lemon)": 0.12089651357382536,
    "robot-gripping(green-bottle)": 0.03566751543742915,
    "robot-gripping(loaf-of-bread)": 0.29922913511594135,
    "robot-gripping(red-box-of-cereal)": 0.3100059702992439,
    "robot-gripping(red-can-of-soda)": 0.4309907642503579
}