{
    "on-table(milk-carton,wood-table)": 0.45104549890675116,
    "on-table(milk-carton,black-table)": 0.36326451795563725,
    "on-table(milk-carton,white-table)": 0.19811968264366442,
    "on-table(lemon,wood-table)": 0.253117153821222,
    "on-table(lemon,black-table)": 0.0630733054264662,
    "on-table(lemon,white-table)": 0.999410480260849,
    "on-table(green-bottle,wood-table)": 0.1715777823216437,
    "on-table(green-bottle,black-table)": 0.8334681419461655,
    "on-table(green-bottle,white-table)": 0.0021343172824875487,
    "on-table(loaf-of-bread,wood-table)": 0.2695803385383139,
    "on-table(loaf-of-bread,black-table)": 0.08915797659816842,
    "on-table(loaf-of-bread,white-table)": 0.6214679814875126,
    "on-table(red-box-of-cereal,wood-table)": 0.8418882942448059,
    "on-table(red-box-of-cereal,black-table)": 0.24911214855819708,
    "on-table(red-box-of-cereal,white-table)": 0.012491145193052944,
    "on-table(red-can-of-soda,wood-table)": 0.8317158226855099,
    "on-table(red-can-of-soda,black-table)": 0.5732505819760263,
    "on-table(red-can-of-soda,white-table)": 0.016669184111378854,
    "robot-gripper-empty()": 0.8790648231903712,
    "robot-gripping(milk-carton)": 0.17945118838300309,
    "robot-gripping(lemon)": 0.05717800906859338,
    "robot-gripping(green-bottle)": 0.019940041849622503,
    "robot-gripping(loaf-of-bread)": 0.127292783310016,
    "robot-gripping(red-box-of-cereal)": 0.17792627650002638,
    "robot-gripping(red-can-of-soda)": 0.19425700030600032
}