{
    "on-table(milk-carton,wood-table)": 0.3133558655778567,
    "on-table(milk-carton,black-table)": 0.8138391176859537,
    "on-table(milk-carton,white-table)": 0.16685528975600997,
    "on-table(lemon,wood-table)": 0.00669572136636513,
    "on-table(lemon,black-table)": 0.002241203561425209,
    "on-table(lemon,white-table)": 0.0035643052178784274,
    "on-table(green-bottle,wood-table)": 0.16580715080393324,
    "on-table(green-bottle,black-table)": 0.0003454173939303473,
    "on-table(green-bottle,white-table)": 0.8335846530389972,
    "on-table(loaf-of-bread,wood-table)": 0.7308633575836817,
    "on-table(loaf-of-bread,black-table)": 0.21490879015861233,
    "on-table(loaf-of-bread,white-table)": 0.008880754746011613,
    "on-table(red-box-of-cereal,wood-table)": 0.2961454859469086,
    "on-table(red-box-of-cereal,black-table)": 0.29307801633452374,
    "on-table(red-box-of-cereal,white-table)": 0.5502282188584408,
    "on-table(red-can-of-soda,wood-table)": 0.3126138648003689,
    "on-table(red-can-of-soda,black-table)": 0.951775978008906,
    "on-table(red-can-of-soda,white-table)": 0.11827262762744795,
    "robot-gripper-empty()": 0.880775178472201,
    "robot-gripping(milk-carton)": 0.14666747053464255,
    "robot-gripping(lemon)": 0.046467510905737676,
    "robot-gripping(green-bottle)": 0.0067888916140267,
    "robot-gripping(loaf-of-bread)": 0.17739965052654347,
    "robot-gripping(red-box-of-cereal)": 0.11767625412903726,
    "robot-gripping(red-can-of-soda)": 0.07397314556874335
}