{
    "on-table(milk-carton,wood-table)": 0.2983563573701152,
    "on-table(milk-carton,black-table)": 0.20136595170561122,
    "on-table(milk-carton,white-table)": 0.7545293985555569,
    "on-table(lemon,wood-table)": 0.23160580398204425,
    "on-table(lemon,black-table)": 0.002400034084227324,
    "on-table(lemon,white-table)": 0.9956124623616537,
    "on-table(green-bottle,wood-table)": 0.05113057948377294,
    "on-table(green-bottle,black-table)": 0.02951015760966887,
    "on-table(green-bottle,white-table)": 0.019290127248192828,
    "on-table(loaf-of-bread,wood-table)": 0.4043025644496083,
    "on-table(loaf-of-bread,black-table)": 0.15078108845530855,
    "on-table(loaf-of-bread,white-table)": 0.4455986162647605,
    "on-table(red-box-of-cereal,wood-table)": 0.19444011485999604,
    "on-table(red-box-of-cereal,black-table)": 0.19384779437677935,
    "on-table(red-box-of-cereal,white-table)": 0.43804407127511996,
    "on-table(red-can-of-soda,wood-table)": 0.11406269619086136,
    "on-table(red-can-of-soda,black-table)": 0.11856914625483721,
    "on-table(red-can-of-soda,white-table)": 0.8250156392653784,
    "robot-gripper-empty()": 0.4873184136619481,
    "robot-gripping(milk-carton)": 0.49146887473762035,
    "robot-gripping(lemon)": 0.1377283971135815,
    "robot-gripping(green-bottle)": 0.1080374935021003,
    "robot-gripping(loaf-of-bread)": 0.43402730114758015,
    "robot-gripping(red-box-of-cereal)": 0.6550688470403353,
    "robot-gripping(red-can-of-soda)": 0.775314316774408
}