{
    "on-table(milk-carton,wood-table)": 0.8475207338730494,
    "on-table(milk-carton,black-table)": 0.2842201463451299,
    "on-table(milk-carton,white-table)": 0.018293622005633853,
    "on-table(lemon,wood-table)": 0.13074790681760837,
    "on-table(lemon,black-table)": 0.0033632927457271458,
    "on-table(lemon,white-table)": 0.8269214200942466,
    "on-table(green-bottle,wood-table)": 0.10842132624020451,
    "on-table(green-bottle,black-table)": 0.00026729241668969433,
    "on-table(green-bottle,white-table)": 0.8335591344512068,
    "on-table(loaf-of-bread,wood-table)": 0.30907355559368926,
    "on-table(loaf-of-bread,black-table)": 0.44307320689161617,
    "on-table(loaf-of-bread,white-table)": 0.0200385184531721,
    "on-table(red-box-of-cereal,wood-table)": 0.9970454772313436,
    "on-table(red-box-of-cereal,black-table)": 0.3438121178963532,
    "on-table(red-box-of-cereal,white-table)": 0.022730960567362974,
    "on-table(red-can-of-soda,wood-table)": 0.6838516362040536,
    "on-table(red-can-of-soda,black-table)": 0.7999179114898046,
    "on-table(red-can-of-soda,white-table)": 0.006507757749204757,
    "robot-gripper-empty()": 0.9782361388206482,
    "robot-gripping(milk-carton)": 0.26774351950734854,
    "robot-gripping(lemon)": 0.02872999260822932,
    "robot-gripping(green-bottle)": 0.00929487613029778,
    "robot-gripping(loaf-of-bread)": 0.06296720324705045,
    "robot-gripping(red-box-of-cereal)": 0.03554703991782541,
    "robot-gripping(red-can-of-soda)": 0.10076286628221472
}