{
    "on-table(milk-carton,wood-table)": 0.6487684150536855,
    "on-table(milk-carton,black-table)": 0.5363737269847965,
    "on-table(milk-carton,white-table)": 0.03490263039323812,
    "on-table(lemon,wood-table)": 0.18047386990413847,
    "on-table(lemon,black-table)": 0.06765264618479705,
    "on-table(lemon,white-table)": 0.9998295903205872,
    "on-table(green-bottle,wood-table)": 0.20432557558039358,
    "on-table(green-bottle,black-table)": 0.9266888002554575,
    "on-table(green-bottle,white-table)": 0.0007121791478160352,
    "on-table(loaf-of-bread,wood-table)": 0.5493655192355315,
    "on-table(loaf-of-bread,black-table)": 0.19861960253911093,
    "on-table(loaf-of-bread,white-table)": 0.20222484647335173,
    "on-table(red-box-of-cereal,wood-table)": 0.31883790485881036,
    "on-table(red-box-of-cereal,black-table)": 0.9967937966187795,
    "on-table(red-box-of-cereal,white-table)": 0.007541438020174003,
    "on-table(red-can-of-soda,wood-table)": 0.23921663143361607,
    "on-table(red-can-of-soda,black-table)": 0.9974487622578939,
    "on-table(red-can-of-soda,white-table)": 0.0006532599154525087,
    "robot-gripper-empty()": 0.79862047235171,
    "robot-gripping(milk-carton)": 0.4570738400022189,
    "robot-gripping(lemon)": 0.12262757681310177,
    "robot-gripping(green-bottle)": 0.13752105676879486,
    "robot-gripping(loaf-of-bread)": 0.19110205148657164,
    "robot-gripping(red-box-of-cereal)": 0.11547451838850975,
    "robot-gripping(red-can-of-soda)": 0.21244656418760618
}