{
    "on-table(milk-carton,wood-table)": 0.2843689966927438,
    "on-table(milk-carton,black-table)": 0.023353111662193744,
    "on-table(milk-carton,white-table)": 0.7113388876120249,
    "on-table(lemon,wood-table)": 0.009019462823440941,
    "on-table(lemon,black-table)": 0.017206568134497502,
    "on-table(lemon,white-table)": 0.004050222458317876,
    "on-table(green-bottle,wood-table)": 0.333410515076442,
    "on-table(green-bottle,black-table)": 0.9987649718920389,
    "on-table(green-bottle,white-table)": 0.05159057030808375,
    "on-table(loaf-of-bread,wood-table)": 0.14619203408559164,
    "on-table(loaf-of-bread,black-table)": 0.052859433829629175,
    "on-table(loaf-of-bread,white-table)": 0.14666720745541775,
    "on-table(red-box-of-cereal,wood-table)": 0.8038485253831217,
    "on-table(red-box-of-cereal,black-table)": 0.09130520114952863,
    "on-table(red-box-of-cereal,white-table)": 0.029841385366125905,
    "on-table(red-can-of-soda,wood-table)": 0.8236029335433462,
    "on-table(red-can-of-soda,black-table)": 0.16640088130225195,
    "on-table(red-can-of-soda,white-table)": 0.004025354627174238,
    "robot-gripper-empty()": 0.9249100188414255,
    "robot-gripping(milk-carton)": 0.14780024128655592,
    "robot-gripping(lemon)": 0.04355493471181641,
    "robot-gripping(green-bottle)": 0.06022097267365704,
    "robot-gripping(loaf-of-bread)": 0.1004287110020717,
    "robot-gripping(red-box-of-cereal)": 0.16621200228109956,
    "robot-gripping(red-can-of-soda)": 0.18406916099290052
}