{
    "on-table(milk-carton,wood-table)": 0.3843110723731418,
    "on-table(milk-carton,black-table)": 0.14073170721530914,
    "on-table(milk-carton,white-table)": 0.3876163102686405,
    "on-table(lemon,wood-table)": 0.18650897592306137,
    "on-table(lemon,black-table)": 0.35842988901034306,
    "on-table(lemon,white-table)": 0.6624336004036498,
    "on-table(green-bottle,wood-table)": 0.32493942890626687,
    "on-table(green-bottle,black-table)": 0.999079018831253,
    "on-table(green-bottle,white-table)": 0.03272113371076557,
    "on-table(loaf-of-bread,wood-table)": 0.41445327177643776,
    "on-table(loaf-of-bread,black-table)": 0.10074383077638534,
    "on-table(loaf-of-bread,white-table)": 0.3019909959596892,
    "on-table(red-box-of-cereal,wood-table)": 0.4720253378036432,
    "on-table(red-box-of-cereal,black-table)": 0.11700449911343942,
    "on-table(red-box-of-cereal,white-table)": 0.7634018554041783,
    "on-table(red-can-of-soda,wood-table)": 0.9971018930276235,
    "on-table(red-can-of-soda,black-table)": 0.1445380530029373,
    "on-table(red-can-of-soda,white-table)": 0.23894568466285668,
    "robot-gripper-empty()": 0.8234308138489723,
    "robot-gripping(milk-carton)": 0.1961201662197709,
    "robot-gripping(lemon)": 0.11655136857492228,
    "robot-gripping(green-bottle)": 0.1632839150261134,
    "robot-gripping(loaf-of-bread)": 0.15555934266497692,
    "robot-gripping(red-box-of-cereal)": 0.10736889163187395,
    "robot-gripping(red-can-of-soda)": 0.2154660603070321
}