{
    "on-table(milk-carton,wood-table)": 0.7753729186952114,
    "on-table(milk-carton,black-table)": 0.49302534786208224,
    "on-table(milk-carton,white-table)": 0.026354982597695198,
    "on-table(lemon,wood-table)": 0.2715952315375034,
    "on-table(lemon,black-table)": 0.0003297191812331827,
    "on-table(lemon,white-table)": 0.8344811440135042,
    "on-table(green-bottle,wood-table)": 0.8347829558576146,
    "on-table(green-bottle,black-table)": 0.16989259726549713,
    "on-table(green-bottle,white-table)": 0.0017999993767337703,
    "on-table(loaf-of-bread,wood-table)": 0.27689515977787477,
    "on-table(loaf-of-bread,black-table)": 0.3530067201548566,
    "on-table(loaf-of-bread,white-table)": 0.028021134584074996,
    "on-table(red-box-of-cereal,wood-table)": 0.34916796813195106,
    "on-table(red-box-of-cereal,black-table)": 0.9920733670393626,
    "on-table(red-box-of-cereal,white-table)": 0.16417608990013832,
    "on-table(red-can-of-soda,wood-table)": 0.99568044145902,
    "on-table(red-can-of-soda,black-table)": 0.3485056719786523,
    "on-table(red-can-of-soda,white-table)": 0.10325430927665973,
    "robot-gripper-empty()": 0.9352878928184509,
    "robot-gripping(milk-carton)": 0.12535705976188183,
    "robot-gripping(lemon)": 0.035633291117846966,
    "robot-gripping(green-bottle)": 0.14458425637955466,
    "robot-gripping(loaf-of-bread)": 0.07969271438196301,
    "robot-gripping(red-box-of-cereal)": 0.06140148049841324,
    "robot-gripping(red-can-of-soda)": 0.11782786098774523
}