{
    "on-table(milk-carton,wood-table)": 0.8576911240816116,
    "on-table(milk-carton,black-table)": 0.2996910297855114,
    "on-table(milk-carton,white-table)": 0.010741480694074804,
    "on-table(lemon,wood-table)": 0.8322452303643028,
    "on-table(lemon,black-table)": 0.1372428401544615,
    "on-table(lemon,white-table)": 0.001380301341972275,
    "on-table(green-bottle,wood-table)": 0.16734506850540734,
    "on-table(green-bottle,black-table)": 0.00038562458227412816,
    "on-table(green-bottle,white-table)": 0.8337568661275631,
    "on-table(loaf-of-bread,wood-table)": 0.6785108794768652,
    "on-table(loaf-of-bread,black-table)": 0.22495315142926606,
    "on-table(loaf-of-bread,white-table)": 0.034631003240065183,
    "on-table(red-box-of-cereal,wood-table)": 0.09052458617467589,
    "on-table(red-box-of-cereal,black-table)": 0.679182045821411,
    "on-table(red-box-of-cereal,white-table)": 0.005197617061033573,
    "on-table(red-can-of-soda,wood-table)": 0.09839073433128458,
    "on-table(red-can-of-soda,black-table)": 0.7030345262222303,
    "on-table(red-can-of-soda,white-table)": 0.00145722127793609,
    "robot-gripper-empty()": 0.8665673683087031,
    "robot-gripping(milk-carton)": 0.22294557032485804,
    "robot-gripping(lemon)": 0.11254378423715632,
    "robot-gripping(green-bottle)": 0.0060819810993659,
    "robot-gripping(loaf-of-bread)": 0.17218432979037365,
    "robot-gripping(red-box-of-cereal)": 0.15754254981099317,
    "robot-gripping(red-can-of-soda)": 0.18020203919149935
}