{
    "on-table(milk-carton,wood-table)": 0.30705113771061104,
    "on-table(milk-carton,black-table)": 0.4606468466420968,
    "on-table(milk-carton,white-table)": 0.19508248303706446,
    "on-table(lemon,wood-table)": 0.05450443224981427,
    "on-table(lemon,black-table)": 0.1834024588461034,
    "on-table(lemon,white-table)": 0.1858776380152752,
    "on-table(green-bottle,wood-table)": 0.002493338230124209,
    "on-table(green-bottle,black-table)": 0.0466972757227874,
    "on-table(green-bottle,white-table)": 0.3204675801777436,
    "on-table(loaf-of-bread,wood-table)": 0.34193845589955646,
    "on-table(loaf-of-bread,black-table)": 0.629390402076145,
    "on-table(loaf-of-bread,white-table)": 0.21685681001205617,
    "on-table(red-box-of-cereal,wood-table)": 0.2380360211924805,
    "on-table(red-box-of-cereal,black-table)": 0.43038944837947685,
    "on-table(red-box-of-cereal,white-table)": 0.03197547708744727,
    "on-table(red-can-of-soda,wood-table)": 0.030878730428715546,
    "on-table(red-can-of-soda,black-table)": 0.7531211748719215,
    "on-table(red-can-of-soda,white-table)": 0.010731033728916373,
    "robot-gripper-empty()": 0.4826150019459116,
    "robot-gripping(milk-carton)": 0.5993228629231453,
    "robot-gripping(lemon)": 0.061328550800681114,
    "robot-gripping(green-bottle)": 0.02718959787550072,
    "robot-gripping(loaf-of-bread)": 0.19995577819645405,
    "robot-gripping(red-box-of-cereal)": 0.7184714705993732,
    "robot-gripping(red-can-of-soda)": 0.5948242240895828
}