{
    "on-table(milk-carton,wood-table)": 0.3241075601351137,
    "on-table(milk-carton,black-table)": 0.38803257249916595,
    "on-table(milk-carton,white-table)": 0.27977767342720955,
    "on-table(lemon,wood-table)": 0.25861634365840774,
    "on-table(lemon,black-table)": 0.9849421679973602,
    "on-table(lemon,white-table)": 0.0088754730124568,
    "on-table(green-bottle,wood-table)": 0.1654666706745047,
    "on-table(green-bottle,black-table)": 0.8335579402240304,
    "on-table(green-bottle,white-table)": 0.011155485443850921,
    "on-table(loaf-of-bread,wood-table)": 0.7097810340734819,
    "on-table(loaf-of-bread,black-table)": 0.16050949867349118,
    "on-table(loaf-of-bread,white-table)": 0.17587256459713294,
    "on-table(red-box-of-cereal,wood-table)": 0.33291037728001055,
    "on-table(red-box-of-cereal,black-table)": 0.0033285836446642256,
    "on-table(red-box-of-cereal,white-table)": 0.6745637121299902,
    "on-table(red-can-of-soda,wood-table)": 0.8825294325749079,
    "on-table(red-can-of-soda,black-table)": 0.16702364273442072,
    "on-table(red-can-of-soda,white-table)": 0.17146383932231402,
    "robot-gripper-empty()": 0.8422303721308708,
    "robot-gripping(milk-carton)": 0.11149825419609745,
    "robot-gripping(lemon)": 0.07756614211636285,
    "robot-gripping(green-bottle)": 0.1038852718193084,
    "robot-gripping(loaf-of-bread)": 0.09396664868108928,
    "robot-gripping(red-box-of-cereal)": 0.05646788233813519,
    "robot-gripping(red-can-of-soda)": 0.2069757436790193
}