{
    "on-table(milk-carton,wood-table)": 0.05115241631089399,
    "on-table(milk-carton,black-table)": 0.663113466774424,
    "on-table(milk-carton,white-table)": 0.16630382355409287,
    "on-table(lemon,wood-table)": 0.12457694357726723,
    "on-table(lemon,black-table)": 0.3598263794168209,
    "on-table(lemon,white-table)": 0.587417000176174,
    "on-table(green-bottle,wood-table)": 0.8220535845806202,
    "on-table(green-bottle,black-table)": 0.17301305905349787,
    "on-table(green-bottle,white-table)": 0.005276665479148808,
    "on-table(loaf-of-bread,wood-table)": 0.13901860538559654,
    "on-table(loaf-of-bread,black-table)": 0.0729286916127118,
    "on-table(loaf-of-bread,white-table)": 0.6912195620437463,
    "on-table(red-box-of-cereal,wood-table)": 0.092899564372298,
    "on-table(red-box-of-cereal,black-table)": 0.7458318000038465,
    "on-table(red-box-of-cereal,white-table)": 0.02912471824432335,
    "on-table(red-can-of-soda,wood-table)": 0.15282620222812207,
    "on-table(red-can-of-soda,black-table)": 0.8539466013511022,
    "on-table(red-can-of-soda,white-table)": 0.0034598041559850876,
    "robot-gripper-empty()": 0.8343577943742275,
    "robot-gripping(milk-carton)": 0.07789762038737535,
    "robot-gripping(lemon)": 0.04384218264992038,
    "robot-gripping(green-bottle)": 0.18029166259414828,
    "robot-gripping(loaf-of-bread)": 0.049831693060696125,
    "robot-gripping(red-box-of-cereal)": 0.05478195764590055,
    "robot-gripping(red-can-of-soda)": 0.09514941787347198
}