{
    "on-table(milk-carton,wood-table)": 0.07920603409972198,
    "on-table(milk-carton,black-table)": 0.6476953153808912,
    "on-table(milk-carton,white-table)": 0.1910786975931842,
    "on-table(lemon,wood-table)": 0.6729007051326334,
    "on-table(lemon,black-table)": 0.1960714761298732,
    "on-table(lemon,white-table)": 0.007960034846443401,
    "on-table(green-bottle,wood-table)": 0.17986478771733042,
    "on-table(green-bottle,black-table)": 0.9860464533170065,
    "on-table(green-bottle,white-table)": 0.009205849719213196,
    "on-table(loaf-of-bread,wood-table)": 0.211626409223148,
    "on-table(loaf-of-bread,black-table)": 0.1507806290561954,
    "on-table(loaf-of-bread,white-table)": 0.4206862173547658,
    "on-table(red-box-of-cereal,wood-table)": 0.31293644725034636,
    "on-table(red-box-of-cereal,black-table)": 0.07198969045324095,
    "on-table(red-box-of-cereal,white-table)": 0.8269513559062034,
    "on-table(red-can-of-soda,wood-table)": 0.9965431292851766,
    "on-table(red-can-of-soda,black-table)": 0.11704468256114826,
    "on-table(red-can-of-soda,white-table)": 0.3366317187677244,
    "robot-gripper-empty()": 0.8857757498820623,
    "robot-gripping(milk-carton)": 0.12986294273287058,
    "robot-gripping(lemon)": 0.17574558383785188,
    "robot-gripping(green-bottle)": 0.08016296627465636,
    "robot-gripping(loaf-of-bread)": 0.12170732642213504,
    "robot-gripping(red-box-of-cereal)": 0.06675960239954293,
    "robot-gripping(red-can-of-soda)": 0.18335953420804194
}