{
    "on-table(milk-carton,wood-table)": 0.13720171671593562,
    "on-table(milk-carton,black-table)": 0.526620602235198,
    "on-table(milk-carton,white-table)": 0.33925260573838995,
    "on-table(lemon,wood-table)": 0.16492458235976906,
    "on-table(lemon,black-table)": 0.832043761620298,
    "on-table(lemon,white-table)": 0.16137610726036655,
    "on-table(green-bottle,wood-table)": 0.7818894821684808,
    "on-table(green-bottle,black-table)": 0.16838563844693985,
    "on-table(green-bottle,white-table)": 0.0010926241161731316,
    "on-table(loaf-of-bread,wood-table)": 0.1736437123424063,
    "on-table(loaf-of-bread,black-table)": 0.20945979662549993,
    "on-table(loaf-of-bread,white-table)": 0.26887837797403336,
    "on-table(red-box-of-cereal,wood-table)": 0.10790300380904227,
    "on-table(red-box-of-cereal,black-table)": 0.22508680603156486,
    "on-table(red-box-of-cereal,white-table)": 0.0746329647275464,
    "on-table(red-can-of-soda,wood-table)": 0.8411600484202305,
    "on-table(red-can-of-soda,black-table)": 0.1687746809135812,
    "on-table(red-can-of-soda,white-table)": 0.008050808795815101,
    "robot-gripper-empty()": 0.6267642817692831,
    "robot-gripping(milk-carton)": 0.5639547295868397,
    "robot-gripping(lemon)": 0.19107636654128632,
    "robot-gripping(green-bottle)": 0.15164619715263447,
    "robot-gripping(loaf-of-bread)": 0.2909176343431075,
    "robot-gripping(red-box-of-cereal)": 0.6561823108543953,
    "robot-gripping(red-can-of-soda)": 0.47624775270620984
}