{
    "on-table(milk-carton,wood-table)": 0.6746764264535159,
    "on-table(milk-carton,black-table)": 0.29190829466097057,
    "on-table(milk-carton,white-table)": 0.008136458385706646,
    "on-table(lemon,wood-table)": 0.20826102971841465,
    "on-table(lemon,black-table)": 0.0002675966815483359,
    "on-table(lemon,white-table)": 0.8339422283073267,
    "on-table(green-bottle,wood-table)": 0.6753480650174121,
    "on-table(green-bottle,black-table)": 0.17120849020096784,
    "on-table(green-bottle,white-table)": 0.0007071268275164281,
    "on-table(loaf-of-bread,wood-table)": 0.3535148167672257,
    "on-table(loaf-of-bread,black-table)": 0.4006893023227652,
    "on-table(loaf-of-bread,white-table)": 0.018478046841967927,
    "on-table(red-box-of-cereal,wood-table)": 0.30610928143263055,
    "on-table(red-box-of-cereal,black-table)": 0.9049468735853831,
    "on-table(red-box-of-cereal,white-table)": 0.01217194195093422,
    "on-table(red-can-of-soda,wood-table)": 0.3076485182864417,
    "on-table(red-can-of-soda,black-table)": 0.9775376419226328,
    "on-table(red-can-of-soda,white-table)": 0.004234002357937546,
    "robot-gripper-empty()": 0.8773351560036341,
    "robot-gripping(milk-carton)": 0.1880308504526814,
    "robot-gripping(lemon)": 0.07330651893668498,
    "robot-gripping(green-bottle)": 0.17207971845831102,
    "robot-gripping(loaf-of-bread)": 0.04448720168632766,
    "robot-gripping(red-box-of-cereal)": 0.027748439616213243,
    "robot-gripping(red-can-of-soda)": 0.05445373461892208
}