{
    "on-table(milk-carton,wood-table)": 0.3795464102877304,
    "on-table(milk-carton,black-table)": 0.17397999628641023,
    "on-table(milk-carton,white-table)": 0.15305845744054145,
    "on-table(lemon,wood-table)": 0.19350464904952483,
    "on-table(lemon,black-table)": 0.0007430825445074637,
    "on-table(lemon,white-table)": 0.9858735303084055,
    "on-table(green-bottle,wood-table)": 0.8560391664505005,
    "on-table(green-bottle,black-table)": 0.20083106610519508,
    "on-table(green-bottle,white-table)": 0.01408752030965843,
    "on-table(loaf-of-bread,wood-table)": 0.2152251949495015,
    "on-table(loaf-of-bread,black-table)": 0.09609249548763425,
    "on-table(loaf-of-bread,white-table)": 0.1620541599028608,
    "on-table(red-box-of-cereal,wood-table)": 0.35080172547410865,
    "on-table(red-box-of-cereal,black-table)": 0.28790251147681073,
    "on-table(red-box-of-cereal,white-table)": 0.16281355529584593,
    "on-table(red-can-of-soda,wood-table)": 0.9551223417123159,
    "on-table(red-can-of-soda,black-table)": 0.3329524902558205,
    "on-table(red-can-of-soda,white-table)": 0.16326849812852137,
    "robot-gripper-empty()": 0.9793100555737814,
    "robot-gripping(milk-carton)": 0.17917035644253096,
    "robot-gripping(lemon)": 0.06840126185367505,
    "robot-gripping(green-bottle)": 0.10338562773540616,
    "robot-gripping(loaf-of-bread)": 0.07249904237687588,
    "robot-gripping(red-box-of-cereal)": 0.02595262974500656,
    "robot-gripping(red-can-of-soda)": 0.09821255598217249
}