{
    "on-table(milk-carton,wood-table)": 0.40985181433158385,
    "on-table(milk-carton,black-table)": 0.004027275538949955,
    "on-table(milk-carton,white-table)": 0.845200943450133,
    "on-table(lemon,wood-table)": 0.36090897690398077,
    "on-table(lemon,black-table)": 0.1764319015684729,
    "on-table(lemon,white-table)": 0.33414027706021443,
    "on-table(green-bottle,wood-table)": 0.8329938357152665,
    "on-table(green-bottle,black-table)": 0.1671357409901096,
    "on-table(green-bottle,white-table)": 0.002006454646258741,
    "on-table(loaf-of-bread,wood-table)": 0.38634752730528515,
    "on-table(loaf-of-bread,black-table)": 0.019773393170908093,
    "on-table(loaf-of-bread,white-table)": 0.20439892106999955,
    "on-table(red-box-of-cereal,wood-table)": 0.37753391917794943,
    "on-table(red-box-of-cereal,black-table)": 0.21314200168368794,
    "on-table(red-box-of-cereal,white-table)": 0.8385348493854204,
    "on-table(red-can-of-soda,wood-table)": 0.7125214288632075,
    "on-table(red-can-of-soda,black-table)": 0.03029404996292821,
    "on-table(red-can-of-soda,white-table)": 0.5396039922100803,
    "robot-gripper-empty()": 0.833526398986578,
    "robot-gripping(milk-carton)": 0.1429083744684855,
    "robot-gripping(lemon)": 0.11554459575563669,
    "robot-gripping(green-bottle)": 0.1692597079090774,
    "robot-gripping(loaf-of-bread)": 0.11436038340131442,
    "robot-gripping(red-box-of-cereal)": 0.040934466562854745,
    "robot-gripping(red-can-of-soda)": 0.11979765615736444
}