{
    "on-table(milk-carton,wood-table)": 0.7666915754477183,
    "on-table(milk-carton,black-table)": 0.18847292593394135,
    "on-table(milk-carton,white-table)": 0.03978719504266337,
    "on-table(lemon,wood-table)": 0.17507905437984542,
    "on-table(lemon,black-table)": 0.0014524734109879016,
    "on-table(lemon,white-table)": 0.9997694989045461,
    "on-table(green-bottle,wood-table)": 0.9817007184028625,
    "on-table(green-bottle,black-table)": 0.32814583542797965,
    "on-table(green-bottle,white-table)": 0.0019896918589286847,
    "on-table(loaf-of-bread,wood-table)": 0.7371731226642927,
    "on-table(loaf-of-bread,black-table)": 0.11227271293561596,
    "on-table(loaf-of-bread,white-table)": 0.15638952547305962,
    "on-table(red-box-of-cereal,wood-table)": 0.7428061969888707,
    "on-table(red-box-of-cereal,black-table)": 0.15837215680858208,
    "on-table(red-box-of-cereal,white-table)": 0.0035800730250533284,
    "on-table(red-can-of-soda,wood-table)": 0.8342639915645123,
    "on-table(red-can-of-soda,black-table)": 0.17076294276989756,
    "on-table(red-can-of-soda,white-table)": 0.0013192536693319805,
    "robot-gripper-empty()": 0.8370605496068796,
    "robot-gripping(milk-carton)": 0.17681988313173255,
    "robot-gripping(lemon)": 0.03895349680290868,
    "robot-gripping(green-bottle)": 0.15504821841993058,
    "robot-gripping(loaf-of-bread)": 0.12035514305656154,
    "robot-gripping(red-box-of-cereal)": 0.14623171603307128,
    "robot-gripping(red-can-of-soda)": 0.1783695719204843
}