{
    "on-table(milk-carton,wood-table)": 0.48367280621702474,
    "on-table(milk-carton,black-table)": 0.16520886045570174,
    "on-table(milk-carton,white-table)": 0.3897394232141475,
    "on-table(lemon,wood-table)": 0.2659825981245376,
    "on-table(lemon,black-table)": 0.8048872152964274,
    "on-table(lemon,white-table)": 0.023585924861739233,
    "on-table(green-bottle,wood-table)": 0.2939068946482924,
    "on-table(green-bottle,black-table)": 0.0332533557084389,
    "on-table(green-bottle,white-table)": 0.035676074359798804,
    "on-table(loaf-of-bread,wood-table)": 0.8614853074153265,
    "on-table(loaf-of-bread,black-table)": 0.28202133123462164,
    "on-table(loaf-of-bread,white-table)": 0.05293828101518253,
    "on-table(red-box-of-cereal,wood-table)": 0.217584931946476,
    "on-table(red-box-of-cereal,black-table)": 0.22370184291988457,
    "on-table(red-box-of-cereal,white-table)": 0.014009537910169456,
    "on-table(red-can-of-soda,wood-table)": 0.22756587519082436,
    "on-table(red-can-of-soda,black-table)": 0.6992093302930394,
    "on-table(red-can-of-soda,white-table)": 0.008638770753653565,
    "robot-gripper-empty()": 0.9169845283031464,
    "robot-gripping(milk-carton)": 0.149889025837183,
    "robot-gripping(lemon)": 0.04612174956128001,
    "robot-gripping(green-bottle)": 0.04215886443853378,
    "robot-gripping(loaf-of-bread)": 0.13302881255125007,
    "robot-gripping(red-box-of-cereal)": 0.041836532608916364,
    "robot-gripping(red-can-of-soda)": 0.17717318686967096
}