{
    "on-table(milk-carton,wood-table)": 0.20101602763558427,
    "on-table(milk-carton,black-table)": 0.18399264135708412,
    "on-table(milk-carton,white-table)": 0.21912147421001768,
    "on-table(lemon,wood-table)": 0.18762164826815328,
    "on-table(lemon,black-table)": 0.0011709654510620264,
    "on-table(lemon,white-table)": 0.9989595711231232,
    "on-table(green-bottle,wood-table)": 0.8170040970047315,
    "on-table(green-bottle,black-table)": 0.1676682094948395,
    "on-table(green-bottle,white-table)": 0.0012838126547194406,
    "on-table(loaf-of-bread,wood-table)": 0.035975967960742615,
    "on-table(loaf-of-bread,black-table)": 0.009908513243620595,
    "on-table(loaf-of-bread,white-table)": 0.26768796058604494,
    "on-table(red-box-of-cereal,wood-table)": 0.17229248343695266,
    "on-table(red-box-of-cereal,black-table)": 0.6777357794344425,
    "on-table(red-box-of-cereal,white-table)": 0.03764963008931469,
    "on-table(red-can-of-soda,wood-table)": 0.16687543222966875,
    "on-table(red-can-of-soda,black-table)": 0.8228370264793435,
    "on-table(red-can-of-soda,white-table)": 0.012888394163458846,
    "robot-gripper-empty()": 0.974983791510264,
    "robot-gripping(milk-carton)": 0.1520152265826861,
    "robot-gripping(lemon)": 0.04085151975353559,
    "robot-gripping(green-bottle)": 0.13794614624930546,
    "robot-gripping(loaf-of-bread)": 0.06351220483581226,
    "robot-gripping(red-box-of-cereal)": 0.02734756818972528,
    "robot-gripping(red-can-of-soda)": 0.03914731050220629
}