{
    "on-table(milk-carton,wood-table)": 0.205135544994846,
    "on-table(milk-carton,black-table)": 0.010009071532598076,
    "on-table(milk-carton,white-table)": 0.8359271797041098,
    "on-table(lemon,wood-table)": 0.06540363282692851,
    "on-table(lemon,black-table)": 0.05154762268466584,
    "on-table(lemon,white-table)": 0.02347412212960383,
    "on-table(green-bottle,wood-table)": 0.16765519112474672,
    "on-table(green-bottle,black-table)": 0.8078296498861164,
    "on-table(green-bottle,white-table)": 0.009773433549829255,
    "on-table(loaf-of-bread,wood-table)": 0.4314745708058278,
    "on-table(loaf-of-bread,black-table)": 0.12292926596031369,
    "on-table(loaf-of-bread,white-table)": 0.12377604593590756,
    "on-table(red-box-of-cereal,wood-table)": 0.9902366896470388,
    "on-table(red-box-of-cereal,black-table)": 0.3360154289991139,
    "on-table(red-box-of-cereal,white-table)": 0.12023620127032093,
    "on-table(red-can-of-soda,wood-table)": 0.5470498031160483,
    "on-table(red-can-of-soda,black-table)": 0.6799156287064155,
    "on-table(red-can-of-soda,white-table)": 0.005497612986497795,
    "robot-gripper-empty()": 0.8676972538232803,
    "robot-gripping(milk-carton)": 0.08785828234006961,
    "robot-gripping(lemon)": 0.058130011040096484,
    "robot-gripping(green-bottle)": 0.06295971432700753,
    "robot-gripping(loaf-of-bread)": 0.11875190337498982,
    "robot-gripping(red-box-of-cereal)": 0.17860538434858123,
    "robot-gripping(red-can-of-soda)": 0.2128111858231326
}