{
    "on-table(milk-carton,wood-table)": 0.24127325295315435,
    "on-table(milk-carton,black-table)": 0.15355112335722274,
    "on-table(milk-carton,white-table)": 0.3458227581189324,
    "on-table(lemon,wood-table)": 0.17905235078069381,
    "on-table(lemon,black-table)": 0.8006297410659803,
    "on-table(lemon,white-table)": 0.014015157974275402,
    "on-table(green-bottle,wood-table)": 0.004569004546889725,
    "on-table(green-bottle,black-table)": 0.007776984618127851,
    "on-table(green-bottle,white-table)": 0.2922295168488442,
    "on-table(loaf-of-bread,wood-table)": 0.2620447212830186,
    "on-table(loaf-of-bread,black-table)": 0.3108042247282962,
    "on-table(loaf-of-bread,white-table)": 0.08787426071163888,
    "on-table(red-box-of-cereal,wood-table)": 0.4384467688699563,
    "on-table(red-box-of-cereal,black-table)": 0.045899770035854694,
    "on-table(red-box-of-cereal,white-table)": 0.9798464377721151,
    "on-table(red-can-of-soda,wood-table)": 0.526577376993373,
    "on-table(red-can-of-soda,black-table)": 0.07521525087213377,
    "on-table(red-can-of-soda,white-table)": 0.9642946720123291,
    "robot-gripper-empty()": 0.9041137993335724,
    "robot-gripping(milk-carton)": 0.17045208315054575,
    "robot-gripping(lemon)": 0.03610769065562636,
    "robot-gripping(green-bottle)": 0.018255398065472644,
    "robot-gripping(loaf-of-bread)": 0.1621501383682092,
    "robot-gripping(red-box-of-cereal)": 0.168051364676406,
    "robot-gripping(red-can-of-soda)": 0.2272917062897856
}