{
    "on-table(milk-carton,wood-table)": 0.18675916132633574,
    "on-table(milk-carton,black-table)": 0.1839747334374806,
    "on-table(milk-carton,white-table)": 0.7534482043314105,
    "on-table(lemon,wood-table)": 0.8923111210266749,
    "on-table(lemon,black-table)": 0.16673377629323718,
    "on-table(lemon,white-table)": 0.14216822962748665,
    "on-table(green-bottle,wood-table)": 0.16528225153282014,
    "on-table(green-bottle,black-table)": 0.00790804923781252,
    "on-table(green-bottle,white-table)": 0.9996162354946136,
    "on-table(loaf-of-bread,wood-table)": 0.08902811449176322,
    "on-table(loaf-of-bread,black-table)": 0.1498913000881051,
    "on-table(loaf-of-bread,white-table)": 0.05203858302168859,
    "on-table(red-box-of-cereal,wood-table)": 0.23909265885595232,
    "on-table(red-box-of-cereal,black-table)": 0.17511363055867454,
    "on-table(red-box-of-cereal,white-table)": 0.39577872017980553,
    "on-table(red-can-of-soda,wood-table)": 0.15785487685449576,
    "on-table(red-can-of-soda,black-table)": 0.0019302020226253565,
    "on-table(red-can-of-soda,white-table)": 0.914366697271665,
    "robot-gripper-empty()": 0.33594985098655644,
    "robot-gripping(milk-carton)": 0.40684310098489124,
    "robot-gripping(lemon)": 0.1713191163726151,
    "robot-gripping(green-bottle)": 0.14592992948989073,
    "robot-gripping(loaf-of-bread)": 0.35292875953018665,
    "robot-gripping(red-box-of-cereal)": 0.7258608092864355,
    "robot-gripping(red-can-of-soda)": 0.4610004819308718
}