{
    "on-table(milk-carton,wood-table)": 0.54383349729081,
    "on-table(milk-carton,black-table)": 0.010158614786632825,
    "on-table(milk-carton,white-table)": 0.41777431848458946,
    "on-table(lemon,wood-table)": 0.017018122987186263,
    "on-table(lemon,black-table)": 0.0028779300526669735,
    "on-table(lemon,white-table)": 0.2825208114976097,
    "on-table(green-bottle,wood-table)": 0.16259175698602726,
    "on-table(green-bottle,black-table)": 0.8330348085049385,
    "on-table(green-bottle,white-table)": 0.004557463357438489,
    "on-table(loaf-of-bread,wood-table)": 0.1160249242093414,
    "on-table(loaf-of-bread,black-table)": 0.06890445845298625,
    "on-table(loaf-of-bread,white-table)": 0.3820114843547344,
    "on-table(red-box-of-cereal,wood-table)": 0.10171788857648305,
    "on-table(red-box-of-cereal,black-table)": 0.0018715926626100554,
    "on-table(red-box-of-cereal,white-table)": 0.84077741826574,
    "on-table(red-can-of-soda,wood-table)": 0.09885129565373063,
    "on-table(red-can-of-soda,black-table)": 0.003132554722431754,
    "on-table(red-can-of-soda,white-table)": 0.9894497096538544,
    "robot-gripper-empty()": 0.8050590592126051,
    "robot-gripping(milk-carton)": 0.17571669475485882,
    "robot-gripping(lemon)": 0.02053747622994706,
    "robot-gripping(green-bottle)": 0.17796493081065515,
    "robot-gripping(loaf-of-bread)": 0.08286666311323643,
    "robot-gripping(red-box-of-cereal)": 0.03277127293404192,
    "robot-gripping(red-can-of-soda)": 0.070205259641322
}