{
    "on-table(milk-carton,wood-table)": 0.2772722101459901,
    "on-table(milk-carton,black-table)": 0.06563530076452177,
    "on-table(milk-carton,white-table)": 0.757541835308075,
    "on-table(lemon,wood-table)": 0.09438556846483455,
    "on-table(lemon,black-table)": 0.17043128726800205,
    "on-table(lemon,white-table)": 0.15697963607575124,
    "on-table(green-bottle,wood-table)": 0.20885338553246888,
    "on-table(green-bottle,black-table)": 0.010201764716346892,
    "on-table(green-bottle,white-table)": 0.9978775282700857,
    "on-table(loaf-of-bread,wood-table)": 0.3149351606843993,
    "on-table(loaf-of-bread,black-table)": 0.07196037940836202,
    "on-table(loaf-of-bread,white-table)": 0.2999351873974471,
    "on-table(red-box-of-cereal,wood-table)": 0.0656911820848715,
    "on-table(red-box-of-cereal,black-table)": 0.0037600081088839943,
    "on-table(red-box-of-cereal,white-table)": 0.6332710525020957,
    "on-table(red-can-of-soda,wood-table)": 0.03371651755151106,
    "on-table(red-can-of-soda,black-table)": 0.000806156553759744,
    "on-table(red-can-of-soda,white-table)": 0.6750705174248045,
    "robot-gripper-empty()": 0.9507918357849121,
    "robot-gripping(milk-carton)": 0.1284757244090239,
    "robot-gripping(lemon)": 0.09337083529680967,
    "robot-gripping(green-bottle)": 0.0794562854571268,
    "robot-gripping(loaf-of-bread)": 0.13180909771472216,
    "robot-gripping(red-box-of-cereal)": 0.10193370247725397,
    "robot-gripping(red-can-of-soda)": 0.15668537242648503
}