{
    "on-table(milk-carton,wood-table)": 0.1427316999179311,
    "on-table(milk-carton,black-table)": 0.02184237271527915,
    "on-table(milk-carton,white-table)": 0.7599528872718414,
    "on-table(lemon,wood-table)": 0.023948494888221223,
    "on-table(lemon,black-table)": 0.01202254105131336,
    "on-table(lemon,white-table)": 0.034512896342979126,
    "on-table(green-bottle,wood-table)": 0.17078836517369686,
    "on-table(green-bottle,black-table)": 0.16920759427011944,
    "on-table(green-bottle,white-table)": 0.0031130860655442425,
    "on-table(loaf-of-bread,wood-table)": 0.1310503981464232,
    "on-table(loaf-of-bread,black-table)": 0.11503976026627545,
    "on-table(loaf-of-bread,white-table)": 0.020838145292752113,
    "on-table(red-box-of-cereal,wood-table)": 0.010198202876684567,
    "on-table(red-box-of-cereal,black-table)": 0.02564624202932464,
    "on-table(red-box-of-cereal,white-table)": 0.0020344591915394026,
    "on-table(red-can-of-soda,wood-table)": 0.013659518418232134,
    "on-table(red-can-of-soda,black-table)": 0.035338373911751354,
    "on-table(red-can-of-soda,white-table)": 0.0008088248384107525,
    "robot-gripper-empty()": 0.19254612606406832,
    "robot-gripping(milk-carton)": 0.20187739903728166,
    "robot-gripping(lemon)": 0.4932703959445159,
    "robot-gripping(green-bottle)": 0.8310745569566885,
    "robot-gripping(loaf-of-bread)": 0.11346842666777472,
    "robot-gripping(red-box-of-cereal)": 0.02075830083049368,
    "robot-gripping(red-can-of-soda)": 0.066428122256184
}