{
    "on-table(milk-carton,wood-table)": 0.1269203882354001,
    "on-table(milk-carton,black-table)": 0.5741221412705878,
    "on-table(milk-carton,white-table)": 0.47703871672274545,
    "on-table(lemon,wood-table)": 0.3249057891856258,
    "on-table(lemon,black-table)": 0.08913332235533744,
    "on-table(lemon,white-table)": 0.3324139535737534,
    "on-table(green-bottle,wood-table)": 0.821164608001709,
    "on-table(green-bottle,black-table)": 0.2350063239430161,
    "on-table(green-bottle,white-table)": 0.005853776511571596,
    "on-table(loaf-of-bread,wood-table)": 0.20522572736566266,
    "on-table(loaf-of-bread,black-table)": 0.40706649647715193,
    "on-table(loaf-of-bread,white-table)": 0.57623578603913,
    "on-table(red-box-of-cereal,wood-table)": 0.22070975469735762,
    "on-table(red-box-of-cereal,black-table)": 0.8309567077861478,
    "on-table(red-box-of-cereal,white-table)": 0.07967932920473686,
    "on-table(red-can-of-soda,wood-table)": 0.02833157598312634,
    "on-table(red-can-of-soda,black-table)": 0.5343526157860955,
    "on-table(red-can-of-soda,white-table)": 0.007576509999732177,
    "robot-gripper-empty()": 0.7554764598608017,
    "robot-gripping(milk-carton)": 0.2642041003952424,
    "robot-gripping(lemon)": 0.11369346765180428,
    "robot-gripping(green-bottle)": 0.16962136041062573,
    "robot-gripping(loaf-of-bread)": 0.1162404293815295,
    "robot-gripping(red-box-of-cereal)": 0.2725454627846678,
    "robot-gripping(red-can-of-soda)": 0.5706815831363201
}