{
    "on-table(milk-carton,wood-table)": 0.13028488618632159,
    "on-table(milk-carton,black-table)": 0.13200050902863344,
    "on-table(milk-carton,white-table)": 0.31583035570414114,
    "on-table(lemon,wood-table)": 0.24346871558615626,
    "on-table(lemon,black-table)": 0.007957893805496496,
    "on-table(lemon,white-table)": 0.8428593184798956,
    "on-table(green-bottle,wood-table)": 0.1954583854918989,
    "on-table(green-bottle,black-table)": 0.7182320257027944,
    "on-table(green-bottle,white-table)": 0.022131616519800446,
    "on-table(loaf-of-bread,wood-table)": 0.40598356428866583,
    "on-table(loaf-of-bread,black-table)": 0.2610187311656773,
    "on-table(loaf-of-bread,white-table)": 0.32713765852774185,
    "on-table(red-box-of-cereal,wood-table)": 0.043370337351613365,
    "on-table(red-box-of-cereal,black-table)": 0.03243634305545129,
    "on-table(red-box-of-cereal,white-table)": 0.14582523472199682,
    "on-table(red-can-of-soda,wood-table)": 0.25201285669269663,
    "on-table(red-can-of-soda,black-table)": 0.006914501099496799,
    "on-table(red-can-of-soda,white-table)": 0.857185423374176,
    "robot-gripper-empty()": 0.9509585499763489,
    "robot-gripping(milk-carton)": 0.13196101722617945,
    "robot-gripping(lemon)": 0.056143788465609155,
    "robot-gripping(green-bottle)": 0.1653693999784688,
    "robot-gripping(loaf-of-bread)": 0.07289308806260426,
    "robot-gripping(red-box-of-cereal)": 0.02785321018503358,
    "robot-gripping(red-can-of-soda)": 0.14181987770522633
}