{
    "on-table(milk-carton,wood-table)": 0.3293974819825962,
    "on-table(milk-carton,black-table)": 0.44163660270472366,
    "on-table(milk-carton,white-table)": 0.2068304994221156,
    "on-table(lemon,wood-table)": 0.5505502372640573,
    "on-table(lemon,black-table)": 0.2119719567053835,
    "on-table(lemon,white-table)": 0.15928170242962855,
    "on-table(green-bottle,wood-table)": 0.831516231254985,
    "on-table(green-bottle,black-table)": 0.16876336974735295,
    "on-table(green-bottle,white-table)": 0.004889929093830385,
    "on-table(loaf-of-bread,wood-table)": 0.8278218135237694,
    "on-table(loaf-of-bread,black-table)": 0.0795823848117531,
    "on-table(loaf-of-bread,white-table)": 0.16972059201119313,
    "on-table(red-box-of-cereal,wood-table)": 0.049506295511188604,
    "on-table(red-box-of-cereal,black-table)": 0.3878662829908232,
    "on-table(red-box-of-cereal,white-table)": 0.05496235541310549,
    "on-table(red-can-of-soda,wood-table)": 0.018691911820496898,
    "on-table(red-can-of-soda,black-table)": 0.7987309042364359,
    "on-table(red-can-of-soda,white-table)": 0.009412516987443572,
    "robot-gripper-empty()": 0.5856690248474479,
    "robot-gripping(milk-carton)": 0.4652975673476855,
    "robot-gripping(lemon)": 0.0698097109173735,
    "robot-gripping(green-bottle)": 0.16372779556938136,
    "robot-gripping(loaf-of-bread)": 0.11649294973661502,
    "robot-gripping(red-box-of-cereal)": 0.6020924088855585,
    "robot-gripping(red-can-of-soda)": 0.6165888421237469
}