{
    "on-table(milk-carton,wood-table)": 0.12736572107921043,
    "on-table(milk-carton,black-table)": 0.6132057855526606,
    "on-table(milk-carton,white-table)": 0.2531189621853021,
    "on-table(lemon,wood-table)": 0.3466219622641802,
    "on-table(lemon,black-table)": 0.6373398428161939,
    "on-table(lemon,white-table)": 0.28224483019827556,
    "on-table(green-bottle,wood-table)": 0.20443427533609793,
    "on-table(green-bottle,black-table)": 0.9989694654941559,
    "on-table(green-bottle,white-table)": 0.0400642259956688,
    "on-table(loaf-of-bread,wood-table)": 0.34137215387697023,
    "on-table(loaf-of-bread,black-table)": 0.5920204008774211,
    "on-table(loaf-of-bread,white-table)": 0.23161869387452802,
    "on-table(red-box-of-cereal,wood-table)": 0.07732752163428813,
    "on-table(red-box-of-cereal,black-table)": 0.2881561116082594,
    "on-table(red-box-of-cereal,white-table)": 0.2715731633458442,
    "on-table(red-can-of-soda,wood-table)": 0.018234503290538367,
    "on-table(red-can-of-soda,black-table)": 0.8378229044998685,
    "on-table(red-can-of-soda,white-table)": 0.025473206918225817,
    "robot-gripper-empty()": 0.903513103723526,
    "robot-gripping(milk-carton)": 0.22499040700495243,
    "robot-gripping(lemon)": 0.24975408241152763,
    "robot-gripping(green-bottle)": 0.06700862385332584,
    "robot-gripping(loaf-of-bread)": 0.16017680056393147,
    "robot-gripping(red-box-of-cereal)": 0.0638771248050034,
    "robot-gripping(red-can-of-soda)": 0.11355042705933253
}