{
    "on-table(milk-carton,wood-table)": 0.1633647569299986,
    "on-table(milk-carton,black-table)": 0.5870825151602427,
    "on-table(milk-carton,white-table)": 0.33205675012141,
    "on-table(lemon,wood-table)": 0.20446095380854482,
    "on-table(lemon,black-table)": 0.03310355237499607,
    "on-table(lemon,white-table)": 0.9995474616686503,
    "on-table(green-bottle,wood-table)": 0.1719546751216209,
    "on-table(green-bottle,black-table)": 0.6678844873094931,
    "on-table(green-bottle,white-table)": 0.0016698573959577818,
    "on-table(loaf-of-bread,wood-table)": 0.36126583457613987,
    "on-table(loaf-of-bread,black-table)": 0.06620381112831335,
    "on-table(loaf-of-bread,white-table)": 0.6294949489335219,
    "on-table(red-box-of-cereal,wood-table)": 0.0644897160527762,
    "on-table(red-box-of-cereal,black-table)": 0.7182705340286096,
    "on-table(red-box-of-cereal,white-table)": 0.04474450032527481,
    "on-table(red-can-of-soda,wood-table)": 0.17472094493859913,
    "on-table(red-can-of-soda,black-table)": 0.8384634188065926,
    "on-table(red-can-of-soda,white-table)": 0.02875896548016499,
    "robot-gripper-empty()": 0.9790741006533304,
    "robot-gripping(milk-carton)": 0.243476872642835,
    "robot-gripping(lemon)": 0.10551720019429922,
    "robot-gripping(green-bottle)": 0.026223391119856387,
    "robot-gripping(loaf-of-bread)": 0.08755013470848401,
    "robot-gripping(red-box-of-cereal)": 0.03592242719605565,
    "robot-gripping(red-can-of-soda)": 0.05006199019650618
}