{
    "on-table(milk-carton,wood-table)": 0.4515231658394138,
    "on-table(milk-carton,black-table)": 0.6293040663003922,
    "on-table(milk-carton,white-table)": 0.018832707074276794,
    "on-table(lemon,wood-table)": 0.26426401258504484,
    "on-table(lemon,black-table)": 0.8418703358620405,
    "on-table(lemon,white-table)": 0.10945625053007764,
    "on-table(green-bottle,wood-table)": 0.14948017075948883,
    "on-table(green-bottle,black-table)": 0.0002506047887891327,
    "on-table(green-bottle,white-table)": 0.8335266225233985,
    "on-table(loaf-of-bread,wood-table)": 0.39713626975814503,
    "on-table(loaf-of-bread,black-table)": 0.5015286179259419,
    "on-table(loaf-of-bread,white-table)": 0.014402712970574308,
    "on-table(red-box-of-cereal,wood-table)": 0.8317800028792893,
    "on-table(red-box-of-cereal,black-table)": 0.13441436353499134,
    "on-table(red-box-of-cereal,white-table)": 0.0024183506188819592,
    "on-table(red-can-of-soda,wood-table)": 0.8333650001053078,
    "on-table(red-can-of-soda,black-table)": 0.16736987619848756,
    "on-table(red-can-of-soda,white-table)": 0.0018534770204041706,
    "robot-gripper-empty()": 0.9685415824254354,
    "robot-gripping(milk-carton)": 0.07439019142960508,
    "robot-gripping(lemon)": 0.02416280680336058,
    "robot-gripping(green-bottle)": 0.00956640842196066,
    "robot-gripping(loaf-of-bread)": 0.06683478807099164,
    "robot-gripping(red-box-of-cereal)": 0.12405621326373269,
    "robot-gripping(red-can-of-soda)": 0.17001375777181238
}