{
    "on-table(milk-carton,wood-table)": 0.36759486074637,
    "on-table(milk-carton,black-table)": 0.0016526997951586964,
    "on-table(milk-carton,white-table)": 0.8447105921804905,
    "on-table(lemon,wood-table)": 0.21436137077883663,
    "on-table(lemon,black-table)": 0.09193298697255159,
    "on-table(lemon,white-table)": 0.3487534085676695,
    "on-table(green-bottle,wood-table)": 0.17193945543355463,
    "on-table(green-bottle,black-table)": 0.1692940288915755,
    "on-table(green-bottle,white-table)": 0.004266414851978577,
    "on-table(loaf-of-bread,wood-table)": 0.42334638396278024,
    "on-table(loaf-of-bread,black-table)": 0.003623756841989234,
    "on-table(loaf-of-bread,white-table)": 0.08868767196933429,
    "on-table(red-box-of-cereal,wood-table)": 0.46467288354566944,
    "on-table(red-box-of-cereal,black-table)": 0.08022925222818837,
    "on-table(red-box-of-cereal,white-table)": 0.8305551080654064,
    "on-table(red-can-of-soda,wood-table)": 0.8879211644331614,
    "on-table(red-can-of-soda,black-table)": 0.16663018059261958,
    "on-table(red-can-of-soda,white-table)": 0.3381813358137151,
    "robot-gripper-empty()": 0.3327517374418676,
    "robot-gripping(milk-carton)": 0.23617466123929867,
    "robot-gripping(lemon)": 0.2834540798018376,
    "robot-gripping(green-bottle)": 0.8239402811353406,
    "robot-gripping(loaf-of-bread)": 0.12834966757024327,
    "robot-gripping(red-box-of-cereal)": 0.0579582142381696,
    "robot-gripping(red-can-of-soda)": 0.21082949188227454
}