{
    "on-table(milk-carton,wood-table)": 0.27433379836535704,
    "on-table(milk-carton,black-table)": 0.03160235477207607,
    "on-table(milk-carton,white-table)": 0.9307180841763815,
    "on-table(lemon,wood-table)": 0.18283518516303351,
    "on-table(lemon,black-table)": 0.014934761574522781,
    "on-table(lemon,white-table)": 0.9999256134033203,
    "on-table(green-bottle,wood-table)": 0.17969174361011633,
    "on-table(green-bottle,black-table)": 0.17855572397214323,
    "on-table(green-bottle,white-table)": 0.012597560747356814,
    "on-table(loaf-of-bread,wood-table)": 0.2526479945130025,
    "on-table(loaf-of-bread,black-table)": 0.004872436288375563,
    "on-table(loaf-of-bread,white-table)": 0.3889699062953393,
    "on-table(red-box-of-cereal,wood-table)": 0.22862213477492332,
    "on-table(red-box-of-cereal,black-table)": 0.1669972684661237,
    "on-table(red-box-of-cereal,white-table)": 0.49980582296848297,
    "on-table(red-can-of-soda,wood-table)": 0.12663390962795043,
    "on-table(red-can-of-soda,black-table)": 0.6731777257858388,
    "on-table(red-can-of-soda,white-table)": 0.1786192504620582,
    "robot-gripper-empty()": 0.4233847294235602,
    "robot-gripping(milk-carton)": 0.1359071433544159,
    "robot-gripping(lemon)": 0.030150788273507107,
    "robot-gripping(green-bottle)": 0.734280415189763,
    "robot-gripping(loaf-of-bread)": 0.03830901548887292,
    "robot-gripping(red-box-of-cereal)": 0.02163092613045592,
    "robot-gripping(red-can-of-soda)": 0.11440872731812608
}