{
    "on-table(milk-carton,wood-table)": 0.2671239937383992,
    "on-table(milk-carton,black-table)": 0.021593272282795322,
    "on-table(milk-carton,white-table)": 0.8562497893969218,
    "on-table(lemon,wood-table)": 0.17061394696550755,
    "on-table(lemon,black-table)": 0.0010951289232252748,
    "on-table(lemon,white-table)": 0.9974065621693929,
    "on-table(green-bottle,wood-table)": 0.9910062750180563,
    "on-table(green-bottle,black-table)": 0.32815166683159686,
    "on-table(green-bottle,white-table)": 0.04137596763594805,
    "on-table(loaf-of-bread,wood-table)": 0.15792755720516047,
    "on-table(loaf-of-bread,black-table)": 0.008073215198237449,
    "on-table(loaf-of-bread,white-table)": 0.7794357249513268,
    "on-table(red-box-of-cereal,wood-table)": 0.1824940141523257,
    "on-table(red-box-of-cereal,black-table)": 0.17572774846727648,
    "on-table(red-box-of-cereal,white-table)": 0.272612970865642,
    "on-table(red-can-of-soda,wood-table)": 0.16875295671828403,
    "on-table(red-can-of-soda,black-table)": 0.00414919698475084,
    "on-table(red-can-of-soda,white-table)": 0.9029978762070338,
    "robot-gripper-empty()": 0.44753699540160596,
    "robot-gripping(milk-carton)": 0.4230762794613838,
    "robot-gripping(lemon)": 0.11342481632406513,
    "robot-gripping(green-bottle)": 0.08793344180836964,
    "robot-gripping(loaf-of-bread)": 0.3078216388821602,
    "robot-gripping(red-box-of-cereal)": 0.7278504458566507,
    "robot-gripping(red-can-of-soda)": 0.740926910812656
}