{
    "on-table(milk-carton,wood-table)": 0.6397251933813095,
    "on-table(milk-carton,black-table)": 0.45194135974937427,
    "on-table(milk-carton,white-table)": 0.1426673864480108,
    "on-table(lemon,wood-table)": 0.20583121087596132,
    "on-table(lemon,black-table)": 0.8579414238532385,
    "on-table(lemon,white-table)": 0.11203486712111044,
    "on-table(green-bottle,wood-table)": 0.327132876564671,
    "on-table(green-bottle,black-table)": 0.9998056888580322,
    "on-table(green-bottle,white-table)": 0.04767822669388503,
    "on-table(loaf-of-bread,wood-table)": 0.755379743874073,
    "on-table(loaf-of-bread,black-table)": 0.2757997886345341,
    "on-table(loaf-of-bread,white-table)": 0.16872204313146236,
    "on-table(red-box-of-cereal,wood-table)": 0.19572494788250575,
    "on-table(red-box-of-cereal,black-table)": 0.6779481515598794,
    "on-table(red-box-of-cereal,white-table)": 0.017116930187815644,
    "on-table(red-can-of-soda,wood-table)": 0.11296152288074761,
    "on-table(red-can-of-soda,black-table)": 0.8334195620069901,
    "on-table(red-can-of-soda,white-table)": 0.006879204335139851,
    "robot-gripper-empty()": 0.9358074069023132,
    "robot-gripping(milk-carton)": 0.100126001983881,
    "robot-gripping(lemon)": 0.06867569374541442,
    "robot-gripping(green-bottle)": 0.05014795809984207,
    "robot-gripping(loaf-of-bread)": 0.10233630798757076,
    "robot-gripping(red-box-of-cereal)": 0.0751664915587753,
    "robot-gripping(red-can-of-soda)": 0.09992531842241685
}