{
    "on-table(milk-carton,wood-table)": 0.2560778340363565,
    "on-table(milk-carton,black-table)": 0.8604487702250481,
    "on-table(milk-carton,white-table)": 0.013738085287817134,
    "on-table(lemon,wood-table)": 0.18359233805191857,
    "on-table(lemon,black-table)": 0.0006449699873580054,
    "on-table(lemon,white-table)": 0.9646195073922476,
    "on-table(green-bottle,wood-table)": 0.1683435590506027,
    "on-table(green-bottle,black-table)": 0.0004471920610740199,
    "on-table(green-bottle,white-table)": 0.8336980689782649,
    "on-table(loaf-of-bread,wood-table)": 0.23584228461065018,
    "on-table(loaf-of-bread,black-table)": 0.5990163586102426,
    "on-table(loaf-of-bread,white-table)": 0.056278349463051804,
    "on-table(red-box-of-cereal,wood-table)": 0.40407507924343616,
    "on-table(red-box-of-cereal,black-table)": 0.9401451845963796,
    "on-table(red-box-of-cereal,white-table)": 0.036184173247117236,
    "on-table(red-can-of-soda,wood-table)": 0.9295061230659485,
    "on-table(red-can-of-soda,black-table)": 0.33574206003928947,
    "on-table(red-can-of-soda,white-table)": 0.0051116046161799504,
    "robot-gripper-empty()": 0.8221326991915703,
    "robot-gripping(milk-carton)": 0.1715135406702757,
    "robot-gripping(lemon)": 0.025325720528295886,
    "robot-gripping(green-bottle)": 0.011334080384888997,
    "robot-gripping(loaf-of-bread)": 0.15571330037588874,
    "robot-gripping(red-box-of-cereal)": 0.16649503524725637,
    "robot-gripping(red-can-of-soda)": 0.2326561841958513
}