{
    "on-table(milk-carton,wood-table)": 0.10294812692639728,
    "on-table(milk-carton,black-table)": 0.16856043502533188,
    "on-table(milk-carton,white-table)": 0.5188647786077732,
    "on-table(lemon,wood-table)": 0.03374725839239545,
    "on-table(lemon,black-table)": 0.23568342195358127,
    "on-table(lemon,white-table)": 0.0726163924021724,
    "on-table(green-bottle,wood-table)": 0.16992179066194998,
    "on-table(green-bottle,black-table)": 0.013710475457476909,
    "on-table(green-bottle,white-table)": 0.9218665063381195,
    "on-table(loaf-of-bread,wood-table)": 0.2923390722523133,
    "on-table(loaf-of-bread,black-table)": 0.545154022363325,
    "on-table(loaf-of-bread,white-table)": 0.014046384473961856,
    "on-table(red-box-of-cereal,wood-table)": 0.17599322521709837,
    "on-table(red-box-of-cereal,black-table)": 0.830586090470509,
    "on-table(red-box-of-cereal,white-table)": 0.00842504455067683,
    "on-table(red-can-of-soda,wood-table)": 0.1687902849347059,
    "on-table(red-can-of-soda,black-table)": 0.8244306775935305,
    "on-table(red-can-of-soda,white-table)": 0.004298405573232837,
    "robot-gripper-empty()": 0.6576620093546808,
    "robot-gripping(milk-carton)": 0.25057365690978867,
    "robot-gripping(lemon)": 0.34913854068145156,
    "robot-gripping(green-bottle)": 0.02905570466343003,
    "robot-gripping(loaf-of-bread)": 0.33546182451148826,
    "robot-gripping(red-box-of-cereal)": 0.1830535689756895,
    "robot-gripping(red-can-of-soda)": 0.23278531210962683
}