{
    "on-table(milk-carton,wood-table)": 0.1582417771448187,
    "on-table(milk-carton,black-table)": 0.006012425362617553,
    "on-table(milk-carton,white-table)": 0.8463243978718916,
    "on-table(lemon,wood-table)": 0.26927701028762385,
    "on-table(lemon,black-table)": 0.01000204034911197,
    "on-table(lemon,white-table)": 0.00671962780324975,
    "on-table(green-bottle,wood-table)": 0.8336175858275965,
    "on-table(green-bottle,black-table)": 0.16689338128833242,
    "on-table(green-bottle,white-table)": 0.0003150393167364503,
    "on-table(loaf-of-bread,wood-table)": 0.2991384364431724,
    "on-table(loaf-of-bread,black-table)": 0.002463834796799347,
    "on-table(loaf-of-bread,white-table)": 0.08697337246364138,
    "on-table(red-box-of-cereal,wood-table)": 0.0022738064338530726,
    "on-table(red-box-of-cereal,black-table)": 0.3635357301876259,
    "on-table(red-box-of-cereal,white-table)": 0.02002531018782368,
    "on-table(red-can-of-soda,wood-table)": 0.32281147339260013,
    "on-table(red-can-of-soda,black-table)": 0.9531969726085663,
    "on-table(red-can-of-soda,white-table)": 0.07210772137985562,
    "robot-gripper-empty()": 0.81022252018253,
    "robot-gripping(milk-carton)": 0.21821095732351145,
    "robot-gripping(lemon)": 0.04632596128309766,
    "robot-gripping(green-bottle)": 0.1172985234297812,
    "robot-gripping(loaf-of-bread)": 0.08475009282119572,
    "robot-gripping(red-box-of-cereal)": 0.11538891948293895,
    "robot-gripping(red-can-of-soda)": 0.15926879186493656
}