{
    "on-table(milk-carton,wood-table)": 0.25830864095284295,
    "on-table(milk-carton,black-table)": 0.014492395183879125,
    "on-table(milk-carton,white-table)": 0.8331250396246711,
    "on-table(lemon,wood-table)": 0.4210837487480603,
    "on-table(lemon,black-table)": 0.8210013757149378,
    "on-table(lemon,white-table)": 0.01214029918143448,
    "on-table(green-bottle,wood-table)": 0.25266125743898254,
    "on-table(green-bottle,black-table)": 0.03011760487909972,
    "on-table(green-bottle,white-table)": 0.023907254173536785,
    "on-table(loaf-of-bread,wood-table)": 0.8417791128158569,
    "on-table(loaf-of-bread,black-table)": 0.26985662434162805,
    "on-table(loaf-of-bread,white-table)": 0.048936237129964866,
    "on-table(red-box-of-cereal,wood-table)": 0.1602084845653735,
    "on-table(red-box-of-cereal,black-table)": 0.16141318269850066,
    "on-table(red-box-of-cereal,white-table)": 0.8419960141181946,
    "on-table(red-can-of-soda,wood-table)": 0.16637128238532264,
    "on-table(red-can-of-soda,black-table)": 0.831248015339952,
    "on-table(red-can-of-soda,white-table)": 0.17112420886966598,
    "robot-gripper-empty()": 0.9132772584756216,
    "robot-gripping(milk-carton)": 0.10196794111592074,
    "robot-gripping(lemon)": 0.04530625037538508,
    "robot-gripping(green-bottle)": 0.08353450335562229,
    "robot-gripping(loaf-of-bread)": 0.1975838375898699,
    "robot-gripping(red-box-of-cereal)": 0.09795447574773182,
    "robot-gripping(red-can-of-soda)": 0.08893000753596425
}