{
    "on-table(milk-carton,wood-table)": 0.2753268992140268,
    "on-table(milk-carton,black-table)": 0.1692431025520212,
    "on-table(milk-carton,white-table)": 0.6713658884206476,
    "on-table(lemon,wood-table)": 0.45596179324396263,
    "on-table(lemon,black-table)": 0.9013268450895945,
    "on-table(lemon,white-table)": 0.009510566898219016,
    "on-table(green-bottle,wood-table)": 0.8587231561541557,
    "on-table(green-bottle,black-table)": 0.33185615991972855,
    "on-table(green-bottle,white-table)": 0.0006370428940651133,
    "on-table(loaf-of-bread,wood-table)": 0.7356040573989352,
    "on-table(loaf-of-bread,black-table)": 0.11100257928289163,
    "on-table(loaf-of-bread,white-table)": 0.11782125750323758,
    "on-table(red-box-of-cereal,wood-table)": 0.1351904627517797,
    "on-table(red-box-of-cereal,black-table)": 0.27888500640013564,
    "on-table(red-box-of-cereal,white-table)": 0.1691936515708221,
    "on-table(red-can-of-soda,wood-table)": 0.17307517315324125,
    "on-table(red-can-of-soda,black-table)": 0.8346827256803712,
    "on-table(red-can-of-soda,white-table)": 0.0025069086466373847,
    "robot-gripper-empty()": 0.5257491861508848,
    "robot-gripping(milk-carton)": 0.3488055442770322,
    "robot-gripping(lemon)": 0.11528020903157692,
    "robot-gripping(green-bottle)": 0.11597045766150889,
    "robot-gripping(loaf-of-bread)": 0.29899547932048637,
    "robot-gripping(red-box-of-cereal)": 0.6282306462526321,
    "robot-gripping(red-can-of-soda)": 0.5279446166629592
}