{
    "on-table(milk-carton,wood-table)": 0.2511421047965996,
    "on-table(milk-carton,black-table)": 0.02288844873207078,
    "on-table(milk-carton,white-table)": 0.8477620743215084,
    "on-table(lemon,wood-table)": 0.17369498588959686,
    "on-table(lemon,black-table)": 0.0005788764469040567,
    "on-table(lemon,white-table)": 0.9896858831246694,
    "on-table(green-bottle,wood-table)": 0.990411659081777,
    "on-table(green-bottle,black-table)": 0.3265015987415533,
    "on-table(green-bottle,white-table)": 0.03343396711894305,
    "on-table(loaf-of-bread,wood-table)": 0.1717848617117852,
    "on-table(loaf-of-bread,black-table)": 0.014317431535649424,
    "on-table(loaf-of-bread,white-table)": 0.7508978601545095,
    "on-table(red-box-of-cereal,wood-table)": 0.18714443609739342,
    "on-table(red-box-of-cereal,black-table)": 0.1813836768269539,
    "on-table(red-box-of-cereal,white-table)": 0.31594684696756303,
    "on-table(red-can-of-soda,wood-table)": 0.16798463894519955,
    "on-table(red-can-of-soda,black-table)": 0.0020275117130950093,
    "on-table(red-can-of-soda,white-table)": 0.8486312205592791,
    "robot-gripper-empty()": 0.5057621134522682,
    "robot-gripping(milk-carton)": 0.3757145168880622,
    "robot-gripping(lemon)": 0.09374949374857049,
    "robot-gripping(green-bottle)": 0.08591264401911758,
    "robot-gripping(loaf-of-bread)": 0.2875201214725773,
    "robot-gripping(red-box-of-cereal)": 0.6231506190573176,
    "robot-gripping(red-can-of-soda)": 0.6643599097927412
}