{
    "on-table(milk-carton,wood-table)": 0.17680458483907083,
    "on-table(milk-carton,black-table)": 0.01920718085602857,
    "on-table(milk-carton,white-table)": 0.6827589251721898,
    "on-table(lemon,wood-table)": 0.21238436674078306,
    "on-table(lemon,black-table)": 0.1708967839270675,
    "on-table(lemon,white-table)": 0.04088983475715698,
    "on-table(green-bottle,wood-table)": 0.6858566301719596,
    "on-table(green-bottle,black-table)": 0.005521903295099643,
    "on-table(green-bottle,white-table)": 0.0036746140754075896,
    "on-table(loaf-of-bread,wood-table)": 0.06382653144343446,
    "on-table(loaf-of-bread,black-table)": 0.0050307397517220425,
    "on-table(loaf-of-bread,white-table)": 0.30927866059937514,
    "on-table(red-box-of-cereal,wood-table)": 0.06869028875371441,
    "on-table(red-box-of-cereal,black-table)": 0.0008968653031236803,
    "on-table(red-box-of-cereal,white-table)": 0.33131604635855183,
    "on-table(red-can-of-soda,wood-table)": 0.1663554364022275,
    "on-table(red-can-of-soda,black-table)": 0.0018427067248012463,
    "on-table(red-can-of-soda,white-table)": 0.8333709515767017,
    "robot-gripper-empty()": 0.82907984405756,
    "robot-gripping(milk-carton)": 0.06352577668925126,
    "robot-gripping(lemon)": 0.17573431289444366,
    "robot-gripping(green-bottle)": 0.17619616066804156,
    "robot-gripping(loaf-of-bread)": 0.06833870025972526,
    "robot-gripping(red-box-of-cereal)": 0.01850438328498664,
    "robot-gripping(red-can-of-soda)": 0.050079638739892594
}