{
    "on-table(milk-carton,wood-table)": 0.2838323484174907,
    "on-table(milk-carton,black-table)": 0.47596244638164836,
    "on-table(milk-carton,white-table)": 0.4652668467121354,
    "on-table(lemon,wood-table)": 0.14048337720062895,
    "on-table(lemon,black-table)": 0.07790503142560586,
    "on-table(lemon,white-table)": 0.9997331301371256,
    "on-table(green-bottle,wood-table)": 0.1634248113647724,
    "on-table(green-bottle,black-table)": 0.7979538482613862,
    "on-table(green-bottle,white-table)": 0.012210857256377494,
    "on-table(loaf-of-bread,wood-table)": 0.290050092075641,
    "on-table(loaf-of-bread,black-table)": 0.18328904152925438,
    "on-table(loaf-of-bread,white-table)": 0.4192851247886817,
    "on-table(red-box-of-cereal,wood-table)": 0.30245900025086786,
    "on-table(red-box-of-cereal,black-table)": 0.10605116765752125,
    "on-table(red-box-of-cereal,white-table)": 0.9013906717300415,
    "on-table(red-can-of-soda,wood-table)": 0.3076612615259364,
    "on-table(red-can-of-soda,black-table)": 0.10821296278057464,
    "on-table(red-can-of-soda,white-table)": 0.8305384023115039,
    "robot-gripper-empty()": 0.9026669859886169,
    "robot-gripping(milk-carton)": 0.19398157919446626,
    "robot-gripping(lemon)": 0.05518071943273147,
    "robot-gripping(green-bottle)": 0.05740935712431868,
    "robot-gripping(loaf-of-bread)": 0.08089165855199099,
    "robot-gripping(red-box-of-cereal)": 0.25874731068809825,
    "robot-gripping(red-can-of-soda)": 0.4869678045312564
}