{
    "on-table(milk-carton,wood-table)": 0.8669306437174479,
    "on-table(milk-carton,black-table)": 0.18428371182138412,
    "on-table(milk-carton,white-table)": 0.13901993055818215,
    "on-table(lemon,wood-table)": 0.15759398116097145,
    "on-table(lemon,black-table)": 0.9572121401627859,
    "on-table(lemon,white-table)": 0.0073289079188422574,
    "on-table(green-bottle,wood-table)": 0.32899829596378066,
    "on-table(green-bottle,black-table)": 0.9997742474079132,
    "on-table(green-bottle,white-table)": 0.0023051074137280616,
    "on-table(loaf-of-bread,wood-table)": 0.6615701854849855,
    "on-table(loaf-of-bread,black-table)": 0.30750533371853334,
    "on-table(loaf-of-bread,white-table)": 0.16409850773440363,
    "on-table(red-box-of-cereal,wood-table)": 0.9075170854727427,
    "on-table(red-box-of-cereal,black-table)": 0.30302591175798926,
    "on-table(red-box-of-cereal,white-table)": 0.17991703446023166,
    "on-table(red-can-of-soda,wood-table)": 0.9969742397467295,
    "on-table(red-can-of-soda,black-table)": 0.33286798822784175,
    "on-table(red-can-of-soda,white-table)": 0.16346468072860412,
    "robot-gripper-empty()": 0.8773445089658102,
    "robot-gripping(milk-carton)": 0.4515393873055776,
    "robot-gripping(lemon)": 0.08667137923960884,
    "robot-gripping(green-bottle)": 0.16318070935085416,
    "robot-gripping(loaf-of-bread)": 0.11135416850447655,
    "robot-gripping(red-box-of-cereal)": 0.17509875850131115,
    "robot-gripping(red-can-of-soda)": 0.22580603991324702
}