{
    "on-table(milk-carton,wood-table)": 0.315166796091944,
    "on-table(milk-carton,black-table)": 0.38982416689395905,
    "on-table(milk-carton,white-table)": 0.4887046180665493,
    "on-table(lemon,wood-table)": 0.0615361702463512,
    "on-table(lemon,black-table)": 0.12941956260450146,
    "on-table(lemon,white-table)": 0.19987955837374707,
    "on-table(green-bottle,wood-table)": 0.14863434543561502,
    "on-table(green-bottle,black-table)": 0.8334377115825191,
    "on-table(green-bottle,white-table)": 0.000984761305214003,
    "on-table(loaf-of-bread,wood-table)": 0.33654714432001737,
    "on-table(loaf-of-bread,black-table)": 0.29323299281531945,
    "on-table(loaf-of-bread,white-table)": 0.6618636722366015,
    "on-table(red-box-of-cereal,wood-table)": 0.2318499482013673,
    "on-table(red-box-of-cereal,black-table)": 0.005876713683392154,
    "on-table(red-box-of-cereal,white-table)": 0.839299309377869,
    "on-table(red-can-of-soda,wood-table)": 0.1889140209047279,
    "on-table(red-can-of-soda,black-table)": 0.0047075635645796865,
    "on-table(red-can-of-soda,white-table)": 0.8409429204960664,
    "robot-gripper-empty()": 0.9669299821058909,
    "robot-gripping(milk-carton)": 0.2580068049331506,
    "robot-gripping(lemon)": 0.031056812809159357,
    "robot-gripping(green-bottle)": 0.03944072587182745,
    "robot-gripping(loaf-of-bread)": 0.06462835085888703,
    "robot-gripping(red-box-of-cereal)": 0.029517786965395015,
    "robot-gripping(red-can-of-soda)": 0.05798047098020712
}