{
    "on-table(milk-carton,wood-table)": 0.3963739726071556,
    "on-table(milk-carton,black-table)": 0.1334584135353604,
    "on-table(milk-carton,white-table)": 0.6772790054480234,
    "on-table(lemon,wood-table)": 0.1153956373843054,
    "on-table(lemon,black-table)": 0.8308124328032136,
    "on-table(lemon,white-table)": 0.008624600543119717,
    "on-table(green-bottle,wood-table)": 0.14539545860801203,
    "on-table(green-bottle,black-table)": 0.06146735819637191,
    "on-table(green-bottle,white-table)": 0.9996133744716644,
    "on-table(loaf-of-bread,wood-table)": 0.24478492986721298,
    "on-table(loaf-of-bread,black-table)": 0.07248189793608617,
    "on-table(loaf-of-bread,white-table)": 0.44416835366670665,
    "on-table(red-box-of-cereal,wood-table)": 0.21744807856157422,
    "on-table(red-box-of-cereal,black-table)": 0.07948015926952696,
    "on-table(red-box-of-cereal,white-table)": 0.8016693644846479,
    "on-table(red-can-of-soda,wood-table)": 0.2441674933070317,
    "on-table(red-can-of-soda,black-table)": 0.07206965942532406,
    "on-table(red-can-of-soda,white-table)": 0.9977271060148875,
    "robot-gripper-empty()": 0.927062044541041,
    "robot-gripping(milk-carton)": 0.4820756105085214,
    "robot-gripping(lemon)": 0.1644541056205829,
    "robot-gripping(green-bottle)": 0.1111064066644758,
    "robot-gripping(loaf-of-bread)": 0.1870666379109025,
    "robot-gripping(red-box-of-cereal)": 0.127332716792201,
    "robot-gripping(red-can-of-soda)": 0.30932377309848863
}