{
    "on-table(milk-carton,wood-table)": 0.17388979630292548,
    "on-table(milk-carton,black-table)": 0.7577680846055349,
    "on-table(milk-carton,white-table)": 0.03637157976966895,
    "on-table(lemon,wood-table)": 0.06361804554338353,
    "on-table(lemon,black-table)": 0.8350238146570822,
    "on-table(lemon,white-table)": 0.009585003089796373,
    "on-table(green-bottle,wood-table)": 0.16978089234908111,
    "on-table(green-bottle,black-table)": 0.17161651071364759,
    "on-table(green-bottle,white-table)": 0.001118822264515984,
    "on-table(loaf-of-bread,wood-table)": 0.12579230056144297,
    "on-table(loaf-of-bread,black-table)": 0.07148427003994584,
    "on-table(loaf-of-bread,white-table)": 0.3425062446622178,
    "on-table(red-box-of-cereal,wood-table)": 0.6053521744906902,
    "on-table(red-box-of-cereal,black-table)": 0.8507119591037432,
    "on-table(red-box-of-cereal,white-table)": 0.005528804399849226,
    "on-table(red-can-of-soda,wood-table)": 0.9272172152996063,
    "on-table(red-can-of-soda,black-table)": 0.33351254248797585,
    "on-table(red-can-of-soda,white-table)": 0.006265989166043558,
    "robot-gripper-empty()": 0.5064373950396354,
    "robot-gripping(milk-carton)": 0.15279789649260542,
    "robot-gripping(lemon)": 0.09695330921870966,
    "robot-gripping(green-bottle)": 0.653794185568889,
    "robot-gripping(loaf-of-bread)": 0.07335231934363644,
    "robot-gripping(red-box-of-cereal)": 0.06327522742018725,
    "robot-gripping(red-can-of-soda)": 0.13634032366098836
}