{
    "on-table(milk-carton,wood-table)": 0.7233196621139845,
    "on-table(milk-carton,black-table)": 0.2907285372687814,
    "on-table(milk-carton,white-table)": 0.2035677644307725,
    "on-table(lemon,wood-table)": 0.5757328974880996,
    "on-table(lemon,black-table)": 0.32637368472486133,
    "on-table(lemon,white-table)": 0.000797763222787277,
    "on-table(green-bottle,wood-table)": 0.9673770566781362,
    "on-table(green-bottle,black-table)": 0.33316287447102394,
    "on-table(green-bottle,white-table)": 0.0005009347016008784,
    "on-table(loaf-of-bread,wood-table)": 0.6904618280629317,
    "on-table(loaf-of-bread,black-table)": 0.17533674993440704,
    "on-table(loaf-of-bread,white-table)": 0.0192047387730175,
    "on-table(red-box-of-cereal,wood-table)": 0.04579671396641061,
    "on-table(red-box-of-cereal,black-table)": 0.014318357706846049,
    "on-table(red-box-of-cereal,white-table)": 0.8274316120271882,
    "on-table(red-can-of-soda,wood-table)": 0.024969605220879505,
    "on-table(red-can-of-soda,black-table)": 0.8121034501467269,
    "on-table(red-can-of-soda,white-table)": 0.325187153213695,
    "robot-gripper-empty()": 0.821223609149456,
    "robot-gripping(milk-carton)": 0.20583614024023214,
    "robot-gripping(lemon)": 0.0607298972706,
    "robot-gripping(green-bottle)": 0.1701905413841208,
    "robot-gripping(loaf-of-bread)": 0.08780276620139678,
    "robot-gripping(red-box-of-cereal)": 0.07494678045623004,
    "robot-gripping(red-can-of-soda)": 0.17460173310246319
}