{
    "on-table(milk-carton,wood-table)": 0.7024878313144048,
    "on-table(milk-carton,black-table)": 0.21654486058590314,
    "on-table(milk-carton,white-table)": 0.011482071742648259,
    "on-table(lemon,wood-table)": 0.18330890188129464,
    "on-table(lemon,black-table)": 0.15555903089019316,
    "on-table(lemon,white-table)": 0.8438837255040804,
    "on-table(green-bottle,wood-table)": 0.32656275156962994,
    "on-table(green-bottle,black-table)": 0.9990795354048411,
    "on-table(green-bottle,white-table)": 0.14163339561597846,
    "on-table(loaf-of-bread,wood-table)": 0.45660339451084536,
    "on-table(loaf-of-bread,black-table)": 0.14960272597575872,
    "on-table(loaf-of-bread,white-table)": 0.036189904320053756,
    "on-table(red-box-of-cereal,wood-table)": 0.827182270702906,
    "on-table(red-box-of-cereal,black-table)": 0.16847877947391984,
    "on-table(red-box-of-cereal,white-table)": 0.001926892336958493,
    "on-table(red-can-of-soda,wood-table)": 0.8230196610093117,
    "on-table(red-can-of-soda,black-table)": 0.17494474635649718,
    "on-table(red-can-of-soda,white-table)": 0.0015264511504445484,
    "robot-gripper-empty()": 0.9238411982854208,
    "robot-gripping(milk-carton)": 0.16226437129080296,
    "robot-gripping(lemon)": 0.05330492684151977,
    "robot-gripping(green-bottle)": 0.18058504092429453,
    "robot-gripping(loaf-of-bread)": 0.12885894672945142,
    "robot-gripping(red-box-of-cereal)": 0.1549986629979685,
    "robot-gripping(red-can-of-soda)": 0.1831530216926088
}