{
    "on-table(milk-carton,wood-table)": 0.2008756030118093,
    "on-table(milk-carton,black-table)": 0.018282693286892027,
    "on-table(milk-carton,white-table)": 0.8355692960321903,
    "on-table(lemon,wood-table)": 0.9185097614924113,
    "on-table(lemon,black-table)": 0.31565862668924183,
    "on-table(lemon,white-table)": 0.04854639769958643,
    "on-table(green-bottle,wood-table)": 0.004194057183364445,
    "on-table(green-bottle,black-table)": 0.8272456564785292,
    "on-table(green-bottle,white-table)": 0.008720377823616824,
    "on-table(loaf-of-bread,wood-table)": 0.17337586102075875,
    "on-table(loaf-of-bread,black-table)": 0.05703275850828504,
    "on-table(loaf-of-bread,white-table)": 0.6898323432542384,
    "on-table(red-box-of-cereal,wood-table)": 0.17438997271043868,
    "on-table(red-box-of-cereal,black-table)": 0.01411063180421479,
    "on-table(red-box-of-cereal,white-table)": 0.8332080788289508,
    "on-table(red-can-of-soda,wood-table)": 0.00384288858428287,
    "on-table(red-can-of-soda,black-table)": 0.6867769017505149,
    "on-table(red-can-of-soda,white-table)": 0.17029544367884833,
    "robot-gripper-empty()": 0.8772966066996256,
    "robot-gripping(milk-carton)": 0.11562985181808472,
    "robot-gripping(lemon)": 0.18514787207823247,
    "robot-gripping(green-bottle)": 0.0903969334225015,
    "robot-gripping(loaf-of-bread)": 0.07681055056552093,
    "robot-gripping(red-box-of-cereal)": 0.04675817217988273,
    "robot-gripping(red-can-of-soda)": 0.1002195115822057
}