{
    "on-table(milk-carton,wood-table)": 0.44643490637342137,
    "on-table(milk-carton,black-table)": 0.42411468661642476,
    "on-table(milk-carton,white-table)": 0.550004621113961,
    "on-table(lemon,wood-table)": 0.20212677873981497,
    "on-table(lemon,black-table)": 0.0013361954127807014,
    "on-table(lemon,white-table)": 0.9994880159695944,
    "on-table(green-bottle,wood-table)": 0.14295517542632297,
    "on-table(green-bottle,black-table)": 0.0013062600683042547,
    "on-table(green-bottle,white-table)": 0.8349620720061163,
    "on-table(loaf-of-bread,wood-table)": 0.42969318479299545,
    "on-table(loaf-of-bread,black-table)": 0.3318957939579074,
    "on-table(loaf-of-bread,white-table)": 0.5543783064931631,
    "on-table(red-box-of-cereal,wood-table)": 0.34512181190075353,
    "on-table(red-box-of-cereal,black-table)": 0.98859770099322,
    "on-table(red-box-of-cereal,white-table)": 0.08288291844261646,
    "on-table(red-can-of-soda,wood-table)": 0.33470571028495516,
    "on-table(red-can-of-soda,black-table)": 0.9828647275765737,
    "on-table(red-can-of-soda,white-table)": 0.008197467150542556,
    "robot-gripper-empty()": 0.9197118182977041,
    "robot-gripping(milk-carton)": 0.24471702302495638,
    "robot-gripping(lemon)": 0.09977344314878185,
    "robot-gripping(green-bottle)": 0.0787732913158834,
    "robot-gripping(loaf-of-bread)": 0.19831397446493307,
    "robot-gripping(red-box-of-cereal)": 0.13929288409417495,
    "robot-gripping(red-can-of-soda)": 0.17053975292947143
}