{
    "on-table(milk-carton,wood-table)": 0.47678012472655,
    "on-table(milk-carton,black-table)": 0.028397772572740603,
    "on-table(milk-carton,white-table)": 0.6752889268100262,
    "on-table(lemon,wood-table)": 0.18597013860320052,
    "on-table(lemon,black-table)": 0.07785841045430668,
    "on-table(lemon,white-table)": 0.755511657645305,
    "on-table(green-bottle,wood-table)": 0.01167470468499232,
    "on-table(green-bottle,black-table)": 0.3140271027999309,
    "on-table(green-bottle,white-table)": 0.17351745433309892,
    "on-table(loaf-of-bread,wood-table)": 0.2280387687496841,
    "on-table(loaf-of-bread,black-table)": 0.004662119955658757,
    "on-table(loaf-of-bread,white-table)": 0.013711166800931096,
    "on-table(red-box-of-cereal,wood-table)": 0.9864437679449717,
    "on-table(red-box-of-cereal,black-table)": 0.3467879227852488,
    "on-table(red-box-of-cereal,white-table)": 0.007747129563237347,
    "on-table(red-can-of-soda,wood-table)": 0.5403426688474914,
    "on-table(red-can-of-soda,black-table)": 0.6542458732922872,
    "on-table(red-can-of-soda,white-table)": 0.004952828490786487,
    "robot-gripper-empty()": 0.6262400634586811,
    "robot-gripping(milk-carton)": 0.5129069661100706,
    "robot-gripping(lemon)": 0.09958540182560682,
    "robot-gripping(green-bottle)": 0.1776180388405919,
    "robot-gripping(loaf-of-bread)": 0.17339186867078146,
    "robot-gripping(red-box-of-cereal)": 0.1866597260038058,
    "robot-gripping(red-can-of-soda)": 0.445825869217515
}