{
    "on-table(milk-carton,wood-table)": 0.15621081475789347,
    "on-table(milk-carton,black-table)": 0.02943204001833995,
    "on-table(milk-carton,white-table)": 0.6763430951784054,
    "on-table(lemon,wood-table)": 0.1637354316614316,
    "on-table(lemon,black-table)": 0.6685429264325649,
    "on-table(lemon,white-table)": 0.003034718745008528,
    "on-table(green-bottle,wood-table)": 0.16615501966104299,
    "on-table(green-bottle,black-table)": 0.79404745765108,
    "on-table(green-bottle,white-table)": 0.005274000034508693,
    "on-table(loaf-of-bread,wood-table)": 0.051992094066614904,
    "on-table(loaf-of-bread,black-table)": 0.009595040576338457,
    "on-table(loaf-of-bread,white-table)": 0.38890960719436407,
    "on-table(red-box-of-cereal,wood-table)": 0.4735466515218529,
    "on-table(red-box-of-cereal,black-table)": 0.015495848797096793,
    "on-table(red-box-of-cereal,white-table)": 0.8265048577450216,
    "on-table(red-can-of-soda,wood-table)": 0.9978377918402354,
    "on-table(red-can-of-soda,black-table)": 0.1647691236788281,
    "on-table(red-can-of-soda,white-table)": 0.16726831999161126,
    "robot-gripper-empty()": 0.8106930106878281,
    "robot-gripping(milk-carton)": 0.25629510544240475,
    "robot-gripping(lemon)": 0.12149590592404517,
    "robot-gripping(green-bottle)": 0.17790833978021206,
    "robot-gripping(loaf-of-bread)": 0.0929395913456877,
    "robot-gripping(red-box-of-cereal)": 0.06990552227944136,
    "robot-gripping(red-can-of-soda)": 0.1768428556000193
}