{
    "on-table(milk-carton,wood-table)": 0.8371023784081141,
    "on-table(milk-carton,black-table)": 0.18392184687157473,
    "on-table(milk-carton,white-table)": 0.06077233975399091,
    "on-table(lemon,wood-table)": 0.016660976805724204,
    "on-table(lemon,black-table)": 0.005010092356921329,
    "on-table(lemon,white-table)": 0.17707551087854276,
    "on-table(green-bottle,wood-table)": 0.15521538268694712,
    "on-table(green-bottle,black-table)": 0.003089170717582116,
    "on-table(green-bottle,white-table)": 0.9922673801581064,
    "on-table(loaf-of-bread,wood-table)": 0.1854244659965237,
    "on-table(loaf-of-bread,black-table)": 0.030413864136789925,
    "on-table(loaf-of-bread,white-table)": 0.020788881275317788,
    "on-table(red-box-of-cereal,wood-table)": 0.8514241327842077,
    "on-table(red-box-of-cereal,black-table)": 0.17009783330619635,
    "on-table(red-box-of-cereal,white-table)": 0.013623922132258789,
    "on-table(red-can-of-soda,wood-table)": 0.44843833819807816,
    "on-table(red-can-of-soda,black-table)": 0.03366118569222939,
    "on-table(red-can-of-soda,white-table)": 0.8351099003727237,
    "robot-gripper-empty()": 0.9734141031901041,
    "robot-gripping(milk-carton)": 0.11808580067008734,
    "robot-gripping(lemon)": 0.05439663880194227,
    "robot-gripping(green-bottle)": 0.03518743582147484,
    "robot-gripping(loaf-of-bread)": 0.041208607610315084,
    "robot-gripping(red-box-of-cereal)": 0.09600156677576403,
    "robot-gripping(red-can-of-soda)": 0.1791720827265332
}