{
    "on-table(milk-carton,wood-table)": 0.3011604664692034,
    "on-table(milk-carton,black-table)": 0.10631325039109167,
    "on-table(milk-carton,white-table)": 0.8249739234646162,
    "on-table(lemon,wood-table)": 0.01009274194802856,
    "on-table(lemon,black-table)": 0.30429828957737,
    "on-table(lemon,white-table)": 0.009687552223719345,
    "on-table(green-bottle,wood-table)": 0.16847204905934632,
    "on-table(green-bottle,black-table)": 0.8342015463858843,
    "on-table(green-bottle,white-table)": 0.0042289384780739665,
    "on-table(loaf-of-bread,wood-table)": 0.03386484346507738,
    "on-table(loaf-of-bread,black-table)": 0.15700823751588663,
    "on-table(loaf-of-bread,white-table)": 0.06246247357921675,
    "on-table(red-box-of-cereal,wood-table)": 0.31040773129401106,
    "on-table(red-box-of-cereal,black-table)": 0.8119410016806796,
    "on-table(red-box-of-cereal,white-table)": 0.028741730920349557,
    "on-table(red-can-of-soda,wood-table)": 0.7345363637432456,
    "on-table(red-can-of-soda,black-table)": 0.20663198018261633,
    "on-table(red-can-of-soda,white-table)": 0.006506729285395825,
    "robot-gripper-empty()": 0.5500288438051939,
    "robot-gripping(milk-carton)": 0.44236102669189376,
    "robot-gripping(lemon)": 0.05414129886776209,
    "robot-gripping(green-bottle)": 0.2289930870756507,
    "robot-gripping(loaf-of-bread)": 0.32800324137012166,
    "robot-gripping(red-box-of-cereal)": 0.3880932709823052,
    "robot-gripping(red-can-of-soda)": 0.379407099292924
}