{
    "on-table(milk-carton,wood-table)": 0.6001098987956842,
    "on-table(milk-carton,black-table)": 0.1999488099051329,
    "on-table(milk-carton,white-table)": 0.16318737682498372,
    "on-table(lemon,wood-table)": 0.015042807184120951,
    "on-table(lemon,black-table)": 0.16417521113180555,
    "on-table(lemon,white-table)": 0.10780469252495095,
    "on-table(green-bottle,wood-table)": 0.0008591111788215736,
    "on-table(green-bottle,black-table)": 0.014094065785078177,
    "on-table(green-bottle,white-table)": 0.2892284588670009,
    "on-table(loaf-of-bread,wood-table)": 0.2977387427041928,
    "on-table(loaf-of-bread,black-table)": 0.2530391733162105,
    "on-table(loaf-of-bread,white-table)": 0.16184839493750283,
    "on-table(red-box-of-cereal,wood-table)": 0.9878257811069489,
    "on-table(red-box-of-cereal,black-table)": 0.3500342460605073,
    "on-table(red-box-of-cereal,white-table)": 0.27502791954429995,
    "on-table(red-can-of-soda,wood-table)": 0.6679410616246363,
    "on-table(red-can-of-soda,black-table)": 0.9229738811651865,
    "on-table(red-can-of-soda,white-table)": 0.05067307490935491,
    "robot-gripper-empty()": 0.7580208020905653,
    "robot-gripping(milk-carton)": 0.22679547468821207,
    "robot-gripping(lemon)": 0.04191007773624733,
    "robot-gripping(green-bottle)": 0.0179788272944279,
    "robot-gripping(loaf-of-bread)": 0.10776480458055933,
    "robot-gripping(red-box-of-cereal)": 0.18523350559795895,
    "robot-gripping(red-can-of-soda)": 0.26766164499955875
}