{
    "on-table(milk-carton,wood-table)": 0.8922549386819204,
    "on-table(milk-carton,black-table)": 0.2708806646596713,
    "on-table(milk-carton,white-table)": 0.1662898741075575,
    "on-table(lemon,wood-table)": 0.2337844631229018,
    "on-table(lemon,black-table)": 0.07956219875268289,
    "on-table(lemon,white-table)": 0.1749776009225267,
    "on-table(green-bottle,wood-table)": 0.36044243338983506,
    "on-table(green-bottle,black-table)": 0.08355026468279902,
    "on-table(green-bottle,white-table)": 0.19431659495088147,
    "on-table(loaf-of-bread,wood-table)": 0.34225417021661997,
    "on-table(loaf-of-bread,black-table)": 0.3272787669557147,
    "on-table(loaf-of-bread,white-table)": 0.19857456783453623,
    "on-table(red-box-of-cereal,wood-table)": 0.8232408662637075,
    "on-table(red-box-of-cereal,black-table)": 0.3798779190450053,
    "on-table(red-box-of-cereal,white-table)": 0.1359532514664655,
    "on-table(red-can-of-soda,wood-table)": 0.9944285353024801,
    "on-table(red-can-of-soda,black-table)": 0.3318687767021136,
    "on-table(red-can-of-soda,white-table)": 0.0662897784591981,
    "robot-gripper-empty()": 0.8526150087515513,
    "robot-gripping(milk-carton)": 0.4074856402973334,
    "robot-gripping(lemon)": 0.17539077624678612,
    "robot-gripping(green-bottle)": 0.08318787207826972,
    "robot-gripping(loaf-of-bread)": 0.3151302970945835,
    "robot-gripping(red-box-of-cereal)": 0.3098598085343838,
    "robot-gripping(red-can-of-soda)": 0.4302336946129799
}