{
    "on-table(milk-carton,wood-table)": 0.18535780512805408,
    "on-table(milk-carton,black-table)": 0.041081668343394995,
    "on-table(milk-carton,white-table)": 0.006089595418112974,
    "on-table(lemon,wood-table)": 0.8341470952145755,
    "on-table(lemon,black-table)": 0.10719267487578084,
    "on-table(lemon,white-table)": 0.003285526619644467,
    "on-table(green-bottle,wood-table)": 0.167888416977803,
    "on-table(green-bottle,black-table)": 0.009410398251778437,
    "on-table(green-bottle,white-table)": 0.9215404689311981,
    "on-table(loaf-of-bread,wood-table)": 0.21056902540537217,
    "on-table(loaf-of-bread,black-table)": 0.01776439865352586,
    "on-table(loaf-of-bread,white-table)": 0.01601400280924281,
    "on-table(red-box-of-cereal,wood-table)": 0.26772320314194076,
    "on-table(red-box-of-cereal,black-table)": 0.024534422690824915,
    "on-table(red-box-of-cereal,white-table)": 0.001846881932578981,
    "on-table(red-can-of-soda,wood-table)": 0.8273513275901981,
    "on-table(red-can-of-soda,black-table)": 0.16556147430401325,
    "on-table(red-can-of-soda,white-table)": 0.008311080961637648,
    "robot-gripper-empty()": 0.9211833874384562,
    "robot-gripping(milk-carton)": 0.12099096380795042,
    "robot-gripping(lemon)": 0.1339459203494092,
    "robot-gripping(green-bottle)": 0.04098733639693819,
    "robot-gripping(loaf-of-bread)": 0.08204658791267623,
    "robot-gripping(red-box-of-cereal)": 0.08873246983178736,
    "robot-gripping(red-can-of-soda)": 0.21130031100862348
}