{
    "on-table(milk-carton,wood-table)": 0.7916332632303238,
    "on-table(milk-carton,black-table)": 0.35348278281162493,
    "on-table(milk-carton,white-table)": 0.15068816438724753,
    "on-table(lemon,wood-table)": 0.8344352906569839,
    "on-table(lemon,black-table)": 0.16988752160239073,
    "on-table(lemon,white-table)": 0.021300971391459218,
    "on-table(green-bottle,wood-table)": 0.8354950702438751,
    "on-table(green-bottle,black-table)": 0.16872801788675437,
    "on-table(green-bottle,white-table)": 0.002698382327669909,
    "on-table(loaf-of-bread,wood-table)": 0.43883522724111873,
    "on-table(loaf-of-bread,black-table)": 0.1954562528602158,
    "on-table(loaf-of-bread,white-table)": 0.16192007892338248,
    "on-table(red-box-of-cereal,wood-table)": 0.3364386326478173,
    "on-table(red-box-of-cereal,black-table)": 0.9813742538293203,
    "on-table(red-box-of-cereal,white-table)": 0.31926100590377854,
    "on-table(red-can-of-soda,wood-table)": 0.9970914622147878,
    "on-table(red-can-of-soda,black-table)": 0.3344430375097242,
    "on-table(red-can-of-soda,white-table)": 0.1685630663065846,
    "robot-gripper-empty()": 0.9284405708312988,
    "robot-gripping(milk-carton)": 0.13396614231169224,
    "robot-gripping(lemon)": 0.09049243091916044,
    "robot-gripping(green-bottle)": 0.1563262895991405,
    "robot-gripping(loaf-of-bread)": 0.06587877248724301,
    "robot-gripping(red-box-of-cereal)": 0.05716411117464304,
    "robot-gripping(red-can-of-soda)": 0.16560081702967486
}