{
    "on-table(milk-carton,wood-table)": 0.7569102492804328,
    "on-table(milk-carton,black-table)": 0.5186680232485136,
    "on-table(milk-carton,white-table)": 0.08424633438698947,
    "on-table(lemon,wood-table)": 0.036156454099303424,
    "on-table(lemon,black-table)": 0.8507065288722515,
    "on-table(lemon,white-table)": 0.0047406557206007465,
    "on-table(green-bottle,wood-table)": 0.10660914459610164,
    "on-table(green-bottle,black-table)": 0.007042665868425502,
    "on-table(green-bottle,white-table)": 0.9525652726491293,
    "on-table(loaf-of-bread,wood-table)": 0.1785368537530303,
    "on-table(loaf-of-bread,black-table)": 0.45419668157895404,
    "on-table(loaf-of-bread,white-table)": 0.025247478091235582,
    "on-table(red-box-of-cereal,wood-table)": 0.18289111614285503,
    "on-table(red-box-of-cereal,black-table)": 0.8395370704432329,
    "on-table(red-box-of-cereal,white-table)": 0.15178692334545,
    "on-table(red-can-of-soda,wood-table)": 0.1628171349996895,
    "on-table(red-can-of-soda,black-table)": 0.17536075380182106,
    "on-table(red-can-of-soda,white-table)": 0.8420577012002468,
    "robot-gripper-empty()": 0.5598340022067229,
    "robot-gripping(milk-carton)": 0.5564387241999308,
    "robot-gripping(lemon)": 0.2931206622160971,
    "robot-gripping(green-bottle)": 0.05777222430333495,
    "robot-gripping(loaf-of-bread)": 0.39894071655968827,
    "robot-gripping(red-box-of-cereal)": 0.43383715736369294,
    "robot-gripping(red-can-of-soda)": 0.3316920641809702
}