{
    "on-table(milk-carton,wood-table)": 0.732801174124082,
    "on-table(milk-carton,black-table)": 0.020529042196964536,
    "on-table(milk-carton,white-table)": 0.40032119186071213,
    "on-table(lemon,wood-table)": 0.32074020051428914,
    "on-table(lemon,black-table)": 0.13201911198575544,
    "on-table(lemon,white-table)": 0.002807020879117772,
    "on-table(green-bottle,wood-table)": 0.8336810199543834,
    "on-table(green-bottle,black-table)": 0.16710031836464623,
    "on-table(green-bottle,white-table)": 0.0008415498165656269,
    "on-table(loaf-of-bread,wood-table)": 0.3525169826267908,
    "on-table(loaf-of-bread,black-table)": 0.015175214929816624,
    "on-table(loaf-of-bread,white-table)": 0.5353866283160945,
    "on-table(red-box-of-cereal,wood-table)": 0.8726851443449656,
    "on-table(red-box-of-cereal,black-table)": 0.012253143830700234,
    "on-table(red-box-of-cereal,white-table)": 0.3405254654538415,
    "on-table(red-can-of-soda,wood-table)": 0.3518401079830558,
    "on-table(red-can-of-soda,black-table)": 0.0032278971090515065,
    "on-table(red-can-of-soda,white-table)": 0.8387792675445477,
    "robot-gripper-empty()": 0.8588918397823969,
    "robot-gripping(milk-carton)": 0.14239799852172533,
    "robot-gripping(lemon)": 0.019806040877786774,
    "robot-gripping(green-bottle)": 0.17009574559051543,
    "robot-gripping(loaf-of-bread)": 0.13075312692672014,
    "robot-gripping(red-box-of-cereal)": 0.10734321689233184,
    "robot-gripping(red-can-of-soda)": 0.0826860994566232
}