{
    "on-table(milk-carton,wood-table)": 0.7489841505885124,
    "on-table(milk-carton,black-table)": 0.07532723524976366,
    "on-table(milk-carton,white-table)": 0.03349258239904884,
    "on-table(lemon,wood-table)": 0.8350529416153828,
    "on-table(lemon,black-table)": 0.13224360453295958,
    "on-table(lemon,white-table)": 0.003473532367631075,
    "on-table(green-bottle,wood-table)": 0.14553587538466672,
    "on-table(green-bottle,black-table)": 0.0007830320853372541,
    "on-table(green-bottle,white-table)": 0.973635713259379,
    "on-table(loaf-of-bread,wood-table)": 0.7703695595264435,
    "on-table(loaf-of-bread,black-table)": 0.07089283077705961,
    "on-table(loaf-of-bread,white-table)": 0.011131038580818617,
    "on-table(red-box-of-cereal,wood-table)": 0.8373249601572752,
    "on-table(red-box-of-cereal,black-table)": 0.18759698069576794,
    "on-table(red-box-of-cereal,white-table)": 0.004855533956894457,
    "on-table(red-can-of-soda,wood-table)": 0.7722637181480726,
    "on-table(red-can-of-soda,black-table)": 0.3050335155930952,
    "on-table(red-can-of-soda,white-table)": 0.07571576952250325,
    "robot-gripper-empty()": 0.8866998553276062,
    "robot-gripping(milk-carton)": 0.450326615323623,
    "robot-gripping(lemon)": 0.09307310978571574,
    "robot-gripping(green-bottle)": 0.014171825139783323,
    "robot-gripping(loaf-of-bread)": 0.13024830942352614,
    "robot-gripping(red-box-of-cereal)": 0.10947533619279663,
    "robot-gripping(red-can-of-soda)": 0.1955689281846086
}