{
    "on-table(milk-carton,wood-table)": 0.816043476263682,
    "on-table(milk-carton,black-table)": 0.3134855084748172,
    "on-table(milk-carton,white-table)": 0.36286245299076353,
    "on-table(lemon,wood-table)": 0.9984226922194163,
    "on-table(lemon,black-table)": 0.32822306922639655,
    "on-table(lemon,white-table)": 0.016746627155043825,
    "on-table(green-bottle,wood-table)": 0.1353589101806089,
    "on-table(green-bottle,black-table)": 0.021264487516873487,
    "on-table(green-bottle,white-table)": 0.9878750940163931,
    "on-table(loaf-of-bread,wood-table)": 0.8298640102148056,
    "on-table(loaf-of-bread,black-table)": 0.24133341062406544,
    "on-table(loaf-of-bread,white-table)": 0.17962860665284097,
    "on-table(red-box-of-cereal,wood-table)": 0.2610921973440175,
    "on-table(red-box-of-cereal,black-table)": 0.2719351081856682,
    "on-table(red-box-of-cereal,white-table)": 0.5228760798151294,
    "on-table(red-can-of-soda,wood-table)": 0.9339219828446707,
    "on-table(red-can-of-soda,black-table)": 0.16691116409181936,
    "on-table(red-can-of-soda,white-table)": 0.169632767612408,
    "robot-gripper-empty()": 0.9593704144159952,
    "robot-gripping(milk-carton)": 0.14427694523086151,
    "robot-gripping(lemon)": 0.060491742100566626,
    "robot-gripping(green-bottle)": 0.17883524735225365,
    "robot-gripping(loaf-of-bread)": 0.08531870941321056,
    "robot-gripping(red-box-of-cereal)": 0.06114860763773322,
    "robot-gripping(red-can-of-soda)": 0.16218495004189512
}