{
    "on-table(milk-carton,wood-table)": 0.490961746002237,
    "on-table(milk-carton,black-table)": 0.17682542694577327,
    "on-table(milk-carton,white-table)": 0.2965860470042874,
    "on-table(lemon,wood-table)": 0.6282213250330339,
    "on-table(lemon,black-table)": 0.01601118282117871,
    "on-table(lemon,white-table)": 0.0029931671469967114,
    "on-table(green-bottle,wood-table)": 0.8204074315920783,
    "on-table(green-bottle,black-table)": 0.16803835699128436,
    "on-table(green-bottle,white-table)": 0.006433339706366799,
    "on-table(loaf-of-bread,wood-table)": 0.1993426374780635,
    "on-table(loaf-of-bread,black-table)": 0.03211946707839767,
    "on-table(loaf-of-bread,white-table)": 0.20802078784132996,
    "on-table(red-box-of-cereal,wood-table)": 0.28811726266576443,
    "on-table(red-box-of-cereal,black-table)": 0.02148647673432909,
    "on-table(red-box-of-cereal,white-table)": 0.997904489437739,
    "on-table(red-can-of-soda,wood-table)": 0.17071572562053916,
    "on-table(red-can-of-soda,black-table)": 0.009493031380012932,
    "on-table(red-can-of-soda,white-table)": 0.997911294301351,
    "robot-gripper-empty()": 0.9361172318458557,
    "robot-gripping(milk-carton)": 0.20980898973842463,
    "robot-gripping(lemon)": 0.11414148340312143,
    "robot-gripping(green-bottle)": 0.18015115964226425,
    "robot-gripping(loaf-of-bread)": 0.17835773085244,
    "robot-gripping(red-box-of-cereal)": 0.10039795219199732,
    "robot-gripping(red-can-of-soda)": 0.16929844634917876
}