{
    "on-table(milk-carton,wood-table)": 0.585539136081934,
    "on-table(milk-carton,black-table)": 0.5214090136966357,
    "on-table(milk-carton,white-table)": 0.040238953505953155,
    "on-table(lemon,wood-table)": 0.18087615048474012,
    "on-table(lemon,black-table)": 0.07633158691404181,
    "on-table(lemon,white-table)": 0.9993094503879547,
    "on-table(green-bottle,wood-table)": 0.254227490944686,
    "on-table(green-bottle,black-table)": 0.9107871949672699,
    "on-table(green-bottle,white-table)": 0.0011062584682501135,
    "on-table(loaf-of-bread,wood-table)": 0.512519830687476,
    "on-table(loaf-of-bread,black-table)": 0.23545067797203956,
    "on-table(loaf-of-bread,white-table)": 0.5963254713763794,
    "on-table(red-box-of-cereal,wood-table)": 0.2678022432579989,
    "on-table(red-box-of-cereal,black-table)": 0.9890223642190298,
    "on-table(red-box-of-cereal,white-table)": 0.006087061526462397,
    "on-table(red-can-of-soda,wood-table)": 0.27662200920531177,
    "on-table(red-can-of-soda,black-table)": 0.9978807270526886,
    "on-table(red-can-of-soda,white-table)": 0.0013044108050811094,
    "robot-gripper-empty()": 0.9010335405667623,
    "robot-gripping(milk-carton)": 0.21513941138982773,
    "robot-gripping(lemon)": 0.10598382850488026,
    "robot-gripping(green-bottle)": 0.1541265482082963,
    "robot-gripping(loaf-of-bread)": 0.14484524726867676,
    "robot-gripping(red-box-of-cereal)": 0.12518744248275956,
    "robot-gripping(red-can-of-soda)": 0.14897970374052724
}