{
    "on-table(milk-carton,wood-table)": 0.14288204698823392,
    "on-table(milk-carton,black-table)": 0.0490017233726879,
    "on-table(milk-carton,white-table)": 0.004826520705440392,
    "on-table(lemon,wood-table)": 0.8350890303651491,
    "on-table(lemon,black-table)": 0.060047718018419495,
    "on-table(lemon,white-table)": 0.0023494346720932904,
    "on-table(green-bottle,wood-table)": 0.16765269364138172,
    "on-table(green-bottle,black-table)": 0.016957176459375962,
    "on-table(green-bottle,white-table)": 0.904382606347402,
    "on-table(loaf-of-bread,wood-table)": 0.19015561093692668,
    "on-table(loaf-of-bread,black-table)": 0.023294765977576997,
    "on-table(loaf-of-bread,white-table)": 0.020225294691044837,
    "on-table(red-box-of-cereal,wood-table)": 0.24095354604166155,
    "on-table(red-box-of-cereal,black-table)": 0.07133542233107922,
    "on-table(red-box-of-cereal,white-table)": 0.0018735162217732675,
    "on-table(red-can-of-soda,wood-table)": 0.17592967540743606,
    "on-table(red-can-of-soda,black-table)": 0.1883339643712437,
    "on-table(red-can-of-soda,white-table)": 0.0018348865705775097,
    "robot-gripper-empty()": 0.8928550084431967,
    "robot-gripping(milk-carton)": 0.12888624829550585,
    "robot-gripping(lemon)": 0.08122661892169465,
    "robot-gripping(green-bottle)": 0.030846371897496283,
    "robot-gripping(loaf-of-bread)": 0.06595692814638217,
    "robot-gripping(red-box-of-cereal)": 0.09742184774950147,
    "robot-gripping(red-can-of-soda)": 0.5567821972072124
}