{
    "on-table(milk-carton,wood-table)": 0.08880993361041571,
    "on-table(milk-carton,black-table)": 0.7875273947914442,
    "on-table(milk-carton,white-table)": 0.09932972759209709,
    "on-table(lemon,wood-table)": 0.20624944226195416,
    "on-table(lemon,black-table)": 0.8122546225786209,
    "on-table(lemon,white-table)": 0.1522640172188403,
    "on-table(green-bottle,wood-table)": 0.17681143845644934,
    "on-table(green-bottle,black-table)": 0.8850136796633402,
    "on-table(green-bottle,white-table)": 0.036079475619771983,
    "on-table(loaf-of-bread,wood-table)": 0.39111263987918693,
    "on-table(loaf-of-bread,black-table)": 0.6701906193047762,
    "on-table(loaf-of-bread,white-table)": 0.1854129400647556,
    "on-table(red-box-of-cereal,wood-table)": 0.06884851713887959,
    "on-table(red-box-of-cereal,black-table)": 0.6409242872129349,
    "on-table(red-box-of-cereal,white-table)": 0.03326538217273386,
    "on-table(red-can-of-soda,wood-table)": 0.005798899105381376,
    "on-table(red-can-of-soda,black-table)": 0.8301476071161838,
    "on-table(red-can-of-soda,white-table)": 0.0055435846158313025,
    "robot-gripper-empty()": 0.8716158717870712,
    "robot-gripping(milk-carton)": 0.11976899020373821,
    "robot-gripping(lemon)": 0.144181240350008,
    "robot-gripping(green-bottle)": 0.05384616662437717,
    "robot-gripping(loaf-of-bread)": 0.19748203627144298,
    "robot-gripping(red-box-of-cereal)": 0.06504252378363162,
    "robot-gripping(red-can-of-soda)": 0.10071086635192235
}