{
    "on-table(milk-carton,wood-table)": 0.7267676343520483,
    "on-table(milk-carton,black-table)": 0.15135333802421277,
    "on-table(milk-carton,white-table)": 0.2029260912531754,
    "on-table(lemon,wood-table)": 0.40119898921693675,
    "on-table(lemon,black-table)": 0.8700843701759974,
    "on-table(lemon,white-table)": 0.07002070698945317,
    "on-table(green-bottle,wood-table)": 0.16694980355532607,
    "on-table(green-bottle,black-table)": 0.8333981096899757,
    "on-table(green-bottle,white-table)": 0.004123150659628057,
    "on-table(loaf-of-bread,wood-table)": 0.5022201954076687,
    "on-table(loaf-of-bread,black-table)": 0.0019619554817230287,
    "on-table(loaf-of-bread,white-table)": 0.16715156689618502,
    "on-table(red-box-of-cereal,wood-table)": 0.104618839880762,
    "on-table(red-box-of-cereal,black-table)": 0.11662353936117142,
    "on-table(red-box-of-cereal,white-table)": 0.21020176190844117,
    "on-table(red-can-of-soda,wood-table)": 0.2880922667439639,
    "on-table(red-can-of-soda,black-table)": 0.774410977649192,
    "on-table(red-can-of-soda,white-table)": 0.012163308331461545,
    "robot-gripper-empty()": 0.8630405217409134,
    "robot-gripping(milk-carton)": 0.20654847317685684,
    "robot-gripping(lemon)": 0.05803905085970958,
    "robot-gripping(green-bottle)": 0.04108972544781864,
    "robot-gripping(loaf-of-bread)": 0.05239312273139755,
    "robot-gripping(red-box-of-cereal)": 0.02869569944838683,
    "robot-gripping(red-can-of-soda)": 0.0600868520171692
}