{
    "on-table(milk-carton,wood-table)": 0.42788384373610217,
    "on-table(milk-carton,black-table)": 0.44595880216608447,
    "on-table(milk-carton,white-table)": 0.012327232301079979,
    "on-table(lemon,wood-table)": 0.17364995379466563,
    "on-table(lemon,black-table)": 0.00029382683984143415,
    "on-table(lemon,white-table)": 0.8350617640341321,
    "on-table(green-bottle,wood-table)": 0.16824590658022012,
    "on-table(green-bottle,black-table)": 0.16816124343707392,
    "on-table(green-bottle,white-table)": 0.0006399040688241561,
    "on-table(loaf-of-bread,wood-table)": 0.5614987388253212,
    "on-table(loaf-of-bread,black-table)": 0.20494812956894748,
    "on-table(loaf-of-bread,white-table)": 0.021762796695838915,
    "on-table(red-box-of-cereal,wood-table)": 0.8221868377489349,
    "on-table(red-box-of-cereal,black-table)": 0.10157144083905223,
    "on-table(red-box-of-cereal,white-table)": 0.008126959884672639,
    "on-table(red-can-of-soda,wood-table)": 0.8331864801778769,
    "on-table(red-can-of-soda,black-table)": 0.16318876783755817,
    "on-table(red-can-of-soda,white-table)": 0.002309520780954699,
    "robot-gripper-empty()": 0.41178650404132594,
    "robot-gripping(milk-carton)": 0.2568346227829655,
    "robot-gripping(lemon)": 0.011909200897207484,
    "robot-gripping(green-bottle)": 0.730922459391877,
    "robot-gripping(loaf-of-bread)": 0.042441651302700244,
    "robot-gripping(red-box-of-cereal)": 0.02004276173344503,
    "robot-gripping(red-can-of-soda)": 0.0724772799294442
}