{
    "on-table(milk-carton,wood-table)": 0.5657541039399803,
    "on-table(milk-carton,black-table)": 0.054724608300602995,
    "on-table(milk-carton,white-table)": 0.009563537775344836,
    "on-table(lemon,wood-table)": 0.018274219289499644,
    "on-table(lemon,black-table)": 0.009074424723318467,
    "on-table(lemon,white-table)": 0.006804394810994078,
    "on-table(green-bottle,wood-table)": 0.16837145591974453,
    "on-table(green-bottle,black-table)": 0.0058097945382845255,
    "on-table(green-bottle,white-table)": 0.9707418084144592,
    "on-table(loaf-of-bread,wood-table)": 0.024809859770660598,
    "on-table(loaf-of-bread,black-table)": 0.009561239567119628,
    "on-table(loaf-of-bread,white-table)": 0.006942225193294386,
    "on-table(red-box-of-cereal,wood-table)": 0.00364788320439402,
    "on-table(red-box-of-cereal,black-table)": 0.49853829143588274,
    "on-table(red-box-of-cereal,white-table)": 0.011129277485451894,
    "on-table(red-can-of-soda,wood-table)": 0.1680768619974818,
    "on-table(red-can-of-soda,black-table)": 0.7997568923359116,
    "on-table(red-can-of-soda,white-table)": 0.006323632049922405,
    "robot-gripper-empty()": 0.6982641431192557,
    "robot-gripping(milk-carton)": 0.3160284509261449,
    "robot-gripping(lemon)": 0.08152307197451591,
    "robot-gripping(green-bottle)": 0.027771979453973472,
    "robot-gripping(loaf-of-bread)": 0.09587532219787438,
    "robot-gripping(red-box-of-cereal)": 0.22085244193052253,
    "robot-gripping(red-can-of-soda)": 0.28444064936290187
}