{
    "on-table(milk-carton,wood-table)": 0.9280127882957458,
    "on-table(milk-carton,black-table)": 0.2826966511626476,
    "on-table(milk-carton,white-table)": 0.06306833409720032,
    "on-table(lemon,wood-table)": 0.2982739608329818,
    "on-table(lemon,black-table)": 0.9134616504112879,
    "on-table(lemon,white-table)": 0.0034095778338875484,
    "on-table(green-bottle,wood-table)": 0.33310298558293044,
    "on-table(green-bottle,black-table)": 0.9976807832717896,
    "on-table(green-bottle,white-table)": 0.00042392896409637615,
    "on-table(loaf-of-bread,wood-table)": 0.41458267718553543,
    "on-table(loaf-of-bread,black-table)": 0.3734744350222172,
    "on-table(loaf-of-bread,white-table)": 0.01709427266663018,
    "on-table(red-box-of-cereal,wood-table)": 0.6926760331261903,
    "on-table(red-box-of-cereal,black-table)": 0.14855621408787556,
    "on-table(red-box-of-cereal,white-table)": 0.15673700223063255,
    "on-table(red-can-of-soda,wood-table)": 0.3413393968088106,
    "on-table(red-can-of-soda,black-table)": 0.016664649780371594,
    "on-table(red-can-of-soda,white-table)": 0.8403319505353769,
    "robot-gripper-empty()": 0.9540970822175344,
    "robot-gripping(milk-carton)": 0.17328679716835418,
    "robot-gripping(lemon)": 0.05891272883551816,
    "robot-gripping(green-bottle)": 0.048341963440179825,
    "robot-gripping(loaf-of-bread)": 0.089519662472109,
    "robot-gripping(red-box-of-cereal)": 0.04950114176608622,
    "robot-gripping(red-can-of-soda)": 0.08040104267032196
}