{
    "on-table(milk-carton,wood-table)": 0.9597733815511068,
    "on-table(milk-carton,black-table)": 0.27255975304782015,
    "on-table(milk-carton,white-table)": 0.1617826976322855,
    "on-table(lemon,wood-table)": 0.22200518498933283,
    "on-table(lemon,black-table)": 0.0830822779613906,
    "on-table(lemon,white-table)": 0.14145583752694316,
    "on-table(green-bottle,wood-table)": 0.265299555719442,
    "on-table(green-bottle,black-table)": 0.051874679597100716,
    "on-table(green-bottle,white-table)": 0.11457984083835981,
    "on-table(loaf-of-bread,wood-table)": 0.6709722323964039,
    "on-table(loaf-of-bread,black-table)": 0.26844708092266956,
    "on-table(loaf-of-bread,white-table)": 0.18780052458926852,
    "on-table(red-box-of-cereal,wood-table)": 0.8514625901977221,
    "on-table(red-box-of-cereal,black-table)": 0.33233070938877063,
    "on-table(red-box-of-cereal,white-table)": 0.14581889006270407,
    "on-table(red-can-of-soda,wood-table)": 0.9964409470558167,
    "on-table(red-can-of-soda,black-table)": 0.3281925734752538,
    "on-table(red-can-of-soda,white-table)": 0.07101239276509357,
    "robot-gripper-empty()": 0.9319579700628916,
    "robot-gripping(milk-carton)": 0.1714232141772906,
    "robot-gripping(lemon)": 0.09445055325826009,
    "robot-gripping(green-bottle)": 0.1051116216306885,
    "robot-gripping(loaf-of-bread)": 0.1618141202876965,
    "robot-gripping(red-box-of-cereal)": 0.1110831859211127,
    "robot-gripping(red-can-of-soda)": 0.21489282914747795
}