{
    "on-table(milk-carton,wood-table)": 0.4360155482754635,
    "on-table(milk-carton,black-table)": 0.00472292644932774,
    "on-table(milk-carton,white-table)": 0.512063669176617,
    "on-table(lemon,wood-table)": 0.058403440212714486,
    "on-table(lemon,black-table)": 0.001666707859840244,
    "on-table(lemon,white-table)": 0.012637780760996975,
    "on-table(green-bottle,wood-table)": 0.06711956885252827,
    "on-table(green-bottle,black-table)": 0.002086232133554707,
    "on-table(green-bottle,white-table)": 0.835174958066394,
    "on-table(loaf-of-bread,wood-table)": 0.673026900117596,
    "on-table(loaf-of-bread,black-table)": 0.04675440456927996,
    "on-table(loaf-of-bread,white-table)": 0.008202507854245292,
    "on-table(red-box-of-cereal,wood-table)": 0.8354488224722445,
    "on-table(red-box-of-cereal,black-table)": 0.16102759653100898,
    "on-table(red-box-of-cereal,white-table)": 0.0013404305318545084,
    "on-table(red-can-of-soda,wood-table)": 0.5692940797889605,
    "on-table(red-can-of-soda,black-table)": 0.18821430686997095,
    "on-table(red-can-of-soda,white-table)": 0.01283211040815028,
    "robot-gripper-empty()": 0.8332210630178452,
    "robot-gripping(milk-carton)": 0.26079555166264373,
    "robot-gripping(lemon)": 0.08137208758853376,
    "robot-gripping(green-bottle)": 0.026086957989415776,
    "robot-gripping(loaf-of-bread)": 0.13962215495606264,
    "robot-gripping(red-box-of-cereal)": 0.24471965587387481,
    "robot-gripping(red-can-of-soda)": 0.5792913244416317
}