{
    "on-table(milk-carton,wood-table)": 0.11299476120620966,
    "on-table(milk-carton,black-table)": 0.7932428975279132,
    "on-table(milk-carton,white-table)": 0.022183857818163233,
    "on-table(lemon,wood-table)": 0.19633093654798964,
    "on-table(lemon,black-table)": 0.07792590356742342,
    "on-table(lemon,white-table)": 0.015772896877024323,
    "on-table(green-bottle,wood-table)": 0.17015038324704315,
    "on-table(green-bottle,black-table)": 0.0027519293136416914,
    "on-table(green-bottle,white-table)": 0.8362386062120398,
    "on-table(loaf-of-bread,wood-table)": 0.2831308199092746,
    "on-table(loaf-of-bread,black-table)": 0.5505886118238171,
    "on-table(loaf-of-bread,white-table)": 0.05504849987482885,
    "on-table(red-box-of-cereal,wood-table)": 0.23687386858121803,
    "on-table(red-box-of-cereal,black-table)": 0.8331982621457428,
    "on-table(red-box-of-cereal,white-table)": 0.13702864447077445,
    "on-table(red-can-of-soda,wood-table)": 0.16864873811937287,
    "on-table(red-can-of-soda,black-table)": 0.26921821300773746,
    "on-table(red-can-of-soda,white-table)": 0.7692811563611031,
    "robot-gripper-empty()": 0.9296390116214752,
    "robot-gripping(milk-carton)": 0.05937925477822622,
    "robot-gripping(lemon)": 0.057698763286074005,
    "robot-gripping(green-bottle)": 0.02672363662956438,
    "robot-gripping(loaf-of-bread)": 0.04114427564976116,
    "robot-gripping(red-box-of-cereal)": 0.0328606937546283,
    "robot-gripping(red-can-of-soda)": 0.17528067162493244
}