{
    "on-table(milk-carton,wood-table)": 0.6588673468213528,
    "on-table(milk-carton,black-table)": 0.49291507876478136,
    "on-table(milk-carton,white-table)": 0.18700491527367072,
    "on-table(lemon,wood-table)": 0.1789644823074923,
    "on-table(lemon,black-table)": 0.8837132453918457,
    "on-table(lemon,white-table)": 0.06427029728107907,
    "on-table(green-bottle,wood-table)": 0.32942862618074287,
    "on-table(green-bottle,black-table)": 0.9943885803222656,
    "on-table(green-bottle,white-table)": 0.2284179760092305,
    "on-table(loaf-of-bread,wood-table)": 0.7342767169078191,
    "on-table(loaf-of-bread,black-table)": 0.23361780820050626,
    "on-table(loaf-of-bread,white-table)": 0.04559237371419537,
    "on-table(red-box-of-cereal,wood-table)": 0.40511949781891116,
    "on-table(red-box-of-cereal,black-table)": 0.43213173172747094,
    "on-table(red-box-of-cereal,white-table)": 0.23228664746663222,
    "on-table(red-can-of-soda,wood-table)": 0.40330441561915603,
    "on-table(red-can-of-soda,black-table)": 0.5655876177673539,
    "on-table(red-can-of-soda,white-table)": 0.3122741794419805,
    "robot-gripper-empty()": 0.5582236125095127,
    "robot-gripping(milk-carton)": 0.44713569929202396,
    "robot-gripping(lemon)": 0.05016826589902242,
    "robot-gripping(green-bottle)": 0.024311812555727858,
    "robot-gripping(loaf-of-bread)": 0.15528397572537264,
    "robot-gripping(red-box-of-cereal)": 0.5538054419060549,
    "robot-gripping(red-can-of-soda)": 0.6767927402009567
}