{
    "on-table(milk-carton,wood-table)": 0.04370085312014756,
    "on-table(milk-carton,black-table)": 0.3591171255878483,
    "on-table(milk-carton,white-table)": 0.34526475529249484,
    "on-table(lemon,wood-table)": 0.8350315326824784,
    "on-table(lemon,black-table)": 0.16854942108545856,
    "on-table(lemon,white-table)": 0.0024543041679407906,
    "on-table(green-bottle,wood-table)": 0.17843050801214608,
    "on-table(green-bottle,black-table)": 0.1713159109925376,
    "on-table(green-bottle,white-table)": 0.002410822112627405,
    "on-table(loaf-of-bread,wood-table)": 0.04568263737989279,
    "on-table(loaf-of-bread,black-table)": 0.005662192784560223,
    "on-table(loaf-of-bread,white-table)": 0.0808431356078169,
    "on-table(red-box-of-cereal,wood-table)": 0.1654322825197596,
    "on-table(red-box-of-cereal,black-table)": 0.0009906250852509402,
    "on-table(red-box-of-cereal,white-table)": 0.8331687295188507,
    "on-table(red-can-of-soda,wood-table)": 0.15163985122489976,
    "on-table(red-can-of-soda,black-table)": 0.0044552611675499065,
    "on-table(red-can-of-soda,white-table)": 0.9626388947168986,
    "robot-gripper-empty()": 0.32708544776930165,
    "robot-gripping(milk-carton)": 0.22600971216646334,
    "robot-gripping(lemon)": 0.1851305525827532,
    "robot-gripping(green-bottle)": 0.8141169589944184,
    "robot-gripping(loaf-of-bread)": 0.06508381369834144,
    "robot-gripping(red-box-of-cereal)": 0.03336612123530358,
    "robot-gripping(red-can-of-soda)": 0.07425823716039304
}