{
    "on-table(milk-carton,wood-table)": 0.3460008831849943,
    "on-table(milk-carton,black-table)": 0.11865836828170966,
    "on-table(milk-carton,white-table)": 0.49817719977969926,
    "on-table(lemon,wood-table)": 0.13810396374901757,
    "on-table(lemon,black-table)": 0.1437344853305452,
    "on-table(lemon,white-table)": 0.12258409499190748,
    "on-table(green-bottle,wood-table)": 0.20051206993108886,
    "on-table(green-bottle,black-table)": 0.036170671236808026,
    "on-table(green-bottle,white-table)": 0.8655225311716398,
    "on-table(loaf-of-bread,wood-table)": 0.4849105340739091,
    "on-table(loaf-of-bread,black-table)": 0.0691620716243051,
    "on-table(loaf-of-bread,white-table)": 0.18148036937539777,
    "on-table(red-box-of-cereal,wood-table)": 0.07104489129415015,
    "on-table(red-box-of-cereal,black-table)": 0.005658849334698364,
    "on-table(red-box-of-cereal,white-table)": 0.5133144184947014,
    "on-table(red-can-of-soda,wood-table)": 0.05706920540008772,
    "on-table(red-can-of-soda,black-table)": 0.0004282455835588432,
    "on-table(red-can-of-soda,white-table)": 0.7997768014805237,
    "robot-gripper-empty()": 0.952190488576889,
    "robot-gripping(milk-carton)": 0.14873648093392453,
    "robot-gripping(lemon)": 0.04849227440233032,
    "robot-gripping(green-bottle)": 0.019389600104962785,
    "robot-gripping(loaf-of-bread)": 0.13667402183637023,
    "robot-gripping(red-box-of-cereal)": 0.13601706229383126,
    "robot-gripping(red-can-of-soda)": 0.1467594919182981
}