{
    "on-table(milk-carton,wood-table)": 0.2742817329029397,
    "on-table(milk-carton,black-table)": 0.6949466615915298,
    "on-table(milk-carton,white-table)": 0.016801473447533983,
    "on-table(lemon,wood-table)": 0.020751837805922452,
    "on-table(lemon,black-table)": 0.18660677111862847,
    "on-table(lemon,white-table)": 0.1777925792557653,
    "on-table(green-bottle,wood-table)": 0.1664845523337135,
    "on-table(green-bottle,black-table)": 0.004566221011979603,
    "on-table(green-bottle,white-table)": 0.9894561568895975,
    "on-table(loaf-of-bread,wood-table)": 0.5277416606550105,
    "on-table(loaf-of-bread,black-table)": 0.26048752974990447,
    "on-table(loaf-of-bread,white-table)": 0.012622682289778217,
    "on-table(red-box-of-cereal,wood-table)": 0.3885309539521889,
    "on-table(red-box-of-cereal,black-table)": 0.6371236092139346,
    "on-table(red-box-of-cereal,white-table)": 0.007232645037826539,
    "on-table(red-can-of-soda,wood-table)": 0.8473528213799,
    "on-table(red-can-of-soda,black-table)": 0.3331901443486913,
    "on-table(red-can-of-soda,white-table)": 0.0027670063929387347,
    "robot-gripper-empty()": 0.8133285244305929,
    "robot-gripping(milk-carton)": 0.22304021505018076,
    "robot-gripping(lemon)": 0.3567001388097803,
    "robot-gripping(green-bottle)": 0.0422333282379744,
    "robot-gripping(loaf-of-bread)": 0.16887572050715485,
    "robot-gripping(red-box-of-cereal)": 0.045297447203968964,
    "robot-gripping(red-can-of-soda)": 0.16386874959183237
}