{
    "on-table(milk-carton,wood-table)": 0.21014768196861647,
    "on-table(milk-carton,black-table)": 0.07432749819903013,
    "on-table(milk-carton,white-table)": 0.8136462805171808,
    "on-table(lemon,wood-table)": 0.3283346258491899,
    "on-table(lemon,black-table)": 0.11539809305759263,
    "on-table(lemon,white-table)": 0.7411831269661585,
    "on-table(green-bottle,wood-table)": 0.3078668082889635,
    "on-table(green-bottle,black-table)": 0.4765749757401257,
    "on-table(green-bottle,white-table)": 0.14026447054736005,
    "on-table(loaf-of-bread,wood-table)": 0.21780637496461472,
    "on-table(loaf-of-bread,black-table)": 0.42716181945676607,
    "on-table(loaf-of-bread,white-table)": 0.3456060681104039,
    "on-table(red-box-of-cereal,wood-table)": 0.2122114688002815,
    "on-table(red-box-of-cereal,black-table)": 0.6917116176337004,
    "on-table(red-box-of-cereal,white-table)": 0.010097664096974768,
    "on-table(red-can-of-soda,wood-table)": 0.9838847815990448,
    "on-table(red-can-of-soda,black-table)": 0.33504671744424286,
    "on-table(red-can-of-soda,white-table)": 0.006660385203114553,
    "robot-gripper-empty()": 0.8840617686510086,
    "robot-gripping(milk-carton)": 0.15939603373408318,
    "robot-gripping(lemon)": 0.10588769738872846,
    "robot-gripping(green-bottle)": 0.15354674371580282,
    "robot-gripping(loaf-of-bread)": 0.09243111622830232,
    "robot-gripping(red-box-of-cereal)": 0.10261772014200687,
    "robot-gripping(red-can-of-soda)": 0.199982022245725
}