{
    "on-table(milk-carton,wood-table)": 0.09527001755001645,
    "on-table(milk-carton,black-table)": 0.44361428807800013,
    "on-table(milk-carton,white-table)": 0.12391844744949292,
    "on-table(lemon,wood-table)": 0.6789023935173949,
    "on-table(lemon,black-table)": 0.006929881229477057,
    "on-table(lemon,white-table)": 0.022719178274201113,
    "on-table(green-bottle,wood-table)": 0.16786227891619396,
    "on-table(green-bottle,black-table)": 0.16921689746580645,
    "on-table(green-bottle,white-table)": 0.0017826938351390709,
    "on-table(loaf-of-bread,wood-table)": 0.16417565057054162,
    "on-table(loaf-of-bread,black-table)": 0.2807081281983604,
    "on-table(loaf-of-bread,white-table)": 0.13431011617649347,
    "on-table(red-box-of-cereal,wood-table)": 0.1845156628599701,
    "on-table(red-box-of-cereal,black-table)": 0.7950305457537373,
    "on-table(red-box-of-cereal,white-table)": 0.19069253861622806,
    "on-table(red-can-of-soda,wood-table)": 0.9705758988857269,
    "on-table(red-can-of-soda,black-table)": 0.3370614210407818,
    "on-table(red-can-of-soda,white-table)": 0.16711471938951186,
    "robot-gripper-empty()": 0.42039864368659136,
    "robot-gripping(milk-carton)": 0.32161224943896133,
    "robot-gripping(lemon)": 0.3364587804923455,
    "robot-gripping(green-bottle)": 0.7280849552092453,
    "robot-gripping(loaf-of-bread)": 0.07835014571901411,
    "robot-gripping(red-box-of-cereal)": 0.027476659684907645,
    "robot-gripping(red-can-of-soda)": 0.1325953391205985
}