{
    "on-table(milk-carton,wood-table)": 0.516829013514022,
    "on-table(milk-carton,black-table)": 0.011887780730224526,
    "on-table(milk-carton,white-table)": 0.5180555548674116,
    "on-table(lemon,wood-table)": 0.0101315399321417,
    "on-table(lemon,black-table)": 0.0013806882428373986,
    "on-table(lemon,white-table)": 0.04660933971596629,
    "on-table(green-bottle,wood-table)": 0.8359161810949445,
    "on-table(green-bottle,black-table)": 0.17139174817390312,
    "on-table(green-bottle,white-table)": 0.007105683780063525,
    "on-table(loaf-of-bread,wood-table)": 0.666391064102451,
    "on-table(loaf-of-bread,black-table)": 0.06163537006068509,
    "on-table(loaf-of-bread,white-table)": 0.13734930680463245,
    "on-table(red-box-of-cereal,wood-table)": 0.840908020734787,
    "on-table(red-box-of-cereal,black-table)": 0.05700797734122413,
    "on-table(red-box-of-cereal,white-table)": 0.23841040101251565,
    "on-table(red-can-of-soda,wood-table)": 0.3795282766222954,
    "on-table(red-can-of-soda,black-table)": 0.1463500252381588,
    "on-table(red-can-of-soda,white-table)": 0.1619099414771578,
    "robot-gripper-empty()": 0.8580170472462972,
    "robot-gripping(milk-carton)": 0.23418218890825906,
    "robot-gripping(lemon)": 0.04483081835011641,
    "robot-gripping(green-bottle)": 0.14022579393349588,
    "robot-gripping(loaf-of-bread)": 0.08951654533545177,
    "robot-gripping(red-box-of-cereal)": 0.10252043108145396,
    "robot-gripping(red-can-of-soda)": 0.5641366466879845
}