{
    "on-table(milk-carton,wood-table)": 0.64618089577804,
    "on-table(milk-carton,black-table)": 0.04175654973490358,
    "on-table(milk-carton,white-table)": 0.47958568988057476,
    "on-table(lemon,wood-table)": 0.23988685641234042,
    "on-table(lemon,black-table)": 0.03327604776958045,
    "on-table(lemon,white-table)": 0.9101019700368246,
    "on-table(green-bottle,wood-table)": 0.10262933438449788,
    "on-table(green-bottle,black-table)": 0.1740023841460546,
    "on-table(green-bottle,white-table)": 0.2861534438367623,
    "on-table(loaf-of-bread,wood-table)": 0.34070386209835607,
    "on-table(loaf-of-bread,black-table)": 0.6088499113296469,
    "on-table(loaf-of-bread,white-table)": 0.42294736579060555,
    "on-table(red-box-of-cereal,wood-table)": 0.1848771186293258,
    "on-table(red-box-of-cereal,black-table)": 0.05186609679367393,
    "on-table(red-box-of-cereal,white-table)": 0.9988449613253275,
    "on-table(red-can-of-soda,wood-table)": 0.17338967867059787,
    "on-table(red-can-of-soda,black-table)": 0.02719525566961541,
    "on-table(red-can-of-soda,white-table)": 0.9983324408531189,
    "robot-gripper-empty()": 0.820450688401858,
    "robot-gripping(milk-carton)": 0.23660055299599966,
    "robot-gripping(lemon)": 0.10941167850978673,
    "robot-gripping(green-bottle)": 0.1355049536602261,
    "robot-gripping(loaf-of-bread)": 0.12618823116645217,
    "robot-gripping(red-box-of-cereal)": 0.06353183176058035,
    "robot-gripping(red-can-of-soda)": 0.14173450243348876
}