{
    "on-table(milk-carton,wood-table)": 0.3264176646480337,
    "on-table(milk-carton,black-table)": 0.5125461262650788,
    "on-table(milk-carton,white-table)": 0.13789968571351588,
    "on-table(lemon,wood-table)": 0.8454802967607975,
    "on-table(lemon,black-table)": 0.19325606184107377,
    "on-table(lemon,white-table)": 0.0032169325672839477,
    "on-table(green-bottle,wood-table)": 0.33332165363632765,
    "on-table(green-bottle,black-table)": 0.9952308436234792,
    "on-table(green-bottle,white-table)": 0.02001913000606237,
    "on-table(loaf-of-bread,wood-table)": 0.501349825412035,
    "on-table(loaf-of-bread,black-table)": 0.26706037257099524,
    "on-table(loaf-of-bread,white-table)": 0.007814222131855786,
    "on-table(red-box-of-cereal,wood-table)": 0.1953533404157497,
    "on-table(red-box-of-cereal,black-table)": 0.17139873917525014,
    "on-table(red-box-of-cereal,white-table)": 0.31507235773218173,
    "on-table(red-can-of-soda,wood-table)": 0.12144192562057772,
    "on-table(red-can-of-soda,black-table)": 0.0008904551004889072,
    "on-table(red-can-of-soda,white-table)": 0.8349822505066792,
    "robot-gripper-empty()": 0.40800964574251947,
    "robot-gripping(milk-carton)": 0.5238537080585957,
    "robot-gripping(lemon)": 0.10965293040499091,
    "robot-gripping(green-bottle)": 0.0849661936905856,
    "robot-gripping(loaf-of-bread)": 0.31010265089571476,
    "robot-gripping(red-box-of-cereal)": 0.7331139094506701,
    "robot-gripping(red-can-of-soda)": 0.4160324255935848
}