{
    "on-table(milk-carton,wood-table)": 0.5016374334621408,
    "on-table(milk-carton,black-table)": 0.005249544813220079,
    "on-table(milk-carton,white-table)": 0.5105223836532483,
    "on-table(lemon,wood-table)": 0.1333300852602406,
    "on-table(lemon,black-table)": 0.004258390642159308,
    "on-table(lemon,white-table)": 0.01580329250464274,
    "on-table(green-bottle,wood-table)": 0.11425641600847787,
    "on-table(green-bottle,black-table)": 0.0010467314303544601,
    "on-table(green-bottle,white-table)": 0.8344797710111985,
    "on-table(loaf-of-bread,wood-table)": 0.8000229587778449,
    "on-table(loaf-of-bread,black-table)": 0.15893577658046829,
    "on-table(loaf-of-bread,white-table)": 0.058492274359499184,
    "on-table(red-box-of-cereal,wood-table)": 0.9445573190848032,
    "on-table(red-box-of-cereal,black-table)": 0.34446533920709044,
    "on-table(red-box-of-cereal,white-table)": 0.0028258926443716823,
    "on-table(red-can-of-soda,wood-table)": 0.3263936540618791,
    "on-table(red-can-of-soda,black-table)": 0.8305968791246414,
    "on-table(red-can-of-soda,white-table)": 0.0028627655281070474,
    "robot-gripper-empty()": 0.8571570217609406,
    "robot-gripping(milk-carton)": 0.20079988442982236,
    "robot-gripping(lemon)": 0.10457574560617407,
    "robot-gripping(green-bottle)": 0.007158219930715859,
    "robot-gripping(loaf-of-bread)": 0.1803562850691378,
    "robot-gripping(red-box-of-cereal)": 0.058438421692699194,
    "robot-gripping(red-can-of-soda)": 0.16976564556049803
}