{
    "on-table(milk-carton,wood-table)": 0.17778380814100578,
    "on-table(milk-carton,black-table)": 0.6533045036097368,
    "on-table(milk-carton,white-table)": 0.11147811435451634,
    "on-table(lemon,wood-table)": 0.004657624362153001,
    "on-table(lemon,black-table)": 0.004634402449786042,
    "on-table(lemon,white-table)": 0.01085071541213741,
    "on-table(green-bottle,wood-table)": 0.16636318209323994,
    "on-table(green-bottle,black-table)": 0.00022349126690338986,
    "on-table(green-bottle,white-table)": 0.8334539727657102,
    "on-table(loaf-of-bread,wood-table)": 0.12055749459735428,
    "on-table(loaf-of-bread,black-table)": 0.5069208228960633,
    "on-table(loaf-of-bread,white-table)": 0.01672612951127424,
    "on-table(red-box-of-cereal,wood-table)": 0.3982537173045178,
    "on-table(red-box-of-cereal,black-table)": 0.8212286060055097,
    "on-table(red-box-of-cereal,white-table)": 0.05819963804242434,
    "on-table(red-can-of-soda,wood-table)": 0.8272240459918976,
    "on-table(red-can-of-soda,black-table)": 0.3245270411780439,
    "on-table(red-can-of-soda,white-table)": 0.011210596925593563,
    "robot-gripper-empty()": 0.922350158294042,
    "robot-gripping(milk-carton)": 0.08980940794572234,
    "robot-gripping(lemon)": 0.024209495323399704,
    "robot-gripping(green-bottle)": 0.003976641780658004,
    "robot-gripping(loaf-of-bread)": 0.06006409476200739,
    "robot-gripping(red-box-of-cereal)": 0.0872887996180604,
    "robot-gripping(red-can-of-soda)": 0.19558725327563783
}