{
    "on-table(milk-carton,wood-table)": 0.1796067125396803,
    "on-table(milk-carton,black-table)": 0.4091246856066088,
    "on-table(milk-carton,white-table)": 0.1565890040025503,
    "on-table(lemon,wood-table)": 0.23209520825184882,
    "on-table(lemon,black-table)": 0.5152018586328874,
    "on-table(lemon,white-table)": 0.09285125296931558,
    "on-table(green-bottle,wood-table)": 0.995367298523585,
    "on-table(green-bottle,black-table)": 0.3327985021147318,
    "on-table(green-bottle,white-table)": 0.08789496707868238,
    "on-table(loaf-of-bread,wood-table)": 0.3323822656723981,
    "on-table(loaf-of-bread,black-table)": 0.542269186504806,
    "on-table(loaf-of-bread,white-table)": 0.20344769628718495,
    "on-table(red-box-of-cereal,wood-table)": 0.07400046270049643,
    "on-table(red-box-of-cereal,black-table)": 0.01943176095483068,
    "on-table(red-box-of-cereal,white-table)": 0.23249944767970496,
    "on-table(red-can-of-soda,wood-table)": 0.014524985661410028,
    "on-table(red-can-of-soda,black-table)": 0.005340816741560654,
    "on-table(red-can-of-soda,white-table)": 0.1626248013762961,
    "robot-gripper-empty()": 0.7556621034940084,
    "robot-gripping(milk-carton)": 0.18991224778195223,
    "robot-gripping(lemon)": 0.3105473822603623,
    "robot-gripping(green-bottle)": 0.12794816633686423,
    "robot-gripping(loaf-of-bread)": 0.1800079963480433,
    "robot-gripping(red-box-of-cereal)": 0.015692486039673288,
    "robot-gripping(red-can-of-soda)": 0.029833183080578845
}