{
    "on-table(milk-carton,wood-table)": 0.2533094630731891,
    "on-table(milk-carton,black-table)": 0.0497695211864387,
    "on-table(milk-carton,white-table)": 0.061172287115671985,
    "on-table(lemon,wood-table)": 0.2148691403514628,
    "on-table(lemon,black-table)": 0.000462148044789501,
    "on-table(lemon,white-table)": 0.9982339044411978,
    "on-table(green-bottle,wood-table)": 0.17148062568351938,
    "on-table(green-bottle,black-table)": 0.17120601591583787,
    "on-table(green-bottle,white-table)": 0.0030710859136888757,
    "on-table(loaf-of-bread,wood-table)": 0.4456292097456753,
    "on-table(loaf-of-bread,black-table)": 0.004998564448518057,
    "on-table(loaf-of-bread,white-table)": 0.053699649773382895,
    "on-table(red-box-of-cereal,wood-table)": 0.2218976019648835,
    "on-table(red-box-of-cereal,black-table)": 0.019813804339113023,
    "on-table(red-box-of-cereal,white-table)": 0.028710454986139666,
    "on-table(red-can-of-soda,wood-table)": 0.8336269792246943,
    "on-table(red-can-of-soda,black-table)": 0.1676454771788182,
    "on-table(red-can-of-soda,white-table)": 0.0015178981185878608,
    "robot-gripper-empty()": 0.3205982769334999,
    "robot-gripping(milk-carton)": 0.3570778938010335,
    "robot-gripping(lemon)": 0.03212784927260751,
    "robot-gripping(green-bottle)": 0.7756118330483636,
    "robot-gripping(loaf-of-bread)": 0.07143632140165816,
    "robot-gripping(red-box-of-cereal)": 0.019251071731559932,
    "robot-gripping(red-can-of-soda)": 0.24782517467974685
}