{
    "on-table(milk-carton,wood-table)": 0.4731811293459032,
    "on-table(milk-carton,black-table)": 0.019534651546261255,
    "on-table(milk-carton,white-table)": 0.671675286522562,
    "on-table(lemon,wood-table)": 0.05465615131227727,
    "on-table(lemon,black-table)": 0.023140820866804763,
    "on-table(lemon,white-table)": 0.1070048248235859,
    "on-table(green-bottle,wood-table)": 0.8370479128013054,
    "on-table(green-bottle,black-table)": 0.17092008189820262,
    "on-table(green-bottle,white-table)": 0.004572571238857866,
    "on-table(loaf-of-bread,wood-table)": 0.42664422226759297,
    "on-table(loaf-of-bread,black-table)": 0.1049208699769224,
    "on-table(loaf-of-bread,white-table)": 0.23701767695759676,
    "on-table(red-box-of-cereal,wood-table)": 0.7816475983709097,
    "on-table(red-box-of-cereal,black-table)": 0.174805404470438,
    "on-table(red-box-of-cereal,white-table)": 0.07051489080307267,
    "on-table(red-can-of-soda,wood-table)": 0.33637385130956926,
    "on-table(red-can-of-soda,black-table)": 0.8391226499030987,
    "on-table(red-can-of-soda,white-table)": 0.005174611114246848,
    "robot-gripper-empty()": 0.8401322178542614,
    "robot-gripping(milk-carton)": 0.1493215604374806,
    "robot-gripping(lemon)": 0.07667074992787093,
    "robot-gripping(green-bottle)": 0.17690173691759506,
    "robot-gripping(loaf-of-bread)": 0.09542763931676745,
    "robot-gripping(red-box-of-cereal)": 0.09356494232391317,
    "robot-gripping(red-can-of-soda)": 0.1672438538322846
}