{
    "on-table(milk-carton,wood-table)": 0.08404301696767409,
    "on-table(milk-carton,black-table)": 0.46999639241645735,
    "on-table(milk-carton,white-table)": 0.3986086056059624,
    "on-table(lemon,wood-table)": 0.014226856369835636,
    "on-table(lemon,black-table)": 0.173643708617116,
    "on-table(lemon,white-table)": 0.012887138165145492,
    "on-table(green-bottle,wood-table)": 0.06742021313887865,
    "on-table(green-bottle,black-table)": 0.8256152635634256,
    "on-table(green-bottle,white-table)": 0.01991276211272937,
    "on-table(loaf-of-bread,wood-table)": 0.41660143435001373,
    "on-table(loaf-of-bread,black-table)": 0.06283680109966856,
    "on-table(loaf-of-bread,white-table)": 0.30607811314985156,
    "on-table(red-box-of-cereal,wood-table)": 0.09297627248937108,
    "on-table(red-box-of-cereal,black-table)": 0.15366461240773788,
    "on-table(red-box-of-cereal,white-table)": 0.5376307719658749,
    "on-table(red-can-of-soda,wood-table)": 0.1876130827719559,
    "on-table(red-can-of-soda,black-table)": 0.0005401633573001163,
    "on-table(red-can-of-soda,white-table)": 0.8333807239347758,
    "robot-gripper-empty()": 0.8716830909252167,
    "robot-gripping(milk-carton)": 0.18939663314570984,
    "robot-gripping(lemon)": 0.06892156430209677,
    "robot-gripping(green-bottle)": 0.17953052319353446,
    "robot-gripping(loaf-of-bread)": 0.12447770436604817,
    "robot-gripping(red-box-of-cereal)": 0.11677106962694477,
    "robot-gripping(red-can-of-soda)": 0.19618063955567777
}