{
    "on-table(milk-carton,wood-table)": 0.24483738762016097,
    "on-table(milk-carton,black-table)": 0.804675281047821,
    "on-table(milk-carton,white-table)": 0.022443590804565854,
    "on-table(lemon,wood-table)": 0.15449289660318755,
    "on-table(lemon,black-table)": 0.0030822543506398383,
    "on-table(lemon,white-table)": 0.8584300975004832,
    "on-table(green-bottle,wood-table)": 0.16414249002506645,
    "on-table(green-bottle,black-table)": 0.007696219440125181,
    "on-table(green-bottle,white-table)": 0.8508668939272562,
    "on-table(loaf-of-bread,wood-table)": 0.1629583421163261,
    "on-table(loaf-of-bread,black-table)": 0.6606881581246853,
    "on-table(loaf-of-bread,white-table)": 0.015157720146817155,
    "on-table(red-box-of-cereal,wood-table)": 0.4414074148517102,
    "on-table(red-box-of-cereal,black-table)": 0.8557046875357628,
    "on-table(red-box-of-cereal,white-table)": 0.014857395100989379,
    "on-table(red-can-of-soda,wood-table)": 0.9928098022937775,
    "on-table(red-can-of-soda,black-table)": 0.3351599578783559,
    "on-table(red-can-of-soda,white-table)": 0.005087430498482111,
    "robot-gripper-empty()": 0.9746746818224589,
    "robot-gripping(milk-carton)": 0.2518225082506736,
    "robot-gripping(lemon)": 0.024143342161551118,
    "robot-gripping(green-bottle)": 0.029158463856826227,
    "robot-gripping(loaf-of-bread)": 0.09145769476890564,
    "robot-gripping(red-box-of-cereal)": 0.03651079745031893,
    "robot-gripping(red-can-of-soda)": 0.1167229920392856
}