{
    "on-table(milk-carton,wood-table)": 0.11039992522758742,
    "on-table(milk-carton,black-table)": 0.06976153779639087,
    "on-table(milk-carton,white-table)": 0.4311000198746721,
    "on-table(lemon,wood-table)": 0.053284809313481674,
    "on-table(lemon,black-table)": 0.032092138134999004,
    "on-table(lemon,white-table)": 0.5616249972566342,
    "on-table(green-bottle,wood-table)": 0.18004728213418275,
    "on-table(green-bottle,black-table)": 0.1842286009741656,
    "on-table(green-bottle,white-table)": 0.01753484466462396,
    "on-table(loaf-of-bread,wood-table)": 0.20258144314963525,
    "on-table(loaf-of-bread,black-table)": 0.010379253065517938,
    "on-table(loaf-of-bread,white-table)": 0.47809736248260987,
    "on-table(red-box-of-cereal,wood-table)": 0.1395116560064101,
    "on-table(red-box-of-cereal,black-table)": 0.020688659771773626,
    "on-table(red-box-of-cereal,white-table)": 0.8739924232165018,
    "on-table(red-can-of-soda,wood-table)": 0.20360138618464893,
    "on-table(red-can-of-soda,black-table)": 0.015112257008089122,
    "on-table(red-can-of-soda,white-table)": 0.9470295508702596,
    "robot-gripper-empty()": 0.45957193059924367,
    "robot-gripping(milk-carton)": 0.4910905236999194,
    "robot-gripping(lemon)": 0.14777310316761336,
    "robot-gripping(green-bottle)": 0.8260538540780544,
    "robot-gripping(loaf-of-bread)": 0.08915875378685693,
    "robot-gripping(red-box-of-cereal)": 0.04319783135482188,
    "robot-gripping(red-can-of-soda)": 0.28636785053337616
}