{
    "on-table(milk-carton,wood-table)": 0.7607965270678202,
    "on-table(milk-carton,black-table)": 0.05264475780131761,
    "on-table(milk-carton,white-table)": 0.20881919302337337,
    "on-table(lemon,wood-table)": 0.283181191519058,
    "on-table(lemon,black-table)": 0.2338688389422714,
    "on-table(lemon,white-table)": 0.6720860148780048,
    "on-table(green-bottle,wood-table)": 0.32713426706322934,
    "on-table(green-bottle,black-table)": 0.9982947707176208,
    "on-table(green-bottle,white-table)": 0.0020071943695256778,
    "on-table(loaf-of-bread,wood-table)": 0.35084997001104057,
    "on-table(loaf-of-bread,black-table)": 0.05662377738432648,
    "on-table(loaf-of-bread,white-table)": 0.4251145754630367,
    "on-table(red-box-of-cereal,wood-table)": 0.9872810145219167,
    "on-table(red-box-of-cereal,black-table)": 0.1672264666973812,
    "on-table(red-box-of-cereal,white-table)": 0.16966938122277497,
    "on-table(red-can-of-soda,wood-table)": 0.49955881049875944,
    "on-table(red-can-of-soda,black-table)": 0.0011230504480863601,
    "on-table(red-can-of-soda,white-table)": 0.8355118846520782,
    "robot-gripper-empty()": 0.9243376553058624,
    "robot-gripping(milk-carton)": 0.19661426482101282,
    "robot-gripping(lemon)": 0.030523314994449418,
    "robot-gripping(green-bottle)": 0.08106152453304578,
    "robot-gripping(loaf-of-bread)": 0.09774695786957939,
    "robot-gripping(red-box-of-cereal)": 0.10118156477498512,
    "robot-gripping(red-can-of-soda)": 0.08809027696649234
}