{
    "on-table(milk-carton,wood-table)": 0.1436145685147494,
    "on-table(milk-carton,black-table)": 0.590206129476428,
    "on-table(milk-carton,white-table)": 0.2782542163040489,
    "on-table(lemon,wood-table)": 0.6042562192305923,
    "on-table(lemon,black-table)": 0.17202392732724547,
    "on-table(lemon,white-table)": 0.0029527236983994953,
    "on-table(green-bottle,wood-table)": 0.735519831844916,
    "on-table(green-bottle,black-table)": 0.02410096586445813,
    "on-table(green-bottle,white-table)": 0.0017638709961526426,
    "on-table(loaf-of-bread,wood-table)": 0.053843184878739216,
    "on-table(loaf-of-bread,black-table)": 0.02207663593192895,
    "on-table(loaf-of-bread,white-table)": 0.22364906457369216,
    "on-table(red-box-of-cereal,wood-table)": 0.16205818710053185,
    "on-table(red-box-of-cereal,black-table)": 0.0004083985683488815,
    "on-table(red-box-of-cereal,white-table)": 0.8334354860708117,
    "on-table(red-can-of-soda,wood-table)": 0.15819496369234307,
    "on-table(red-can-of-soda,black-table)": 0.00036870714681451017,
    "on-table(red-can-of-soda,white-table)": 0.8334646393583777,
    "robot-gripper-empty()": 0.6013739307721456,
    "robot-gripping(milk-carton)": 0.5039375486473242,
    "robot-gripping(lemon)": 0.18477943229178587,
    "robot-gripping(green-bottle)": 0.234969382872805,
    "robot-gripping(loaf-of-bread)": 0.17217285558581352,
    "robot-gripping(red-box-of-cereal)": 0.2371784079975138,
    "robot-gripping(red-can-of-soda)": 0.3220506491294752
}