{
    "on-table(milk-carton,wood-table)": 0.8438109258810679,
    "on-table(milk-carton,black-table)": 0.15879411066528823,
    "on-table(milk-carton,white-table)": 0.19168610775219955,
    "on-table(lemon,wood-table)": 0.811825397113959,
    "on-table(lemon,black-table)": 0.21608067856383664,
    "on-table(lemon,white-table)": 0.13019834272684724,
    "on-table(green-bottle,wood-table)": 0.9212820132573446,
    "on-table(green-bottle,black-table)": 0.24389550570869764,
    "on-table(green-bottle,white-table)": 0.05967630895209671,
    "on-table(loaf-of-bread,wood-table)": 0.4737418858955304,
    "on-table(loaf-of-bread,black-table)": 0.05979842845893776,
    "on-table(loaf-of-bread,white-table)": 0.22203352312014127,
    "on-table(red-box-of-cereal,wood-table)": 0.35131060268516495,
    "on-table(red-box-of-cereal,black-table)": 0.1681717148021562,
    "on-table(red-box-of-cereal,white-table)": 0.23971472630303955,
    "on-table(red-can-of-soda,wood-table)": 0.9969789087772369,
    "on-table(red-can-of-soda,black-table)": 0.3280245651227081,
    "on-table(red-can-of-soda,white-table)": 0.14555698233599892,
    "robot-gripper-empty()": 0.833331057180961,
    "robot-gripping(milk-carton)": 0.1519960705190897,
    "robot-gripping(lemon)": 0.21379655196021,
    "robot-gripping(green-bottle)": 0.158178785815835,
    "robot-gripping(loaf-of-bread)": 0.14604460261762142,
    "robot-gripping(red-box-of-cereal)": 0.026988217141479254,
    "robot-gripping(red-can-of-soda)": 0.1351199347215394
}