{
    "on-table(milk-carton,wood-table)": 0.16908817942991541,
    "on-table(milk-carton,black-table)": 0.19235196343712838,
    "on-table(milk-carton,white-table)": 0.7036418989300728,
    "on-table(lemon,wood-table)": 0.33304449208177783,
    "on-table(lemon,black-table)": 0.0006845758146027947,
    "on-table(lemon,white-table)": 0.8405416378130516,
    "on-table(green-bottle,wood-table)": 0.991535613934199,
    "on-table(green-bottle,black-table)": 0.33139366039550094,
    "on-table(green-bottle,white-table)": 0.0691678870157375,
    "on-table(loaf-of-bread,wood-table)": 0.18371783150359988,
    "on-table(loaf-of-bread,black-table)": 0.2753192070716371,
    "on-table(loaf-of-bread,white-table)": 0.7042783865084251,
    "on-table(red-box-of-cereal,wood-table)": 0.18976841781598827,
    "on-table(red-box-of-cereal,black-table)": 0.7801018257935842,
    "on-table(red-box-of-cereal,white-table)": 0.30678967046211864,
    "on-table(red-can-of-soda,wood-table)": 0.16124319102770338,
    "on-table(red-can-of-soda,black-table)": 0.15142880438361317,
    "on-table(red-can-of-soda,white-table)": 0.8326711232463518,
    "robot-gripper-empty()": 0.792643524085482,
    "robot-gripping(milk-carton)": 0.2529975324869156,
    "robot-gripping(lemon)": 0.07723160941774647,
    "robot-gripping(green-bottle)": 0.16966166789643466,
    "robot-gripping(loaf-of-bread)": 0.24402512904877463,
    "robot-gripping(red-box-of-cereal)": 0.1959769445238635,
    "robot-gripping(red-can-of-soda)": 0.2802596394903958
}