{
    "on-table(milk-carton,wood-table)": 0.5734141779442629,
    "on-table(milk-carton,black-table)": 0.18745193107088198,
    "on-table(milk-carton,white-table)": 0.07703012290615636,
    "on-table(lemon,wood-table)": 0.3117188537095596,
    "on-table(lemon,black-table)": 0.002352984692758279,
    "on-table(lemon,white-table)": 0.9667284687360128,
    "on-table(green-bottle,wood-table)": 0.16464716280946354,
    "on-table(green-bottle,black-table)": 0.828636163768048,
    "on-table(green-bottle,white-table)": 0.004301990362516032,
    "on-table(loaf-of-bread,wood-table)": 0.48936454858630896,
    "on-table(loaf-of-bread,black-table)": 0.002526556023970746,
    "on-table(loaf-of-bread,white-table)": 0.025889479480535254,
    "on-table(red-box-of-cereal,wood-table)": 0.1306973846318821,
    "on-table(red-box-of-cereal,black-table)": 0.012790162640158087,
    "on-table(red-box-of-cereal,white-table)": 0.05739003348935512,
    "on-table(red-can-of-soda,wood-table)": 0.16738459928577262,
    "on-table(red-can-of-soda,black-table)": 0.7028790882322937,
    "on-table(red-can-of-soda,white-table)": 0.011731389837147313,
    "robot-gripper-empty()": 0.9354937970638275,
    "robot-gripping(milk-carton)": 0.17064056855936846,
    "robot-gripping(lemon)": 0.10130344205147897,
    "robot-gripping(green-bottle)": 0.15957350931906453,
    "robot-gripping(loaf-of-bread)": 0.1240246983167405,
    "robot-gripping(red-box-of-cereal)": 0.04355238672966758,
    "robot-gripping(red-can-of-soda)": 0.1901882274542004
}