{
    "on-table(milk-carton,wood-table)": 0.23689674551133066,
    "on-table(milk-carton,black-table)": 0.03252281372018236,
    "on-table(milk-carton,white-table)": 0.8802308340867361,
    "on-table(lemon,wood-table)": 0.13774879877261506,
    "on-table(lemon,black-table)": 0.836297015969952,
    "on-table(lemon,white-table)": 0.033912477635567484,
    "on-table(green-bottle,wood-table)": 0.16717981716889577,
    "on-table(green-bottle,black-table)": 0.6713478221790865,
    "on-table(green-bottle,white-table)": 0.003439181063337552,
    "on-table(loaf-of-bread,wood-table)": 0.228365795686841,
    "on-table(loaf-of-bread,black-table)": 0.012618026909573624,
    "on-table(loaf-of-bread,white-table)": 0.24187954577306905,
    "on-table(red-box-of-cereal,wood-table)": 0.2040408645213271,
    "on-table(red-box-of-cereal,black-table)": 0.03691493977748905,
    "on-table(red-box-of-cereal,white-table)": 0.7810654801627,
    "on-table(red-can-of-soda,wood-table)": 0.1614187914916935,
    "on-table(red-can-of-soda,black-table)": 0.7681612938273853,
    "on-table(red-can-of-soda,white-table)": 0.3811735572962789,
    "robot-gripper-empty()": 0.97701828678449,
    "robot-gripping(milk-carton)": 0.12727114961793026,
    "robot-gripping(lemon)": 0.03852955081189672,
    "robot-gripping(green-bottle)": 0.04661100326726834,
    "robot-gripping(loaf-of-bread)": 0.06550053662310044,
    "robot-gripping(red-box-of-cereal)": 0.07225593567515413,
    "robot-gripping(red-can-of-soda)": 0.15561056144845983
}