{
    "on-table(milk-carton,wood-table)": 0.43219271767884493,
    "on-table(milk-carton,black-table)": 0.1439353019425956,
    "on-table(milk-carton,white-table)": 0.5154614572723707,
    "on-table(lemon,wood-table)": 0.07744985870279682,
    "on-table(lemon,black-table)": 0.1846735478999714,
    "on-table(lemon,white-table)": 0.015218530859177312,
    "on-table(green-bottle,wood-table)": 0.0020209671110933414,
    "on-table(green-bottle,black-table)": 0.01290586660252302,
    "on-table(green-bottle,white-table)": 0.0003425603702756537,
    "on-table(loaf-of-bread,wood-table)": 0.685851181546847,
    "on-table(loaf-of-bread,black-table)": 0.1546591032674769,
    "on-table(loaf-of-bread,white-table)": 0.2624667728474985,
    "on-table(red-box-of-cereal,wood-table)": 0.49841521068204503,
    "on-table(red-box-of-cereal,black-table)": 0.12898290430287793,
    "on-table(red-box-of-cereal,white-table)": 0.8265464150657257,
    "on-table(red-can-of-soda,wood-table)": 0.999180018901825,
    "on-table(red-can-of-soda,black-table)": 0.14404755714463136,
    "on-table(red-can-of-soda,white-table)": 0.32917171466021955,
    "robot-gripper-empty()": 0.8603731493155161,
    "robot-gripping(milk-carton)": 0.22562557583053908,
    "robot-gripping(lemon)": 0.27956784640749294,
    "robot-gripping(green-bottle)": 0.0717212952367845,
    "robot-gripping(loaf-of-bread)": 0.08272289826224248,
    "robot-gripping(red-box-of-cereal)": 0.0873402296177422,
    "robot-gripping(red-can-of-soda)": 0.21034486987628043
}