{
    "on-table(milk-carton,wood-table)": 0.18659196452548107,
    "on-table(milk-carton,black-table)": 0.011461784054214755,
    "on-table(milk-carton,white-table)": 0.7355553930004438,
    "on-table(lemon,wood-table)": 0.6731213955208659,
    "on-table(lemon,black-table)": 0.16691539390601898,
    "on-table(lemon,white-table)": 0.009177228465584145,
    "on-table(green-bottle,wood-table)": 0.17260995255492162,
    "on-table(green-bottle,black-table)": 0.1732770290461,
    "on-table(green-bottle,white-table)": 0.0034471661838324508,
    "on-table(loaf-of-bread,wood-table)": 0.16395132332885018,
    "on-table(loaf-of-bread,black-table)": 0.03368263202961922,
    "on-table(loaf-of-bread,white-table)": 0.6195735223591328,
    "on-table(red-box-of-cereal,wood-table)": 0.16464320242327327,
    "on-table(red-box-of-cereal,black-table)": 0.013250716536276741,
    "on-table(red-box-of-cereal,white-table)": 0.8530603175361952,
    "on-table(red-can-of-soda,wood-table)": 0.09346292744642899,
    "on-table(red-can-of-soda,black-table)": 0.8226283645271906,
    "on-table(red-can-of-soda,white-table)": 0.19523090351746455,
    "robot-gripper-empty()": 0.3310467596941938,
    "robot-gripping(milk-carton)": 0.4495706884966542,
    "robot-gripping(lemon)": 0.2726443081628531,
    "robot-gripping(green-bottle)": 0.7722792175288001,
    "robot-gripping(loaf-of-bread)": 0.04209005293281128,
    "robot-gripping(red-box-of-cereal)": 0.015153225973335793,
    "robot-gripping(red-can-of-soda)": 0.11089448684166807
}