{
    "on-table(milk-carton,wood-table)": 0.32863773721813533,
    "on-table(milk-carton,black-table)": 0.6749413760068516,
    "on-table(milk-carton,white-table)": 0.044528866683018954,
    "on-table(lemon,wood-table)": 0.06595595475907128,
    "on-table(lemon,black-table)": 0.009843464319904646,
    "on-table(lemon,white-table)": 0.038440220251989864,
    "on-table(green-bottle,wood-table)": 0.16755853061719486,
    "on-table(green-bottle,black-table)": 0.0019347085082775568,
    "on-table(green-bottle,white-table)": 0.8361939825117588,
    "on-table(loaf-of-bread,wood-table)": 0.4699443042627536,
    "on-table(loaf-of-bread,black-table)": 0.00318673949125999,
    "on-table(loaf-of-bread,white-table)": 0.5742628107157847,
    "on-table(red-box-of-cereal,wood-table)": 0.17037748317792042,
    "on-table(red-box-of-cereal,black-table)": 0.022775300969745633,
    "on-table(red-box-of-cereal,white-table)": 0.9204039374987284,
    "on-table(red-can-of-soda,wood-table)": 0.21652791096130386,
    "on-table(red-can-of-soda,black-table)": 0.03319930798776719,
    "on-table(red-can-of-soda,white-table)": 0.6789849620993967,
    "robot-gripper-empty()": 0.9642174045244852,
    "robot-gripping(milk-carton)": 0.09489346916476886,
    "robot-gripping(lemon)": 0.03998733055777848,
    "robot-gripping(green-bottle)": 0.009094321663724259,
    "robot-gripping(loaf-of-bread)": 0.07607212274645765,
    "robot-gripping(red-box-of-cereal)": 0.03132635721703991,
    "robot-gripping(red-can-of-soda)": 0.12180225853808224
}