{
    "on-table(milk-carton,wood-table)": 0.4351534570256869,
    "on-table(milk-carton,black-table)": 0.5513187646865845,
    "on-table(milk-carton,white-table)": 0.04135931970085949,
    "on-table(lemon,wood-table)": 0.019865648874353308,
    "on-table(lemon,black-table)": 0.6669713041046634,
    "on-table(lemon,white-table)": 0.025078600280266983,
    "on-table(green-bottle,wood-table)": 0.16809811882073214,
    "on-table(green-bottle,black-table)": 0.00021364416397773311,
    "on-table(green-bottle,white-table)": 0.8335247818225374,
    "on-table(loaf-of-bread,wood-table)": 0.6167981227238973,
    "on-table(loaf-of-bread,black-table)": 0.2620196363714058,
    "on-table(loaf-of-bread,white-table)": 0.0560326690359337,
    "on-table(red-box-of-cereal,wood-table)": 0.3216915310670932,
    "on-table(red-box-of-cereal,black-table)": 0.777160806581378,
    "on-table(red-box-of-cereal,white-table)": 0.012340308232523967,
    "on-table(red-can-of-soda,wood-table)": 0.8906710892915726,
    "on-table(red-can-of-soda,black-table)": 0.34379289820390113,
    "on-table(red-can-of-soda,white-table)": 0.02002082287939781,
    "robot-gripper-empty()": 0.9749015867710114,
    "robot-gripping(milk-carton)": 0.14325384981930256,
    "robot-gripping(lemon)": 0.04070947167929262,
    "robot-gripping(green-bottle)": 0.012725135311484337,
    "robot-gripping(loaf-of-bread)": 0.0794342669347922,
    "robot-gripping(red-box-of-cereal)": 0.08116235964310665,
    "robot-gripping(red-can-of-soda)": 0.0646793448055784
}