{
    "on-table(milk-carton,wood-table)": 0.5637180762811719,
    "on-table(milk-carton,black-table)": 0.5522089164393643,
    "on-table(milk-carton,white-table)": 0.1627127148967702,
    "on-table(lemon,wood-table)": 0.99569371342659,
    "on-table(lemon,black-table)": 0.32054005426622706,
    "on-table(lemon,white-table)": 0.1386324188135101,
    "on-table(green-bottle,wood-table)": 0.17420253076124936,
    "on-table(green-bottle,black-table)": 0.17220592621439815,
    "on-table(green-bottle,white-table)": 0.0008161249382586296,
    "on-table(loaf-of-bread,wood-table)": 0.733618400990963,
    "on-table(loaf-of-bread,black-table)": 0.11996003911675264,
    "on-table(loaf-of-bread,white-table)": 0.16353686663448266,
    "on-table(red-box-of-cereal,wood-table)": 0.686772532761097,
    "on-table(red-box-of-cereal,black-table)": 0.04855034410275039,
    "on-table(red-box-of-cereal,white-table)": 0.0309659665426049,
    "on-table(red-can-of-soda,wood-table)": 0.8494310403863589,
    "on-table(red-can-of-soda,black-table)": 0.18432030553738818,
    "on-table(red-can-of-soda,white-table)": 0.020627659327374204,
    "robot-gripper-empty()": 0.3441020908455054,
    "robot-gripping(milk-carton)": 0.14945666740338007,
    "robot-gripping(lemon)": 0.04018429088561485,
    "robot-gripping(green-bottle)": 0.7351255233710011,
    "robot-gripping(loaf-of-bread)": 0.05681516253389418,
    "robot-gripping(red-box-of-cereal)": 0.04257930727908388,
    "robot-gripping(red-can-of-soda)": 0.07674845740257297
}