{
    "on-table(milk-carton,wood-table)": 0.17366386340775838,
    "on-table(milk-carton,black-table)": 0.46664329587171477,
    "on-table(milk-carton,white-table)": 0.3810227500489418,
    "on-table(lemon,wood-table)": 0.8441562739511331,
    "on-table(lemon,black-table)": 0.20263773887574152,
    "on-table(lemon,white-table)": 0.006119415489896103,
    "on-table(green-bottle,wood-table)": 0.33189384259458166,
    "on-table(green-bottle,black-table)": 0.9940662384033203,
    "on-table(green-bottle,white-table)": 0.04669554366372116,
    "on-table(loaf-of-bread,wood-table)": 0.2580018531686316,
    "on-table(loaf-of-bread,black-table)": 0.15216758077925382,
    "on-table(loaf-of-bread,white-table)": 0.1822555373655632,
    "on-table(red-box-of-cereal,wood-table)": 0.019924978250249598,
    "on-table(red-box-of-cereal,black-table)": 0.008579554149036994,
    "on-table(red-box-of-cereal,white-table)": 0.8643848399321238,
    "on-table(red-can-of-soda,wood-table)": 0.09326617743014746,
    "on-table(red-can-of-soda,black-table)": 0.03497178456003288,
    "on-table(red-can-of-soda,white-table)": 0.999466747045517,
    "robot-gripper-empty()": 0.7824691434701284,
    "robot-gripping(milk-carton)": 0.48938047389189404,
    "robot-gripping(lemon)": 0.1428256689881285,
    "robot-gripping(green-bottle)": 0.22155450160304704,
    "robot-gripping(loaf-of-bread)": 0.2480876725167036,
    "robot-gripping(red-box-of-cereal)": 0.21176700294017792,
    "robot-gripping(red-can-of-soda)": 0.24996772160132727
}