{
    "on-table(milk-carton,wood-table)": 0.45277486751244095,
    "on-table(milk-carton,black-table)": 0.017510904326627497,
    "on-table(milk-carton,white-table)": 0.7177119155724844,
    "on-table(lemon,wood-table)": 0.15177017336100107,
    "on-table(lemon,black-table)": 0.8347868494068583,
    "on-table(lemon,white-table)": 0.048923362079828316,
    "on-table(green-bottle,wood-table)": 0.16701278391822902,
    "on-table(green-bottle,black-table)": 0.833507169658939,
    "on-table(green-bottle,white-table)": 0.0008699358179455885,
    "on-table(loaf-of-bread,wood-table)": 0.16461257450282574,
    "on-table(loaf-of-bread,black-table)": 0.0034363312491526208,
    "on-table(loaf-of-bread,white-table)": 0.8155585502584776,
    "on-table(red-box-of-cereal,wood-table)": 0.9931283096472422,
    "on-table(red-box-of-cereal,black-table)": 0.30906843845491494,
    "on-table(red-box-of-cereal,white-table)": 0.06450924080960856,
    "on-table(red-can-of-soda,wood-table)": 0.9991727073987325,
    "on-table(red-can-of-soda,black-table)": 0.3385660178908741,
    "on-table(red-can-of-soda,white-table)": 0.01355719078499836,
    "robot-gripper-empty()": 0.8651043673356374,
    "robot-gripping(milk-carton)": 0.1822884020706018,
    "robot-gripping(lemon)": 0.0586535243007044,
    "robot-gripping(green-bottle)": 0.04923824605066329,
    "robot-gripping(loaf-of-bread)": 0.1229841763464113,
    "robot-gripping(red-box-of-cereal)": 0.18833597446791828,
    "robot-gripping(red-can-of-soda)": 0.2084089534667631
}