{
    "on-table(milk-carton,wood-table)": 0.5409164432591448,
    "on-table(milk-carton,black-table)": 0.5508246445776118,
    "on-table(milk-carton,white-table)": 0.01112880186944191,
    "on-table(lemon,wood-table)": 0.1687876887153834,
    "on-table(lemon,black-table)": 0.0037448485685824076,
    "on-table(lemon,white-table)": 0.8389698782314857,
    "on-table(green-bottle,wood-table)": 0.1633337131885734,
    "on-table(green-bottle,black-table)": 0.0016804614424851632,
    "on-table(green-bottle,white-table)": 0.836518805163602,
    "on-table(loaf-of-bread,wood-table)": 0.38088459769884747,
    "on-table(loaf-of-bread,black-table)": 0.8694869081179301,
    "on-table(loaf-of-bread,white-table)": 0.02131091509363614,
    "on-table(red-box-of-cereal,wood-table)": 0.32755668295673485,
    "on-table(red-box-of-cereal,black-table)": 0.9788139164447784,
    "on-table(red-box-of-cereal,white-table)": 0.010439519838352377,
    "on-table(red-can-of-soda,wood-table)": 0.1917889341711998,
    "on-table(red-can-of-soda,black-table)": 0.7941729128360748,
    "on-table(red-can-of-soda,white-table)": 0.002157756647648057,
    "robot-gripper-empty()": 0.8906002839406332,
    "robot-gripping(milk-carton)": 0.34588903064529103,
    "robot-gripping(lemon)": 0.02073839772492647,
    "robot-gripping(green-bottle)": 0.02696397070152064,
    "robot-gripping(loaf-of-bread)": 0.15280016449590525,
    "robot-gripping(red-box-of-cereal)": 0.23485525293896595,
    "robot-gripping(red-can-of-soda)": 0.5178228579461575
}