{
    "on-table(milk-carton,wood-table)": 0.7337821846206983,
    "on-table(milk-carton,black-table)": 0.309661747993232,
    "on-table(milk-carton,white-table)": 0.10362970730056986,
    "on-table(lemon,wood-table)": 0.24306084668084318,
    "on-table(lemon,black-table)": 0.9650089939435323,
    "on-table(lemon,white-table)": 0.0004087069858845401,
    "on-table(green-bottle,wood-table)": 0.28461906813511934,
    "on-table(green-bottle,black-table)": 0.9203379054864248,
    "on-table(green-bottle,white-table)": 0.10736309559608041,
    "on-table(loaf-of-bread,wood-table)": 0.17808236363634933,
    "on-table(loaf-of-bread,black-table)": 0.5969243822619319,
    "on-table(loaf-of-bread,white-table)": 0.18188181618340118,
    "on-table(red-box-of-cereal,wood-table)": 0.11910326023037972,
    "on-table(red-box-of-cereal,black-table)": 0.0027948258314912286,
    "on-table(red-box-of-cereal,white-table)": 0.8238183800131083,
    "on-table(red-can-of-soda,wood-table)": 0.14494733561514295,
    "on-table(red-can-of-soda,black-table)": 0.005185031131077267,
    "on-table(red-can-of-soda,white-table)": 0.9058779527743658,
    "robot-gripper-empty()": 0.8494664827982584,
    "robot-gripping(milk-carton)": 0.2919802361478408,
    "robot-gripping(lemon)": 0.0753313916308495,
    "robot-gripping(green-bottle)": 0.22283184836851433,
    "robot-gripping(loaf-of-bread)": 0.13381062292804322,
    "robot-gripping(red-box-of-cereal)": 0.0691795254436632,
    "robot-gripping(red-can-of-soda)": 0.15070614750341824
}