{
    "on-table(milk-carton,wood-table)": 0.35025963575268787,
    "on-table(milk-carton,black-table)": 0.0116275855495284,
    "on-table(milk-carton,white-table)": 0.34118179361151607,
    "on-table(lemon,wood-table)": 0.22366798335375884,
    "on-table(lemon,black-table)": 0.026525465601783555,
    "on-table(lemon,white-table)": 0.07290935771015938,
    "on-table(green-bottle,wood-table)": 0.8338844104049107,
    "on-table(green-bottle,black-table)": 0.16789903280869112,
    "on-table(green-bottle,white-table)": 0.003083366590355278,
    "on-table(loaf-of-bread,wood-table)": 0.06280951407582809,
    "on-table(loaf-of-bread,black-table)": 0.0034179935416129106,
    "on-table(loaf-of-bread,white-table)": 0.21351431474128427,
    "on-table(red-box-of-cereal,wood-table)": 0.1331620849474954,
    "on-table(red-box-of-cereal,black-table)": 0.0005957347651322683,
    "on-table(red-box-of-cereal,white-table)": 0.33399871590760694,
    "on-table(red-can-of-soda,wood-table)": 0.16888790363494385,
    "on-table(red-can-of-soda,black-table)": 0.013222348951785534,
    "on-table(red-can-of-soda,white-table)": 0.8353884965181351,
    "robot-gripper-empty()": 0.8872048854827881,
    "robot-gripping(milk-carton)": 0.18534162640571594,
    "robot-gripping(lemon)": 0.09445554204285145,
    "robot-gripping(green-bottle)": 0.17960068412745991,
    "robot-gripping(loaf-of-bread)": 0.07368674715204786,
    "robot-gripping(red-box-of-cereal)": 0.034569576052793614,
    "robot-gripping(red-can-of-soda)": 0.15957344536824772
}