{
    "on-table(milk-carton,wood-table)": 0.8116445243358612,
    "on-table(milk-carton,black-table)": 0.16607004695833893,
    "on-table(milk-carton,white-table)": 0.19232792552793398,
    "on-table(lemon,wood-table)": 0.1814937077627595,
    "on-table(lemon,black-table)": 0.9498052795728048,
    "on-table(lemon,white-table)": 0.0013210902924735517,
    "on-table(green-bottle,wood-table)": 0.30026125433141715,
    "on-table(green-bottle,black-table)": 0.8867825865745544,
    "on-table(green-bottle,white-table)": 0.09870461946911746,
    "on-table(loaf-of-bread,wood-table)": 0.222506962735982,
    "on-table(loaf-of-bread,black-table)": 0.1753801342274528,
    "on-table(loaf-of-bread,white-table)": 0.2369182288336257,
    "on-table(red-box-of-cereal,wood-table)": 0.12358450374570869,
    "on-table(red-box-of-cereal,black-table)": 0.0017596018563684386,
    "on-table(red-box-of-cereal,white-table)": 0.8233936367711673,
    "on-table(red-can-of-soda,wood-table)": 0.16016391708581068,
    "on-table(red-can-of-soda,black-table)": 0.0029401827843382002,
    "on-table(red-can-of-soda,white-table)": 0.8603041172027588,
    "robot-gripper-empty()": 0.7561809619267782,
    "robot-gripping(milk-carton)": 0.41674520696202916,
    "robot-gripping(lemon)": 0.20962118295331797,
    "robot-gripping(green-bottle)": 0.2911363560706377,
    "robot-gripping(loaf-of-bread)": 0.18090475723147392,
    "robot-gripping(red-box-of-cereal)": 0.21542048236976066,
    "robot-gripping(red-can-of-soda)": 0.2599008387575547
}