{
    "on-table(milk-carton,wood-table)": 0.6680913244684538,
    "on-table(milk-carton,black-table)": 0.28022043224579346,
    "on-table(milk-carton,white-table)": 0.1652949430499575,
    "on-table(lemon,wood-table)": 0.3504296570705871,
    "on-table(lemon,black-table)": 0.286523268208839,
    "on-table(lemon,white-table)": 0.05248022195398031,
    "on-table(green-bottle,wood-table)": 0.6835972160721818,
    "on-table(green-bottle,black-table)": 0.16849366341076197,
    "on-table(green-bottle,white-table)": 0.002136803220158375,
    "on-table(loaf-of-bread,wood-table)": 0.571074616163969,
    "on-table(loaf-of-bread,black-table)": 0.11610070668393746,
    "on-table(loaf-of-bread,white-table)": 0.19031514881983944,
    "on-table(red-box-of-cereal,wood-table)": 0.3269774247892201,
    "on-table(red-box-of-cereal,black-table)": 0.8890365312496821,
    "on-table(red-box-of-cereal,white-table)": 0.22944133706429662,
    "on-table(red-can-of-soda,wood-table)": 0.31727151373100543,
    "on-table(red-can-of-soda,black-table)": 0.9698026776313782,
    "on-table(red-can-of-soda,white-table)": 0.14626206513351767,
    "robot-gripper-empty()": 0.9304872552553812,
    "robot-gripping(milk-carton)": 0.24314358147482076,
    "robot-gripping(lemon)": 0.336331728224953,
    "robot-gripping(green-bottle)": 0.1267709800352653,
    "robot-gripping(loaf-of-bread)": 0.11027856667836507,
    "robot-gripping(red-box-of-cereal)": 0.08973637068023284,
    "robot-gripping(red-can-of-soda)": 0.15586133735875288
}