{
    "on-table(milk-carton,wood-table)": 0.5166840173769742,
    "on-table(milk-carton,black-table)": 0.6048147379187867,
    "on-table(milk-carton,white-table)": 0.00563702055781808,
    "on-table(lemon,wood-table)": 0.13144482213344114,
    "on-table(lemon,black-table)": 0.0004495933522624303,
    "on-table(lemon,white-table)": 0.8317450971032182,
    "on-table(green-bottle,wood-table)": 0.1282255731736465,
    "on-table(green-bottle,black-table)": 0.0002589860800223202,
    "on-table(green-bottle,white-table)": 0.8335488536977209,
    "on-table(loaf-of-bread,wood-table)": 0.6087471271554629,
    "on-table(loaf-of-bread,black-table)": 0.18749831919558346,
    "on-table(loaf-of-bread,white-table)": 0.01508089950463424,
    "on-table(red-box-of-cereal,wood-table)": 0.9765476683775584,
    "on-table(red-box-of-cereal,black-table)": 0.3288321552578661,
    "on-table(red-box-of-cereal,white-table)": 0.00669007348778905,
    "on-table(red-can-of-soda,wood-table)": 0.4285642464722817,
    "on-table(red-can-of-soda,black-table)": 0.855080304046472,
    "on-table(red-can-of-soda,white-table)": 0.0024943249112160024,
    "robot-gripper-empty()": 0.9255206882953644,
    "robot-gripping(milk-carton)": 0.05805361891786257,
    "robot-gripping(lemon)": 0.06837148719932884,
    "robot-gripping(green-bottle)": 0.00770079146604985,
    "robot-gripping(loaf-of-bread)": 0.14365355049570402,
    "robot-gripping(red-box-of-cereal)": 0.16541292533899346,
    "robot-gripping(red-can-of-soda)": 0.1386099581917127
}