{
    "on-table(milk-carton,wood-table)": 0.15955535013442082,
    "on-table(milk-carton,black-table)": 0.02744106463251228,
    "on-table(milk-carton,white-table)": 0.8587880382935206,
    "on-table(lemon,wood-table)": 0.0032590088400562913,
    "on-table(lemon,black-table)": 0.10719556536787422,
    "on-table(lemon,white-table)": 0.007319319944751139,
    "on-table(green-bottle,wood-table)": 0.26882035117402364,
    "on-table(green-bottle,black-table)": 0.9705601731936137,
    "on-table(green-bottle,white-table)": 0.01082451709983919,
    "on-table(loaf-of-bread,wood-table)": 0.3833720361193021,
    "on-table(loaf-of-bread,black-table)": 0.3411628434744974,
    "on-table(loaf-of-bread,white-table)": 0.16640477705126008,
    "on-table(red-box-of-cereal,wood-table)": 0.24777072217936316,
    "on-table(red-box-of-cereal,black-table)": 0.6842089295387268,
    "on-table(red-box-of-cereal,white-table)": 0.025261513563843135,
    "on-table(red-can-of-soda,wood-table)": 0.09882966294632449,
    "on-table(red-can-of-soda,black-table)": 0.6705600445469221,
    "on-table(red-can-of-soda,white-table)": 0.02532881440932518,
    "robot-gripper-empty()": 0.7110323508580526,
    "robot-gripping(milk-carton)": 0.430022269487381,
    "robot-gripping(lemon)": 0.14899577790250382,
    "robot-gripping(green-bottle)": 0.1839862254758676,
    "robot-gripping(loaf-of-bread)": 0.2833732608705759,
    "robot-gripping(red-box-of-cereal)": 0.20120620913803577,
    "robot-gripping(red-can-of-soda)": 0.2759302717943986
}