{
    "on-table(milk-carton,wood-table)": 0.28112651283542317,
    "on-table(milk-carton,black-table)": 0.07558303171147902,
    "on-table(milk-carton,white-table)": 0.28536760558684665,
    "on-table(lemon,wood-table)": 0.2480712408820788,
    "on-table(lemon,black-table)": 0.04478831170126796,
    "on-table(lemon,white-table)": 0.20072846580296755,
    "on-table(green-bottle,wood-table)": 0.48814864627396065,
    "on-table(green-bottle,black-table)": 0.13767019801889546,
    "on-table(green-bottle,white-table)": 0.19035813286124417,
    "on-table(loaf-of-bread,wood-table)": 0.39721515992035467,
    "on-table(loaf-of-bread,black-table)": 0.10178381945782651,
    "on-table(loaf-of-bread,white-table)": 0.24224266122716168,
    "on-table(red-box-of-cereal,wood-table)": 0.09867742448113859,
    "on-table(red-box-of-cereal,black-table)": 0.0280096023658795,
    "on-table(red-box-of-cereal,white-table)": 0.1399670188645056,
    "on-table(red-can-of-soda,wood-table)": 0.07434888795251027,
    "on-table(red-can-of-soda,black-table)": 0.1684622671843196,
    "on-table(red-can-of-soda,white-table)": 0.3227131184927809,
    "robot-gripper-empty()": 0.956728607416153,
    "robot-gripping(milk-carton)": 0.3240580124159654,
    "robot-gripping(lemon)": 0.1346944055209557,
    "robot-gripping(green-bottle)": 0.15133340718845525,
    "robot-gripping(loaf-of-bread)": 0.14375601584712663,
    "robot-gripping(red-box-of-cereal)": 0.04967007848123709,
    "robot-gripping(red-can-of-soda)": 0.11538054545720418
}