{
    "on-table(milk-carton,wood-table)": 0.13177556723045805,
    "on-table(milk-carton,black-table)": 0.03862297847566273,
    "on-table(milk-carton,white-table)": 0.7982623086621364,
    "on-table(lemon,wood-table)": 0.028226580548410613,
    "on-table(lemon,black-table)": 0.024728804726692033,
    "on-table(lemon,white-table)": 0.04194824590498077,
    "on-table(green-bottle,wood-table)": 0.17278078558835355,
    "on-table(green-bottle,black-table)": 0.17197615248611933,
    "on-table(green-bottle,white-table)": 0.006776180194113597,
    "on-table(loaf-of-bread,wood-table)": 0.14743635046761483,
    "on-table(loaf-of-bread,black-table)": 0.11721037976288547,
    "on-table(loaf-of-bread,white-table)": 0.03292027205073585,
    "on-table(red-box-of-cereal,wood-table)": 0.012865481888487315,
    "on-table(red-box-of-cereal,black-table)": 0.03312079728857498,
    "on-table(red-box-of-cereal,white-table)": 0.0019383229652400284,
    "on-table(red-can-of-soda,wood-table)": 0.014068478504971912,
    "on-table(red-can-of-soda,black-table)": 0.029413903139660153,
    "on-table(red-can-of-soda,white-table)": 0.0009082438618861488,
    "robot-gripper-empty()": 0.2367584774522887,
    "robot-gripping(milk-carton)": 0.21290122795229158,
    "robot-gripping(lemon)": 0.5393014959990978,
    "robot-gripping(green-bottle)": 0.8276801981652776,
    "robot-gripping(loaf-of-bread)": 0.0980636920236672,
    "robot-gripping(red-box-of-cereal)": 0.027584698026961025,
    "robot-gripping(red-can-of-soda)": 0.10006100846415696
}