{
    "on-table(milk-carton,wood-table)": 0.2340399733899782,
    "on-table(milk-carton,black-table)": 0.011555210420434983,
    "on-table(milk-carton,white-table)": 0.8096950935820738,
    "on-table(lemon,wood-table)": 0.9898049235343933,
    "on-table(lemon,black-table)": 0.31568366423031574,
    "on-table(lemon,white-table)": 0.010311463141988497,
    "on-table(green-bottle,wood-table)": 0.017320668035608833,
    "on-table(green-bottle,black-table)": 0.0031556880491431607,
    "on-table(green-bottle,white-table)": 0.8365796295305093,
    "on-table(loaf-of-bread,wood-table)": 0.7356049989660581,
    "on-table(loaf-of-bread,black-table)": 0.3182844134280458,
    "on-table(loaf-of-bread,white-table)": 0.03568418981740251,
    "on-table(red-box-of-cereal,wood-table)": 0.025242958470092464,
    "on-table(red-box-of-cereal,black-table)": 0.019144758306841442,
    "on-table(red-box-of-cereal,white-table)": 0.5508129181495557,
    "on-table(red-can-of-soda,wood-table)": 0.19416224897334664,
    "on-table(red-can-of-soda,black-table)": 0.019966808295672916,
    "on-table(red-can-of-soda,white-table)": 0.6233112450378636,
    "robot-gripper-empty()": 0.8962483803431193,
    "robot-gripping(milk-carton)": 0.17857818181316057,
    "robot-gripping(lemon)": 0.11715687966595094,
    "robot-gripping(green-bottle)": 0.035699512964735426,
    "robot-gripping(loaf-of-bread)": 0.14310512195030847,
    "robot-gripping(red-box-of-cereal)": 0.2751069381677856,
    "robot-gripping(red-can-of-soda)": 0.4670058119421204
}