{
    "on-table(milk-carton,wood-table)": 0.7858577618996302,
    "on-table(milk-carton,black-table)": 0.12743306415116726,
    "on-table(milk-carton,white-table)": 0.16253617491020123,
    "on-table(lemon,wood-table)": 0.09451563103993976,
    "on-table(lemon,black-table)": 0.08968167075787885,
    "on-table(lemon,white-table)": 0.07865247455326123,
    "on-table(green-bottle,wood-table)": 0.1639750961573251,
    "on-table(green-bottle,black-table)": 0.792027301620692,
    "on-table(green-bottle,white-table)": 0.008611376817952987,
    "on-table(loaf-of-bread,wood-table)": 0.4813594253112872,
    "on-table(loaf-of-bread,black-table)": 0.020427775098748196,
    "on-table(loaf-of-bread,white-table)": 0.18237723160079136,
    "on-table(red-box-of-cereal,wood-table)": 0.9923606912295023,
    "on-table(red-box-of-cereal,black-table)": 0.3315912146984677,
    "on-table(red-box-of-cereal,white-table)": 0.18140563338359547,
    "on-table(red-can-of-soda,wood-table)": 0.5335548026293205,
    "on-table(red-can-of-soda,black-table)": 0.6753834142582491,
    "on-table(red-can-of-soda,white-table)": 0.039227934340184824,
    "robot-gripper-empty()": 0.9726581374804179,
    "robot-gripping(milk-carton)": 0.3154146286348502,
    "robot-gripping(lemon)": 0.06002464300642411,
    "robot-gripping(green-bottle)": 0.03275054219799737,
    "robot-gripping(loaf-of-bread)": 0.11656882148236036,
    "robot-gripping(red-box-of-cereal)": 0.059246712985138096,
    "robot-gripping(red-can-of-soda)": 0.09260484389960766
}