{
    "on-table(milk-carton,wood-table)": 0.28416158972928923,
    "on-table(milk-carton,black-table)": 0.05048896263663968,
    "on-table(milk-carton,white-table)": 0.5963624821354946,
    "on-table(lemon,wood-table)": 0.026345255707080167,
    "on-table(lemon,black-table)": 0.810067526375254,
    "on-table(lemon,white-table)": 0.0071988283672605275,
    "on-table(green-bottle,wood-table)": 0.15201230948635688,
    "on-table(green-bottle,black-table)": 0.7320629435707815,
    "on-table(green-bottle,white-table)": 0.0034018833154429253,
    "on-table(loaf-of-bread,wood-table)": 0.31709480844438076,
    "on-table(loaf-of-bread,black-table)": 0.09082832653075457,
    "on-table(loaf-of-bread,white-table)": 0.36209764490680146,
    "on-table(red-box-of-cereal,wood-table)": 0.10898896816070192,
    "on-table(red-box-of-cereal,black-table)": 0.009724366753895689,
    "on-table(red-box-of-cereal,white-table)": 0.8470779433846474,
    "on-table(red-can-of-soda,wood-table)": 0.1726245875664366,
    "on-table(red-can-of-soda,black-table)": 0.01520588389924645,
    "on-table(red-can-of-soda,white-table)": 0.9885554512341818,
    "robot-gripper-empty()": 0.8236240794261297,
    "robot-gripping(milk-carton)": 0.16766269970685244,
    "robot-gripping(lemon)": 0.053179885260760784,
    "robot-gripping(green-bottle)": 0.17072664348719022,
    "robot-gripping(loaf-of-bread)": 0.10333135879288118,
    "robot-gripping(red-box-of-cereal)": 0.0829485843423754,
    "robot-gripping(red-can-of-soda)": 0.1518161043835183
}