{
    "on-table(milk-carton,wood-table)": 0.15999742356749871,
    "on-table(milk-carton,black-table)": 0.49558583678056795,
    "on-table(milk-carton,white-table)": 0.597288289728264,
    "on-table(lemon,wood-table)": 0.18401444367676353,
    "on-table(lemon,black-table)": 0.005015469125207043,
    "on-table(lemon,white-table)": 0.9770901997884115,
    "on-table(green-bottle,wood-table)": 0.16232139612960358,
    "on-table(green-bottle,black-table)": 0.7127986042566287,
    "on-table(green-bottle,white-table)": 0.0032887147811682857,
    "on-table(loaf-of-bread,wood-table)": 0.21821102381606275,
    "on-table(loaf-of-bread,black-table)": 0.047251361752084144,
    "on-table(loaf-of-bread,white-table)": 0.64249710769703,
    "on-table(red-box-of-cereal,wood-table)": 0.4729085078870412,
    "on-table(red-box-of-cereal,black-table)": 0.006989224106897988,
    "on-table(red-box-of-cereal,white-table)": 0.8538178528348604,
    "on-table(red-can-of-soda,wood-table)": 0.9954045613606771,
    "on-table(red-can-of-soda,black-table)": 0.16732589113811022,
    "on-table(red-can-of-soda,white-table)": 0.17285635078921283,
    "robot-gripper-empty()": 0.9146217306454977,
    "robot-gripping(milk-carton)": 0.1727651193117102,
    "robot-gripping(lemon)": 0.0732682856420676,
    "robot-gripping(green-bottle)": 0.10613050071212153,
    "robot-gripping(loaf-of-bread)": 0.1176566923968494,
    "robot-gripping(red-box-of-cereal)": 0.1340790469548665,
    "robot-gripping(red-can-of-soda)": 0.20127827596540251
}