{
    "on-table(milk-carton,wood-table)": 0.1696869378113964,
    "on-table(milk-carton,black-table)": 0.7272454875831803,
    "on-table(milk-carton,white-table)": 0.0062080934646170744,
    "on-table(lemon,wood-table)": 0.0047423204814549536,
    "on-table(lemon,black-table)": 0.012372005342816314,
    "on-table(lemon,white-table)": 0.0048632859155380475,
    "on-table(green-bottle,wood-table)": 0.1668386654710048,
    "on-table(green-bottle,black-table)": 0.00042809602988806245,
    "on-table(green-bottle,white-table)": 0.8335821693957163,
    "on-table(loaf-of-bread,wood-table)": 0.044136099507644154,
    "on-table(loaf-of-bread,black-table)": 0.46366482437588274,
    "on-table(loaf-of-bread,white-table)": 0.005502482022469242,
    "on-table(red-box-of-cereal,wood-table)": 0.15500732883810997,
    "on-table(red-box-of-cereal,black-table)": 0.7306181409706672,
    "on-table(red-box-of-cereal,white-table)": 0.04458289017687397,
    "on-table(red-can-of-soda,wood-table)": 0.9710311392943064,
    "on-table(red-can-of-soda,black-table)": 0.3284839055395423,
    "on-table(red-can-of-soda,white-table)": 0.013514901737759525,
    "robot-gripper-empty()": 0.8400851239760717,
    "robot-gripping(milk-carton)": 0.11197384477903445,
    "robot-gripping(lemon)": 0.030625896528363228,
    "robot-gripping(green-bottle)": 0.0031421566527569667,
    "robot-gripping(loaf-of-bread)": 0.09525466260189812,
    "robot-gripping(red-box-of-cereal)": 0.11282320565078408,
    "robot-gripping(red-can-of-soda)": 0.2017886950246369
}