{
    "on-table(milk-carton,wood-table)": 0.7215497878690561,
    "on-table(milk-carton,black-table)": 0.2880866174818948,
    "on-table(milk-carton,white-table)": 0.11110279110638051,
    "on-table(lemon,wood-table)": 0.20238244851740697,
    "on-table(lemon,black-table)": 0.018749852829841984,
    "on-table(lemon,white-table)": 0.8369056725253662,
    "on-table(green-bottle,wood-table)": 0.03358405570664521,
    "on-table(green-bottle,black-table)": 0.0009325064975200803,
    "on-table(green-bottle,white-table)": 0.8352046948857605,
    "on-table(loaf-of-bread,wood-table)": 0.24666690515975156,
    "on-table(loaf-of-bread,black-table)": 0.13071533595211804,
    "on-table(loaf-of-bread,white-table)": 0.05510467692511156,
    "on-table(red-box-of-cereal,wood-table)": 0.16451159333034107,
    "on-table(red-box-of-cereal,black-table)": 0.15575644852409218,
    "on-table(red-box-of-cereal,white-table)": 0.08966333379551845,
    "on-table(red-can-of-soda,wood-table)": 0.6995626252222186,
    "on-table(red-can-of-soda,black-table)": 0.16959598818993982,
    "on-table(red-can-of-soda,white-table)": 0.0014599694571491757,
    "robot-gripper-empty()": 0.9575773974259695,
    "robot-gripping(milk-carton)": 0.14344551414251328,
    "robot-gripping(lemon)": 0.03396691273277005,
    "robot-gripping(green-bottle)": 0.013338057974275822,
    "robot-gripping(loaf-of-bread)": 0.06204995202521483,
    "robot-gripping(red-box-of-cereal)": 0.020852306702484686,
    "robot-gripping(red-can-of-soda)": 0.14838651901421449
}