{
    "on-table(milk-carton,wood-table)": 0.1854518680872085,
    "on-table(milk-carton,black-table)": 0.6953656915575266,
    "on-table(milk-carton,white-table)": 0.21592782004518085,
    "on-table(lemon,wood-table)": 0.833657838171348,
    "on-table(lemon,black-table)": 0.1666473180674378,
    "on-table(lemon,white-table)": 0.0005520020680099454,
    "on-table(green-bottle,wood-table)": 0.007350666089526688,
    "on-table(green-bottle,black-table)": 0.007235019002109766,
    "on-table(green-bottle,white-table)": 0.0006214528414905848,
    "on-table(loaf-of-bread,wood-table)": 0.15996253086874881,
    "on-table(loaf-of-bread,black-table)": 0.2873861302311222,
    "on-table(loaf-of-bread,white-table)": 0.30403108370956033,
    "on-table(red-box-of-cereal,wood-table)": 0.25288149912375957,
    "on-table(red-box-of-cereal,black-table)": 0.8369526204963526,
    "on-table(red-box-of-cereal,white-table)": 0.25052782178894023,
    "on-table(red-can-of-soda,wood-table)": 0.15918113748193718,
    "on-table(red-can-of-soda,black-table)": 0.31465297417404753,
    "on-table(red-can-of-soda,white-table)": 0.09088116017937864,
    "robot-gripper-empty()": 0.9187609255313873,
    "robot-gripping(milk-carton)": 0.127012820293506,
    "robot-gripping(lemon)": 0.10452963256587584,
    "robot-gripping(green-bottle)": 0.026693059306126088,
    "robot-gripping(loaf-of-bread)": 0.09118228716154893,
    "robot-gripping(red-box-of-cereal)": 0.11949761118739843,
    "robot-gripping(red-can-of-soda)": 0.47323471307754517
}