{
    "on-table(milk-carton,wood-table)": 0.30864533299851854,
    "on-table(milk-carton,black-table)": 0.8273166616757711,
    "on-table(milk-carton,white-table)": 0.12096922513652923,
    "on-table(lemon,wood-table)": 0.8431029170751572,
    "on-table(lemon,black-table)": 0.1811441196987289,
    "on-table(lemon,white-table)": 0.04022034007569649,
    "on-table(green-bottle,wood-table)": 0.8357862546108663,
    "on-table(green-bottle,black-table)": 0.16983772743966105,
    "on-table(green-bottle,white-table)": 0.002869956331361815,
    "on-table(loaf-of-bread,wood-table)": 0.4280898654833436,
    "on-table(loaf-of-bread,black-table)": 0.19032780344908437,
    "on-table(loaf-of-bread,white-table)": 0.17626961177969255,
    "on-table(red-box-of-cereal,wood-table)": 0.32631559018045664,
    "on-table(red-box-of-cereal,black-table)": 0.9580110013484955,
    "on-table(red-box-of-cereal,white-table)": 0.16217532975133508,
    "on-table(red-can-of-soda,wood-table)": 0.95957679549853,
    "on-table(red-can-of-soda,black-table)": 0.32879792473416575,
    "on-table(red-can-of-soda,white-table)": 0.07171553275482741,
    "robot-gripper-empty()": 0.83310134212176,
    "robot-gripping(milk-carton)": 0.3511453717947006,
    "robot-gripping(lemon)": 0.16348490118980408,
    "robot-gripping(green-bottle)": 0.18247093306854367,
    "robot-gripping(loaf-of-bread)": 0.12595153506845236,
    "robot-gripping(red-box-of-cereal)": 0.18657330221806964,
    "robot-gripping(red-can-of-soda)": 0.25660326099023223
}