{
    "on-table(milk-carton,wood-table)": 0.9148874382177988,
    "on-table(milk-carton,black-table)": 0.32586180268359993,
    "on-table(milk-carton,white-table)": 0.012790957821683454,
    "on-table(lemon,wood-table)": 0.1462595269064574,
    "on-table(lemon,black-table)": 0.0008440449594975993,
    "on-table(lemon,white-table)": 0.8299714000119517,
    "on-table(green-bottle,wood-table)": 0.12494206518992239,
    "on-table(green-bottle,black-table)": 0.00017281649494786203,
    "on-table(green-bottle,white-table)": 0.8335325044075338,
    "on-table(loaf-of-bread,wood-table)": 0.4154460405309995,
    "on-table(loaf-of-bread,black-table)": 0.4582927282899618,
    "on-table(loaf-of-bread,white-table)": 0.026785820460645482,
    "on-table(red-box-of-cereal,wood-table)": 0.995758980512619,
    "on-table(red-box-of-cereal,black-table)": 0.33535697162187716,
    "on-table(red-box-of-cereal,white-table)": 0.0316688073980913,
    "on-table(red-can-of-soda,wood-table)": 0.6452720963473743,
    "on-table(red-can-of-soda,black-table)": 0.8603295733531316,
    "on-table(red-can-of-soda,white-table)": 0.0026126406540546063,
    "robot-gripper-empty()": 0.9718177318572998,
    "robot-gripping(milk-carton)": 0.10932078957557678,
    "robot-gripping(lemon)": 0.04521966314253708,
    "robot-gripping(green-bottle)": 0.00781545058513681,
    "robot-gripping(loaf-of-bread)": 0.09019220558305581,
    "robot-gripping(red-box-of-cereal)": 0.13541779034615806,
    "robot-gripping(red-can-of-soda)": 0.11445410922169685
}