{
    "on-table(milk-carton,wood-table)": 0.4973794654943049,
    "on-table(milk-carton,black-table)": 0.01440679153893143,
    "on-table(milk-carton,white-table)": 0.583967766991312,
    "on-table(lemon,wood-table)": 0.18094867991749197,
    "on-table(lemon,black-table)": 0.002665155552260027,
    "on-table(lemon,white-table)": 0.82837158596764,
    "on-table(green-bottle,wood-table)": 0.17202969034648655,
    "on-table(green-bottle,black-table)": 0.17150843915184547,
    "on-table(green-bottle,white-table)": 0.001994690584979253,
    "on-table(loaf-of-bread,wood-table)": 0.2767780574116235,
    "on-table(loaf-of-bread,black-table)": 0.005109705717889786,
    "on-table(loaf-of-bread,white-table)": 0.4290363552669684,
    "on-table(red-box-of-cereal,wood-table)": 0.9445316394170126,
    "on-table(red-box-of-cereal,black-table)": 0.3124576375181884,
    "on-table(red-box-of-cereal,white-table)": 0.00462673924145444,
    "on-table(red-can-of-soda,wood-table)": 0.6457489468157291,
    "on-table(red-can-of-soda,black-table)": 0.6658614217412833,
    "on-table(red-can-of-soda,white-table)": 0.0036528827234481773,
    "robot-gripper-empty()": 0.4832260989351198,
    "robot-gripping(milk-carton)": 0.14890559720030674,
    "robot-gripping(lemon)": 0.04910952935460955,
    "robot-gripping(green-bottle)": 0.7007894786074758,
    "robot-gripping(loaf-of-bread)": 0.057797515376781426,
    "robot-gripping(red-box-of-cereal)": 0.02079510675199951,
    "robot-gripping(red-can-of-soda)": 0.03286852206413945
}