{
    "on-table(milk-carton,wood-table)": 0.18471372894661423,
    "on-table(milk-carton,black-table)": 0.2814709409549323,
    "on-table(milk-carton,white-table)": 0.7001345430811247,
    "on-table(lemon,wood-table)": 0.2244960087700747,
    "on-table(lemon,black-table)": 0.10176263001964496,
    "on-table(lemon,white-table)": 0.86813735216856,
    "on-table(green-bottle,wood-table)": 0.22083566329577783,
    "on-table(green-bottle,black-table)": 0.48195924879595015,
    "on-table(green-bottle,white-table)": 0.13608391276648035,
    "on-table(loaf-of-bread,wood-table)": 0.07086251443251967,
    "on-table(loaf-of-bread,black-table)": 0.351357349815468,
    "on-table(loaf-of-bread,white-table)": 0.2616568565475366,
    "on-table(red-box-of-cereal,wood-table)": 0.23108234303072095,
    "on-table(red-box-of-cereal,black-table)": 0.7243994163970152,
    "on-table(red-box-of-cereal,white-table)": 0.01913510330875094,
    "on-table(red-can-of-soda,wood-table)": 0.8438724925120672,
    "on-table(red-can-of-soda,black-table)": 0.33655482018065186,
    "on-table(red-can-of-soda,white-table)": 0.003882660979040035,
    "robot-gripper-empty()": 0.8633301258087158,
    "robot-gripping(milk-carton)": 0.13659131123373905,
    "robot-gripping(lemon)": 0.10019515935952465,
    "robot-gripping(green-bottle)": 0.11916912145291765,
    "robot-gripping(loaf-of-bread)": 0.06995486592253049,
    "robot-gripping(red-box-of-cereal)": 0.07294136743682127,
    "robot-gripping(red-can-of-soda)": 0.1962210462273409
}