{
    "on-table(milk-carton,wood-table)": 0.8149046897888184,
    "on-table(milk-carton,black-table)": 0.3181935979379584,
    "on-table(milk-carton,white-table)": 0.06308357709955696,
    "on-table(lemon,wood-table)": 0.2418366310497125,
    "on-table(lemon,black-table)": 0.0994012932642363,
    "on-table(lemon,white-table)": 0.010013803431017246,
    "on-table(green-bottle,wood-table)": 0.1664676899696739,
    "on-table(green-bottle,black-table)": 0.0008823954146161365,
    "on-table(green-bottle,white-table)": 0.8344915540268024,
    "on-table(loaf-of-bread,wood-table)": 0.7610193093617758,
    "on-table(loaf-of-bread,black-table)": 0.24587903578625023,
    "on-table(loaf-of-bread,white-table)": 0.016011010781160923,
    "on-table(red-box-of-cereal,wood-table)": 0.36835561199889827,
    "on-table(red-box-of-cereal,black-table)": 0.46771748101067107,
    "on-table(red-box-of-cereal,white-table)": 0.07182447412924375,
    "on-table(red-can-of-soda,wood-table)": 0.2075841160173392,
    "on-table(red-can-of-soda,black-table)": 0.31288017852511985,
    "on-table(red-can-of-soda,white-table)": 0.013476609320302183,
    "robot-gripper-empty()": 0.876953254143397,
    "robot-gripping(milk-carton)": 0.22287936632831892,
    "robot-gripping(lemon)": 0.06701395691682895,
    "robot-gripping(green-bottle)": 0.008101681140639508,
    "robot-gripping(loaf-of-bread)": 0.1297851177320505,
    "robot-gripping(red-box-of-cereal)": 0.11175833661885311,
    "robot-gripping(red-can-of-soda)": 0.1250552433387687
}