{
    "on-table(milk-carton,wood-table)": 0.6684397155574212,
    "on-table(milk-carton,black-table)": 0.09423392481403425,
    "on-table(milk-carton,white-table)": 0.27580097782386775,
    "on-table(lemon,wood-table)": 0.2645960861458055,
    "on-table(lemon,black-table)": 0.1254175422636763,
    "on-table(lemon,white-table)": 0.15526031740713128,
    "on-table(green-bottle,wood-table)": 0.1498101476863667,
    "on-table(green-bottle,black-table)": 0.8336193498689681,
    "on-table(green-bottle,white-table)": 0.002304435800851934,
    "on-table(loaf-of-bread,wood-table)": 0.4068435261967049,
    "on-table(loaf-of-bread,black-table)": 0.15795687070506878,
    "on-table(loaf-of-bread,white-table)": 0.584596162972351,
    "on-table(red-box-of-cereal,wood-table)": 0.9806350072224935,
    "on-table(red-box-of-cereal,black-table)": 0.11628179568375192,
    "on-table(red-box-of-cereal,white-table)": 0.30924736073617015,
    "on-table(red-can-of-soda,wood-table)": 0.9794966578483582,
    "on-table(red-can-of-soda,black-table)": 0.32188041234877574,
    "on-table(red-can-of-soda,white-table)": 0.1566946672532481,
    "robot-gripper-empty()": 0.9606803953647614,
    "robot-gripping(milk-carton)": 0.13035842341681322,
    "robot-gripping(lemon)": 0.022257004243632156,
    "robot-gripping(green-bottle)": 0.15995356847997755,
    "robot-gripping(loaf-of-bread)": 0.07503747226049502,
    "robot-gripping(red-box-of-cereal)": 0.12983202654868364,
    "robot-gripping(red-can-of-soda)": 0.1580003632310157
}