{
    "on-table(milk-carton,wood-table)": 0.2267311322114741,
    "on-table(milk-carton,black-table)": 0.005528905888544007,
    "on-table(milk-carton,white-table)": 0.8399569038301706,
    "on-table(lemon,wood-table)": 0.9873535931110382,
    "on-table(lemon,black-table)": 0.32264445956388954,
    "on-table(lemon,white-table)": 0.02117238831275851,
    "on-table(green-bottle,wood-table)": 0.9957987566788992,
    "on-table(green-bottle,black-table)": 0.3222620415131132,
    "on-table(green-bottle,white-table)": 0.03880302199138441,
    "on-table(loaf-of-bread,wood-table)": 0.882157767812411,
    "on-table(loaf-of-bread,black-table)": 0.3052320297395757,
    "on-table(loaf-of-bread,white-table)": 0.07733226062214271,
    "on-table(red-box-of-cereal,wood-table)": 0.6627938741197189,
    "on-table(red-box-of-cereal,black-table)": 0.3318541213569309,
    "on-table(red-box-of-cereal,white-table)": 0.01617055649148824,
    "on-table(red-can-of-soda,wood-table)": 0.7229381104310354,
    "on-table(red-can-of-soda,black-table)": 0.3627426213934086,
    "on-table(red-can-of-soda,white-table)": 0.03886669891714215,
    "robot-gripper-empty()": 0.9101928770542145,
    "robot-gripping(milk-carton)": 0.0982598162566622,
    "robot-gripping(lemon)": 0.08658848702907562,
    "robot-gripping(green-bottle)": 0.05091506987810135,
    "robot-gripping(loaf-of-bread)": 0.12455713097006083,
    "robot-gripping(red-box-of-cereal)": 0.12202108791097999,
    "robot-gripping(red-can-of-soda)": 0.21934682441254458
}