{
    "on-table(milk-carton,wood-table)": 0.6860478793581327,
    "on-table(milk-carton,black-table)": 0.34198238328826847,
    "on-table(milk-carton,white-table)": 0.015532053424976766,
    "on-table(lemon,wood-table)": 0.17042012775952267,
    "on-table(lemon,black-table)": 0.014440909624681808,
    "on-table(lemon,white-table)": 0.9997718731562296,
    "on-table(green-bottle,wood-table)": 0.16841509421161996,
    "on-table(green-bottle,black-table)": 0.16840303715980554,
    "on-table(green-bottle,white-table)": 0.0006632259895316869,
    "on-table(loaf-of-bread,wood-table)": 0.4032733393833041,
    "on-table(loaf-of-bread,black-table)": 0.021825469576773077,
    "on-table(loaf-of-bread,white-table)": 0.009275116873444253,
    "on-table(red-box-of-cereal,wood-table)": 0.3304965414166266,
    "on-table(red-box-of-cereal,black-table)": 0.9950280586878458,
    "on-table(red-box-of-cereal,white-table)": 0.012135608775527848,
    "on-table(red-can-of-soda,wood-table)": 0.32343799793428235,
    "on-table(red-can-of-soda,black-table)": 0.9934919774532318,
    "on-table(red-can-of-soda,white-table)": 0.0006530044545343117,
    "robot-gripper-empty()": 0.49701842284412123,
    "robot-gripping(milk-carton)": 0.22723673031820604,
    "robot-gripping(lemon)": 0.05098854059663912,
    "robot-gripping(green-bottle)": 0.7009058694044749,
    "robot-gripping(loaf-of-bread)": 0.07447844472092886,
    "robot-gripping(red-box-of-cereal)": 0.030315263604279608,
    "robot-gripping(red-can-of-soda)": 0.05789201019797474
}