{
    "on-table(milk-carton,wood-table)": 0.3587071853107773,
    "on-table(milk-carton,black-table)": 0.0030776024808195266,
    "on-table(milk-carton,white-table)": 0.6938448225458463,
    "on-table(lemon,wood-table)": 0.3337538153476392,
    "on-table(lemon,black-table)": 0.07351003610210682,
    "on-table(lemon,white-table)": 0.8285558422406515,
    "on-table(green-bottle,wood-table)": 0.9329943160216013,
    "on-table(green-bottle,black-table)": 0.31040964465023535,
    "on-table(green-bottle,white-table)": 0.27972372305218113,
    "on-table(loaf-of-bread,wood-table)": 0.4821308770527442,
    "on-table(loaf-of-bread,black-table)": 0.048990731729039304,
    "on-table(loaf-of-bread,white-table)": 0.13144559578116363,
    "on-table(red-box-of-cereal,wood-table)": 0.14131362209445797,
    "on-table(red-box-of-cereal,black-table)": 0.0010283167124119548,
    "on-table(red-box-of-cereal,white-table)": 0.833697974216193,
    "on-table(red-can-of-soda,wood-table)": 0.14585958069195235,
    "on-table(red-can-of-soda,black-table)": 0.002138859645735162,
    "on-table(red-can-of-soda,white-table)": 0.6695920748946568,
    "robot-gripper-empty()": 0.9185211658477783,
    "robot-gripping(milk-carton)": 0.11539893721540768,
    "robot-gripping(lemon)": 0.03779919600735108,
    "robot-gripping(green-bottle)": 0.1654301419815359,
    "robot-gripping(loaf-of-bread)": 0.17281601314122477,
    "robot-gripping(red-box-of-cereal)": 0.03525138801584641,
    "robot-gripping(red-can-of-soda)": 0.08005054112679015
}