{
    "on-table(milk-carton,wood-table)": 0.8636243989070257,
    "on-table(milk-carton,black-table)": 0.18588054768163906,
    "on-table(milk-carton,white-table)": 0.2793390879329915,
    "on-table(lemon,wood-table)": 0.03793614423921099,
    "on-table(lemon,black-table)": 0.02459399183082193,
    "on-table(lemon,white-table)": 0.9541282653808594,
    "on-table(green-bottle,wood-table)": 0.17417607640527422,
    "on-table(green-bottle,black-table)": 0.018361767952910668,
    "on-table(green-bottle,white-table)": 0.9012159953514735,
    "on-table(loaf-of-bread,wood-table)": 0.23037333732160428,
    "on-table(loaf-of-bread,black-table)": 0.011990891541548384,
    "on-table(loaf-of-bread,white-table)": 0.7711400811870893,
    "on-table(red-box-of-cereal,wood-table)": 0.16861045686528087,
    "on-table(red-box-of-cereal,black-table)": 0.3154387703980319,
    "on-table(red-box-of-cereal,white-table)": 0.5136088049039245,
    "on-table(red-can-of-soda,wood-table)": 0.22902267016737218,
    "on-table(red-can-of-soda,black-table)": 0.9456303815046946,
    "on-table(red-can-of-soda,white-table)": 0.064682247159908,
    "robot-gripper-empty()": 0.9102437297503153,
    "robot-gripping(milk-carton)": 0.23045752383768559,
    "robot-gripping(lemon)": 0.07519269253437717,
    "robot-gripping(green-bottle)": 0.039610829980423055,
    "robot-gripping(loaf-of-bread)": 0.09688008017838001,
    "robot-gripping(red-box-of-cereal)": 0.03787484625354409,
    "robot-gripping(red-can-of-soda)": 0.05733554158359766
}