{
    "on-table(milk-carton,wood-table)": 0.4664570048140983,
    "on-table(milk-carton,black-table)": 0.08302840822337505,
    "on-table(milk-carton,white-table)": 0.658679241935412,
    "on-table(lemon,wood-table)": 0.9907938440640768,
    "on-table(lemon,black-table)": 0.3166416330808109,
    "on-table(lemon,white-table)": 0.028305949116656848,
    "on-table(green-bottle,wood-table)": 0.15734768197156276,
    "on-table(green-bottle,black-table)": 0.0025720120233169532,
    "on-table(green-bottle,white-table)": 0.8363899768640598,
    "on-table(loaf-of-bread,wood-table)": 0.6676515887180964,
    "on-table(loaf-of-bread,black-table)": 0.31012412436272524,
    "on-table(loaf-of-bread,white-table)": 0.04495640848472249,
    "on-table(red-box-of-cereal,wood-table)": 0.05244616410103239,
    "on-table(red-box-of-cereal,black-table)": 0.06821881322017968,
    "on-table(red-box-of-cereal,white-table)": 0.6790222795680165,
    "on-table(red-can-of-soda,wood-table)": 0.1664668752491707,
    "on-table(red-can-of-soda,black-table)": 0.001839049442120692,
    "on-table(red-can-of-soda,white-table)": 0.8410944199810425,
    "robot-gripper-empty()": 0.9562223752339681,
    "robot-gripping(milk-carton)": 0.15251040024062,
    "robot-gripping(lemon)": 0.1177367065101862,
    "robot-gripping(green-bottle)": 0.013937813695520163,
    "robot-gripping(loaf-of-bread)": 0.13027533454199633,
    "robot-gripping(red-box-of-cereal)": 0.0765291169906656,
    "robot-gripping(red-can-of-soda)": 0.14559831543980786
}