{
    "on-table(milk-carton,wood-table)": 0.2504534789477475,
    "on-table(milk-carton,black-table)": 0.009631269835760273,
    "on-table(milk-carton,white-table)": 0.8664507667223612,
    "on-table(lemon,wood-table)": 0.8381221611052752,
    "on-table(lemon,black-table)": 0.17472084067662763,
    "on-table(lemon,white-table)": 0.005564247659625228,
    "on-table(green-bottle,wood-table)": 0.3336744827295964,
    "on-table(green-bottle,black-table)": 0.9643564720948538,
    "on-table(green-bottle,white-table)": 0.006665198296957442,
    "on-table(loaf-of-bread,wood-table)": 0.5674369560244182,
    "on-table(loaf-of-bread,black-table)": 0.09158955657524832,
    "on-table(loaf-of-bread,white-table)": 0.22476272766167918,
    "on-table(red-box-of-cereal,wood-table)": 0.0712017697126915,
    "on-table(red-box-of-cereal,black-table)": 0.009389325370041965,
    "on-table(red-box-of-cereal,white-table)": 0.9885575970013937,
    "on-table(red-can-of-soda,wood-table)": 0.1639042127741656,
    "on-table(red-can-of-soda,black-table)": 0.6804261870662837,
    "on-table(red-can-of-soda,white-table)": 0.30272174297579113,
    "robot-gripper-empty()": 0.852182703713576,
    "robot-gripping(milk-carton)": 0.13355034900208315,
    "robot-gripping(lemon)": 0.17323457934738448,
    "robot-gripping(green-bottle)": 0.02397886950833102,
    "robot-gripping(loaf-of-bread)": 0.1859260524312655,
    "robot-gripping(red-box-of-cereal)": 0.08711708802729845,
    "robot-gripping(red-can-of-soda)": 0.062327174469828606
}