{
    "on-table(milk-carton,wood-table)": 0.7069798608620962,
    "on-table(milk-carton,black-table)": 0.2927935724558968,
    "on-table(milk-carton,white-table)": 0.02480253085620158,
    "on-table(lemon,wood-table)": 0.15190389892086387,
    "on-table(lemon,black-table)": 0.004069770286681281,
    "on-table(lemon,white-table)": 0.9962434967358907,
    "on-table(green-bottle,wood-table)": 0.16636179150858274,
    "on-table(green-bottle,black-table)": 0.003350847395722667,
    "on-table(green-bottle,white-table)": 0.8364947404091557,
    "on-table(loaf-of-bread,wood-table)": 0.1783770926607152,
    "on-table(loaf-of-bread,black-table)": 0.10705367181071779,
    "on-table(loaf-of-bread,white-table)": 0.6531323201488703,
    "on-table(red-box-of-cereal,wood-table)": 0.15535266628285171,
    "on-table(red-box-of-cereal,black-table)": 0.8007695400932183,
    "on-table(red-box-of-cereal,white-table)": 0.06744432590373133,
    "on-table(red-can-of-soda,wood-table)": 0.01556204876396805,
    "on-table(red-can-of-soda,black-table)": 0.6945709654440483,
    "on-table(red-can-of-soda,white-table)": 0.014888212143584193,
    "robot-gripper-empty()": 0.8153161828716596,
    "robot-gripping(milk-carton)": 0.3997360545520981,
    "robot-gripping(lemon)": 0.0837892113874356,
    "robot-gripping(green-bottle)": 0.040340493860033654,
    "robot-gripping(loaf-of-bread)": 0.14577760299046835,
    "robot-gripping(red-box-of-cereal)": 0.24233490189847848,
    "robot-gripping(red-can-of-soda)": 0.508594031445682
}