{
    "on-table(milk-carton,wood-table)": 0.6181876833240191,
    "on-table(milk-carton,black-table)": 0.03931793256682189,
    "on-table(milk-carton,white-table)": 0.04933183822868159,
    "on-table(lemon,wood-table)": 0.014936315865876773,
    "on-table(lemon,black-table)": 0.08195687267774095,
    "on-table(lemon,white-table)": 0.004946480359649286,
    "on-table(green-bottle,wood-table)": 0.3289852619436715,
    "on-table(green-bottle,black-table)": 0.9986607233683268,
    "on-table(green-bottle,white-table)": 0.0013941927258353342,
    "on-table(loaf-of-bread,wood-table)": 0.1890811221480059,
    "on-table(loaf-of-bread,black-table)": 0.07578878191755696,
    "on-table(loaf-of-bread,white-table)": 0.00840470400241126,
    "on-table(red-box-of-cereal,wood-table)": 0.6707993441959843,
    "on-table(red-box-of-cereal,black-table)": 0.0041566578547644895,
    "on-table(red-box-of-cereal,white-table)": 0.0057026497440043995,
    "on-table(red-can-of-soda,wood-table)": 0.4587648601762642,
    "on-table(red-can-of-soda,black-table)": 0.08328159651879712,
    "on-table(red-can-of-soda,white-table)": 0.8348213744660219,
    "robot-gripper-empty()": 0.9607759813467661,
    "robot-gripping(milk-carton)": 0.15173676113287607,
    "robot-gripping(lemon)": 0.052760556961099304,
    "robot-gripping(green-bottle)": 0.11348880258932088,
    "robot-gripping(loaf-of-bread)": 0.07128852947304647,
    "robot-gripping(red-box-of-cereal)": 0.12386825603122513,
    "robot-gripping(red-can-of-soda)": 0.08388711636265118
}