{
    "on-table(milk-carton,wood-table)": 0.094654923149695,
    "on-table(milk-carton,black-table)": 0.15652090085980794,
    "on-table(milk-carton,white-table)": 0.05605000567932924,
    "on-table(lemon,wood-table)": 0.2043348600078995,
    "on-table(lemon,black-table)": 0.7506645719210306,
    "on-table(lemon,white-table)": 0.021728654025840417,
    "on-table(green-bottle,wood-table)": 0.3252366470454338,
    "on-table(green-bottle,black-table)": 0.9885749618212382,
    "on-table(green-bottle,white-table)": 0.0012879489506000634,
    "on-table(loaf-of-bread,wood-table)": 0.3075218228623271,
    "on-table(loaf-of-bread,black-table)": 0.2887877219667037,
    "on-table(loaf-of-bread,white-table)": 0.07763531779831585,
    "on-table(red-box-of-cereal,wood-table)": 0.013324071350022374,
    "on-table(red-box-of-cereal,black-table)": 0.05733384492850746,
    "on-table(red-box-of-cereal,white-table)": 0.3786190710185717,
    "on-table(red-can-of-soda,wood-table)": 0.18794243178247902,
    "on-table(red-can-of-soda,black-table)": 0.009395131381021807,
    "on-table(red-can-of-soda,white-table)": 0.8965576589107513,
    "robot-gripper-empty()": 0.9532487789789835,
    "robot-gripping(milk-carton)": 0.09646849644680817,
    "robot-gripping(lemon)": 0.06443925869340698,
    "robot-gripping(green-bottle)": 0.047117997581760086,
    "robot-gripping(loaf-of-bread)": 0.09772689869472136,
    "robot-gripping(red-box-of-cereal)": 0.03394096236055096,
    "robot-gripping(red-can-of-soda)": 0.1185629174966986
}