{
    "on-table(milk-carton,wood-table)": 0.022954292042413726,
    "on-table(milk-carton,black-table)": 0.7129192153612772,
    "on-table(milk-carton,white-table)": 0.13218161253219782,
    "on-table(lemon,wood-table)": 0.8377271130060157,
    "on-table(lemon,black-table)": 0.17696313839178401,
    "on-table(lemon,white-table)": 0.004179797964070531,
    "on-table(green-bottle,wood-table)": 0.1652054765606105,
    "on-table(green-bottle,black-table)": 0.9772955278555552,
    "on-table(green-bottle,white-table)": 0.02728870365202359,
    "on-table(loaf-of-bread,wood-table)": 0.1967151496792212,
    "on-table(loaf-of-bread,black-table)": 0.1423906070801119,
    "on-table(loaf-of-bread,white-table)": 0.387231513877244,
    "on-table(red-box-of-cereal,wood-table)": 0.1626325695445606,
    "on-table(red-box-of-cereal,black-table)": 0.005419714827439748,
    "on-table(red-box-of-cereal,white-table)": 0.8415327295660973,
    "on-table(red-can-of-soda,wood-table)": 0.18411286443006247,
    "on-table(red-can-of-soda,black-table)": 0.17748767289716247,
    "on-table(red-can-of-soda,white-table)": 0.6790475249290466,
    "robot-gripper-empty()": 0.9005917211373647,
    "robot-gripping(milk-carton)": 0.15936395029226938,
    "robot-gripping(lemon)": 0.10140098103632529,
    "robot-gripping(green-bottle)": 0.06486209489715596,
    "robot-gripping(loaf-of-bread)": 0.08349044574424624,
    "robot-gripping(red-box-of-cereal)": 0.1897648200392723,
    "robot-gripping(red-can-of-soda)": 0.45818931857744855
}