{
    "on-table(milk-carton,wood-table)": 0.6437430270016193,
    "on-table(milk-carton,black-table)": 0.05256715916160223,
    "on-table(milk-carton,white-table)": 0.33220071557055536,
    "on-table(lemon,wood-table)": 0.16902205559017602,
    "on-table(lemon,black-table)": 0.01069387485373833,
    "on-table(lemon,white-table)": 0.8936077952384949,
    "on-table(green-bottle,wood-table)": 0.012254630603517095,
    "on-table(green-bottle,black-table)": 0.012223026395076886,
    "on-table(green-bottle,white-table)": 0.008338392600611163,
    "on-table(loaf-of-bread,wood-table)": 0.21625201543793082,
    "on-table(loaf-of-bread,black-table)": 0.6707073133438826,
    "on-table(loaf-of-bread,white-table)": 0.2189588460047768,
    "on-table(red-box-of-cereal,wood-table)": 0.17505046467461702,
    "on-table(red-box-of-cereal,black-table)": 0.6849353841195504,
    "on-table(red-box-of-cereal,white-table)": 0.19065975221262002,
    "on-table(red-can-of-soda,wood-table)": 0.16139011561729907,
    "on-table(red-can-of-soda,black-table)": 0.011643209335034044,
    "on-table(red-can-of-soda,white-table)": 0.8395822662860155,
    "robot-gripper-empty()": 0.8710777709881464,
    "robot-gripping(milk-carton)": 0.21613597869873047,
    "robot-gripping(lemon)": 0.05430187533299128,
    "robot-gripping(green-bottle)": 0.07153375291575988,
    "robot-gripping(loaf-of-bread)": 0.09998434999336799,
    "robot-gripping(red-box-of-cereal)": 0.04457684808100263,
    "robot-gripping(red-can-of-soda)": 0.05761705719244977
}