{
    "on-table(milk-carton,wood-table)": 0.17302520817611367,
    "on-table(milk-carton,black-table)": 0.029672792181372643,
    "on-table(milk-carton,white-table)": 0.00969507194046552,
    "on-table(lemon,wood-table)": 0.1774938152351145,
    "on-table(lemon,black-table)": 0.007838760288905178,
    "on-table(lemon,white-table)": 0.9492822388807932,
    "on-table(green-bottle,wood-table)": 0.16798428072797833,
    "on-table(green-bottle,black-table)": 0.0022703720717345277,
    "on-table(green-bottle,white-table)": 0.8354848185554147,
    "on-table(loaf-of-bread,wood-table)": 0.08537068887380883,
    "on-table(loaf-of-bread,black-table)": 0.02382782901986502,
    "on-table(loaf-of-bread,white-table)": 0.025872780713446748,
    "on-table(red-box-of-cereal,wood-table)": 0.32319166435142205,
    "on-table(red-box-of-cereal,black-table)": 0.059543750898834936,
    "on-table(red-box-of-cereal,white-table)": 0.0015963339513594594,
    "on-table(red-can-of-soda,wood-table)": 0.8333035832523213,
    "on-table(red-can-of-soda,black-table)": 0.1706965265459909,
    "on-table(red-can-of-soda,white-table)": 0.07492219104202984,
    "robot-gripper-empty()": 0.9129361311594645,
    "robot-gripping(milk-carton)": 0.13644063364093503,
    "robot-gripping(lemon)": 0.03639423657053461,
    "robot-gripping(green-bottle)": 0.011773427021883739,
    "robot-gripping(loaf-of-bread)": 0.05755095835775137,
    "robot-gripping(red-box-of-cereal)": 0.1177989404144076,
    "robot-gripping(red-can-of-soda)": 0.205480858819404
}