{
    "on-table(milk-carton,wood-table)": 0.0835263686797892,
    "on-table(milk-carton,black-table)": 0.7500116105657071,
    "on-table(milk-carton,white-table)": 0.032381631161115365,
    "on-table(lemon,wood-table)": 0.21240255110509074,
    "on-table(lemon,black-table)": 0.0004260024738111194,
    "on-table(lemon,white-table)": 0.8334517929858217,
    "on-table(green-bottle,wood-table)": 0.7343379083710412,
    "on-table(green-bottle,black-table)": 0.16921495656545935,
    "on-table(green-bottle,white-table)": 0.003331459923439676,
    "on-table(loaf-of-bread,wood-table)": 0.11173666140530258,
    "on-table(loaf-of-bread,black-table)": 0.44607912611293915,
    "on-table(loaf-of-bread,white-table)": 0.026109831216065988,
    "on-table(red-box-of-cereal,wood-table)": 0.19087089462360987,
    "on-table(red-box-of-cereal,black-table)": 0.7890928937898328,
    "on-table(red-box-of-cereal,white-table)": 0.10802357484741758,
    "on-table(red-can-of-soda,wood-table)": 0.11702725904494098,
    "on-table(red-can-of-soda,black-table)": 0.02504875157395266,
    "on-table(red-can-of-soda,white-table)": 0.8344322655660411,
    "robot-gripper-empty()": 0.8180016226445636,
    "robot-gripping(milk-carton)": 0.12912072241306305,
    "robot-gripping(lemon)": 0.018843366376434762,
    "robot-gripping(green-bottle)": 0.1758025330491364,
    "robot-gripping(loaf-of-bread)": 0.047856408869847655,
    "robot-gripping(red-box-of-cereal)": 0.09388099036489923,
    "robot-gripping(red-can-of-soda)": 0.04043628911798199
}