{
    "on-table(milk-carton,wood-table)": 0.2696634730285344,
    "on-table(milk-carton,black-table)": 0.6334008077780405,
    "on-table(milk-carton,white-table)": 0.19418178107055914,
    "on-table(lemon,wood-table)": 0.17346013154140869,
    "on-table(lemon,black-table)": 0.8155139765391747,
    "on-table(lemon,white-table)": 0.023361586815250728,
    "on-table(green-bottle,wood-table)": 0.0021577953399779894,
    "on-table(green-bottle,black-table)": 0.13583499097573318,
    "on-table(green-bottle,white-table)": 0.00240254452667917,
    "on-table(loaf-of-bread,wood-table)": 0.3699532387157281,
    "on-table(loaf-of-bread,black-table)": 0.13574357641239962,
    "on-table(loaf-of-bread,white-table)": 0.16058350875391625,
    "on-table(red-box-of-cereal,wood-table)": 0.8464557242890199,
    "on-table(red-box-of-cereal,black-table)": 0.16207614465262546,
    "on-table(red-box-of-cereal,white-table)": 0.05183023745454799,
    "on-table(red-can-of-soda,wood-table)": 0.8552067453662554,
    "on-table(red-can-of-soda,black-table)": 0.1890672411235149,
    "on-table(red-can-of-soda,white-table)": 0.0321278003587698,
    "robot-gripper-empty()": 0.9102564255396525,
    "robot-gripping(milk-carton)": 0.19067000349362692,
    "robot-gripping(lemon)": 0.07299955934286118,
    "robot-gripping(green-bottle)": 0.061968355594823755,
    "robot-gripping(loaf-of-bread)": 0.09302544904251893,
    "robot-gripping(red-box-of-cereal)": 0.11905857998256882,
    "robot-gripping(red-can-of-soda)": 0.29491222836077213
}