{
    "on-table(milk-carton,wood-table)": 0.22196466680179583,
    "on-table(milk-carton,black-table)": 0.22440100788086662,
    "on-table(milk-carton,white-table)": 0.6100274370983243,
    "on-table(lemon,wood-table)": 0.09122946008574218,
    "on-table(lemon,black-table)": 0.07578025266229815,
    "on-table(lemon,white-table)": 0.16404818925851336,
    "on-table(green-bottle,wood-table)": 0.19475827962742187,
    "on-table(green-bottle,black-table)": 0.008486539216391975,
    "on-table(green-bottle,white-table)": 0.968410591284434,
    "on-table(loaf-of-bread,wood-table)": 0.31159302522428334,
    "on-table(loaf-of-bread,black-table)": 0.09160827193409204,
    "on-table(loaf-of-bread,white-table)": 0.07082065524688612,
    "on-table(red-box-of-cereal,wood-table)": 0.10631257353088586,
    "on-table(red-box-of-cereal,black-table)": 0.1759728040876022,
    "on-table(red-box-of-cereal,white-table)": 0.01043810307358702,
    "on-table(red-can-of-soda,wood-table)": 0.037955956198857166,
    "on-table(red-can-of-soda,black-table)": 0.18447661839794213,
    "on-table(red-can-of-soda,white-table)": 0.00423381262711094,
    "robot-gripper-empty()": 0.44640271885630983,
    "robot-gripping(milk-carton)": 0.4743950888514519,
    "robot-gripping(lemon)": 0.1277597580725948,
    "robot-gripping(green-bottle)": 0.04628046772753199,
    "robot-gripping(loaf-of-bread)": 0.36835097956160706,
    "robot-gripping(red-box-of-cereal)": 0.7036148617044091,
    "robot-gripping(red-can-of-soda)": 0.8018362469350299
}