{
    "on-table(milk-carton,wood-table)": 0.4794907223743697,
    "on-table(milk-carton,black-table)": 0.12230956151567322,
    "on-table(milk-carton,white-table)": 0.4677540815124909,
    "on-table(lemon,wood-table)": 0.17723671313918507,
    "on-table(lemon,black-table)": 0.004052796996840395,
    "on-table(lemon,white-table)": 0.8012105732535323,
    "on-table(green-bottle,wood-table)": 0.16941489861468048,
    "on-table(green-bottle,black-table)": 0.005339749879719117,
    "on-table(green-bottle,white-table)": 0.853509912888209,
    "on-table(loaf-of-bread,wood-table)": 0.09639130129168431,
    "on-table(loaf-of-bread,black-table)": 0.015300758163599918,
    "on-table(loaf-of-bread,white-table)": 0.24370882473886013,
    "on-table(red-box-of-cereal,wood-table)": 0.056205325740544744,
    "on-table(red-box-of-cereal,black-table)": 0.026252102048601955,
    "on-table(red-box-of-cereal,white-table)": 0.5336707248352468,
    "on-table(red-can-of-soda,wood-table)": 0.9285681843757629,
    "on-table(red-can-of-soda,black-table)": 0.07086799076220511,
    "on-table(red-can-of-soda,white-table)": 0.6463492531670454,
    "robot-gripper-empty()": 0.7001899927854538,
    "robot-gripping(milk-carton)": 0.5186898186802864,
    "robot-gripping(lemon)": 0.09502902689079444,
    "robot-gripping(green-bottle)": 0.211510564511021,
    "robot-gripping(loaf-of-bread)": 0.2519626220067342,
    "robot-gripping(red-box-of-cereal)": 0.279576721911629,
    "robot-gripping(red-can-of-soda)": 0.5003060276309649
}