{
    "on-table(milk-carton,wood-table)": 0.2634538178681396,
    "on-table(milk-carton,black-table)": 0.7541876162091891,
    "on-table(milk-carton,white-table)": 0.06779555842513219,
    "on-table(lemon,wood-table)": 0.10390454265871085,
    "on-table(lemon,black-table)": 0.8282455739875635,
    "on-table(lemon,white-table)": 0.039768360788760525,
    "on-table(green-bottle,wood-table)": 0.24363053973744778,
    "on-table(green-bottle,black-table)": 0.9324426551659902,
    "on-table(green-bottle,white-table)": 0.021361050219638855,
    "on-table(loaf-of-bread,wood-table)": 0.3711484364854793,
    "on-table(loaf-of-bread,black-table)": 0.17074137893117344,
    "on-table(loaf-of-bread,white-table)": 0.24965980555862188,
    "on-table(red-box-of-cereal,wood-table)": 0.9846486151218414,
    "on-table(red-box-of-cereal,black-table)": 0.3438622933269168,
    "on-table(red-box-of-cereal,white-table)": 0.08056104798136705,
    "on-table(red-can-of-soda,wood-table)": 0.784711480140686,
    "on-table(red-can-of-soda,black-table)": 0.49083895558336127,
    "on-table(red-can-of-soda,white-table)": 0.04048744669247147,
    "robot-gripper-empty()": 0.9497639636198679,
    "robot-gripping(milk-carton)": 0.1154604684561491,
    "robot-gripping(lemon)": 0.029083856265060604,
    "robot-gripping(green-bottle)": 0.021356702665798366,
    "robot-gripping(loaf-of-bread)": 0.11944274868195255,
    "robot-gripping(red-box-of-cereal)": 0.16336405168597898,
    "robot-gripping(red-can-of-soda)": 0.18435891492602727
}