{
    "on-table(milk-carton,wood-table)": 0.19605553111371896,
    "on-table(milk-carton,black-table)": 0.6534399470935265,
    "on-table(milk-carton,white-table)": 0.13813212922832463,
    "on-table(lemon,wood-table)": 0.25373580141361646,
    "on-table(lemon,black-table)": 0.0005638762511731935,
    "on-table(lemon,white-table)": 0.9889629781246185,
    "on-table(green-bottle,wood-table)": 0.0005500917650351766,
    "on-table(green-bottle,black-table)": 0.01049761089719444,
    "on-table(green-bottle,white-table)": 0.15278819021765835,
    "on-table(loaf-of-bread,wood-table)": 0.1813508456107229,
    "on-table(loaf-of-bread,black-table)": 0.5844877061123649,
    "on-table(loaf-of-bread,white-table)": 0.09959657563983153,
    "on-table(red-box-of-cereal,wood-table)": 0.3704113457109391,
    "on-table(red-box-of-cereal,black-table)": 0.8594131817420324,
    "on-table(red-box-of-cereal,white-table)": 0.2208734649066173,
    "on-table(red-can-of-soda,wood-table)": 0.9985953768094381,
    "on-table(red-can-of-soda,black-table)": 0.33907856829318916,
    "on-table(red-can-of-soda,white-table)": 0.1625084101521376,
    "robot-gripper-empty()": 0.9068392316500345,
    "robot-gripping(milk-carton)": 0.1435546682526668,
    "robot-gripping(lemon)": 0.031012410860663902,
    "robot-gripping(green-bottle)": 0.018992914842480484,
    "robot-gripping(loaf-of-bread)": 0.07668750236431758,
    "robot-gripping(red-box-of-cereal)": 0.08581629313994199,
    "robot-gripping(red-can-of-soda)": 0.19567995700829974
}