{
    "on-table(milk-carton,wood-table)": 0.5598805174231529,
    "on-table(milk-carton,black-table)": 0.45705125290745247,
    "on-table(milk-carton,white-table)": 0.07880210673465626,
    "on-table(lemon,wood-table)": 0.16961735261429567,
    "on-table(lemon,black-table)": 0.7841173252090812,
    "on-table(lemon,white-table)": 0.021976309253053234,
    "on-table(green-bottle,wood-table)": 0.16986673337911876,
    "on-table(green-bottle,black-table)": 0.1823191609003819,
    "on-table(green-bottle,white-table)": 0.00240508836365431,
    "on-table(loaf-of-bread,wood-table)": 0.6289202918608984,
    "on-table(loaf-of-bread,black-table)": 0.3187851856443255,
    "on-table(loaf-of-bread,white-table)": 0.16525916707420643,
    "on-table(red-box-of-cereal,wood-table)": 0.28664746197561425,
    "on-table(red-box-of-cereal,black-table)": 0.594404561445117,
    "on-table(red-box-of-cereal,white-table)": 0.056523543588506676,
    "on-table(red-can-of-soda,wood-table)": 0.8573534016807874,
    "on-table(red-can-of-soda,black-table)": 0.42078347310128567,
    "on-table(red-can-of-soda,white-table)": 0.02205881345882214,
    "robot-gripper-empty()": 0.45251951859487843,
    "robot-gripping(milk-carton)": 0.2007209340420862,
    "robot-gripping(lemon)": 0.2616941020824015,
    "robot-gripping(green-bottle)": 0.6945740349668389,
    "robot-gripping(loaf-of-bread)": 0.08087990285518269,
    "robot-gripping(red-box-of-cereal)": 0.0873275905129655,
    "robot-gripping(red-can-of-soda)": 0.11333400916191749
}