{
    "on-table(milk-carton,wood-table)": 0.09258763364050537,
    "on-table(milk-carton,black-table)": 0.042794325738213956,
    "on-table(milk-carton,white-table)": 0.42617479238348704,
    "on-table(lemon,wood-table)": 0.17599952823851103,
    "on-table(lemon,black-table)": 0.0004861102734897334,
    "on-table(lemon,white-table)": 0.8340123105638971,
    "on-table(green-bottle,wood-table)": 0.002935737515144865,
    "on-table(green-bottle,black-table)": 0.021545101027489483,
    "on-table(green-bottle,white-table)": 0.005349302603766167,
    "on-table(loaf-of-bread,wood-table)": 0.09507441288830402,
    "on-table(loaf-of-bread,black-table)": 0.01548737136181444,
    "on-table(loaf-of-bread,white-table)": 0.04963318978358681,
    "on-table(red-box-of-cereal,wood-table)": 0.23632053751013396,
    "on-table(red-box-of-cereal,black-table)": 0.16460192644929825,
    "on-table(red-box-of-cereal,white-table)": 0.003958861104668661,
    "on-table(red-can-of-soda,wood-table)": 0.8333148795742696,
    "on-table(red-can-of-soda,black-table)": 0.16709493235422693,
    "on-table(red-can-of-soda,white-table)": 0.015286953694082209,
    "robot-gripper-empty()": 0.8340279658635458,
    "robot-gripping(milk-carton)": 0.14144846921165785,
    "robot-gripping(lemon)": 0.03035637930346032,
    "robot-gripping(green-bottle)": 0.018113347818143666,
    "robot-gripping(loaf-of-bread)": 0.036493996158242226,
    "robot-gripping(red-box-of-cereal)": 0.06088697324351718,
    "robot-gripping(red-can-of-soda)": 0.19639016020422181
}