{
    "on-table(milk-carton,wood-table)": 0.17125622239351893,
    "on-table(milk-carton,black-table)": 0.010131246206583455,
    "on-table(milk-carton,white-table)": 0.8341075852513313,
    "on-table(lemon,wood-table)": 0.4637553395392994,
    "on-table(lemon,black-table)": 0.32745730797372136,
    "on-table(lemon,white-table)": 0.0406269104181168,
    "on-table(green-bottle,wood-table)": 0.9979181985060374,
    "on-table(green-bottle,black-table)": 0.3279877751669839,
    "on-table(green-bottle,white-table)": 0.00442074119253751,
    "on-table(loaf-of-bread,wood-table)": 0.9896815121173859,
    "on-table(loaf-of-bread,black-table)": 0.29450977968190273,
    "on-table(loaf-of-bread,white-table)": 0.0075192798381067405,
    "on-table(red-box-of-cereal,wood-table)": 0.5059657859965228,
    "on-table(red-box-of-cereal,black-table)": 0.1595444998141223,
    "on-table(red-box-of-cereal,white-table)": 0.44974481337703764,
    "on-table(red-can-of-soda,wood-table)": 0.16662189524140558,
    "on-table(red-can-of-soda,black-table)": 0.00544535098591344,
    "on-table(red-can-of-soda,white-table)": 0.866527592142423,
    "robot-gripper-empty()": 0.8926505446434021,
    "robot-gripping(milk-carton)": 0.19623854756355286,
    "robot-gripping(lemon)": 0.3099200042585532,
    "robot-gripping(green-bottle)": 0.10310144800071915,
    "robot-gripping(loaf-of-bread)": 0.1729395193979144,
    "robot-gripping(red-box-of-cereal)": 0.10315266903489828,
    "robot-gripping(red-can-of-soda)": 0.29206688857326907
}