{
    "on-table(milk-carton,wood-table)": 0.0907639463742574,
    "on-table(milk-carton,black-table)": 0.09751422201952664,
    "on-table(milk-carton,white-table)": 0.27583791803529795,
    "on-table(lemon,wood-table)": 0.18554114278716347,
    "on-table(lemon,black-table)": 0.016869875573623478,
    "on-table(lemon,white-table)": 0.8416992407292128,
    "on-table(green-bottle,wood-table)": 0.1695385221973993,
    "on-table(green-bottle,black-table)": 0.8339368362600604,
    "on-table(green-bottle,white-table)": 0.007036067213751569,
    "on-table(loaf-of-bread,wood-table)": 0.29613979688535136,
    "on-table(loaf-of-bread,black-table)": 0.11534419549085821,
    "on-table(loaf-of-bread,white-table)": 0.09930453069197635,
    "on-table(red-box-of-cereal,wood-table)": 0.006210351726622321,
    "on-table(red-box-of-cereal,black-table)": 0.010865772985804748,
    "on-table(red-box-of-cereal,white-table)": 0.0033111822206895645,
    "on-table(red-can-of-soda,wood-table)": 0.018958938734916348,
    "on-table(red-can-of-soda,black-table)": 0.14762139768572524,
    "on-table(red-can-of-soda,white-table)": 0.004024855962294775,
    "robot-gripper-empty()": 0.7479470316320658,
    "robot-gripping(milk-carton)": 0.14100370680292448,
    "robot-gripping(lemon)": 0.07352755699927609,
    "robot-gripping(green-bottle)": 0.20614483176420131,
    "robot-gripping(loaf-of-bread)": 0.1278818678110838,
    "robot-gripping(red-box-of-cereal)": 0.10010842924627165,
    "robot-gripping(red-can-of-soda)": 0.562723872407029
}