{
    "on-table(milk-carton,wood-table)": 0.31768464266012114,
    "on-table(milk-carton,black-table)": 0.025490979867754504,
    "on-table(milk-carton,white-table)": 0.11812487859666969,
    "on-table(lemon,wood-table)": 0.05917909068618125,
    "on-table(lemon,black-table)": 0.8354934478799502,
    "on-table(lemon,white-table)": 0.0032728568024443425,
    "on-table(green-bottle,wood-table)": 0.1684848565807139,
    "on-table(green-bottle,black-table)": 0.0013393553248685446,
    "on-table(green-bottle,white-table)": 0.8348764823749661,
    "on-table(loaf-of-bread,wood-table)": 0.1790206323591216,
    "on-table(loaf-of-bread,black-table)": 0.004080584636540152,
    "on-table(loaf-of-bread,white-table)": 0.04500926277250983,
    "on-table(red-box-of-cereal,wood-table)": 0.006162535471958108,
    "on-table(red-box-of-cereal,black-table)": 0.0693024095914249,
    "on-table(red-box-of-cereal,white-table)": 0.14196100804110756,
    "on-table(red-can-of-soda,wood-table)": 0.13826556342003946,
    "on-table(red-can-of-soda,black-table)": 0.6754827371332794,
    "on-table(red-can-of-soda,white-table)": 0.005696273669400398,
    "robot-gripper-empty()": 0.9626689255237579,
    "robot-gripping(milk-carton)": 0.09699226915836334,
    "robot-gripping(lemon)": 0.0483487401312838,
    "robot-gripping(green-bottle)": 0.014542210818035528,
    "robot-gripping(loaf-of-bread)": 0.05942171749969324,
    "robot-gripping(red-box-of-cereal)": 0.04717220946137483,
    "robot-gripping(red-can-of-soda)": 0.15952801626796523
}