{
    "on-table(milk-carton,wood-table)": 0.0761062300298363,
    "on-table(milk-carton,black-table)": 0.6722076485554377,
    "on-table(milk-carton,white-table)": 0.10924746261601588,
    "on-table(lemon,wood-table)": 0.8007152513600886,
    "on-table(lemon,black-table)": 0.3913677299581953,
    "on-table(lemon,white-table)": 0.16787180821120273,
    "on-table(green-bottle,wood-table)": 0.17007278764989073,
    "on-table(green-bottle,black-table)": 0.8573388184110323,
    "on-table(green-bottle,white-table)": 0.0017549485193436947,
    "on-table(loaf-of-bread,wood-table)": 0.21442715846933424,
    "on-table(loaf-of-bread,black-table)": 0.4769406298485895,
    "on-table(loaf-of-bread,white-table)": 0.17675883664924186,
    "on-table(red-box-of-cereal,wood-table)": 0.33948381392595667,
    "on-table(red-box-of-cereal,black-table)": 0.6792569871370991,
    "on-table(red-box-of-cereal,white-table)": 0.16765828940939778,
    "on-table(red-can-of-soda,wood-table)": 0.9885721405347189,
    "on-table(red-can-of-soda,black-table)": 0.3312765994937763,
    "on-table(red-can-of-soda,white-table)": 0.16619922562267675,
    "robot-gripper-empty()": 0.9383209347724915,
    "robot-gripping(milk-carton)": 0.10480310985197623,
    "robot-gripping(lemon)": 0.12384837648520867,
    "robot-gripping(green-bottle)": 0.07485956349410117,
    "robot-gripping(loaf-of-bread)": 0.11196573808168371,
    "robot-gripping(red-box-of-cereal)": 0.06563915436466534,
    "robot-gripping(red-can-of-soda)": 0.1797618685134997
}