{
    "on-table(milk-carton,wood-table)": 0.5724539129684368,
    "on-table(milk-carton,black-table)": 0.024338373390492052,
    "on-table(milk-carton,white-table)": 0.23355499581278613,
    "on-table(lemon,wood-table)": 0.17017800927472612,
    "on-table(lemon,black-table)": 0.8298313400397698,
    "on-table(lemon,white-table)": 0.10942491826775343,
    "on-table(green-bottle,wood-table)": 0.8364576712871591,
    "on-table(green-bottle,black-table)": 0.17272063267144708,
    "on-table(green-bottle,white-table)": 0.007812661566617862,
    "on-table(loaf-of-bread,wood-table)": 0.7074951031245291,
    "on-table(loaf-of-bread,black-table)": 0.0566125896319439,
    "on-table(loaf-of-bread,white-table)": 0.1710056948965454,
    "on-table(red-box-of-cereal,wood-table)": 0.8506635390222073,
    "on-table(red-box-of-cereal,black-table)": 0.17167510495589036,
    "on-table(red-box-of-cereal,white-table)": 0.01792293528706068,
    "on-table(red-can-of-soda,wood-table)": 0.7488275816043218,
    "on-table(red-can-of-soda,black-table)": 0.17994738293176246,
    "on-table(red-can-of-soda,white-table)": 0.12122328607438249,
    "robot-gripper-empty()": 0.8781870206197103,
    "robot-gripping(milk-carton)": 0.24584236244360605,
    "robot-gripping(lemon)": 0.10893274440119664,
    "robot-gripping(green-bottle)": 0.12656806801290563,
    "robot-gripping(loaf-of-bread)": 0.08885383357604344,
    "robot-gripping(red-box-of-cereal)": 0.19282381453861794,
    "robot-gripping(red-can-of-soda)": 0.3463535935928424
}