{
    "on-table(milk-carton,wood-table)": 0.3560458878055215,
    "on-table(milk-carton,black-table)": 0.16591486862550178,
    "on-table(milk-carton,white-table)": 0.40191670864199597,
    "on-table(lemon,wood-table)": 0.18772972350901304,
    "on-table(lemon,black-table)": 0.0029290788799395764,
    "on-table(lemon,white-table)": 0.6841415790840983,
    "on-table(green-bottle,wood-table)": 0.16580747005840143,
    "on-table(green-bottle,black-table)": 0.0020964595330497104,
    "on-table(green-bottle,white-table)": 0.8347251086185375,
    "on-table(loaf-of-bread,wood-table)": 0.6942045534960926,
    "on-table(loaf-of-bread,black-table)": 0.0600581500135983,
    "on-table(loaf-of-bread,white-table)": 0.02444046186186218,
    "on-table(red-box-of-cereal,wood-table)": 0.19596372977927481,
    "on-table(red-box-of-cereal,black-table)": 0.8507407928506533,
    "on-table(red-box-of-cereal,white-table)": 0.025984643879079766,
    "on-table(red-can-of-soda,wood-table)": 0.23395263627025997,
    "on-table(red-can-of-soda,black-table)": 0.8786151806513468,
    "on-table(red-can-of-soda,white-table)": 0.009133877815353722,
    "robot-gripper-empty()": 0.8043878401319186,
    "robot-gripping(milk-carton)": 0.35834191367030144,
    "robot-gripping(lemon)": 0.06328542934109767,
    "robot-gripping(green-bottle)": 0.01889258297160268,
    "robot-gripping(loaf-of-bread)": 0.16177808865904808,
    "robot-gripping(red-box-of-cereal)": 0.3083633780479431,
    "robot-gripping(red-can-of-soda)": 0.4691397709151109
}