{
    "on-table(milk-carton,wood-table)": 0.035091268830001354,
    "on-table(milk-carton,black-table)": 0.24123099260032177,
    "on-table(milk-carton,white-table)": 0.34330692716563743,
    "on-table(lemon,wood-table)": 0.8677143553892771,
    "on-table(lemon,black-table)": 0.1666767647547355,
    "on-table(lemon,white-table)": 0.10511688766473526,
    "on-table(green-bottle,wood-table)": 0.8310565128728437,
    "on-table(green-bottle,black-table)": 0.16792130032694294,
    "on-table(green-bottle,white-table)": 0.004570111946842796,
    "on-table(loaf-of-bread,wood-table)": 0.06863350774316739,
    "on-table(loaf-of-bread,black-table)": 0.07251147867646068,
    "on-table(loaf-of-bread,white-table)": 0.5596627924436083,
    "on-table(red-box-of-cereal,wood-table)": 0.004863053686373557,
    "on-table(red-box-of-cereal,black-table)": 0.20010399461413422,
    "on-table(red-box-of-cereal,white-table)": 0.005975059873890132,
    "on-table(red-can-of-soda,wood-table)": 0.0056223237625090405,
    "on-table(red-can-of-soda,black-table)": 0.2309559804465001,
    "on-table(red-can-of-soda,white-table)": 0.05983002740443529,
    "robot-gripper-empty()": 0.9560972650845846,
    "robot-gripping(milk-carton)": 0.14530786188940206,
    "robot-gripping(lemon)": 0.05302556154007713,
    "robot-gripping(green-bottle)": 0.12254273398624112,
    "robot-gripping(loaf-of-bread)": 0.09666444353448848,
    "robot-gripping(red-box-of-cereal)": 0.02945222513517365,
    "robot-gripping(red-can-of-soda)": 0.1349669003393501
}