{
    "on-table(milk-carton,wood-table)": 0.3094224553788081,
    "on-table(milk-carton,black-table)": 0.9317830900351206,
    "on-table(milk-carton,white-table)": 0.07559021332660147,
    "on-table(lemon,wood-table)": 0.18488685538371405,
    "on-table(lemon,black-table)": 0.1257524271204602,
    "on-table(lemon,white-table)": 0.03433049249482186,
    "on-table(green-bottle,wood-table)": 0.1674747880194142,
    "on-table(green-bottle,black-table)": 0.0028202173806069672,
    "on-table(green-bottle,white-table)": 0.8361513627072176,
    "on-table(loaf-of-bread,wood-table)": 0.7567368422945341,
    "on-table(loaf-of-bread,black-table)": 0.2062256390369536,
    "on-table(loaf-of-bread,white-table)": 0.06447746519249146,
    "on-table(red-box-of-cereal,wood-table)": 0.3970039299844454,
    "on-table(red-box-of-cereal,black-table)": 0.39894338259667467,
    "on-table(red-box-of-cereal,white-table)": 0.09278473780917314,
    "on-table(red-can-of-soda,wood-table)": 0.21174650467158548,
    "on-table(red-can-of-soda,black-table)": 0.329021555284271,
    "on-table(red-can-of-soda,white-table)": 0.009595921799094262,
    "robot-gripper-empty()": 0.8718706915775934,
    "robot-gripping(milk-carton)": 0.1653212281720092,
    "robot-gripping(lemon)": 0.08492333938678105,
    "robot-gripping(green-bottle)": 0.00974145659711212,
    "robot-gripping(loaf-of-bread)": 0.13307625357992947,
    "robot-gripping(red-box-of-cereal)": 0.0955790050405388,
    "robot-gripping(red-can-of-soda)": 0.08597276592627168
}