{
    "on-table(milk-carton,wood-table)": 0.23320814916708818,
    "on-table(milk-carton,black-table)": 0.08441023334550361,
    "on-table(milk-carton,white-table)": 0.23097692616283894,
    "on-table(lemon,wood-table)": 0.8160402489205202,
    "on-table(lemon,black-table)": 0.036821396345809866,
    "on-table(lemon,white-table)": 0.04475983044221721,
    "on-table(green-bottle,wood-table)": 0.3326341295032762,
    "on-table(green-bottle,black-table)": 0.01286044722655788,
    "on-table(green-bottle,white-table)": 0.169509856767642,
    "on-table(loaf-of-bread,wood-table)": 0.28321834397502244,
    "on-table(loaf-of-bread,black-table)": 0.12970710875621685,
    "on-table(loaf-of-bread,white-table)": 0.19043534295633435,
    "on-table(red-box-of-cereal,wood-table)": 0.00546244892757386,
    "on-table(red-box-of-cereal,black-table)": 0.004995587980374694,
    "on-table(red-box-of-cereal,white-table)": 0.003787508583627641,
    "on-table(red-can-of-soda,wood-table)": 0.023337262459487345,
    "on-table(red-can-of-soda,black-table)": 0.03104304915177636,
    "on-table(red-can-of-soda,white-table)": 0.01515607590166231,
    "robot-gripper-empty()": 0.8221518462523818,
    "robot-gripping(milk-carton)": 0.1474338434636593,
    "robot-gripping(lemon)": 0.2017669171715776,
    "robot-gripping(green-bottle)": 0.023231116705574095,
    "robot-gripping(loaf-of-bread)": 0.1326045154904326,
    "robot-gripping(red-box-of-cereal)": 0.008923289366066456,
    "robot-gripping(red-can-of-soda)": 0.03129377091924349
}