{
    "on-table(milk-carton,wood-table)": 0.4243039176799357,
    "on-table(milk-carton,black-table)": 0.03530448937696443,
    "on-table(milk-carton,white-table)": 0.6935043189053735,
    "on-table(lemon,wood-table)": 0.7451431878531972,
    "on-table(lemon,black-table)": 0.20399158378597804,
    "on-table(lemon,white-table)": 0.07533734719163476,
    "on-table(green-bottle,wood-table)": 0.012019824285137778,
    "on-table(green-bottle,black-table)": 0.0023109534102066696,
    "on-table(green-bottle,white-table)": 0.8649167940020561,
    "on-table(loaf-of-bread,wood-table)": 0.2800670840467016,
    "on-table(loaf-of-bread,black-table)": 0.1635363519647702,
    "on-table(loaf-of-bread,white-table)": 0.43379375035874546,
    "on-table(red-box-of-cereal,wood-table)": 0.9321618974208832,
    "on-table(red-box-of-cereal,black-table)": 0.33570729271741584,
    "on-table(red-box-of-cereal,white-table)": 0.005543196341629179,
    "on-table(red-can-of-soda,wood-table)": 0.3661489857865187,
    "on-table(red-can-of-soda,black-table)": 0.9122077226638794,
    "on-table(red-can-of-soda,white-table)": 0.004863216800004011,
    "robot-gripper-empty()": 0.837463508049647,
    "robot-gripping(milk-carton)": 0.1700343250607451,
    "robot-gripping(lemon)": 0.04449217510409653,
    "robot-gripping(green-bottle)": 0.02332519427485143,
    "robot-gripping(loaf-of-bread)": 0.09155792898188035,
    "robot-gripping(red-box-of-cereal)": 0.10805602751982708,
    "robot-gripping(red-can-of-soda)": 0.19476715459798774
}