{
    "on-table(milk-carton,wood-table)": 0.1539968751797763,
    "on-table(milk-carton,black-table)": 0.06580287862258653,
    "on-table(milk-carton,white-table)": 0.005727256143776079,
    "on-table(lemon,wood-table)": 0.8344073096135011,
    "on-table(lemon,black-table)": 0.16662317131810292,
    "on-table(lemon,white-table)": 0.008752259186924979,
    "on-table(green-bottle,wood-table)": 0.16762798169293092,
    "on-table(green-bottle,black-table)": 0.001633318350589737,
    "on-table(green-bottle,white-table)": 0.8351346696726978,
    "on-table(loaf-of-bread,wood-table)": 0.1116397114819847,
    "on-table(loaf-of-bread,black-table)": 0.02390897183310396,
    "on-table(loaf-of-bread,white-table)": 0.01215521552997719,
    "on-table(red-box-of-cereal,wood-table)": 0.16140638724997794,
    "on-table(red-box-of-cereal,black-table)": 0.11853484222471404,
    "on-table(red-box-of-cereal,white-table)": 0.00208757100335788,
    "on-table(red-can-of-soda,wood-table)": 0.17246351100523802,
    "on-table(red-can-of-soda,black-table)": 0.1763314638058849,
    "on-table(red-can-of-soda,white-table)": 0.0008523183084131839,
    "robot-gripper-empty()": 0.7719634423653284,
    "robot-gripping(milk-carton)": 0.18333674470583597,
    "robot-gripping(lemon)": 0.14114942479257783,
    "robot-gripping(green-bottle)": 0.00868918449850753,
    "robot-gripping(loaf-of-bread)": 0.0776278554306676,
    "robot-gripping(red-box-of-cereal)": 0.2242861568617324,
    "robot-gripping(red-can-of-soda)": 0.5399653433511654
}