{
    "on-table(milk-carton,wood-table)": 0.4081760322054227,
    "on-table(milk-carton,black-table)": 0.06221270250777403,
    "on-table(milk-carton,white-table)": 0.6240275725722313,
    "on-table(lemon,wood-table)": 0.9537676175435384,
    "on-table(lemon,black-table)": 0.2427804560109621,
    "on-table(lemon,white-table)": 0.026092414339852137,
    "on-table(green-bottle,wood-table)": 0.13586032287275884,
    "on-table(green-bottle,black-table)": 0.01208664868715914,
    "on-table(green-bottle,white-table)": 0.8338263488452261,
    "on-table(loaf-of-bread,wood-table)": 0.41804123669862747,
    "on-table(loaf-of-bread,black-table)": 0.28467364866325323,
    "on-table(loaf-of-bread,white-table)": 0.14928985581112406,
    "on-table(red-box-of-cereal,wood-table)": 0.24258119566366076,
    "on-table(red-box-of-cereal,black-table)": 0.18975345968889692,
    "on-table(red-box-of-cereal,white-table)": 0.5026811073572995,
    "on-table(red-can-of-soda,wood-table)": 0.8339472284230093,
    "on-table(red-can-of-soda,black-table)": 0.1684199990321531,
    "on-table(red-can-of-soda,white-table)": 0.0026381535240792195,
    "robot-gripper-empty()": 0.9492097695668539,
    "robot-gripping(milk-carton)": 0.2916983130077521,
    "robot-gripping(lemon)": 0.04819835241263112,
    "robot-gripping(green-bottle)": 0.01582319673616439,
    "robot-gripping(loaf-of-bread)": 0.06383066065609455,
    "robot-gripping(red-box-of-cereal)": 0.04174606610710422,
    "robot-gripping(red-can-of-soda)": 0.08763505890965462
}