{
    "on-table(milk-carton,wood-table)": 0.39713051802633953,
    "on-table(milk-carton,black-table)": 0.5386742549017072,
    "on-table(milk-carton,white-table)": 0.2974086184015808,
    "on-table(lemon,wood-table)": 0.968543271223704,
    "on-table(lemon,black-table)": 0.3276940814542589,
    "on-table(lemon,white-table)": 0.05078242612709497,
    "on-table(green-bottle,wood-table)": 0.1970743061392568,
    "on-table(green-bottle,black-table)": 0.99879190325737,
    "on-table(green-bottle,white-table)": 0.0018849910649502515,
    "on-table(loaf-of-bread,wood-table)": 0.7895742158095042,
    "on-table(loaf-of-bread,black-table)": 0.29380573609281174,
    "on-table(loaf-of-bread,white-table)": 0.17878375292639248,
    "on-table(red-box-of-cereal,wood-table)": 0.3158882512555768,
    "on-table(red-box-of-cereal,black-table)": 0.011923336753776917,
    "on-table(red-box-of-cereal,white-table)": 0.8328443513407061,
    "on-table(red-can-of-soda,wood-table)": 0.9995685915152231,
    "on-table(red-can-of-soda,black-table)": 0.16218748606055064,
    "on-table(red-can-of-soda,white-table)": 0.32696489445080107,
    "robot-gripper-empty()": 0.8853971064090729,
    "robot-gripping(milk-carton)": 0.21368719389041266,
    "robot-gripping(lemon)": 0.07297787489369512,
    "robot-gripping(green-bottle)": 0.16251549016063413,
    "robot-gripping(loaf-of-bread)": 0.1362163027127584,
    "robot-gripping(red-box-of-cereal)": 0.0512092966431131,
    "robot-gripping(red-can-of-soda)": 0.20545146916992962
}