{
    "on-table(milk-carton,wood-table)": 0.24804450337736247,
    "on-table(milk-carton,black-table)": 0.758464477956295,
    "on-table(milk-carton,white-table)": 0.16035397057385126,
    "on-table(lemon,wood-table)": 0.8923063029845556,
    "on-table(lemon,black-table)": 0.2424672959741656,
    "on-table(lemon,white-table)": 0.045651965413223174,
    "on-table(green-bottle,wood-table)": 0.8405369451890389,
    "on-table(green-bottle,black-table)": 0.32248461833053926,
    "on-table(green-bottle,white-table)": 0.0016145911696791397,
    "on-table(loaf-of-bread,wood-table)": 0.42708090314408764,
    "on-table(loaf-of-bread,black-table)": 0.4549949032564958,
    "on-table(loaf-of-bread,white-table)": 0.17897180219491324,
    "on-table(red-box-of-cereal,wood-table)": 0.18504929550302526,
    "on-table(red-box-of-cereal,black-table)": 0.8546643008788427,
    "on-table(red-box-of-cereal,white-table)": 0.08706908753568617,
    "on-table(red-can-of-soda,wood-table)": 0.7263586036860943,
    "on-table(red-can-of-soda,black-table)": 0.4220844407597421,
    "on-table(red-can-of-soda,white-table)": 0.002923245562669763,
    "robot-gripper-empty()": 0.8391925642887751,
    "robot-gripping(milk-carton)": 0.18104565205673376,
    "robot-gripping(lemon)": 0.12880585311601558,
    "robot-gripping(green-bottle)": 0.20484068539614478,
    "robot-gripping(loaf-of-bread)": 0.15267576122035584,
    "robot-gripping(red-box-of-cereal)": 0.18156980785230795,
    "robot-gripping(red-can-of-soda)": 0.28277608185696107
}