{
    "on-table(milk-carton,wood-table)": 0.4434144439098115,
    "on-table(milk-carton,black-table)": 0.21490023529622704,
    "on-table(milk-carton,white-table)": 0.1878931219689548,
    "on-table(lemon,wood-table)": 0.2782253866510776,
    "on-table(lemon,black-table)": 0.6788126304745674,
    "on-table(lemon,white-table)": 0.030619471518927337,
    "on-table(green-bottle,wood-table)": 0.16251034616531493,
    "on-table(green-bottle,black-table)": 0.001339343455811104,
    "on-table(green-bottle,white-table)": 0.8345644968406608,
    "on-table(loaf-of-bread,wood-table)": 0.6813745802889267,
    "on-table(loaf-of-bread,black-table)": 0.14088976921326926,
    "on-table(loaf-of-bread,white-table)": 0.05109132578703187,
    "on-table(red-box-of-cereal,wood-table)": 0.2387843075945663,
    "on-table(red-box-of-cereal,black-table)": 0.19492224683441842,
    "on-table(red-box-of-cereal,white-table)": 0.14794486202299595,
    "on-table(red-can-of-soda,wood-table)": 0.2967851568876843,
    "on-table(red-can-of-soda,black-table)": 0.1692907385622675,
    "on-table(red-can-of-soda,white-table)": 0.5519710397347808,
    "robot-gripper-empty()": 0.44794682050511864,
    "robot-gripping(milk-carton)": 0.6459900476038456,
    "robot-gripping(lemon)": 0.08364792847229789,
    "robot-gripping(green-bottle)": 0.020589809166267514,
    "robot-gripping(loaf-of-bread)": 0.3220350568493207,
    "robot-gripping(red-box-of-cereal)": 0.6915955639754733,
    "robot-gripping(red-can-of-soda)": 0.7752103681365649
}