{
    "on-table(milk-carton,wood-table)": 0.12765717273578048,
    "on-table(milk-carton,black-table)": 0.24895204852024713,
    "on-table(milk-carton,white-table)": 0.32816167796651524,
    "on-table(lemon,wood-table)": 0.07258767547318712,
    "on-table(lemon,black-table)": 0.1886492487974465,
    "on-table(lemon,white-table)": 0.20206945443836352,
    "on-table(green-bottle,wood-table)": 0.9110183815161387,
    "on-table(green-bottle,black-table)": 0.334218287513977,
    "on-table(green-bottle,white-table)": 0.0010115544347968353,
    "on-table(loaf-of-bread,wood-table)": 0.07842007675208151,
    "on-table(loaf-of-bread,black-table)": 0.12399259234856193,
    "on-table(loaf-of-bread,white-table)": 0.5768469840598603,
    "on-table(red-box-of-cereal,wood-table)": 0.4301231953528865,
    "on-table(red-box-of-cereal,black-table)": 0.3731159266923593,
    "on-table(red-box-of-cereal,white-table)": 0.00939185965641324,
    "on-table(red-can-of-soda,wood-table)": 0.8179082804902768,
    "on-table(red-can-of-soda,black-table)": 0.22325653653570043,
    "on-table(red-can-of-soda,white-table)": 0.001516620765717865,
    "robot-gripper-empty()": 0.6581335850059986,
    "robot-gripping(milk-carton)": 0.33307242548714083,
    "robot-gripping(lemon)": 0.3978659805531303,
    "robot-gripping(green-bottle)": 0.17674543623191616,
    "robot-gripping(loaf-of-bread)": 0.13292686315253377,
    "robot-gripping(red-box-of-cereal)": 0.14396214729640633,
    "robot-gripping(red-can-of-soda)": 0.2462848712069293
}