{
    "on-table(milk-carton,wood-table)": 0.22254827447856465,
    "on-table(milk-carton,black-table)": 0.09626866954689224,
    "on-table(milk-carton,white-table)": 0.5644589227934679,
    "on-table(lemon,wood-table)": 0.249949739780277,
    "on-table(lemon,black-table)": 0.2716736502231167,
    "on-table(lemon,white-table)": 0.6928061304691558,
    "on-table(green-bottle,wood-table)": 0.33687167007398483,
    "on-table(green-bottle,black-table)": 0.9977385103702545,
    "on-table(green-bottle,white-table)": 0.1425213588254337,
    "on-table(loaf-of-bread,wood-table)": 0.3943804480756323,
    "on-table(loaf-of-bread,black-table)": 0.010253423301037401,
    "on-table(loaf-of-bread,white-table)": 0.6032099177440008,
    "on-table(red-box-of-cereal,wood-table)": 0.3171985034714453,
    "on-table(red-box-of-cereal,black-table)": 0.0006012712625912778,
    "on-table(red-box-of-cereal,white-table)": 0.8332152553678801,
    "on-table(red-can-of-soda,wood-table)": 0.18162776865453148,
    "on-table(red-can-of-soda,black-table)": 0.16513162834841447,
    "on-table(red-can-of-soda,white-table)": 0.6787463126141423,
    "robot-gripper-empty()": 0.8004911492268244,
    "robot-gripping(milk-carton)": 0.315022524446249,
    "robot-gripping(lemon)": 0.12267705580840509,
    "robot-gripping(green-bottle)": 0.19249861656377712,
    "robot-gripping(loaf-of-bread)": 0.13175083976238966,
    "robot-gripping(red-box-of-cereal)": 0.2686685915493096,
    "robot-gripping(red-can-of-soda)": 0.5772434963534275
}