{
    "on-table(milk-carton,wood-table)": 0.15407634941705814,
    "on-table(milk-carton,black-table)": 0.1453644900193467,
    "on-table(milk-carton,white-table)": 0.8466924491027991,
    "on-table(lemon,wood-table)": 0.0035783704418766624,
    "on-table(lemon,black-table)": 0.0442139370473645,
    "on-table(lemon,white-table)": 0.018481038937655587,
    "on-table(green-bottle,wood-table)": 0.22470643859317838,
    "on-table(green-bottle,black-table)": 0.8695095032453537,
    "on-table(green-bottle,white-table)": 0.013499082043457141,
    "on-table(loaf-of-bread,wood-table)": 0.15191062167286873,
    "on-table(loaf-of-bread,black-table)": 0.8352717037002245,
    "on-table(loaf-of-bread,white-table)": 0.07024207614934615,
    "on-table(red-box-of-cereal,wood-table)": 0.21937441065286598,
    "on-table(red-box-of-cereal,black-table)": 0.7915339684501911,
    "on-table(red-box-of-cereal,white-table)": 0.017515562576591037,
    "on-table(red-can-of-soda,wood-table)": 0.17284568783361465,
    "on-table(red-can-of-soda,black-table)": 0.8293146582630774,
    "on-table(red-can-of-soda,white-table)": 0.014186245467802413,
    "robot-gripper-empty()": 0.9271849195162455,
    "robot-gripping(milk-carton)": 0.16355953738093376,
    "robot-gripping(lemon)": 0.037804062167803444,
    "robot-gripping(green-bottle)": 0.07394550511768709,
    "robot-gripping(loaf-of-bread)": 0.15178384197254977,
    "robot-gripping(red-box-of-cereal)": 0.06364481872878969,
    "robot-gripping(red-can-of-soda)": 0.08075091266073287
}