{
    "on-table(milk-carton,wood-table)": 0.06342185051956524,
    "on-table(milk-carton,black-table)": 0.6353600481525064,
    "on-table(milk-carton,white-table)": 0.06119233273299566,
    "on-table(lemon,wood-table)": 0.0190761979126061,
    "on-table(lemon,black-table)": 0.4725996624183608,
    "on-table(lemon,white-table)": 0.024581848915355902,
    "on-table(green-bottle,wood-table)": 0.765987874319156,
    "on-table(green-bottle,black-table)": 0.20574126451845132,
    "on-table(green-bottle,white-table)": 0.040570903004133164,
    "on-table(loaf-of-bread,wood-table)": 0.1702843577756236,
    "on-table(loaf-of-bread,black-table)": 0.5801629779549936,
    "on-table(loaf-of-bread,white-table)": 0.17768112411916567,
    "on-table(red-box-of-cereal,wood-table)": 0.01361310935074774,
    "on-table(red-box-of-cereal,black-table)": 0.3926287672948092,
    "on-table(red-box-of-cereal,white-table)": 0.010583678272572191,
    "on-table(red-can-of-soda,wood-table)": 0.16851052644051379,
    "on-table(red-can-of-soda,black-table)": 0.2970297413897545,
    "on-table(red-can-of-soda,white-table)": 0.0051653381533469656,
    "robot-gripper-empty()": 0.7214098821083704,
    "robot-gripping(milk-carton)": 0.3020912278443575,
    "robot-gripping(lemon)": 0.0840677535161376,
    "robot-gripping(green-bottle)": 0.19069066271185875,
    "robot-gripping(loaf-of-bread)": 0.08870043745264411,
    "robot-gripping(red-box-of-cereal)": 0.37911994305128854,
    "robot-gripping(red-can-of-soda)": 0.6463178060948849
}