{
    "on-table(milk-carton,wood-table)": 0.3836260839355721,
    "on-table(milk-carton,black-table)": 0.006834588561711523,
    "on-table(milk-carton,white-table)": 0.8161376888553301,
    "on-table(lemon,wood-table)": 0.8720539659261703,
    "on-table(lemon,black-table)": 0.16694332752786067,
    "on-table(lemon,white-table)": 0.14499678994070564,
    "on-table(green-bottle,wood-table)": 0.166939592701965,
    "on-table(green-bottle,black-table)": 0.833264748158399,
    "on-table(green-bottle,white-table)": 0.049778008064701375,
    "on-table(loaf-of-bread,wood-table)": 0.1310120321189364,
    "on-table(loaf-of-bread,black-table)": 0.0028460347384680063,
    "on-table(loaf-of-bread,white-table)": 0.3278934508562088,
    "on-table(red-box-of-cereal,wood-table)": 0.36187692714156583,
    "on-table(red-box-of-cereal,black-table)": 0.009958526230851325,
    "on-table(red-box-of-cereal,white-table)": 0.8243885824534422,
    "on-table(red-can-of-soda,wood-table)": 0.9981372356414795,
    "on-table(red-can-of-soda,black-table)": 0.1663211376514179,
    "on-table(red-can-of-soda,white-table)": 0.1682778086324106,
    "robot-gripper-empty()": 0.7927817950646082,
    "robot-gripping(milk-carton)": 0.13012090573708215,
    "robot-gripping(lemon)": 0.083479728239278,
    "robot-gripping(green-bottle)": 0.18361600366188213,
    "robot-gripping(loaf-of-bread)": 0.07682305108755827,
    "robot-gripping(red-box-of-cereal)": 0.06363033576053567,
    "robot-gripping(red-can-of-soda)": 0.18339248052022109
}