{
    "on-table(milk-carton,wood-table)": 0.8642169187466303,
    "on-table(milk-carton,black-table)": 0.16647942374887256,
    "on-table(milk-carton,white-table)": 0.06585050853270029,
    "on-table(lemon,wood-table)": 0.17458206274386612,
    "on-table(lemon,black-table)": 0.3079091735529194,
    "on-table(lemon,white-table)": 0.019226672698399245,
    "on-table(green-bottle,wood-table)": 0.1497211898919583,
    "on-table(green-bottle,black-table)": 0.7845752645904819,
    "on-table(green-bottle,white-table)": 0.09005832035093893,
    "on-table(loaf-of-bread,wood-table)": 0.7827903792106857,
    "on-table(loaf-of-bread,black-table)": 0.10721342597389594,
    "on-table(loaf-of-bread,white-table)": 0.16981094431927582,
    "on-table(red-box-of-cereal,wood-table)": 0.9547704656918844,
    "on-table(red-box-of-cereal,black-table)": 0.3179097433986347,
    "on-table(red-box-of-cereal,white-table)": 0.06865481051863753,
    "on-table(red-can-of-soda,wood-table)": 0.9613293011983236,
    "on-table(red-can-of-soda,black-table)": 0.325520387149254,
    "on-table(red-can-of-soda,white-table)": 0.0654511260001982,
    "robot-gripper-empty()": 0.7550904223074516,
    "robot-gripping(milk-carton)": 0.12807209293047586,
    "robot-gripping(lemon)": 0.03510759072378278,
    "robot-gripping(green-bottle)": 0.3174864335451275,
    "robot-gripping(loaf-of-bread)": 0.07837102453534801,
    "robot-gripping(red-box-of-cereal)": 0.055994483564669885,
    "robot-gripping(red-can-of-soda)": 0.13144197314977646
}