{
    "on-table(milk-carton,wood-table)": 0.4109627137368079,
    "on-table(milk-carton,black-table)": 0.7321412939733515,
    "on-table(milk-carton,white-table)": 0.035011274371451385,
    "on-table(lemon,wood-table)": 0.861139049132665,
    "on-table(lemon,black-table)": 0.17522984987302456,
    "on-table(lemon,white-table)": 0.05200912559560796,
    "on-table(green-bottle,wood-table)": 0.17051850861753337,
    "on-table(green-bottle,black-table)": 0.17226038903118024,
    "on-table(green-bottle,white-table)": 0.002198711243181606,
    "on-table(loaf-of-bread,wood-table)": 0.6466113273054361,
    "on-table(loaf-of-bread,black-table)": 0.06909213881226606,
    "on-table(loaf-of-bread,white-table)": 0.1713253889670341,
    "on-table(red-box-of-cereal,wood-table)": 0.37531158576409024,
    "on-table(red-box-of-cereal,black-table)": 0.30385900440160185,
    "on-table(red-box-of-cereal,white-table)": 0.0489118442152782,
    "on-table(red-can-of-soda,wood-table)": 0.9276215334733328,
    "on-table(red-can-of-soda,black-table)": 0.32553700171187455,
    "on-table(red-can-of-soda,white-table)": 0.029572998122678957,
    "robot-gripper-empty()": 0.4205620039526063,
    "robot-gripping(milk-carton)": 0.25579268011885387,
    "robot-gripping(lemon)": 0.23777793743647635,
    "robot-gripping(green-bottle)": 0.7932900575300058,
    "robot-gripping(loaf-of-bread)": 0.07781022631873687,
    "robot-gripping(red-box-of-cereal)": 0.04221150265463317,
    "robot-gripping(red-can-of-soda)": 0.10272212858156611
}