{
    "on-table(milk-carton,wood-table)": 0.4189870871293048,
    "on-table(milk-carton,black-table)": 0.16082170719649488,
    "on-table(milk-carton,white-table)": 0.18981213484463902,
    "on-table(lemon,wood-table)": 0.9885698060194651,
    "on-table(lemon,black-table)": 0.31959135232705194,
    "on-table(lemon,white-table)": 0.04615290048392732,
    "on-table(green-bottle,wood-table)": 0.9247682193915049,
    "on-table(green-bottle,black-table)": 0.33405687127530354,
    "on-table(green-bottle,white-table)": 0.03018094172792492,
    "on-table(loaf-of-bread,wood-table)": 0.8626635869344076,
    "on-table(loaf-of-bread,black-table)": 0.1128791027610229,
    "on-table(loaf-of-bread,white-table)": 0.12965177974062195,
    "on-table(red-box-of-cereal,wood-table)": 0.15168597064863812,
    "on-table(red-box-of-cereal,black-table)": 0.008368238357434166,
    "on-table(red-box-of-cereal,white-table)": 0.25386881152007845,
    "on-table(red-can-of-soda,wood-table)": 0.019670166856788757,
    "on-table(red-can-of-soda,black-table)": 0.004545012596281595,
    "on-table(red-can-of-soda,white-table)": 0.18634066569939023,
    "robot-gripper-empty()": 0.9446301360925039,
    "robot-gripping(milk-carton)": 0.4297579439977805,
    "robot-gripping(lemon)": 0.1145855076611042,
    "robot-gripping(green-bottle)": 0.09524469325939815,
    "robot-gripping(loaf-of-bread)": 0.19216797252496085,
    "robot-gripping(red-box-of-cereal)": 0.0304981074295938,
    "robot-gripping(red-can-of-soda)": 0.07394820094729464
}