{
    "on-table(milk-carton,wood-table)": 0.4559554159641266,
    "on-table(milk-carton,black-table)": 0.11217098702521373,
    "on-table(milk-carton,white-table)": 0.4202075350719194,
    "on-table(lemon,wood-table)": 0.4758061534848821,
    "on-table(lemon,black-table)": 0.8871743281682333,
    "on-table(lemon,white-table)": 0.003552473385752819,
    "on-table(green-bottle,wood-table)": 0.17043911540046489,
    "on-table(green-bottle,black-table)": 0.16961926253050782,
    "on-table(green-bottle,white-table)": 0.0018088426789593843,
    "on-table(loaf-of-bread,wood-table)": 0.6734155813852946,
    "on-table(loaf-of-bread,black-table)": 0.2220568541670218,
    "on-table(loaf-of-bread,white-table)": 0.1428236685557446,
    "on-table(red-box-of-cereal,wood-table)": 0.21304101436786974,
    "on-table(red-box-of-cereal,black-table)": 0.021622294323606184,
    "on-table(red-box-of-cereal,white-table)": 0.7298580470184485,
    "on-table(red-can-of-soda,wood-table)": 0.021254663733998314,
    "on-table(red-can-of-soda,black-table)": 0.6857058014720678,
    "on-table(red-can-of-soda,white-table)": 0.4220013669328182,
    "robot-gripper-empty()": 0.4707738535362296,
    "robot-gripping(milk-carton)": 0.28362472526108223,
    "robot-gripping(lemon)": 0.02621429436840117,
    "robot-gripping(green-bottle)": 0.6470725135877728,
    "robot-gripping(loaf-of-bread)": 0.031801243390267096,
    "robot-gripping(red-box-of-cereal)": 0.03256082573231348,
    "robot-gripping(red-can-of-soda)": 0.1139864076685626
}