{
    "on-table(milk-carton,wood-table)": 0.5475898810351888,
    "on-table(milk-carton,black-table)": 0.12046016145783749,
    "on-table(milk-carton,white-table)": 0.21962149280443555,
    "on-table(lemon,wood-table)": 0.6726872762665153,
    "on-table(lemon,black-table)": 0.003231804892152468,
    "on-table(lemon,white-table)": 0.00413577314198695,
    "on-table(green-bottle,wood-table)": 0.17117856513990168,
    "on-table(green-bottle,black-table)": 0.1745362139596788,
    "on-table(green-bottle,white-table)": 0.0026605156466151434,
    "on-table(loaf-of-bread,wood-table)": 0.2518953423326214,
    "on-table(loaf-of-bread,black-table)": 0.026196742275108893,
    "on-table(loaf-of-bread,white-table)": 0.19238833718312284,
    "on-table(red-box-of-cereal,wood-table)": 0.17264358731821025,
    "on-table(red-box-of-cereal,black-table)": 0.011903174632000931,
    "on-table(red-box-of-cereal,white-table)": 0.9470261136690775,
    "on-table(red-can-of-soda,wood-table)": 0.16863517648622897,
    "on-table(red-can-of-soda,black-table)": 0.014006481623709988,
    "on-table(red-can-of-soda,white-table)": 0.9975152413050333,
    "robot-gripper-empty()": 0.36702119254429516,
    "robot-gripping(milk-carton)": 0.25693463052933413,
    "robot-gripping(lemon)": 0.27718307376684,
    "robot-gripping(green-bottle)": 0.7269734111614525,
    "robot-gripping(loaf-of-bread)": 0.06512133249392112,
    "robot-gripping(red-box-of-cereal)": 0.03004743088968098,
    "robot-gripping(red-can-of-soda)": 0.0746273713230039
}