{
    "on-table(milk-carton,wood-table)": 0.0764598782795171,
    "on-table(milk-carton,black-table)": 0.7436234603325526,
    "on-table(milk-carton,white-table)": 0.024517861813365016,
    "on-table(lemon,wood-table)": 0.17924723512260243,
    "on-table(lemon,black-table)": 0.005153852505486611,
    "on-table(lemon,white-table)": 0.6787179342160622,
    "on-table(green-bottle,wood-table)": 0.17528342567190217,
    "on-table(green-bottle,black-table)": 0.013766501040057241,
    "on-table(green-bottle,white-table)": 0.9842642545700073,
    "on-table(loaf-of-bread,wood-table)": 0.1626064020092599,
    "on-table(loaf-of-bread,black-table)": 0.5212407270058369,
    "on-table(loaf-of-bread,white-table)": 0.06612123010321132,
    "on-table(red-box-of-cereal,wood-table)": 0.41080676950514317,
    "on-table(red-box-of-cereal,black-table)": 0.8915355900923411,
    "on-table(red-box-of-cereal,white-table)": 0.148872831231832,
    "on-table(red-can-of-soda,wood-table)": 0.6712913339336714,
    "on-table(red-can-of-soda,black-table)": 0.5032198119209473,
    "on-table(red-can-of-soda,white-table)": 0.013966049179847081,
    "robot-gripper-empty()": 0.770722230275472,
    "robot-gripping(milk-carton)": 0.18431862855019668,
    "robot-gripping(lemon)": 0.14913603849709034,
    "robot-gripping(green-bottle)": 0.058104434671501316,
    "robot-gripping(loaf-of-bread)": 0.21405656872472414,
    "robot-gripping(red-box-of-cereal)": 0.17893893993459642,
    "robot-gripping(red-can-of-soda)": 0.22847096850940338
}