{
    "on-table(milk-carton,wood-table)": 0.3842435802022616,
    "on-table(milk-carton,black-table)": 0.4456414406498273,
    "on-table(milk-carton,white-table)": 0.15594635837866613,
    "on-table(lemon,wood-table)": 0.2584498060750775,
    "on-table(lemon,black-table)": 0.5238435282371938,
    "on-table(lemon,white-table)": 0.007803279650640131,
    "on-table(green-bottle,wood-table)": 0.17026856003212743,
    "on-table(green-bottle,black-table)": 0.1725242861081521,
    "on-table(green-bottle,white-table)": 0.0008319863306193535,
    "on-table(loaf-of-bread,wood-table)": 0.6502759698778391,
    "on-table(loaf-of-bread,black-table)": 0.16931905805055672,
    "on-table(loaf-of-bread,white-table)": 0.11163363792002201,
    "on-table(red-box-of-cereal,wood-table)": 0.21266844077035785,
    "on-table(red-box-of-cereal,black-table)": 0.43677593519290286,
    "on-table(red-box-of-cereal,white-table)": 0.20854040584830122,
    "on-table(red-can-of-soda,wood-table)": 0.17132382898853393,
    "on-table(red-can-of-soda,black-table)": 0.17867645063476326,
    "on-table(red-can-of-soda,white-table)": 0.8241387357314428,
    "robot-gripper-empty()": 0.31296953647203435,
    "robot-gripping(milk-carton)": 0.3801144578804572,
    "robot-gripping(lemon)": 0.3842600781548147,
    "robot-gripping(green-bottle)": 0.8178707630528758,
    "robot-gripping(loaf-of-bread)": 0.09954746013196807,
    "robot-gripping(red-box-of-cereal)": 0.024525888002244756,
    "robot-gripping(red-can-of-soda)": 0.0852554780334079
}