{
    "on-table(milk-carton,wood-table)": 0.24180904543027282,
    "on-table(milk-carton,black-table)": 0.8044911747177442,
    "on-table(milk-carton,white-table)": 0.004911594364481668,
    "on-table(lemon,wood-table)": 0.17590267748649543,
    "on-table(lemon,black-table)": 0.013123685948812636,
    "on-table(lemon,white-table)": 0.998299260934194,
    "on-table(green-bottle,wood-table)": 0.042695954146135286,
    "on-table(green-bottle,black-table)": 0.8469534938534101,
    "on-table(green-bottle,white-table)": 0.0008238225987042824,
    "on-table(loaf-of-bread,wood-table)": 0.5154199954122305,
    "on-table(loaf-of-bread,black-table)": 0.3790304206140718,
    "on-table(loaf-of-bread,white-table)": 0.009874302495897306,
    "on-table(red-box-of-cereal,wood-table)": 0.6316665398577849,
    "on-table(red-box-of-cereal,black-table)": 0.781064921990037,
    "on-table(red-box-of-cereal,white-table)": 0.009721249566913078,
    "on-table(red-can-of-soda,wood-table)": 0.7866680684189001,
    "on-table(red-can-of-soda,black-table)": 0.33836071260278305,
    "on-table(red-can-of-soda,white-table)": 0.00209109165840952,
    "robot-gripper-empty()": 0.8426800022522608,
    "robot-gripping(milk-carton)": 0.22032851291199526,
    "robot-gripping(lemon)": 0.042703733779489994,
    "robot-gripping(green-bottle)": 0.161144895091032,
    "robot-gripping(loaf-of-bread)": 0.147843301606675,
    "robot-gripping(red-box-of-cereal)": 0.2329854095199456,
    "robot-gripping(red-can-of-soda)": 0.21294964865470925
}