{
    "on-table(milk-carton,wood-table)": 0.28184736737360555,
    "on-table(milk-carton,black-table)": 0.8028190682331721,
    "on-table(milk-carton,white-table)": 0.147526811415446,
    "on-table(lemon,wood-table)": 0.07758805609773844,
    "on-table(lemon,black-table)": 0.1670919524913188,
    "on-table(lemon,white-table)": 0.04766590228488591,
    "on-table(green-bottle,wood-table)": 0.21777880916003292,
    "on-table(green-bottle,black-table)": 0.007996397065539895,
    "on-table(green-bottle,white-table)": 0.8396475153664748,
    "on-table(loaf-of-bread,wood-table)": 0.2616857783868909,
    "on-table(loaf-of-bread,black-table)": 0.6297693873445193,
    "on-table(loaf-of-bread,white-table)": 0.025940061551106435,
    "on-table(red-box-of-cereal,wood-table)": 0.05206934778834693,
    "on-table(red-box-of-cereal,black-table)": 0.29051252563173574,
    "on-table(red-box-of-cereal,white-table)": 0.018752818010398187,
    "on-table(red-can-of-soda,wood-table)": 0.24905615272534,
    "on-table(red-can-of-soda,black-table)": 0.16171365318950848,
    "on-table(red-can-of-soda,white-table)": 0.680223474589487,
    "robot-gripper-empty()": 0.42149670332825434,
    "robot-gripping(milk-carton)": 0.46791581623256207,
    "robot-gripping(lemon)": 0.06933879029626648,
    "robot-gripping(green-bottle)": 0.021282016532495618,
    "robot-gripping(loaf-of-bread)": 0.12816223377982774,
    "robot-gripping(red-box-of-cereal)": 0.6785994783664743,
    "robot-gripping(red-can-of-soda)": 0.6991867444788417
}