{
    "on-table(milk-carton,wood-table)": 0.3037414414187272,
    "on-table(milk-carton,black-table)": 0.07452375775513549,
    "on-table(milk-carton,white-table)": 0.2686239229515195,
    "on-table(lemon,wood-table)": 0.2987237063546975,
    "on-table(lemon,black-table)": 0.049176920438185334,
    "on-table(lemon,white-table)": 0.1944594761977593,
    "on-table(green-bottle,wood-table)": 0.49767646969606477,
    "on-table(green-bottle,black-table)": 0.14194295304090096,
    "on-table(green-bottle,white-table)": 0.19727066681177044,
    "on-table(loaf-of-bread,wood-table)": 0.4186597317457199,
    "on-table(loaf-of-bread,black-table)": 0.1315492542926222,
    "on-table(loaf-of-bread,white-table)": 0.24801744780658433,
    "on-table(red-box-of-cereal,wood-table)": 0.1051309266864943,
    "on-table(red-box-of-cereal,black-table)": 0.0311382039168772,
    "on-table(red-box-of-cereal,white-table)": 0.15383254554277906,
    "on-table(red-can-of-soda,wood-table)": 0.06657671726619203,
    "on-table(red-can-of-soda,black-table)": 0.16716227653281143,
    "on-table(red-can-of-soda,white-table)": 0.325164368628369,
    "robot-gripper-empty()": 0.9608522554238638,
    "robot-gripping(milk-carton)": 0.3506677784025669,
    "robot-gripping(lemon)": 0.13485011334220567,
    "robot-gripping(green-bottle)": 0.12495435370753209,
    "robot-gripping(loaf-of-bread)": 0.13854115828871727,
    "robot-gripping(red-box-of-cereal)": 0.04722550387183825,
    "robot-gripping(red-can-of-soda)": 0.1014499111721913
}