{
    "on-table(milk-carton,wood-table)": 0.7625474693874518,
    "on-table(milk-carton,black-table)": 0.3243455922990203,
    "on-table(milk-carton,white-table)": 0.36816028820855234,
    "on-table(lemon,wood-table)": 0.9986540774504343,
    "on-table(lemon,black-table)": 0.3176586827284306,
    "on-table(lemon,white-table)": 0.011446320429361853,
    "on-table(green-bottle,wood-table)": 0.1433931427721594,
    "on-table(green-bottle,black-table)": 0.010584718021164008,
    "on-table(green-bottle,white-table)": 0.9911661446094513,
    "on-table(loaf-of-bread,wood-table)": 0.8443470895290375,
    "on-table(loaf-of-bread,black-table)": 0.2082112065885061,
    "on-table(loaf-of-bread,white-table)": 0.16555589800069961,
    "on-table(red-box-of-cereal,wood-table)": 0.03835579130342618,
    "on-table(red-box-of-cereal,black-table)": 0.14940175720645735,
    "on-table(red-box-of-cereal,white-table)": 0.6687475577152023,
    "on-table(red-can-of-soda,wood-table)": 0.21741651477835452,
    "on-table(red-can-of-soda,black-table)": 0.16752984512762245,
    "on-table(red-can-of-soda,white-table)": 0.5607243207438538,
    "robot-gripper-empty()": 0.8613012631734213,
    "robot-gripping(milk-carton)": 0.24410313243667284,
    "robot-gripping(lemon)": 0.06720827954510848,
    "robot-gripping(green-bottle)": 0.1655177545423309,
    "robot-gripping(loaf-of-bread)": 0.12446565181016922,
    "robot-gripping(red-box-of-cereal)": 0.2801548807571332,
    "robot-gripping(red-can-of-soda)": 0.507568092395862
}