{
    "on-table(milk-carton,wood-table)": 0.31513739282187697,
    "on-table(milk-carton,black-table)": 0.7646018415689468,
    "on-table(milk-carton,white-table)": 0.10565081165502004,
    "on-table(lemon,wood-table)": 0.6781375519931316,
    "on-table(lemon,black-table)": 0.2587049340818339,
    "on-table(lemon,white-table)": 0.06928952737810808,
    "on-table(green-bottle,wood-table)": 0.8337837935735782,
    "on-table(green-bottle,black-table)": 0.33394858422737644,
    "on-table(green-bottle,white-table)": 0.08397130800343196,
    "on-table(loaf-of-bread,wood-table)": 0.609669474263986,
    "on-table(loaf-of-bread,black-table)": 0.2683560180448694,
    "on-table(loaf-of-bread,white-table)": 0.13789044144020104,
    "on-table(red-box-of-cereal,wood-table)": 0.33939563820604235,
    "on-table(red-box-of-cereal,black-table)": 0.25669194775400683,
    "on-table(red-box-of-cereal,white-table)": 0.07775382664597903,
    "on-table(red-can-of-soda,wood-table)": 0.23057347146095708,
    "on-table(red-can-of-soda,black-table)": 0.09112963953521103,
    "on-table(red-can-of-soda,white-table)": 0.01911182429951926,
    "robot-gripper-empty()": 0.6343734030767033,
    "robot-gripping(milk-carton)": 0.2894366091738145,
    "robot-gripping(lemon)": 0.11340042358885209,
    "robot-gripping(green-bottle)": 0.13536018955831727,
    "robot-gripping(loaf-of-bread)": 0.24778259390344223,
    "robot-gripping(red-box-of-cereal)": 0.4872963173935811,
    "robot-gripping(red-can-of-soda)": 0.5678601615751783
}