{
    "on-table(milk-carton,wood-table)": 0.45791603345423937,
    "on-table(milk-carton,black-table)": 0.05573062476954268,
    "on-table(milk-carton,white-table)": 0.1126839360804297,
    "on-table(lemon,wood-table)": 0.019131684724319104,
    "on-table(lemon,black-table)": 0.0017479054131399607,
    "on-table(lemon,white-table)": 0.30330991189111955,
    "on-table(green-bottle,wood-table)": 0.8335836397794386,
    "on-table(green-bottle,black-table)": 0.16681712921503808,
    "on-table(green-bottle,white-table)": 0.0008193446775142851,
    "on-table(loaf-of-bread,wood-table)": 0.009359527044580318,
    "on-table(loaf-of-bread,black-table)": 0.001504804438203185,
    "on-table(loaf-of-bread,white-table)": 0.5048967985009464,
    "on-table(red-box-of-cereal,wood-table)": 0.0037270835722059323,
    "on-table(red-box-of-cereal,black-table)": 0.4002738870040048,
    "on-table(red-box-of-cereal,white-table)": 0.018214244817500003,
    "on-table(red-can-of-soda,wood-table)": 0.16643749236512426,
    "on-table(red-can-of-soda,black-table)": 0.8075829553320849,
    "on-table(red-can-of-soda,white-table)": 0.023771468332294415,
    "robot-gripper-empty()": 0.8183920197188854,
    "robot-gripping(milk-carton)": 0.25123023707419634,
    "robot-gripping(lemon)": 0.047923812797913946,
    "robot-gripping(green-bottle)": 0.07592020088729139,
    "robot-gripping(loaf-of-bread)": 0.06316599653412898,
    "robot-gripping(red-box-of-cereal)": 0.09623521409230307,
    "robot-gripping(red-can-of-soda)": 0.1622275592914472
}