{
    "on-table(milk-carton,wood-table)": 0.8548606435457865,
    "on-table(milk-carton,black-table)": 0.30680740366248455,
    "on-table(milk-carton,white-table)": 0.1107131852186285,
    "on-table(lemon,wood-table)": 0.17695512927214926,
    "on-table(lemon,black-table)": 0.05662155419789391,
    "on-table(lemon,white-table)": 0.9991583625475565,
    "on-table(green-bottle,wood-table)": 0.2351062004290725,
    "on-table(green-bottle,black-table)": 0.881531779964765,
    "on-table(green-bottle,white-table)": 0.0011367260726729,
    "on-table(loaf-of-bread,wood-table)": 0.1871368115146955,
    "on-table(loaf-of-bread,black-table)": 0.12961217454479387,
    "on-table(loaf-of-bread,white-table)": 0.5121831813206276,
    "on-table(red-box-of-cereal,wood-table)": 0.2964581574196927,
    "on-table(red-box-of-cereal,black-table)": 0.991998145977656,
    "on-table(red-box-of-cereal,white-table)": 0.00541055805903549,
    "on-table(red-can-of-soda,wood-table)": 0.289986477146158,
    "on-table(red-can-of-soda,black-table)": 0.9969242513179779,
    "on-table(red-can-of-soda,white-table)": 0.0010160990414078697,
    "robot-gripper-empty()": 0.8627129296461741,
    "robot-gripping(milk-carton)": 0.22725463969012102,
    "robot-gripping(lemon)": 0.10477617476135492,
    "robot-gripping(green-bottle)": 0.13061392101614425,
    "robot-gripping(loaf-of-bread)": 0.09815593436360359,
    "robot-gripping(red-box-of-cereal)": 0.06401385863622029,
    "robot-gripping(red-can-of-soda)": 0.11380759820652504
}