{
    "on-table(milk-carton,wood-table)": 0.38910511462017894,
    "on-table(milk-carton,black-table)": 0.008735499888037642,
    "on-table(milk-carton,white-table)": 0.6788647236147275,
    "on-table(lemon,wood-table)": 0.17866617238663215,
    "on-table(lemon,black-table)": 0.8336693497840315,
    "on-table(lemon,white-table)": 0.16507851875697574,
    "on-table(green-bottle,wood-table)": 0.1690883245949711,
    "on-table(green-bottle,black-table)": 0.7171596872697895,
    "on-table(green-bottle,white-table)": 0.003459765750600733,
    "on-table(loaf-of-bread,wood-table)": 0.4403727295187612,
    "on-table(loaf-of-bread,black-table)": 0.0799747523269616,
    "on-table(loaf-of-bread,white-table)": 0.5997107364237309,
    "on-table(red-box-of-cereal,wood-table)": 0.8128707666570941,
    "on-table(red-box-of-cereal,black-table)": 0.03721614837680439,
    "on-table(red-box-of-cereal,white-table)": 0.028651766163269105,
    "on-table(red-can-of-soda,wood-table)": 0.8429433597872654,
    "on-table(red-can-of-soda,black-table)": 0.17076091044630934,
    "on-table(red-can-of-soda,white-table)": 0.010158039586561548,
    "robot-gripper-empty()": 0.918444832166036,
    "robot-gripping(milk-carton)": 0.11962226778268814,
    "robot-gripping(lemon)": 0.03420471757029494,
    "robot-gripping(green-bottle)": 0.10569221735931933,
    "robot-gripping(loaf-of-bread)": 0.09948776258776586,
    "robot-gripping(red-box-of-cereal)": 0.18592447508126497,
    "robot-gripping(red-can-of-soda)": 0.3369682990014553
}