{
    "on-table(milk-carton,wood-table)": 0.04347299105332544,
    "on-table(milk-carton,black-table)": 0.7319618063047528,
    "on-table(milk-carton,white-table)": 0.05457022393723795,
    "on-table(lemon,wood-table)": 0.020178631762973964,
    "on-table(lemon,black-table)": 0.24461567281832686,
    "on-table(lemon,white-table)": 0.01956425952569892,
    "on-table(green-bottle,wood-table)": 0.8315385193563998,
    "on-table(green-bottle,black-table)": 0.16825761785800827,
    "on-table(green-bottle,white-table)": 0.005558617111243318,
    "on-table(loaf-of-bread,wood-table)": 0.17952017505497983,
    "on-table(loaf-of-bread,black-table)": 0.5925561175681651,
    "on-table(loaf-of-bread,white-table)": 0.17924825172425093,
    "on-table(red-box-of-cereal,wood-table)": 0.007180308690294623,
    "on-table(red-box-of-cereal,black-table)": 0.6607732068902502,
    "on-table(red-box-of-cereal,white-table)": 0.026600805853377096,
    "on-table(red-can-of-soda,wood-table)": 0.0020250273337296676,
    "on-table(red-can-of-soda,black-table)": 0.8327636582544073,
    "on-table(red-can-of-soda,white-table)": 0.006893267022254197,
    "robot-gripper-empty()": 0.7433909320582947,
    "robot-gripping(milk-carton)": 0.18704913991192976,
    "robot-gripping(lemon)": 0.06279469762618343,
    "robot-gripping(green-bottle)": 0.18044730683322996,
    "robot-gripping(loaf-of-bread)": 0.06522025881956021,
    "robot-gripping(red-box-of-cereal)": 0.14052360749337822,
    "robot-gripping(red-can-of-soda)": 0.0653974109251673
}