{
    "on-table(milk-carton,wood-table)": 0.28302667483027716,
    "on-table(milk-carton,black-table)": 0.07926059847189511,
    "on-table(milk-carton,white-table)": 0.9579888681570689,
    "on-table(lemon,wood-table)": 0.20733767944329884,
    "on-table(lemon,black-table)": 0.0038438724164583014,
    "on-table(lemon,white-table)": 0.9998302261034647,
    "on-table(green-bottle,wood-table)": 0.15991048833044866,
    "on-table(green-bottle,black-table)": 0.1127734347318589,
    "on-table(green-bottle,white-table)": 0.9997355242570242,
    "on-table(loaf-of-bread,wood-table)": 0.4131271371928354,
    "on-table(loaf-of-bread,black-table)": 0.010127212502993643,
    "on-table(loaf-of-bread,white-table)": 0.49218958771477145,
    "on-table(red-box-of-cereal,wood-table)": 0.1858173890747518,
    "on-table(red-box-of-cereal,black-table)": 0.07158643639801691,
    "on-table(red-box-of-cereal,white-table)": 0.6149377025431022,
    "on-table(red-can-of-soda,wood-table)": 0.2661636314102604,
    "on-table(red-can-of-soda,black-table)": 0.21249807396331258,
    "on-table(red-can-of-soda,white-table)": 0.8170653035243353,
    "robot-gripper-empty()": 0.7813330243031184,
    "robot-gripping(milk-carton)": 0.2166223612924417,
    "robot-gripping(lemon)": 0.09900275633359949,
    "robot-gripping(green-bottle)": 0.12018496248250206,
    "robot-gripping(loaf-of-bread)": 0.1623210640003284,
    "robot-gripping(red-box-of-cereal)": 0.3211513652155797,
    "robot-gripping(red-can-of-soda)": 0.6541324034333229
}