{
    "on-table(milk-carton,wood-table)": 0.14285051691210052,
    "on-table(milk-carton,black-table)": 0.003211806975135308,
    "on-table(milk-carton,white-table)": 0.8383521704624096,
    "on-table(lemon,wood-table)": 0.1441819346121823,
    "on-table(lemon,black-table)": 0.022506408755702978,
    "on-table(lemon,white-table)": 0.9652045865853628,
    "on-table(green-bottle,wood-table)": 0.9936650594075521,
    "on-table(green-bottle,black-table)": 0.32801218514271113,
    "on-table(green-bottle,white-table)": 0.012239696890257315,
    "on-table(loaf-of-bread,wood-table)": 0.6610310821173092,
    "on-table(loaf-of-bread,black-table)": 0.22491923514462542,
    "on-table(loaf-of-bread,white-table)": 0.12179143445852485,
    "on-table(red-box-of-cereal,wood-table)": 0.6527211184438784,
    "on-table(red-box-of-cereal,black-table)": 0.2759377096663229,
    "on-table(red-box-of-cereal,white-table)": 0.42896542015175027,
    "on-table(red-can-of-soda,wood-table)": 0.1664889766422372,
    "on-table(red-can-of-soda,black-table)": 0.015357597257510255,
    "on-table(red-can-of-soda,white-table)": 0.8372317487373948,
    "robot-gripper-empty()": 0.8327715396881104,
    "robot-gripping(milk-carton)": 0.32965714236100513,
    "robot-gripping(lemon)": 0.15122560101250807,
    "robot-gripping(green-bottle)": 0.19454414816573262,
    "robot-gripping(loaf-of-bread)": 0.2897037783016761,
    "robot-gripping(red-box-of-cereal)": 0.16815636089692512,
    "robot-gripping(red-can-of-soda)": 0.381665850058198
}