{
    "on-table(milk-carton,wood-table)": 0.16390680420833328,
    "on-table(milk-carton,black-table)": 0.7554197162389755,
    "on-table(milk-carton,white-table)": 0.08127780539507512,
    "on-table(lemon,wood-table)": 0.254868107571383,
    "on-table(lemon,black-table)": 0.093775623287911,
    "on-table(lemon,white-table)": 0.8413854924341043,
    "on-table(green-bottle,wood-table)": 0.32234623766028864,
    "on-table(green-bottle,black-table)": 0.999891479810079,
    "on-table(green-bottle,white-table)": 0.007137990699599565,
    "on-table(loaf-of-bread,wood-table)": 0.2828385219909251,
    "on-table(loaf-of-bread,black-table)": 0.5531660180422477,
    "on-table(loaf-of-bread,white-table)": 0.08195251212843384,
    "on-table(red-box-of-cereal,wood-table)": 0.10784863834366358,
    "on-table(red-box-of-cereal,black-table)": 0.307801878649722,
    "on-table(red-box-of-cereal,white-table)": 0.14922603160205958,
    "on-table(red-can-of-soda,wood-table)": 0.1726089429187899,
    "on-table(red-can-of-soda,black-table)": 0.34525616086709005,
    "on-table(red-can-of-soda,white-table)": 0.06070291260160351,
    "robot-gripper-empty()": 0.8892907698949178,
    "robot-gripping(milk-carton)": 0.17181476267675558,
    "robot-gripping(lemon)": 0.09304586797952652,
    "robot-gripping(green-bottle)": 0.1273751714034006,
    "robot-gripping(loaf-of-bread)": 0.12227299126485984,
    "robot-gripping(red-box-of-cereal)": 0.05926660463834802,
    "robot-gripping(red-can-of-soda)": 0.4889518457154433
}