{
    "on-table(milk-carton,wood-table)": 0.19528863364636587,
    "on-table(milk-carton,black-table)": 0.022002649025428884,
    "on-table(milk-carton,white-table)": 0.840963343779246,
    "on-table(lemon,wood-table)": 0.3115131478504433,
    "on-table(lemon,black-table)": 0.1076249285506492,
    "on-table(lemon,white-table)": 0.004465067662143459,
    "on-table(green-bottle,wood-table)": 0.2530385339899415,
    "on-table(green-bottle,black-table)": 0.8386072727541128,
    "on-table(green-bottle,white-table)": 0.003019763302593977,
    "on-table(loaf-of-bread,wood-table)": 0.550393708050251,
    "on-table(loaf-of-bread,black-table)": 0.026327112203944125,
    "on-table(loaf-of-bread,white-table)": 0.05021628417989632,
    "on-table(red-box-of-cereal,wood-table)": 0.022191824081043404,
    "on-table(red-box-of-cereal,black-table)": 0.2699102292923878,
    "on-table(red-box-of-cereal,white-table)": 0.027282800670946017,
    "on-table(red-can-of-soda,wood-table)": 0.2586963763327124,
    "on-table(red-can-of-soda,black-table)": 0.8360015004873276,
    "on-table(red-can-of-soda,white-table)": 0.0027298747015720437,
    "robot-gripper-empty()": 0.7797262159486612,
    "robot-gripping(milk-carton)": 0.21949376227955023,
    "robot-gripping(lemon)": 0.06035100816128155,
    "robot-gripping(green-bottle)": 0.07712632499169558,
    "robot-gripping(loaf-of-bread)": 0.11717459419742227,
    "robot-gripping(red-box-of-cereal)": 0.0947994664311409,
    "robot-gripping(red-can-of-soda)": 0.12230024983485539
}