{
    "on-table(milk-carton,wood-table)": 0.3679394080924491,
    "on-table(milk-carton,black-table)": 0.035844365520461,
    "on-table(milk-carton,white-table)": 0.9114442070325216,
    "on-table(lemon,wood-table)": 0.3571549236464004,
    "on-table(lemon,black-table)": 0.03780680482092672,
    "on-table(lemon,white-table)": 0.7135849297046661,
    "on-table(green-bottle,wood-table)": 0.1666624849379635,
    "on-table(green-bottle,black-table)": 0.018954450398041445,
    "on-table(green-bottle,white-table)": 0.8492226550976435,
    "on-table(loaf-of-bread,wood-table)": 0.35886650532484055,
    "on-table(loaf-of-bread,black-table)": 0.03242012367506201,
    "on-table(loaf-of-bread,white-table)": 0.3682717764750123,
    "on-table(red-box-of-cereal,wood-table)": 0.3422517714595112,
    "on-table(red-box-of-cereal,black-table)": 0.008437836848315783,
    "on-table(red-box-of-cereal,white-table)": 0.8706157555182775,
    "on-table(red-can-of-soda,wood-table)": 0.2692067356838379,
    "on-table(red-can-of-soda,black-table)": 0.008550376645871438,
    "on-table(red-can-of-soda,white-table)": 0.9919406970342001,
    "robot-gripper-empty()": 0.7131285866101583,
    "robot-gripping(milk-carton)": 0.47656907389561337,
    "robot-gripping(lemon)": 0.23459447175264359,
    "robot-gripping(green-bottle)": 0.1186178723971049,
    "robot-gripping(loaf-of-bread)": 0.2743696706990401,
    "robot-gripping(red-box-of-cereal)": 0.2550055868923664,
    "robot-gripping(red-can-of-soda)": 0.5812680398424467
}