{
    "on-table(milk-carton,wood-table)": 0.04132903887269398,
    "on-table(milk-carton,black-table)": 0.42596097926919657,
    "on-table(milk-carton,white-table)": 0.17009204983090362,
    "on-table(lemon,wood-table)": 0.8481864556670189,
    "on-table(lemon,black-table)": 0.15057569778953925,
    "on-table(lemon,white-table)": 0.04655032348849394,
    "on-table(green-bottle,wood-table)": 0.16870575495219478,
    "on-table(green-bottle,black-table)": 0.17159987657214515,
    "on-table(green-bottle,white-table)": 0.0033115424897308308,
    "on-table(loaf-of-bread,wood-table)": 0.06647641570695366,
    "on-table(loaf-of-bread,black-table)": 0.11383275328747307,
    "on-table(loaf-of-bread,white-table)": 0.36741168670899543,
    "on-table(red-box-of-cereal,wood-table)": 0.007838569329275439,
    "on-table(red-box-of-cereal,black-table)": 0.2297399989377785,
    "on-table(red-box-of-cereal,white-table)": 0.01317389000178082,
    "on-table(red-can-of-soda,wood-table)": 0.01134358486160636,
    "on-table(red-can-of-soda,black-table)": 0.3326516377176934,
    "on-table(red-can-of-soda,white-table)": 0.08144222325548374,
    "robot-gripper-empty()": 0.3560173478423773,
    "robot-gripping(milk-carton)": 0.4651579794784387,
    "robot-gripping(lemon)": 0.14164123109852275,
    "robot-gripping(green-bottle)": 0.8147550150752068,
    "robot-gripping(loaf-of-bread)": 0.12879593763500452,
    "robot-gripping(red-box-of-cereal)": 0.05534035691137736,
    "robot-gripping(red-can-of-soda)": 0.36868885861864936
}