{
    "on-table(milk-carton,wood-table)": 0.3544643653246264,
    "on-table(milk-carton,black-table)": 0.04680747720218884,
    "on-table(milk-carton,white-table)": 0.9314713577429453,
    "on-table(lemon,wood-table)": 0.2527719537223068,
    "on-table(lemon,black-table)": 0.08627190561984814,
    "on-table(lemon,white-table)": 0.9322040975093842,
    "on-table(green-bottle,wood-table)": 0.13787523909801772,
    "on-table(green-bottle,black-table)": 0.714163726195693,
    "on-table(green-bottle,white-table)": 0.004286204426837988,
    "on-table(loaf-of-bread,wood-table)": 0.29829317432207364,
    "on-table(loaf-of-bread,black-table)": 0.008945605974683227,
    "on-table(loaf-of-bread,white-table)": 0.8377687881390253,
    "on-table(red-box-of-cereal,wood-table)": 0.26912607066333294,
    "on-table(red-box-of-cereal,black-table)": 0.022609922219999135,
    "on-table(red-box-of-cereal,white-table)": 0.805308535695076,
    "on-table(red-can-of-soda,wood-table)": 0.16284693179962537,
    "on-table(red-can-of-soda,black-table)": 0.7121532649034634,
    "on-table(red-can-of-soda,white-table)": 0.41047235434113344,
    "robot-gripper-empty()": 0.9688118795553843,
    "robot-gripping(milk-carton)": 0.13546357521166405,
    "robot-gripping(lemon)": 0.0780456551971535,
    "robot-gripping(green-bottle)": 0.11853582827219118,
    "robot-gripping(loaf-of-bread)": 0.10807950460972886,
    "robot-gripping(red-box-of-cereal)": 0.115826481487602,
    "robot-gripping(red-can-of-soda)": 0.14156904261714467
}