{
    "on-table(milk-carton,wood-table)": 0.8153861115376154,
    "on-table(milk-carton,black-table)": 0.4791873661088175,
    "on-table(milk-carton,white-table)": 0.0184391354402275,
    "on-table(lemon,wood-table)": 0.16892848212834602,
    "on-table(lemon,black-table)": 0.0005884546395312403,
    "on-table(lemon,white-table)": 0.8342049439282467,
    "on-table(green-bottle,wood-table)": 0.16427705972455442,
    "on-table(green-bottle,black-table)": 0.8342354946459333,
    "on-table(green-bottle,white-table)": 0.0011683117974143897,
    "on-table(loaf-of-bread,wood-table)": 0.4855380207300186,
    "on-table(loaf-of-bread,black-table)": 0.3495118208617593,
    "on-table(loaf-of-bread,white-table)": 0.08194299720344134,
    "on-table(red-box-of-cereal,wood-table)": 0.5516315992378319,
    "on-table(red-box-of-cereal,black-table)": 0.8183196925868591,
    "on-table(red-box-of-cereal,white-table)": 0.01057045654670219,
    "on-table(red-can-of-soda,wood-table)": 0.9957828521728516,
    "on-table(red-can-of-soda,black-table)": 0.33364917012386286,
    "on-table(red-can-of-soda,white-table)": 0.01064663170291169,
    "robot-gripper-empty()": 0.8684220562378565,
    "robot-gripping(milk-carton)": 0.14999330043792725,
    "robot-gripping(lemon)": 0.040385840266632535,
    "robot-gripping(green-bottle)": 0.12081016995944083,
    "robot-gripping(loaf-of-bread)": 0.09484098323931296,
    "robot-gripping(red-box-of-cereal)": 0.086706116485099,
    "robot-gripping(red-can-of-soda)": 0.14289726968854666
}