{
    "on-table(milk-carton,wood-table)": 0.32700846359754604,
    "on-table(milk-carton,black-table)": 0.9324139952659607,
    "on-table(milk-carton,white-table)": 0.05377935437112077,
    "on-table(lemon,wood-table)": 0.23287310213587867,
    "on-table(lemon,black-table)": 0.033694418449461715,
    "on-table(lemon,white-table)": 0.839723814278841,
    "on-table(green-bottle,wood-table)": 0.2409317152147802,
    "on-table(green-bottle,black-table)": 0.9018238733212153,
    "on-table(green-bottle,white-table)": 0.010476676756373612,
    "on-table(loaf-of-bread,wood-table)": 0.40460067180295783,
    "on-table(loaf-of-bread,black-table)": 0.2100038155525302,
    "on-table(loaf-of-bread,white-table)": 0.5042246943339705,
    "on-table(red-box-of-cereal,wood-table)": 0.390694778955852,
    "on-table(red-box-of-cereal,black-table)": 0.9833225806554159,
    "on-table(red-box-of-cereal,white-table)": 0.02354198496323079,
    "on-table(red-can-of-soda,wood-table)": 0.33501338384424645,
    "on-table(red-can-of-soda,black-table)": 0.9995082517464956,
    "on-table(red-can-of-soda,white-table)": 0.003368481795405387,
    "robot-gripper-empty()": 0.9071643948554993,
    "robot-gripping(milk-carton)": 0.10697424784302711,
    "robot-gripping(lemon)": 0.12534961911539236,
    "robot-gripping(green-bottle)": 0.03853686078703807,
    "robot-gripping(loaf-of-bread)": 0.15596707134197155,
    "robot-gripping(red-box-of-cereal)": 0.06848678035506357,
    "robot-gripping(red-can-of-soda)": 0.08229589918240283
}