{
    "on-table(milk-carton,wood-table)": 0.1465294934848013,
    "on-table(milk-carton,black-table)": 0.5645142961293459,
    "on-table(milk-carton,white-table)": 0.4122218235982776,
    "on-table(lemon,wood-table)": 0.03468344131639848,
    "on-table(lemon,black-table)": 0.8296322852062682,
    "on-table(lemon,white-table)": 0.003199060529216998,
    "on-table(green-bottle,wood-table)": 0.09631022490793839,
    "on-table(green-bottle,black-table)": 0.8345240143438181,
    "on-table(green-bottle,white-table)": 0.042001084098198284,
    "on-table(loaf-of-bread,wood-table)": 0.34764567234863836,
    "on-table(loaf-of-bread,black-table)": 0.1780571817944292,
    "on-table(loaf-of-bread,white-table)": 0.2896783314257239,
    "on-table(red-box-of-cereal,wood-table)": 0.09760247138425864,
    "on-table(red-box-of-cereal,black-table)": 0.0042310276676289504,
    "on-table(red-box-of-cereal,white-table)": 0.8334383227241536,
    "on-table(red-can-of-soda,wood-table)": 0.1553091920892863,
    "on-table(red-can-of-soda,black-table)": 0.004225822619749427,
    "on-table(red-can-of-soda,white-table)": 0.8418032340705395,
    "robot-gripper-empty()": 0.9444425304730734,
    "robot-gripping(milk-carton)": 0.11741943502177794,
    "robot-gripping(lemon)": 0.04221398965455592,
    "robot-gripping(green-bottle)": 0.1411964451932969,
    "robot-gripping(loaf-of-bread)": 0.11417030015339454,
    "robot-gripping(red-box-of-cereal)": 0.12684183342692754,
    "robot-gripping(red-can-of-soda)": 0.18938121603180966
}