{
    "on-table(milk-carton,wood-table)": 0.2638183415401727,
    "on-table(milk-carton,black-table)": 0.04200797792873345,
    "on-table(milk-carton,white-table)": 0.8525373314817747,
    "on-table(lemon,wood-table)": 0.18372524882033758,
    "on-table(lemon,black-table)": 0.0238348648660273,
    "on-table(lemon,white-table)": 0.25275509404931046,
    "on-table(green-bottle,wood-table)": 0.2699350440719475,
    "on-table(green-bottle,black-table)": 0.004894269388084164,
    "on-table(green-bottle,white-table)": 0.17301806633152714,
    "on-table(loaf-of-bread,wood-table)": 0.14997813660496226,
    "on-table(loaf-of-bread,black-table)": 0.05780710976493234,
    "on-table(loaf-of-bread,white-table)": 0.12963213942324123,
    "on-table(red-box-of-cereal,wood-table)": 0.6170095205307007,
    "on-table(red-box-of-cereal,black-table)": 0.3285698822583072,
    "on-table(red-box-of-cereal,white-table)": 0.08434317275047458,
    "on-table(red-can-of-soda,wood-table)": 0.9960103929042816,
    "on-table(red-can-of-soda,black-table)": 0.3324603609592221,
    "on-table(red-can-of-soda,white-table)": 0.020333275603055274,
    "robot-gripper-empty()": 0.7918468515078226,
    "robot-gripping(milk-carton)": 0.4508314294119676,
    "robot-gripping(lemon)": 0.132077403832227,
    "robot-gripping(green-bottle)": 0.10519074617574613,
    "robot-gripping(loaf-of-bread)": 0.22619573088983694,
    "robot-gripping(red-box-of-cereal)": 0.27940134921421605,
    "robot-gripping(red-can-of-soda)": 0.37773455306887627
}