{
    "on-table(milk-carton,wood-table)": 0.3041396701980072,
    "on-table(milk-carton,black-table)": 0.057725608189571176,
    "on-table(milk-carton,white-table)": 0.8216912572582563,
    "on-table(lemon,wood-table)": 0.1938127902491639,
    "on-table(lemon,black-table)": 0.8331630793400109,
    "on-table(lemon,white-table)": 0.0030141318893583957,
    "on-table(green-bottle,wood-table)": 0.05112889711745083,
    "on-table(green-bottle,black-table)": 0.004517640222805615,
    "on-table(green-bottle,white-table)": 0.8391448277980089,
    "on-table(loaf-of-bread,wood-table)": 0.30796887741113704,
    "on-table(loaf-of-bread,black-table)": 0.018878188556603465,
    "on-table(loaf-of-bread,white-table)": 0.09776925547824551,
    "on-table(red-box-of-cereal,wood-table)": 0.26960984194496024,
    "on-table(red-box-of-cereal,black-table)": 0.026808201773443823,
    "on-table(red-box-of-cereal,white-table)": 0.6596711851889268,
    "on-table(red-can-of-soda,wood-table)": 0.38885704800486565,
    "on-table(red-can-of-soda,black-table)": 0.018411061678004142,
    "on-table(red-can-of-soda,white-table)": 0.9970691005388895,
    "robot-gripper-empty()": 0.9350727597872416,
    "robot-gripping(milk-carton)": 0.17145236457387605,
    "robot-gripping(lemon)": 0.12520456812732542,
    "robot-gripping(green-bottle)": 0.046063190791755915,
    "robot-gripping(loaf-of-bread)": 0.1649709322179357,
    "robot-gripping(red-box-of-cereal)": 0.17951391676130393,
    "robot-gripping(red-can-of-soda)": 0.20128549821674824
}