{
    "on-table(milk-carton,wood-table)": 0.26497553259832785,
    "on-table(milk-carton,black-table)": 0.37466851451123756,
    "on-table(milk-carton,white-table)": 0.4558204681913291,
    "on-table(lemon,wood-table)": 0.9723633130391439,
    "on-table(lemon,black-table)": 0.3320117439337385,
    "on-table(lemon,white-table)": 0.029347279349773697,
    "on-table(green-bottle,wood-table)": 0.19298836031642472,
    "on-table(green-bottle,black-table)": 0.9984285434087118,
    "on-table(green-bottle,white-table)": 0.007071337428139183,
    "on-table(loaf-of-bread,wood-table)": 0.8710137605667114,
    "on-table(loaf-of-bread,black-table)": 0.20375980372773483,
    "on-table(loaf-of-bread,white-table)": 0.01909127914890026,
    "on-table(red-box-of-cereal,wood-table)": 0.11545046122046188,
    "on-table(red-box-of-cereal,black-table)": 0.0029324785245989915,
    "on-table(red-box-of-cereal,white-table)": 0.8328406334815858,
    "on-table(red-can-of-soda,wood-table)": 0.16631553950719535,
    "on-table(red-can-of-soda,black-table)": 0.0022333046314694607,
    "on-table(red-can-of-soda,white-table)": 0.6669707601249684,
    "robot-gripper-empty()": 0.8212453698118528,
    "robot-gripping(milk-carton)": 0.1379066864028573,
    "robot-gripping(lemon)": 0.06333681382238865,
    "robot-gripping(green-bottle)": 0.1237726433998129,
    "robot-gripping(loaf-of-bread)": 0.09134235543509324,
    "robot-gripping(red-box-of-cereal)": 0.18496104733397564,
    "robot-gripping(red-can-of-soda)": 0.29881541586170596
}