{
    "on-table(milk-carton,wood-table)": 0.23243919061496854,
    "on-table(milk-carton,black-table)": 0.049002230380817004,
    "on-table(milk-carton,white-table)": 0.791178693373998,
    "on-table(lemon,wood-table)": 0.016162302514203475,
    "on-table(lemon,black-table)": 0.006750419748035104,
    "on-table(lemon,white-table)": 0.2582482755919955,
    "on-table(green-bottle,wood-table)": 0.1676110684784362,
    "on-table(green-bottle,black-table)": 0.8331157293287106,
    "on-table(green-bottle,white-table)": 0.0307086068217662,
    "on-table(loaf-of-bread,wood-table)": 0.16114961573233208,
    "on-table(loaf-of-bread,black-table)": 0.0516386494418839,
    "on-table(loaf-of-bread,white-table)": 0.2859429369370143,
    "on-table(red-box-of-cereal,wood-table)": 0.22621496136222655,
    "on-table(red-box-of-cereal,black-table)": 0.004217119170789374,
    "on-table(red-box-of-cereal,white-table)": 0.841311989352107,
    "on-table(red-can-of-soda,wood-table)": 0.2538292491044558,
    "on-table(red-can-of-soda,black-table)": 0.009294292236556126,
    "on-table(red-can-of-soda,white-table)": 0.9648662706216177,
    "robot-gripper-empty()": 0.8342111557722092,
    "robot-gripping(milk-carton)": 0.3892481631288926,
    "robot-gripping(lemon)": 0.030350837002818782,
    "robot-gripping(green-bottle)": 0.17160836052304754,
    "robot-gripping(loaf-of-bread)": 0.16457865107804537,
    "robot-gripping(red-box-of-cereal)": 0.05746950333317121,
    "robot-gripping(red-can-of-soda)": 0.11384861466164391
}