{
    "on-table(milk-carton,wood-table)": 0.11475619665967922,
    "on-table(milk-carton,black-table)": 0.6516472858687242,
    "on-table(milk-carton,white-table)": 0.06572755236023416,
    "on-table(lemon,wood-table)": 0.24631565381908635,
    "on-table(lemon,black-table)": 0.000449390277102187,
    "on-table(lemon,white-table)": 0.8331213703689476,
    "on-table(green-bottle,wood-table)": 0.8328423707862385,
    "on-table(green-bottle,black-table)": 0.17825058776295086,
    "on-table(green-bottle,white-table)": 0.009461754895369268,
    "on-table(loaf-of-bread,wood-table)": 0.1418926550541073,
    "on-table(loaf-of-bread,black-table)": 0.45886704069562256,
    "on-table(loaf-of-bread,white-table)": 0.02569038660052077,
    "on-table(red-box-of-cereal,wood-table)": 0.18741461073902124,
    "on-table(red-box-of-cereal,black-table)": 0.7780287079513073,
    "on-table(red-box-of-cereal,white-table)": 0.07665990832416962,
    "on-table(red-can-of-soda,wood-table)": 0.10367076218487152,
    "on-table(red-can-of-soda,black-table)": 0.06578873573153032,
    "on-table(red-can-of-soda,white-table)": 0.8348134669164816,
    "robot-gripper-empty()": 0.9673304756482443,
    "robot-gripping(milk-carton)": 0.19059144395093122,
    "robot-gripping(lemon)": 0.04562876606360078,
    "robot-gripping(green-bottle)": 0.1471853148735439,
    "robot-gripping(loaf-of-bread)": 0.08067387497673432,
    "robot-gripping(red-box-of-cereal)": 0.16169533975577602,
    "robot-gripping(red-can-of-soda)": 0.1060171458714952
}