{
    "on-table(milk-carton,wood-table)": 0.21700729227935275,
    "on-table(milk-carton,black-table)": 0.12917880361783318,
    "on-table(milk-carton,white-table)": 0.6407239496087035,
    "on-table(lemon,wood-table)": 0.16617303260136396,
    "on-table(lemon,black-table)": 0.8023675171037515,
    "on-table(lemon,white-table)": 0.007865959858160446,
    "on-table(green-bottle,wood-table)": 0.17270003493952876,
    "on-table(green-bottle,black-table)": 0.1772297142788375,
    "on-table(green-bottle,white-table)": 0.0029760854570971182,
    "on-table(loaf-of-bread,wood-table)": 0.19867746982102594,
    "on-table(loaf-of-bread,black-table)": 0.49564293436318013,
    "on-table(loaf-of-bread,white-table)": 0.010592781111578612,
    "on-table(red-box-of-cereal,wood-table)": 0.19449683187607056,
    "on-table(red-box-of-cereal,black-table)": 0.6651220411489097,
    "on-table(red-box-of-cereal,white-table)": 0.021710838582293945,
    "on-table(red-can-of-soda,wood-table)": 0.17519215727224946,
    "on-table(red-can-of-soda,black-table)": 0.655370925727766,
    "on-table(red-can-of-soda,white-table)": 0.003966832453443203,
    "robot-gripper-empty()": 0.1775648565380834,
    "robot-gripping(milk-carton)": 0.13528658209058145,
    "robot-gripping(lemon)": 0.21327507123351097,
    "robot-gripping(green-bottle)": 0.8304510184874138,
    "robot-gripping(loaf-of-bread)": 0.05464805930387229,
    "robot-gripping(red-box-of-cereal)": 0.014865144369347641,
    "robot-gripping(red-can-of-soda)": 0.0942444185881565
}