{
    "on-table(milk-carton,wood-table)": 0.07762742145375039,
    "on-table(milk-carton,black-table)": 0.6758014331959808,
    "on-table(milk-carton,white-table)": 0.25455027355837956,
    "on-table(lemon,wood-table)": 0.027037373603282806,
    "on-table(lemon,black-table)": 0.8329050188185647,
    "on-table(lemon,white-table)": 0.0009837215642770996,
    "on-table(green-bottle,wood-table)": 0.8276928455258409,
    "on-table(green-bottle,black-table)": 0.17091927938368676,
    "on-table(green-bottle,white-table)": 0.0024132197231665486,
    "on-table(loaf-of-bread,wood-table)": 0.16687365614052396,
    "on-table(loaf-of-bread,black-table)": 0.46317739175477374,
    "on-table(loaf-of-bread,white-table)": 0.12488441699921775,
    "on-table(red-box-of-cereal,wood-table)": 0.20789267369157946,
    "on-table(red-box-of-cereal,black-table)": 0.6683454354060814,
    "on-table(red-box-of-cereal,white-table)": 0.34519827948436915,
    "on-table(red-can-of-soda,wood-table)": 0.13089816037245328,
    "on-table(red-can-of-soda,black-table)": 0.14636731094530356,
    "on-table(red-can-of-soda,white-table)": 0.8348966261061529,
    "robot-gripper-empty()": 0.8249404393136501,
    "robot-gripping(milk-carton)": 0.0926674713070194,
    "robot-gripping(lemon)": 0.036415403825230896,
    "robot-gripping(green-bottle)": 0.174113236910974,
    "robot-gripping(loaf-of-bread)": 0.08491198439151049,
    "robot-gripping(red-box-of-cereal)": 0.041965906178423516,
    "robot-gripping(red-can-of-soda)": 0.08917620886738102
}