{
    "on-table(milk-carton,wood-table)": 0.8194634529451529,
    "on-table(milk-carton,black-table)": 0.27481933609306,
    "on-table(milk-carton,white-table)": 0.19664624490299806,
    "on-table(lemon,wood-table)": 0.20665487934214374,
    "on-table(lemon,black-table)": 0.38201411130527657,
    "on-table(lemon,white-table)": 0.21379534772131592,
    "on-table(green-bottle,wood-table)": 0.844740729779005,
    "on-table(green-bottle,black-table)": 0.17205851877236,
    "on-table(green-bottle,white-table)": 0.012336559092242775,
    "on-table(loaf-of-bread,wood-table)": 0.4091345528140664,
    "on-table(loaf-of-bread,black-table)": 0.15309517473603287,
    "on-table(loaf-of-bread,white-table)": 0.2101025050408983,
    "on-table(red-box-of-cereal,wood-table)": 0.8495565752188364,
    "on-table(red-box-of-cereal,black-table)": 0.2689118895110975,
    "on-table(red-box-of-cereal,white-table)": 0.30697408442385193,
    "on-table(red-can-of-soda,wood-table)": 0.9584976434707642,
    "on-table(red-can-of-soda,black-table)": 0.32886280728356115,
    "on-table(red-can-of-soda,white-table)": 0.20451925461490342,
    "robot-gripper-empty()": 0.969028651714325,
    "robot-gripping(milk-carton)": 0.12561358946065107,
    "robot-gripping(lemon)": 0.05889465970297655,
    "robot-gripping(green-bottle)": 0.10364952590316534,
    "robot-gripping(loaf-of-bread)": 0.08009396524478991,
    "robot-gripping(red-box-of-cereal)": 0.06525693531148136,
    "robot-gripping(red-can-of-soda)": 0.09481277534117301
}