{
    "on-table(milk-carton,wood-table)": 0.08333098298559587,
    "on-table(milk-carton,black-table)": 0.7348724206288656,
    "on-table(milk-carton,white-table)": 0.11471621432186414,
    "on-table(lemon,wood-table)": 0.14363809115214585,
    "on-table(lemon,black-table)": 0.844900444149971,
    "on-table(lemon,white-table)": 0.045203241323558054,
    "on-table(green-bottle,wood-table)": 0.3254312494585368,
    "on-table(green-bottle,black-table)": 0.9998122851053873,
    "on-table(green-bottle,white-table)": 0.0977569424834049,
    "on-table(loaf-of-bread,wood-table)": 0.32179843572278816,
    "on-table(loaf-of-bread,black-table)": 0.45257657192026574,
    "on-table(loaf-of-bread,white-table)": 0.19753774324150677,
    "on-table(red-box-of-cereal,wood-table)": 0.1600705795766165,
    "on-table(red-box-of-cereal,black-table)": 0.8343253011504809,
    "on-table(red-box-of-cereal,white-table)": 0.1361011369881453,
    "on-table(red-can-of-soda,wood-table)": 0.06714815912224974,
    "on-table(red-can-of-soda,black-table)": 0.6843810006976128,
    "on-table(red-can-of-soda,white-table)": 0.029644300620323822,
    "robot-gripper-empty()": 0.9308925668398539,
    "robot-gripping(milk-carton)": 0.24698386838038763,
    "robot-gripping(lemon)": 0.06053720569858948,
    "robot-gripping(green-bottle)": 0.07139141236742337,
    "robot-gripping(loaf-of-bread)": 0.1194003423055013,
    "robot-gripping(red-box-of-cereal)": 0.22864487829307714,
    "robot-gripping(red-can-of-soda)": 0.5009923825661341
}