{
    "on-table(milk-carton,wood-table)": 0.19597180591275296,
    "on-table(milk-carton,black-table)": 0.3344427431981482,
    "on-table(milk-carton,white-table)": 0.5164561178535223,
    "on-table(lemon,wood-table)": 0.16224803598379367,
    "on-table(lemon,black-table)": 0.0027735011419167677,
    "on-table(lemon,white-table)": 0.8434111078580221,
    "on-table(green-bottle,wood-table)": 0.002697819245440769,
    "on-table(green-bottle,black-table)": 0.005598358508905221,
    "on-table(green-bottle,white-table)": 0.006047584815405571,
    "on-table(loaf-of-bread,wood-table)": 0.6465725078402708,
    "on-table(loaf-of-bread,black-table)": 0.7258525267631436,
    "on-table(loaf-of-bread,white-table)": 0.024445584039009798,
    "on-table(red-box-of-cereal,wood-table)": 0.1863557146086047,
    "on-table(red-box-of-cereal,black-table)": 0.8417241610586643,
    "on-table(red-box-of-cereal,white-table)": 0.19378002271999625,
    "on-table(red-can-of-soda,wood-table)": 0.11933874846120791,
    "on-table(red-can-of-soda,black-table)": 0.022334695978656782,
    "on-table(red-can-of-soda,white-table)": 0.8345512202164779,
    "robot-gripper-empty()": 0.8871553987264633,
    "robot-gripping(milk-carton)": 0.11800713030000527,
    "robot-gripping(lemon)": 0.03127053248075148,
    "robot-gripping(green-bottle)": 0.02201844158116728,
    "robot-gripping(loaf-of-bread)": 0.049795322275410094,
    "robot-gripping(red-box-of-cereal)": 0.03211530468737086,
    "robot-gripping(red-can-of-soda)": 0.054971008794382215
}