{
    "on-table(milk-carton,wood-table)": 0.28653068307903595,
    "on-table(milk-carton,black-table)": 0.0032756831108902893,
    "on-table(milk-carton,white-table)": 0.8301060075561205,
    "on-table(lemon,wood-table)": 0.06812333538740252,
    "on-table(lemon,black-table)": 0.16271162199943015,
    "on-table(lemon,white-table)": 0.17393682854405293,
    "on-table(green-bottle,wood-table)": 0.16489503725460963,
    "on-table(green-bottle,black-table)": 0.8328826700453646,
    "on-table(green-bottle,white-table)": 0.009698709139305114,
    "on-table(loaf-of-bread,wood-table)": 0.025908105541020632,
    "on-table(loaf-of-bread,black-table)": 0.0025989163356522718,
    "on-table(loaf-of-bread,white-table)": 0.22646316699683666,
    "on-table(red-box-of-cereal,wood-table)": 0.4200705774176943,
    "on-table(red-box-of-cereal,black-table)": 0.006414138351222694,
    "on-table(red-box-of-cereal,white-table)": 0.8157556359656155,
    "on-table(red-can-of-soda,wood-table)": 0.9986653625965118,
    "on-table(red-can-of-soda,black-table)": 0.16637401396595428,
    "on-table(red-can-of-soda,white-table)": 0.16703626637536217,
    "robot-gripper-empty()": 0.6775699928402901,
    "robot-gripping(milk-carton)": 0.16493980896969637,
    "robot-gripping(lemon)": 0.26733595319092274,
    "robot-gripping(green-bottle)": 0.18582212595113864,
    "robot-gripping(loaf-of-bread)": 0.13051526620984077,
    "robot-gripping(red-box-of-cereal)": 0.04963818361284211,
    "robot-gripping(red-can-of-soda)": 0.14443615676524738
}