{
    "on-table(milk-carton,wood-table)": 0.09697494527790695,
    "on-table(milk-carton,black-table)": 0.7619211816539367,
    "on-table(milk-carton,white-table)": 0.16955177119962173,
    "on-table(lemon,wood-table)": 0.1374600497316957,
    "on-table(lemon,black-table)": 0.878530333439509,
    "on-table(lemon,white-table)": 0.003519043398531115,
    "on-table(green-bottle,wood-table)": 0.8414706500868002,
    "on-table(green-bottle,black-table)": 0.3332724492811394,
    "on-table(green-bottle,white-table)": 0.0020177492557801693,
    "on-table(loaf-of-bread,wood-table)": 0.2264744140751039,
    "on-table(loaf-of-bread,black-table)": 0.4070336592073242,
    "on-table(loaf-of-bread,white-table)": 0.19582932293997146,
    "on-table(red-box-of-cereal,wood-table)": 0.05879340802008907,
    "on-table(red-box-of-cereal,black-table)": 0.8220927404860655,
    "on-table(red-box-of-cereal,white-table)": 0.05050434972266279,
    "on-table(red-can-of-soda,wood-table)": 0.5693597476929426,
    "on-table(red-can-of-soda,black-table)": 0.49984790533865936,
    "on-table(red-can-of-soda,white-table)": 0.0019590211084808593,
    "robot-gripper-empty()": 0.8147837370634079,
    "robot-gripping(milk-carton)": 0.172339279204607,
    "robot-gripping(lemon)": 0.16300783026963472,
    "robot-gripping(green-bottle)": 0.2157779207918793,
    "robot-gripping(loaf-of-bread)": 0.2162357217942675,
    "robot-gripping(red-box-of-cereal)": 0.179850541598474,
    "robot-gripping(red-can-of-soda)": 0.19622113668204597
}