{
    "on-table(milk-carton,wood-table)": 0.3026225622549343,
    "on-table(milk-carton,black-table)": 0.01140717009866421,
    "on-table(milk-carton,white-table)": 0.6838827654719353,
    "on-table(lemon,wood-table)": 0.17142689503816655,
    "on-table(lemon,black-table)": 0.014055625322725973,
    "on-table(lemon,white-table)": 0.07211321036993468,
    "on-table(green-bottle,wood-table)": 0.768229132052511,
    "on-table(green-bottle,black-table)": 0.16799703297802657,
    "on-table(green-bottle,white-table)": 0.002341452178749629,
    "on-table(loaf-of-bread,wood-table)": 0.8151222976545492,
    "on-table(loaf-of-bread,black-table)": 0.19375577594253932,
    "on-table(loaf-of-bread,white-table)": 0.1530059526636857,
    "on-table(red-box-of-cereal,wood-table)": 0.6432341848267242,
    "on-table(red-box-of-cereal,black-table)": 0.5162301713911196,
    "on-table(red-box-of-cereal,white-table)": 0.003854224099389588,
    "on-table(red-can-of-soda,wood-table)": 0.2479922702514159,
    "on-table(red-can-of-soda,black-table)": 0.9713912705580393,
    "on-table(red-can-of-soda,white-table)": 0.0113540351399782,
    "robot-gripper-empty()": 0.8992702265580496,
    "robot-gripping(milk-carton)": 0.1819807734961311,
    "robot-gripping(lemon)": 0.0785526781110093,
    "robot-gripping(green-bottle)": 0.16552594556317976,
    "robot-gripping(loaf-of-bread)": 0.11437678484556575,
    "robot-gripping(red-box-of-cereal)": 0.08473308621129642,
    "robot-gripping(red-can-of-soda)": 0.16013816433648267
}