{
    "on-table(milk-carton,wood-table)": 0.24353741706969836,
    "on-table(milk-carton,black-table)": 0.06652262563390347,
    "on-table(milk-carton,white-table)": 0.6841998944679896,
    "on-table(lemon,wood-table)": 0.8439411222934723,
    "on-table(lemon,black-table)": 0.09629429672990379,
    "on-table(lemon,white-table)": 0.02547970092079292,
    "on-table(green-bottle,wood-table)": 0.6925266066100448,
    "on-table(green-bottle,black-table)": 0.169626344442122,
    "on-table(green-bottle,white-table)": 0.002495400171937945,
    "on-table(loaf-of-bread,wood-table)": 0.19465767669801912,
    "on-table(loaf-of-bread,black-table)": 0.0668479193894503,
    "on-table(loaf-of-bread,white-table)": 0.08756317933633302,
    "on-table(red-box-of-cereal,wood-table)": 0.04794946873153094,
    "on-table(red-box-of-cereal,black-table)": 0.11425493319984525,
    "on-table(red-box-of-cereal,white-table)": 0.592947242471079,
    "on-table(red-can-of-soda,wood-table)": 0.16576885040315878,
    "on-table(red-can-of-soda,black-table)": 0.012369062199240943,
    "on-table(red-can-of-soda,white-table)": 0.8374697572241226,
    "robot-gripper-empty()": 0.7535006453593572,
    "robot-gripping(milk-carton)": 0.47279442846775055,
    "robot-gripping(lemon)": 0.08341976348310709,
    "robot-gripping(green-bottle)": 0.08280779079844554,
    "robot-gripping(loaf-of-bread)": 0.20512357105811438,
    "robot-gripping(red-box-of-cereal)": 0.239229764478902,
    "robot-gripping(red-can-of-soda)": 0.4168716973314683
}