{
    "on-table(milk-carton,wood-table)": 0.25114873284474015,
    "on-table(milk-carton,black-table)": 0.36159909801426693,
    "on-table(milk-carton,white-table)": 0.5311551345512271,
    "on-table(lemon,wood-table)": 0.214156101224944,
    "on-table(lemon,black-table)": 0.001761781838619451,
    "on-table(lemon,white-table)": 0.9995178977648417,
    "on-table(green-bottle,wood-table)": 0.15616708878466548,
    "on-table(green-bottle,black-table)": 0.0014958556912082106,
    "on-table(green-bottle,white-table)": 0.835066323944678,
    "on-table(loaf-of-bread,wood-table)": 0.2671552648146947,
    "on-table(loaf-of-bread,black-table)": 0.3299148543058739,
    "on-table(loaf-of-bread,white-table)": 0.49982444988563657,
    "on-table(red-box-of-cereal,wood-table)": 0.22589385572064202,
    "on-table(red-box-of-cereal,black-table)": 0.8447174852093061,
    "on-table(red-box-of-cereal,white-table)": 0.04213073437495041,
    "on-table(red-can-of-soda,wood-table)": 0.2201957869644199,
    "on-table(red-can-of-soda,black-table)": 0.8538540303707123,
    "on-table(red-can-of-soda,white-table)": 0.008871217706655443,
    "robot-gripper-empty()": 0.9334764381249746,
    "robot-gripping(milk-carton)": 0.19399710341046253,
    "robot-gripping(lemon)": 0.0730793244826297,
    "robot-gripping(green-bottle)": 0.04752851923694834,
    "robot-gripping(loaf-of-bread)": 0.13274738906572262,
    "robot-gripping(red-box-of-cereal)": 0.12316919898148626,
    "robot-gripping(red-can-of-soda)": 0.1579396448408564
}