{
    "on-table(milk-carton,wood-table)": 0.7395085568229357,
    "on-table(milk-carton,black-table)": 0.2917784607658784,
    "on-table(milk-carton,white-table)": 0.13947602179056653,
    "on-table(lemon,wood-table)": 0.17978888724004113,
    "on-table(lemon,black-table)": 0.1043147140402046,
    "on-table(lemon,white-table)": 0.01970110602511947,
    "on-table(green-bottle,wood-table)": 0.07608514440410848,
    "on-table(green-bottle,black-table)": 0.8338746344670653,
    "on-table(green-bottle,white-table)": 0.010725278103564051,
    "on-table(loaf-of-bread,wood-table)": 0.6199567404886087,
    "on-table(loaf-of-bread,black-table)": 0.06176600693531024,
    "on-table(loaf-of-bread,white-table)": 0.17323687496779408,
    "on-table(red-box-of-cereal,wood-table)": 0.10217124758491991,
    "on-table(red-box-of-cereal,black-table)": 0.33559490957607824,
    "on-table(red-box-of-cereal,white-table)": 0.08760976267512888,
    "on-table(red-can-of-soda,wood-table)": 0.17412962794332998,
    "on-table(red-can-of-soda,black-table)": 0.809414808327953,
    "on-table(red-can-of-soda,white-table)": 0.13467186778840792,
    "robot-gripper-empty()": 0.6050693080372488,
    "robot-gripping(milk-carton)": 0.4935765949388345,
    "robot-gripping(lemon)": 0.1097085140645504,
    "robot-gripping(green-bottle)": 0.11875324408174492,
    "robot-gripping(loaf-of-bread)": 0.20710452583928904,
    "robot-gripping(red-box-of-cereal)": 0.5331087550148368,
    "robot-gripping(red-can-of-soda)": 0.5688649509102106
}