{
    "on-table(milk-carton,wood-table)": 0.24220911261606184,
    "on-table(milk-carton,black-table)": 0.7936331580082575,
    "on-table(milk-carton,white-table)": 0.25050911369908135,
    "on-table(lemon,wood-table)": 0.1865902004550056,
    "on-table(lemon,black-table)": 0.5562574702004591,
    "on-table(lemon,white-table)": 0.20612684318136112,
    "on-table(green-bottle,wood-table)": 0.005249706334628475,
    "on-table(green-bottle,black-table)": 0.8348339105335375,
    "on-table(green-bottle,white-table)": 0.0027442396935839497,
    "on-table(loaf-of-bread,wood-table)": 0.35839788514810306,
    "on-table(loaf-of-bread,black-table)": 0.45835839211940765,
    "on-table(loaf-of-bread,white-table)": 0.2595770258146028,
    "on-table(red-box-of-cereal,wood-table)": 0.38536910836895305,
    "on-table(red-box-of-cereal,black-table)": 0.29825139162130654,
    "on-table(red-box-of-cereal,white-table)": 0.23850073812839886,
    "on-table(red-can-of-soda,wood-table)": 0.9709658026695251,
    "on-table(red-can-of-soda,black-table)": 0.25793707087041184,
    "on-table(red-can-of-soda,white-table)": 0.18692400169516077,
    "robot-gripper-empty()": 0.4482876157659727,
    "robot-gripping(milk-carton)": 0.3478982162972291,
    "robot-gripping(lemon)": 0.07911834120750427,
    "robot-gripping(green-bottle)": 0.10469144177235042,
    "robot-gripping(loaf-of-bread)": 0.24849216112246117,
    "robot-gripping(red-box-of-cereal)": 0.6598511387904485,
    "robot-gripping(red-can-of-soda)": 0.506017008369478
}