{
    "on-table(milk-carton,wood-table)": 0.08446521639901523,
    "on-table(milk-carton,black-table)": 0.7568084020167589,
    "on-table(milk-carton,white-table)": 0.0905623999206,
    "on-table(lemon,wood-table)": 0.1169219503790373,
    "on-table(lemon,black-table)": 0.8333664763097962,
    "on-table(lemon,white-table)": 0.0831678966525639,
    "on-table(green-bottle,wood-table)": 0.25459086843329715,
    "on-table(green-bottle,black-table)": 0.8378010699525476,
    "on-table(green-bottle,white-table)": 0.0330153437955687,
    "on-table(loaf-of-bread,wood-table)": 0.06479021578949566,
    "on-table(loaf-of-bread,black-table)": 0.637378579005599,
    "on-table(loaf-of-bread,white-table)": 0.02712597376618457,
    "on-table(red-box-of-cereal,wood-table)": 0.39792778544748825,
    "on-table(red-box-of-cereal,black-table)": 0.6605139950212712,
    "on-table(red-box-of-cereal,white-table)": 0.021476597001310438,
    "on-table(red-can-of-soda,wood-table)": 0.9113838076591492,
    "on-table(red-can-of-soda,black-table)": 0.33580358757717477,
    "on-table(red-can-of-soda,white-table)": 0.003456422516516492,
    "robot-gripper-empty()": 0.9334215223789215,
    "robot-gripping(milk-carton)": 0.10483479251464208,
    "robot-gripping(lemon)": 0.03145885095000267,
    "robot-gripping(green-bottle)": 0.02344579187532266,
    "robot-gripping(loaf-of-bread)": 0.05224387440830469,
    "robot-gripping(red-box-of-cereal)": 0.044435685966163874,
    "robot-gripping(red-can-of-soda)": 0.18147462606430054
}