{
    "on-table(milk-carton,wood-table)": 0.08277446031570435,
    "on-table(milk-carton,black-table)": 0.5946851655219992,
    "on-table(milk-carton,white-table)": 0.34226908864608657,
    "on-table(lemon,wood-table)": 0.6717327904577056,
    "on-table(lemon,black-table)": 0.17522912376102795,
    "on-table(lemon,white-table)": 0.006074924256305773,
    "on-table(green-bottle,wood-table)": 0.014529592395168342,
    "on-table(green-bottle,black-table)": 0.023808668523732496,
    "on-table(green-bottle,white-table)": 0.6716187178778151,
    "on-table(loaf-of-bread,wood-table)": 0.2423532207030803,
    "on-table(loaf-of-bread,black-table)": 0.13998362194979563,
    "on-table(loaf-of-bread,white-table)": 0.21360529911665557,
    "on-table(red-box-of-cereal,wood-table)": 0.29578529112040997,
    "on-table(red-box-of-cereal,black-table)": 0.3098626835271716,
    "on-table(red-box-of-cereal,white-table)": 0.8033524490892887,
    "on-table(red-can-of-soda,wood-table)": 0.9715758661429087,
    "on-table(red-can-of-soda,black-table)": 0.25364627280741087,
    "on-table(red-can-of-soda,white-table)": 0.1665819527020934,
    "robot-gripper-empty()": 0.68049784998099,
    "robot-gripping(milk-carton)": 0.46563241506616276,
    "robot-gripping(lemon)": 0.1577540865788857,
    "robot-gripping(green-bottle)": 0.16394305787980556,
    "robot-gripping(loaf-of-bread)": 0.19924027907351652,
    "robot-gripping(red-box-of-cereal)": 0.3587019977470239,
    "robot-gripping(red-can-of-soda)": 0.5998604446649551
}