{
    "on-table(milk-carton,wood-table)": 0.8278304611643156,
    "on-table(milk-carton,black-table)": 0.24265388298469284,
    "on-table(milk-carton,white-table)": 0.1075085512905692,
    "on-table(lemon,wood-table)": 0.06189780317557355,
    "on-table(lemon,black-table)": 0.8222197176267704,
    "on-table(lemon,white-table)": 0.0033526167704849286,
    "on-table(green-bottle,wood-table)": 0.15873680469000342,
    "on-table(green-bottle,black-table)": 0.8351513125623266,
    "on-table(green-bottle,white-table)": 0.0018999571515223579,
    "on-table(loaf-of-bread,wood-table)": 0.3070228509604931,
    "on-table(loaf-of-bread,black-table)": 0.20742631889879704,
    "on-table(loaf-of-bread,white-table)": 0.06886146229226142,
    "on-table(red-box-of-cereal,wood-table)": 0.05386705910010884,
    "on-table(red-box-of-cereal,black-table)": 0.5204182588883365,
    "on-table(red-box-of-cereal,white-table)": 0.18403348641004413,
    "on-table(red-can-of-soda,wood-table)": 0.1381234712080186,
    "on-table(red-can-of-soda,black-table)": 0.16576461162897735,
    "on-table(red-can-of-soda,white-table)": 0.8357614899675051,
    "robot-gripper-empty()": 0.6965972644587358,
    "robot-gripping(milk-carton)": 0.36660098532835644,
    "robot-gripping(lemon)": 0.08465372181187074,
    "robot-gripping(green-bottle)": 0.10288446862250566,
    "robot-gripping(loaf-of-bread)": 0.2392817884683609,
    "robot-gripping(red-box-of-cereal)": 0.24449372508873543,
    "robot-gripping(red-can-of-soda)": 0.09945342782884836
}