{
    "on-table(milk-carton,wood-table)": 0.36625613473976654,
    "on-table(milk-carton,black-table)": 0.01885156667898021,
    "on-table(milk-carton,white-table)": 0.47106913294798386,
    "on-table(lemon,wood-table)": 0.007223991289113958,
    "on-table(lemon,black-table)": 0.005610182780704538,
    "on-table(lemon,white-table)": 0.016358981672965456,
    "on-table(green-bottle,wood-table)": 0.16918694997487668,
    "on-table(green-bottle,black-table)": 0.16815579707569364,
    "on-table(green-bottle,white-table)": 0.0016207702295408428,
    "on-table(loaf-of-bread,wood-table)": 0.03959432845780005,
    "on-table(loaf-of-bread,black-table)": 0.0019397292465631228,
    "on-table(loaf-of-bread,white-table)": 0.4068225693772547,
    "on-table(red-box-of-cereal,wood-table)": 0.3771728021480764,
    "on-table(red-box-of-cereal,black-table)": 0.004503552693980358,
    "on-table(red-box-of-cereal,white-table)": 0.670559766702354,
    "on-table(red-can-of-soda,wood-table)": 0.9819100995858511,
    "on-table(red-can-of-soda,black-table)": 0.1593628215841818,
    "on-table(red-can-of-soda,white-table)": 0.16947007174258033,
    "robot-gripper-empty()": 0.43273911737681675,
    "robot-gripping(milk-carton)": 0.13953607669100165,
    "robot-gripping(lemon)": 0.5052693861847123,
    "robot-gripping(green-bottle)": 0.7253716138657182,
    "robot-gripping(loaf-of-bread)": 0.04913732036948204,
    "robot-gripping(red-box-of-cereal)": 0.04014802088810635,
    "robot-gripping(red-can-of-soda)": 0.05273468652740121
}