{
    "on-table(milk-carton,wood-table)": 0.5142150533696016,
    "on-table(milk-carton,black-table)": 0.11457682014831032,
    "on-table(milk-carton,white-table)": 0.09816432630517131,
    "on-table(lemon,wood-table)": 0.12767047190573066,
    "on-table(lemon,black-table)": 0.753211160277715,
    "on-table(lemon,white-table)": 0.12002451788672867,
    "on-table(green-bottle,wood-table)": 0.0012768339553682988,
    "on-table(green-bottle,black-table)": 0.0011176022871950408,
    "on-table(green-bottle,white-table)": 0.1856473018494095,
    "on-table(loaf-of-bread,wood-table)": 0.45048109100510675,
    "on-table(loaf-of-bread,black-table)": 0.45142888960738975,
    "on-table(loaf-of-bread,white-table)": 0.19081015318321684,
    "on-table(red-box-of-cereal,wood-table)": 0.7584571888049444,
    "on-table(red-box-of-cereal,black-table)": 0.3319285543748265,
    "on-table(red-box-of-cereal,white-table)": 0.024280661966940897,
    "on-table(red-can-of-soda,wood-table)": 0.7744703342517217,
    "on-table(red-can-of-soda,black-table)": 0.3318440920630034,
    "on-table(red-can-of-soda,white-table)": 0.011395271141926363,
    "robot-gripper-empty()": 0.8966334760189056,
    "robot-gripping(milk-carton)": 0.1858331523835659,
    "robot-gripping(lemon)": 0.13691996534665427,
    "robot-gripping(green-bottle)": 0.03385937008230636,
    "robot-gripping(loaf-of-bread)": 0.17669639953722557,
    "robot-gripping(red-box-of-cereal)": 0.11362832792413731,
    "robot-gripping(red-can-of-soda)": 0.18461430670383075
}