{
    "on-table(milk-carton,wood-table)": 0.10789613992286225,
    "on-table(milk-carton,black-table)": 0.7963009215891361,
    "on-table(milk-carton,white-table)": 0.03746976588930314,
    "on-table(lemon,wood-table)": 0.14370064520820355,
    "on-table(lemon,black-table)": 0.8336194278672338,
    "on-table(lemon,white-table)": 0.018433597389313643,
    "on-table(green-bottle,wood-table)": 0.33026055374890956,
    "on-table(green-bottle,black-table)": 0.8488409022490183,
    "on-table(green-bottle,white-table)": 0.02031784776947158,
    "on-table(loaf-of-bread,wood-table)": 0.12380274136861165,
    "on-table(loaf-of-bread,black-table)": 0.6439205339023223,
    "on-table(loaf-of-bread,white-table)": 0.02308833617644268,
    "on-table(red-box-of-cereal,wood-table)": 0.415382222738117,
    "on-table(red-box-of-cereal,black-table)": 0.2473114604751269,
    "on-table(red-box-of-cereal,white-table)": 0.03342710734189799,
    "on-table(red-can-of-soda,wood-table)": 0.8529576770961285,
    "on-table(red-can-of-soda,black-table)": 0.2069866363596399,
    "on-table(red-can-of-soda,white-table)": 0.02373651971970503,
    "robot-gripper-empty()": 0.5431197018478997,
    "robot-gripping(milk-carton)": 0.36862847084800404,
    "robot-gripping(lemon)": 0.03246803426494201,
    "robot-gripping(green-bottle)": 0.03658224424968163,
    "robot-gripping(loaf-of-bread)": 0.12827592405180135,
    "robot-gripping(red-box-of-cereal)": 0.5388629604130983,
    "robot-gripping(red-can-of-soda)": 0.49332487957629684
}