{
    "on-table(milk-carton,wood-table)": 0.30632046195872437,
    "on-table(milk-carton,black-table)": 0.7858661562204361,
    "on-table(milk-carton,white-table)": 0.0177934645289497,
    "on-table(lemon,wood-table)": 0.18223910636637206,
    "on-table(lemon,black-table)": 0.8436080850660801,
    "on-table(lemon,white-table)": 0.003492129726036334,
    "on-table(green-bottle,wood-table)": 0.1528395481655025,
    "on-table(green-bottle,black-table)": 0.006532110127712561,
    "on-table(green-bottle,white-table)": 0.9994803170363108,
    "on-table(loaf-of-bread,wood-table)": 0.5244668169567982,
    "on-table(loaf-of-bread,black-table)": 0.21731685540483645,
    "on-table(loaf-of-bread,white-table)": 0.0175055423478625,
    "on-table(red-box-of-cereal,wood-table)": 0.31951153472376365,
    "on-table(red-box-of-cereal,black-table)": 0.6710561290383339,
    "on-table(red-box-of-cereal,white-table)": 0.03644677860817561,
    "on-table(red-can-of-soda,wood-table)": 0.9936496615409851,
    "on-table(red-can-of-soda,black-table)": 0.3362390842488215,
    "on-table(red-can-of-soda,white-table)": 0.024466923261077984,
    "robot-gripper-empty()": 0.9351595441500345,
    "robot-gripping(milk-carton)": 0.09104157518595457,
    "robot-gripping(lemon)": 0.023988406561935943,
    "robot-gripping(green-bottle)": 0.024286195572737295,
    "robot-gripping(loaf-of-bread)": 0.14571125091363987,
    "robot-gripping(red-box-of-cereal)": 0.06100376710916559,
    "robot-gripping(red-can-of-soda)": 0.20391799711311856
}