{
    "on-table(milk-carton,wood-table)": 0.3317985472313012,
    "on-table(milk-carton,black-table)": 0.002451436746165806,
    "on-table(milk-carton,white-table)": 0.6703313612379134,
    "on-table(lemon,wood-table)": 0.08258853014558554,
    "on-table(lemon,black-table)": 0.22714908455964178,
    "on-table(lemon,white-table)": 0.03379519466155519,
    "on-table(green-bottle,wood-table)": 0.16841255734228375,
    "on-table(green-bottle,black-table)": 0.8307866883502962,
    "on-table(green-bottle,white-table)": 0.10014197142451546,
    "on-table(loaf-of-bread,wood-table)": 0.17717131708438197,
    "on-table(loaf-of-bread,black-table)": 0.0066253408779933425,
    "on-table(loaf-of-bread,white-table)": 0.09804813336813822,
    "on-table(red-box-of-cereal,wood-table)": 0.3578554778553856,
    "on-table(red-box-of-cereal,black-table)": 0.0866315578132344,
    "on-table(red-box-of-cereal,white-table)": 0.0008243396744849937,
    "on-table(red-can-of-soda,wood-table)": 0.7996955166260401,
    "on-table(red-can-of-soda,black-table)": 0.1739529804860164,
    "on-table(red-can-of-soda,white-table)": 0.0012216978320793714,
    "robot-gripper-empty()": 0.62423308690389,
    "robot-gripping(milk-carton)": 0.20845146756619215,
    "robot-gripping(lemon)": 0.34319891408085823,
    "robot-gripping(green-bottle)": 0.17903266241773963,
    "robot-gripping(loaf-of-bread)": 0.18309161315361658,
    "robot-gripping(red-box-of-cereal)": 0.09664888489836206,
    "robot-gripping(red-can-of-soda)": 0.29844671705116826
}