{
    "on-table(milk-carton,wood-table)": 0.25246183709047426,
    "on-table(milk-carton,black-table)": 0.6112067351738611,
    "on-table(milk-carton,white-table)": 0.3579690741971717,
    "on-table(lemon,wood-table)": 0.04147879886052882,
    "on-table(lemon,black-table)": 0.6695520159167548,
    "on-table(lemon,white-table)": 0.010616758269028045,
    "on-table(green-bottle,wood-table)": 0.15925915896271667,
    "on-table(green-bottle,black-table)": 0.13158817423671584,
    "on-table(green-bottle,white-table)": 0.9998733997344971,
    "on-table(loaf-of-bread,wood-table)": 0.3601462190660338,
    "on-table(loaf-of-bread,black-table)": 0.16205876372017278,
    "on-table(loaf-of-bread,white-table)": 0.48997409994869184,
    "on-table(red-box-of-cereal,wood-table)": 0.23360840537255476,
    "on-table(red-box-of-cereal,black-table)": 0.09709628490418254,
    "on-table(red-box-of-cereal,white-table)": 0.7925000265240669,
    "on-table(red-can-of-soda,wood-table)": 0.26295210401682806,
    "on-table(red-can-of-soda,black-table)": 0.10711995460345254,
    "on-table(red-can-of-soda,white-table)": 0.9832730094591776,
    "robot-gripper-empty()": 0.8662481705347697,
    "robot-gripping(milk-carton)": 0.23024344304576516,
    "robot-gripping(lemon)": 0.0397584741973939,
    "robot-gripping(green-bottle)": 0.08202827139757574,
    "robot-gripping(loaf-of-bread)": 0.13476921866337457,
    "robot-gripping(red-box-of-cereal)": 0.14705325958008567,
    "robot-gripping(red-can-of-soda)": 0.2306864975641171
}