{
    "on-table(milk-carton,wood-table)": 0.33404777850955725,
    "on-table(milk-carton,black-table)": 0.4855503876072665,
    "on-table(milk-carton,white-table)": 0.5092055308632553,
    "on-table(lemon,wood-table)": 0.2184970091135862,
    "on-table(lemon,black-table)": 0.8331800683711966,
    "on-table(lemon,white-table)": 0.001842021212723921,
    "on-table(green-bottle,wood-table)": 0.31602450335291604,
    "on-table(green-bottle,black-table)": 0.975785901149114,
    "on-table(green-bottle,white-table)": 0.00796513183490788,
    "on-table(loaf-of-bread,wood-table)": 0.5195536224637181,
    "on-table(loaf-of-bread,black-table)": 0.26138518391235266,
    "on-table(loaf-of-bread,white-table)": 0.6299346749146935,
    "on-table(red-box-of-cereal,wood-table)": 0.19812830264709191,
    "on-table(red-box-of-cereal,black-table)": 0.03560098373964138,
    "on-table(red-box-of-cereal,white-table)": 0.9994810322920481,
    "on-table(red-can-of-soda,wood-table)": 0.18276965416892685,
    "on-table(red-can-of-soda,black-table)": 0.01859265510976608,
    "on-table(red-can-of-soda,white-table)": 0.9996124009291331,
    "robot-gripper-empty()": 0.8890241086483002,
    "robot-gripping(milk-carton)": 0.22973850835114717,
    "robot-gripping(lemon)": 0.06967228453140706,
    "robot-gripping(green-bottle)": 0.1401735654217191,
    "robot-gripping(loaf-of-bread)": 0.14172203512862325,
    "robot-gripping(red-box-of-cereal)": 0.1355568733609592,
    "robot-gripping(red-can-of-soda)": 0.2538569140791272
}