{
    "on-table(milk-carton,wood-table)": 0.1729564293200383,
    "on-table(milk-carton,black-table)": 0.1189391784791951,
    "on-table(milk-carton,white-table)": 0.8256099174420038,
    "on-table(lemon,wood-table)": 0.5123779557955762,
    "on-table(lemon,black-table)": 0.17512328120271073,
    "on-table(lemon,white-table)": 0.012195392508147052,
    "on-table(green-bottle,wood-table)": 0.1385783170189825,
    "on-table(green-bottle,black-table)": 0.8262513951243212,
    "on-table(green-bottle,white-table)": 0.03450048339914247,
    "on-table(loaf-of-bread,wood-table)": 0.16825671563856304,
    "on-table(loaf-of-bread,black-table)": 0.4860102793512245,
    "on-table(loaf-of-bread,white-table)": 0.12759072929232693,
    "on-table(red-box-of-cereal,wood-table)": 0.5654730700577298,
    "on-table(red-box-of-cereal,black-table)": 0.6603532449031869,
    "on-table(red-box-of-cereal,white-table)": 0.026315714038598042,
    "on-table(red-can-of-soda,wood-table)": 0.9429430663585663,
    "on-table(red-can-of-soda,black-table)": 0.33757212774503387,
    "on-table(red-can-of-soda,white-table)": 0.0038752167787758176,
    "robot-gripper-empty()": 0.7486206963658333,
    "robot-gripping(milk-carton)": 0.2262045374761025,
    "robot-gripping(lemon)": 0.07874632595727842,
    "robot-gripping(green-bottle)": 0.1265240351203829,
    "robot-gripping(loaf-of-bread)": 0.18066779989749193,
    "robot-gripping(red-box-of-cereal)": 0.28664118020484847,
    "robot-gripping(red-can-of-soda)": 0.22882738841387132
}