{
    "on-table(milk-carton,wood-table)": 0.36269779937962693,
    "on-table(milk-carton,black-table)": 0.06675954048599426,
    "on-table(milk-carton,white-table)": 0.13456314373373365,
    "on-table(lemon,wood-table)": 0.12711170157369148,
    "on-table(lemon,black-table)": 0.6707463006023318,
    "on-table(lemon,white-table)": 0.009610550164021939,
    "on-table(green-bottle,wood-table)": 0.16709580050519435,
    "on-table(green-bottle,black-table)": 0.6999190277808035,
    "on-table(green-bottle,white-table)": 0.011040687362462146,
    "on-table(loaf-of-bread,wood-table)": 0.3153057073553403,
    "on-table(loaf-of-bread,black-table)": 0.02381963751395233,
    "on-table(loaf-of-bread,white-table)": 0.17395606446856013,
    "on-table(red-box-of-cereal,wood-table)": 0.4365235697478056,
    "on-table(red-box-of-cereal,black-table)": 0.15406352888264033,
    "on-table(red-box-of-cereal,white-table)": 0.015102665238373447,
    "on-table(red-can-of-soda,wood-table)": 0.9294148782889048,
    "on-table(red-can-of-soda,black-table)": 0.2450940099855264,
    "on-table(red-can-of-soda,white-table)": 0.016722930482501397,
    "robot-gripper-empty()": 0.8090553795918822,
    "robot-gripping(milk-carton)": 0.40685948605338734,
    "robot-gripping(lemon)": 0.12687270226888359,
    "robot-gripping(green-bottle)": 0.17820492604126534,
    "robot-gripping(loaf-of-bread)": 0.14777349246044955,
    "robot-gripping(red-box-of-cereal)": 0.03938621088551978,
    "robot-gripping(red-can-of-soda)": 0.14876799751073122
}