{
    "on-table(milk-carton,wood-table)": 0.308712819974365,
    "on-table(milk-carton,black-table)": 0.6867447855571905,
    "on-table(milk-carton,white-table)": 0.10942545997628865,
    "on-table(lemon,wood-table)": 0.8340080609389892,
    "on-table(lemon,black-table)": 0.16661004788231062,
    "on-table(lemon,white-table)": 0.0024800718437442506,
    "on-table(green-bottle,wood-table)": 0.16905986168179274,
    "on-table(green-bottle,black-table)": 0.17101389807703526,
    "on-table(green-bottle,white-table)": 0.0007326154506396657,
    "on-table(loaf-of-bread,wood-table)": 0.6500556121269861,
    "on-table(loaf-of-bread,black-table)": 0.22821484556576857,
    "on-table(loaf-of-bread,white-table)": 0.009697249383558907,
    "on-table(red-box-of-cereal,wood-table)": 0.15076958434171198,
    "on-table(red-box-of-cereal,black-table)": 0.821066211986666,
    "on-table(red-box-of-cereal,white-table)": 0.28804995998507366,
    "on-table(red-can-of-soda,wood-table)": 0.169248337322036,
    "on-table(red-can-of-soda,black-table)": 0.22018480118034253,
    "on-table(red-can-of-soda,white-table)": 0.8363664423425993,
    "robot-gripper-empty()": 0.593572176915283,
    "robot-gripping(milk-carton)": 0.1557878163487961,
    "robot-gripping(lemon)": 0.19392317750801644,
    "robot-gripping(green-bottle)": 0.6443247511827698,
    "robot-gripping(loaf-of-bread)": 0.09524396991279598,
    "robot-gripping(red-box-of-cereal)": 0.07704403540022516,
    "robot-gripping(red-can-of-soda)": 0.09430385224792796
}