{
    "on-table(milk-carton,wood-table)": 0.10512208794534672,
    "on-table(milk-carton,black-table)": 0.6862131047528237,
    "on-table(milk-carton,white-table)": 0.18575412261391952,
    "on-table(lemon,wood-table)": 0.06152433423388478,
    "on-table(lemon,black-table)": 0.7751940400339663,
    "on-table(lemon,white-table)": 0.0027719211314736945,
    "on-table(green-bottle,wood-table)": 0.8371185796956221,
    "on-table(green-bottle,black-table)": 0.17497023716250246,
    "on-table(green-bottle,white-table)": 0.003072410085754503,
    "on-table(loaf-of-bread,wood-table)": 0.19279915858836225,
    "on-table(loaf-of-bread,black-table)": 0.43393392441794276,
    "on-table(loaf-of-bread,white-table)": 0.21485351759474725,
    "on-table(red-box-of-cereal,wood-table)": 0.2028157151847457,
    "on-table(red-box-of-cereal,black-table)": 0.6878143056140592,
    "on-table(red-box-of-cereal,white-table)": 0.3414600339989799,
    "on-table(red-can-of-soda,wood-table)": 0.13345339343868545,
    "on-table(red-can-of-soda,black-table)": 0.16400463956870226,
    "on-table(red-can-of-soda,white-table)": 0.8360005480547746,
    "robot-gripper-empty()": 0.8323675356805325,
    "robot-gripping(milk-carton)": 0.04596383745471636,
    "robot-gripping(lemon)": 0.022094535486151774,
    "robot-gripping(green-bottle)": 0.1739542269303153,
    "robot-gripping(loaf-of-bread)": 0.061203062844773136,
    "robot-gripping(red-box-of-cereal)": 0.025421644696810592,
    "robot-gripping(red-can-of-soda)": 0.05373927736460852
}