{
    "on-table(milk-carton,wood-table)": 0.38952724244154524,
    "on-table(milk-carton,black-table)": 0.5933644579102596,
    "on-table(milk-carton,white-table)": 0.030919117530478008,
    "on-table(lemon,wood-table)": 0.9710930287837982,
    "on-table(lemon,black-table)": 0.27976654123737416,
    "on-table(lemon,white-table)": 0.011972596788761317,
    "on-table(green-bottle,wood-table)": 0.16672341499058044,
    "on-table(green-bottle,black-table)": 0.02029250521195536,
    "on-table(green-bottle,white-table)": 0.9841060936450958,
    "on-table(loaf-of-bread,wood-table)": 0.7685428919115415,
    "on-table(loaf-of-bread,black-table)": 0.3013082921291546,
    "on-table(loaf-of-bread,white-table)": 0.009232714976557569,
    "on-table(red-box-of-cereal,wood-table)": 0.33131500893553795,
    "on-table(red-box-of-cereal,black-table)": 0.6717363792898444,
    "on-table(red-box-of-cereal,white-table)": 0.013837509337463416,
    "on-table(red-can-of-soda,wood-table)": 0.8884255041678747,
    "on-table(red-can-of-soda,black-table)": 0.3332493195303717,
    "on-table(red-can-of-soda,white-table)": 0.002324347536955429,
    "robot-gripper-empty()": 0.9048733909924825,
    "robot-gripping(milk-carton)": 0.4603683079282443,
    "robot-gripping(lemon)": 0.03612089172626535,
    "robot-gripping(green-bottle)": 0.17004461314839622,
    "robot-gripping(loaf-of-bread)": 0.08963458736737569,
    "robot-gripping(red-box-of-cereal)": 0.05051535717211664,
    "robot-gripping(red-can-of-soda)": 0.157324152921016
}