{
    "on-table(milk-carton,wood-table)": 0.5386020936809169,
    "on-table(milk-carton,black-table)": 0.5600111456587911,
    "on-table(milk-carton,white-table)": 0.36305524026829517,
    "on-table(lemon,wood-table)": 0.34540858447144274,
    "on-table(lemon,black-table)": 0.0012783373970440455,
    "on-table(lemon,white-table)": 0.8250754794183498,
    "on-table(green-bottle,wood-table)": 0.6814841045998037,
    "on-table(green-bottle,black-table)": 0.16887189458968047,
    "on-table(green-bottle,white-table)": 0.001547053015125736,
    "on-table(loaf-of-bread,wood-table)": 0.3025522875832394,
    "on-table(loaf-of-bread,black-table)": 0.2040378674864769,
    "on-table(loaf-of-bread,white-table)": 0.326460506922255,
    "on-table(red-box-of-cereal,wood-table)": 0.6733052083291113,
    "on-table(red-box-of-cereal,black-table)": 0.014966431828725035,
    "on-table(red-box-of-cereal,white-table)": 0.010055371548560288,
    "on-table(red-can-of-soda,wood-table)": 0.8384375957151254,
    "on-table(red-can-of-soda,black-table)": 0.16901526969233296,
    "on-table(red-can-of-soda,white-table)": 0.03339222770527309,
    "robot-gripper-empty()": 0.9050989598035812,
    "robot-gripping(milk-carton)": 0.19023547787219286,
    "robot-gripping(lemon)": 0.07963012880645692,
    "robot-gripping(green-bottle)": 0.12497456643419962,
    "robot-gripping(loaf-of-bread)": 0.09269119900030394,
    "robot-gripping(red-box-of-cereal)": 0.11763745297988255,
    "robot-gripping(red-can-of-soda)": 0.16068609012290835
}