{
    "on-table(milk-carton,wood-table)": 0.2694619419053197,
    "on-table(milk-carton,black-table)": 0.043477004786836915,
    "on-table(milk-carton,white-table)": 0.13527849497283265,
    "on-table(lemon,wood-table)": 0.16479093679906023,
    "on-table(lemon,black-table)": 0.8321498454315588,
    "on-table(lemon,white-table)": 0.0009394170001542079,
    "on-table(green-bottle,wood-table)": 0.0011138649145626307,
    "on-table(green-bottle,black-table)": 0.00029420217651932035,
    "on-table(green-bottle,white-table)": 0.0004766002224035522,
    "on-table(loaf-of-bread,wood-table)": 0.04406766965985298,
    "on-table(loaf-of-bread,black-table)": 0.024234542021683108,
    "on-table(loaf-of-bread,white-table)": 0.1295489607922112,
    "on-table(red-box-of-cereal,wood-table)": 0.1064117105997866,
    "on-table(red-box-of-cereal,black-table)": 0.009084292180583967,
    "on-table(red-box-of-cereal,white-table)": 0.36766739926921826,
    "on-table(red-can-of-soda,wood-table)": 0.1688019726340523,
    "on-table(red-can-of-soda,black-table)": 0.008872884155456026,
    "on-table(red-can-of-soda,white-table)": 0.9169847170511881,
    "robot-gripper-empty()": 0.939322829246521,
    "robot-gripping(milk-carton)": 0.20084740283588567,
    "robot-gripping(lemon)": 0.08159546468717356,
    "robot-gripping(green-bottle)": 0.02493088327658673,
    "robot-gripping(loaf-of-bread)": 0.06731202189500134,
    "robot-gripping(red-box-of-cereal)": 0.040437076318388186,
    "robot-gripping(red-can-of-soda)": 0.1093389183903734
}