{
    "on-table(milk-carton,wood-table)": 0.08082800389577945,
    "on-table(milk-carton,black-table)": 0.42745301748315495,
    "on-table(milk-carton,white-table)": 0.6287599061179208,
    "on-table(lemon,wood-table)": 0.25282486132346094,
    "on-table(lemon,black-table)": 0.09429226210340858,
    "on-table(lemon,white-table)": 0.23347016594683132,
    "on-table(green-bottle,wood-table)": 0.8128677035371462,
    "on-table(green-bottle,black-table)": 0.24944694149043775,
    "on-table(green-bottle,white-table)": 0.007351402386120753,
    "on-table(loaf-of-bread,wood-table)": 0.24731650544951359,
    "on-table(loaf-of-bread,black-table)": 0.3122946940275142,
    "on-table(loaf-of-bread,white-table)": 0.622371490263807,
    "on-table(red-box-of-cereal,wood-table)": 0.16774611701839603,
    "on-table(red-box-of-cereal,black-table)": 0.606228833242009,
    "on-table(red-box-of-cereal,white-table)": 0.054669555043801665,
    "on-table(red-can-of-soda,wood-table)": 0.15233568708208622,
    "on-table(red-can-of-soda,black-table)": 0.8343698511210581,
    "on-table(red-can-of-soda,white-table)": 0.023824545275980807,
    "robot-gripper-empty()": 0.8476624190807343,
    "robot-gripping(milk-carton)": 0.06410633337994416,
    "robot-gripping(lemon)": 0.04327804626276096,
    "robot-gripping(green-bottle)": 0.17508737055080323,
    "robot-gripping(loaf-of-bread)": 0.05452129547484219,
    "robot-gripping(red-box-of-cereal)": 0.02153140993323177,
    "robot-gripping(red-can-of-soda)": 0.04519417253322899
}