{
    "on-table(milk-carton,wood-table)": 0.06740759821453442,
    "on-table(milk-carton,black-table)": 0.5105972249099674,
    "on-table(milk-carton,white-table)": 0.4290686175736482,
    "on-table(lemon,wood-table)": 0.8348792082009217,
    "on-table(lemon,black-table)": 0.16839930034169961,
    "on-table(lemon,white-table)": 0.0023901035690414574,
    "on-table(green-bottle,wood-table)": 0.1658680102409562,
    "on-table(green-bottle,black-table)": 0.000730918687168014,
    "on-table(green-bottle,white-table)": 0.8338485869656628,
    "on-table(loaf-of-bread,wood-table)": 0.1663585704518482,
    "on-table(loaf-of-bread,black-table)": 0.021693421692665044,
    "on-table(loaf-of-bread,white-table)": 0.14444177004285544,
    "on-table(red-box-of-cereal,wood-table)": 0.2092402984465783,
    "on-table(red-box-of-cereal,black-table)": 0.002453525800471349,
    "on-table(red-box-of-cereal,white-table)": 0.7726086135953665,
    "on-table(red-can-of-soda,wood-table)": 0.16763793388721146,
    "on-table(red-can-of-soda,black-table)": 0.005381069502163882,
    "on-table(red-can-of-soda,white-table)": 0.9891300102074941,
    "robot-gripper-empty()": 0.9566645920276642,
    "robot-gripping(milk-carton)": 0.14154653421913585,
    "robot-gripping(lemon)": 0.16015915013849735,
    "robot-gripping(green-bottle)": 0.017223744323321927,
    "robot-gripping(loaf-of-bread)": 0.1329192422951261,
    "robot-gripping(red-box-of-cereal)": 0.08395730041471931,
    "robot-gripping(red-can-of-soda)": 0.1685608053812757
}