{
    "on-table(milk-carton,wood-table)": 0.5729409152021011,
    "on-table(milk-carton,black-table)": 0.015297922621660595,
    "on-table(milk-carton,white-table)": 0.32749972568732727,
    "on-table(lemon,wood-table)": 0.8366952861348788,
    "on-table(lemon,black-table)": 0.1757572045725245,
    "on-table(lemon,white-table)": 0.0026856375791339815,
    "on-table(green-bottle,wood-table)": 0.3301621160862851,
    "on-table(green-bottle,black-table)": 0.9962379336357117,
    "on-table(green-bottle,white-table)": 0.029362162319822954,
    "on-table(loaf-of-bread,wood-table)": 0.11370684299618006,
    "on-table(loaf-of-bread,black-table)": 0.08304663009766955,
    "on-table(loaf-of-bread,white-table)": 0.1684305947079944,
    "on-table(red-box-of-cereal,wood-table)": 0.11004319667699747,
    "on-table(red-box-of-cereal,black-table)": 0.004675145654497707,
    "on-table(red-box-of-cereal,white-table)": 0.9921428561210632,
    "on-table(red-can-of-soda,wood-table)": 0.12931028094772046,
    "on-table(red-can-of-soda,black-table)": 0.004118543345233168,
    "on-table(red-can-of-soda,white-table)": 0.999652256568273,
    "robot-gripper-empty()": 0.8322233955065409,
    "robot-gripping(milk-carton)": 0.46602989609042805,
    "robot-gripping(lemon)": 0.05946892655144135,
    "robot-gripping(green-bottle)": 0.2008538463463386,
    "robot-gripping(loaf-of-bread)": 0.21361428188780943,
    "robot-gripping(red-box-of-cereal)": 0.18504596563676992,
    "robot-gripping(red-can-of-soda)": 0.1789579652249813
}