{
    "on-table(milk-carton,wood-table)": 0.18264922050487561,
    "on-table(milk-carton,black-table)": 0.03219192071507374,
    "on-table(milk-carton,white-table)": 0.7307844733198484,
    "on-table(lemon,wood-table)": 0.848766258607308,
    "on-table(lemon,black-table)": 0.09369950904059958,
    "on-table(lemon,white-table)": 0.02651230924493575,
    "on-table(green-bottle,wood-table)": 0.6894867123725513,
    "on-table(green-bottle,black-table)": 0.16946977598034133,
    "on-table(green-bottle,white-table)": 0.003206671051430021,
    "on-table(loaf-of-bread,wood-table)": 0.2409203404871126,
    "on-table(loaf-of-bread,black-table)": 0.06858647468955799,
    "on-table(loaf-of-bread,white-table)": 0.20466660811022544,
    "on-table(red-box-of-cereal,wood-table)": 0.05751401913585141,
    "on-table(red-box-of-cereal,black-table)": 0.10995677396325239,
    "on-table(red-box-of-cereal,white-table)": 0.6485110972231874,
    "on-table(red-can-of-soda,wood-table)": 0.08667370199934037,
    "on-table(red-can-of-soda,black-table)": 0.00935883936025069,
    "on-table(red-can-of-soda,white-table)": 0.8059229891126355,
    "robot-gripper-empty()": 0.8491211831569672,
    "robot-gripping(milk-carton)": 0.41573621332645416,
    "robot-gripping(lemon)": 0.07948502836128075,
    "robot-gripping(green-bottle)": 0.1456491124505798,
    "robot-gripping(loaf-of-bread)": 0.20883586009343466,
    "robot-gripping(red-box-of-cereal)": 0.19919931950668493,
    "robot-gripping(red-can-of-soda)": 0.3440971039235592
}