{
    "on-table(milk-carton,wood-table)": 0.2797931789730986,
    "on-table(milk-carton,black-table)": 0.08297467332643767,
    "on-table(milk-carton,white-table)": 0.7943388223648071,
    "on-table(lemon,wood-table)": 0.19677176735907173,
    "on-table(lemon,black-table)": 0.005094316853198204,
    "on-table(lemon,white-table)": 0.999705026547114,
    "on-table(green-bottle,wood-table)": 0.17247690489360443,
    "on-table(green-bottle,black-table)": 0.17466240783808948,
    "on-table(green-bottle,white-table)": 0.005537382200903569,
    "on-table(loaf-of-bread,wood-table)": 0.15583720120290914,
    "on-table(loaf-of-bread,black-table)": 0.09765861437578376,
    "on-table(loaf-of-bread,white-table)": 0.6627047583460808,
    "on-table(red-box-of-cereal,wood-table)": 0.1777219279514005,
    "on-table(red-box-of-cereal,black-table)": 0.54136503887518,
    "on-table(red-box-of-cereal,white-table)": 0.0358444285875521,
    "on-table(red-can-of-soda,wood-table)": 0.07460006268229336,
    "on-table(red-can-of-soda,black-table)": 0.8055989576193193,
    "on-table(red-can-of-soda,white-table)": 0.0791025342643934,
    "robot-gripper-empty()": 0.4784072198478195,
    "robot-gripping(milk-carton)": 0.2765022199600935,
    "robot-gripping(lemon)": 0.04055015781583885,
    "robot-gripping(green-bottle)": 0.7327685741086801,
    "robot-gripping(loaf-of-bread)": 0.05024082981981337,
    "robot-gripping(red-box-of-cereal)": 0.03208877285942435,
    "robot-gripping(red-can-of-soda)": 0.06206764319601158
}