{
    "on-table(milk-carton,wood-table)": 0.33929119010766345,
    "on-table(milk-carton,black-table)": 0.6560076499978701,
    "on-table(milk-carton,white-table)": 0.0568652641910982,
    "on-table(lemon,wood-table)": 0.1645390139116595,
    "on-table(lemon,black-table)": 0.04435011697933078,
    "on-table(lemon,white-table)": 0.37174735905136913,
    "on-table(green-bottle,wood-table)": 0.0024654948041037037,
    "on-table(green-bottle,black-table)": 0.005691804251303741,
    "on-table(green-bottle,white-table)": 0.0013531175233462516,
    "on-table(loaf-of-bread,wood-table)": 0.3021484593239923,
    "on-table(loaf-of-bread,black-table)": 0.1162218489771476,
    "on-table(loaf-of-bread,white-table)": 0.27885580714792013,
    "on-table(red-box-of-cereal,wood-table)": 0.9947918951511383,
    "on-table(red-box-of-cereal,black-table)": 0.467406007150809,
    "on-table(red-box-of-cereal,white-table)": 0.03312919039975289,
    "on-table(red-can-of-soda,wood-table)": 0.7416868334015211,
    "on-table(red-can-of-soda,black-table)": 0.7078257901594043,
    "on-table(red-can-of-soda,white-table)": 0.022929977686241425,
    "robot-gripper-empty()": 0.9244755307833353,
    "robot-gripping(milk-carton)": 0.17325610667467117,
    "robot-gripping(lemon)": 0.19115060164282718,
    "robot-gripping(green-bottle)": 0.02512084017507732,
    "robot-gripping(loaf-of-bread)": 0.09960263098279636,
    "robot-gripping(red-box-of-cereal)": 0.1257976625735561,
    "robot-gripping(red-can-of-soda)": 0.1663767769932747
}