{
    "on-table(milk-carton,wood-table)": 0.12215374723988741,
    "on-table(milk-carton,black-table)": 0.6438498174150785,
    "on-table(milk-carton,white-table)": 0.1941309924053106,
    "on-table(lemon,wood-table)": 0.13958813600280942,
    "on-table(lemon,black-table)": 0.507312240699927,
    "on-table(lemon,white-table)": 0.06623340487567475,
    "on-table(green-bottle,wood-table)": 0.12487036893556554,
    "on-table(green-bottle,black-table)": 0.8713111082712809,
    "on-table(green-bottle,white-table)": 0.002053203977538942,
    "on-table(loaf-of-bread,wood-table)": 0.08477763164167602,
    "on-table(loaf-of-bread,black-table)": 0.19076222967123613,
    "on-table(loaf-of-bread,white-table)": 0.3281434046414991,
    "on-table(red-box-of-cereal,wood-table)": 0.2239435920297789,
    "on-table(red-box-of-cereal,black-table)": 0.06900822377065197,
    "on-table(red-box-of-cereal,white-table)": 0.737894161293904,
    "on-table(red-can-of-soda,wood-table)": 0.970186839501063,
    "on-table(red-can-of-soda,black-table)": 0.17301214329150602,
    "on-table(red-can-of-soda,white-table)": 0.23998888988793018,
    "robot-gripper-empty()": 0.8806473811467489,
    "robot-gripping(milk-carton)": 0.11586234346032143,
    "robot-gripping(lemon)": 0.19924512319266796,
    "robot-gripping(green-bottle)": 0.03427275115003189,
    "robot-gripping(loaf-of-bread)": 0.1201864443719387,
    "robot-gripping(red-box-of-cereal)": 0.11374828902383645,
    "robot-gripping(red-can-of-soda)": 0.20655913495769104
}