{
    "on-table(milk-carton,wood-table)": 0.42873864714056253,
    "on-table(milk-carton,black-table)": 0.2841217959673183,
    "on-table(milk-carton,white-table)": 0.598234405023201,
    "on-table(lemon,wood-table)": 0.2700337032632281,
    "on-table(lemon,black-table)": 0.07060905775142601,
    "on-table(lemon,white-table)": 0.903196801741918,
    "on-table(green-bottle,wood-table)": 0.933857649564743,
    "on-table(green-bottle,black-table)": 0.3328485779002979,
    "on-table(green-bottle,white-table)": 0.002230221837786909,
    "on-table(loaf-of-bread,wood-table)": 0.2309283195839574,
    "on-table(loaf-of-bread,black-table)": 0.6209951620548964,
    "on-table(loaf-of-bread,white-table)": 0.32293641691406566,
    "on-table(red-box-of-cereal,wood-table)": 0.24033934368829554,
    "on-table(red-box-of-cereal,black-table)": 0.037010789839162804,
    "on-table(red-box-of-cereal,white-table)": 0.9979563256104788,
    "on-table(red-can-of-soda,wood-table)": 0.20451124288774736,
    "on-table(red-can-of-soda,black-table)": 0.01690195793167959,
    "on-table(red-can-of-soda,white-table)": 0.991964191198349,
    "robot-gripper-empty()": 0.8537269756197929,
    "robot-gripping(milk-carton)": 0.1675887294113636,
    "robot-gripping(lemon)": 0.10918668564409018,
    "robot-gripping(green-bottle)": 0.1710482632430891,
    "robot-gripping(loaf-of-bread)": 0.1154124050711592,
    "robot-gripping(red-box-of-cereal)": 0.11164030137782295,
    "robot-gripping(red-can-of-soda)": 0.19751624968679002
}