{
    "on-table(milk-carton,wood-table)": 0.053625371462355055,
    "on-table(milk-carton,black-table)": 0.7737967241555452,
    "on-table(milk-carton,white-table)": 0.08344708247265469,
    "on-table(lemon,wood-table)": 0.01990211400940704,
    "on-table(lemon,black-table)": 0.8372545211265484,
    "on-table(lemon,white-table)": 0.005099471914036258,
    "on-table(green-bottle,wood-table)": 0.17862387605661448,
    "on-table(green-bottle,black-table)": 0.999823143084844,
    "on-table(green-bottle,white-table)": 0.021212720348974774,
    "on-table(loaf-of-bread,wood-table)": 0.05908643904452523,
    "on-table(loaf-of-bread,black-table)": 0.45011831356290105,
    "on-table(loaf-of-bread,white-table)": 0.029048419895843836,
    "on-table(red-box-of-cereal,wood-table)": 0.058989452896639705,
    "on-table(red-box-of-cereal,black-table)": 0.6604302235258123,
    "on-table(red-box-of-cereal,white-table)": 0.40117241993236047,
    "on-table(red-can-of-soda,wood-table)": 0.22847692993915794,
    "on-table(red-can-of-soda,black-table)": 0.07500398140443092,
    "on-table(red-can-of-soda,white-table)": 0.8439479693770409,
    "robot-gripper-empty()": 0.9563563962777456,
    "robot-gripping(milk-carton)": 0.13390128687024117,
    "robot-gripping(lemon)": 0.02547544128416727,
    "robot-gripping(green-bottle)": 0.027733883024969447,
    "robot-gripping(loaf-of-bread)": 0.05995392302672068,
    "robot-gripping(red-box-of-cereal)": 0.09090184792876244,
    "robot-gripping(red-can-of-soda)": 0.17520025209523737
}