{
    "on-table(milk-carton,wood-table)": 0.909965842962265,
    "on-table(milk-carton,black-table)": 0.1531583440967855,
    "on-table(milk-carton,white-table)": 0.22659777682565618,
    "on-table(lemon,wood-table)": 0.17337826773776518,
    "on-table(lemon,black-table)": 0.004740666079442235,
    "on-table(lemon,white-table)": 0.8664752344290415,
    "on-table(green-bottle,wood-table)": 0.15488595829810947,
    "on-table(green-bottle,black-table)": 0.0018520027694345724,
    "on-table(green-bottle,white-table)": 0.7889914048525194,
    "on-table(loaf-of-bread,wood-table)": 0.599270723760128,
    "on-table(loaf-of-bread,black-table)": 0.05375939481867439,
    "on-table(loaf-of-bread,white-table)": 0.05506925615372893,
    "on-table(red-box-of-cereal,wood-table)": 0.9876944820086161,
    "on-table(red-box-of-cereal,black-table)": 0.3148210339650177,
    "on-table(red-box-of-cereal,white-table)": 0.1450417204053641,
    "on-table(red-can-of-soda,wood-table)": 0.22371632498470717,
    "on-table(red-can-of-soda,black-table)": 0.008939943322578378,
    "on-table(red-can-of-soda,white-table)": 0.8467420302331448,
    "robot-gripper-empty()": 0.9857481320699056,
    "robot-gripping(milk-carton)": 0.11018801154568791,
    "robot-gripping(lemon)": 0.03584354487247765,
    "robot-gripping(green-bottle)": 0.027085430958929162,
    "robot-gripping(loaf-of-bread)": 0.0779843822432061,
    "robot-gripping(red-box-of-cereal)": 0.057678471047741674,
    "robot-gripping(red-can-of-soda)": 0.0913142174249515
}