{
    "on-table(milk-carton,wood-table)": 0.6766872604688009,
    "on-table(milk-carton,black-table)": 0.03718153699689234,
    "on-table(milk-carton,white-table)": 0.3135159901309332,
    "on-table(lemon,wood-table)": 0.16535898915996464,
    "on-table(lemon,black-table)": 0.8316670358957102,
    "on-table(lemon,white-table)": 0.003195479690475622,
    "on-table(green-bottle,wood-table)": 0.0012967619653257618,
    "on-table(green-bottle,black-table)": 0.034766556990386256,
    "on-table(green-bottle,white-table)": 0.0006781276914201347,
    "on-table(loaf-of-bread,wood-table)": 0.2596800667233765,
    "on-table(loaf-of-bread,black-table)": 0.04145557452284265,
    "on-table(loaf-of-bread,white-table)": 0.01772749820762935,
    "on-table(red-box-of-cereal,wood-table)": 0.8918539136648178,
    "on-table(red-box-of-cereal,black-table)": 0.011350756101667988,
    "on-table(red-box-of-cereal,white-table)": 0.31938593903108387,
    "on-table(red-can-of-soda,wood-table)": 0.3342264953438037,
    "on-table(red-can-of-soda,black-table)": 0.003252688179448645,
    "on-table(red-can-of-soda,white-table)": 0.8481233045458794,
    "robot-gripper-empty()": 0.984923909107844,
    "robot-gripping(milk-carton)": 0.242516520122687,
    "robot-gripping(lemon)": 0.03161404487521698,
    "robot-gripping(green-bottle)": 0.022974995236533385,
    "robot-gripping(loaf-of-bread)": 0.06771123828366399,
    "robot-gripping(red-box-of-cereal)": 0.06877703409797202,
    "robot-gripping(red-can-of-soda)": 0.04567031795158982
}