{
    "on-table(milk-carton,wood-table)": 0.6360398615458204,
    "on-table(milk-carton,black-table)": 0.6526758509377638,
    "on-table(milk-carton,white-table)": 0.022586693052896106,
    "on-table(lemon,wood-table)": 0.10621015448123217,
    "on-table(lemon,black-table)": 0.009204681826910624,
    "on-table(lemon,white-table)": 0.168122844498915,
    "on-table(green-bottle,wood-table)": 0.10741876554554135,
    "on-table(green-bottle,black-table)": 0.005104686795448288,
    "on-table(green-bottle,white-table)": 0.9942282140254974,
    "on-table(loaf-of-bread,wood-table)": 0.9408686856428782,
    "on-table(loaf-of-bread,black-table)": 0.17794659210388394,
    "on-table(loaf-of-bread,white-table)": 0.005022814308025166,
    "on-table(red-box-of-cereal,wood-table)": 0.9518647491931915,
    "on-table(red-box-of-cereal,black-table)": 0.3132888632074658,
    "on-table(red-box-of-cereal,white-table)": 0.003862326162561658,
    "on-table(red-can-of-soda,wood-table)": 0.7116849925417531,
    "on-table(red-can-of-soda,black-table)": 0.27531996909480466,
    "on-table(red-can-of-soda,white-table)": 0.004369641266445494,
    "robot-gripper-empty()": 0.8680135756731033,
    "robot-gripping(milk-carton)": 0.0912468556004266,
    "robot-gripping(lemon)": 0.0835728735352556,
    "robot-gripping(green-bottle)": 0.015844395971119713,
    "robot-gripping(loaf-of-bread)": 0.13536149449646473,
    "robot-gripping(red-box-of-cereal)": 0.14526701943638423,
    "robot-gripping(red-can-of-soda)": 0.18181045873401067
}