{
    "on-table(milk-carton,wood-table)": 0.4960592797336479,
    "on-table(milk-carton,black-table)": 0.5599818623935183,
    "on-table(milk-carton,white-table)": 0.02148867222543534,
    "on-table(lemon,wood-table)": 0.21759757373365574,
    "on-table(lemon,black-table)": 0.0007099042771680312,
    "on-table(lemon,white-table)": 0.8376881324996551,
    "on-table(green-bottle,wood-table)": 0.16870928397596194,
    "on-table(green-bottle,black-table)": 0.17084182217574076,
    "on-table(green-bottle,white-table)": 0.0006369752506240426,
    "on-table(loaf-of-bread,wood-table)": 0.7632371634244919,
    "on-table(loaf-of-bread,black-table)": 0.20724840801752484,
    "on-table(loaf-of-bread,white-table)": 0.05684530508733587,
    "on-table(red-box-of-cereal,wood-table)": 0.9984422226746877,
    "on-table(red-box-of-cereal,black-table)": 0.33345792467700147,
    "on-table(red-box-of-cereal,white-table)": 0.028688867456367007,
    "on-table(red-can-of-soda,wood-table)": 0.9924282332261404,
    "on-table(red-can-of-soda,black-table)": 0.33234272559244954,
    "on-table(red-can-of-soda,white-table)": 0.01123632221818601,
    "robot-gripper-empty()": 0.32208004182515043,
    "robot-gripping(milk-carton)": 0.29946042286853,
    "robot-gripping(lemon)": 0.0110553605578995,
    "robot-gripping(green-bottle)": 0.8087620170942197,
    "robot-gripping(loaf-of-bread)": 0.05499904424262544,
    "robot-gripping(red-box-of-cereal)": 0.018707253048584487,
    "robot-gripping(red-can-of-soda)": 0.10605771762008469
}