{
    "on-table(milk-carton,wood-table)": 0.5565297603607178,
    "on-table(milk-carton,black-table)": 0.05956125408192747,
    "on-table(milk-carton,white-table)": 0.3681361904309597,
    "on-table(lemon,wood-table)": 0.8262884754609937,
    "on-table(lemon,black-table)": 0.16311499395014076,
    "on-table(lemon,white-table)": 0.0009311825601040861,
    "on-table(green-bottle,wood-table)": 0.8322254248196259,
    "on-table(green-bottle,black-table)": 0.16750072998504115,
    "on-table(green-bottle,white-table)": 0.002647913591166192,
    "on-table(loaf-of-bread,wood-table)": 0.12322505998114745,
    "on-table(loaf-of-bread,black-table)": 0.04807513839720438,
    "on-table(loaf-of-bread,white-table)": 0.035249726546074577,
    "on-table(red-box-of-cereal,wood-table)": 0.20566937484545633,
    "on-table(red-box-of-cereal,black-table)": 0.0035896637443026216,
    "on-table(red-box-of-cereal,white-table)": 0.8283714447170496,
    "on-table(red-can-of-soda,wood-table)": 0.16644846018850026,
    "on-table(red-can-of-soda,black-table)": 0.0050209569208163884,
    "on-table(red-can-of-soda,white-table)": 0.9983942011992136,
    "robot-gripper-empty()": 0.6483180100719134,
    "robot-gripping(milk-carton)": 0.5998147663970789,
    "robot-gripping(lemon)": 0.14822834016134342,
    "robot-gripping(green-bottle)": 0.11052648692081372,
    "robot-gripping(loaf-of-bread)": 0.2630694694817066,
    "robot-gripping(red-box-of-cereal)": 0.34982450492680073,
    "robot-gripping(red-can-of-soda)": 0.38180255393187207
}