{
    "on-table(milk-carton,wood-table)": 0.21839851381567618,
    "on-table(milk-carton,black-table)": 0.181163956100742,
    "on-table(milk-carton,white-table)": 0.8870960970719656,
    "on-table(lemon,wood-table)": 0.3114152143049675,
    "on-table(lemon,black-table)": 0.046017478901679475,
    "on-table(lemon,white-table)": 0.9487707714239756,
    "on-table(green-bottle,wood-table)": 0.09049529719535106,
    "on-table(green-bottle,black-table)": 0.17037823861392098,
    "on-table(green-bottle,white-table)": 0.2772197982412763,
    "on-table(loaf-of-bread,wood-table)": 0.29785423741365474,
    "on-table(loaf-of-bread,black-table)": 0.6034004588921865,
    "on-table(loaf-of-bread,white-table)": 0.465646671752135,
    "on-table(red-box-of-cereal,wood-table)": 0.25420207049076754,
    "on-table(red-box-of-cereal,black-table)": 0.07257198525136725,
    "on-table(red-box-of-cereal,white-table)": 0.9992930094401041,
    "on-table(red-can-of-soda,wood-table)": 0.21987566628134422,
    "on-table(red-can-of-soda,black-table)": 0.031296539179834326,
    "on-table(red-can-of-soda,white-table)": 0.9993848005930582,
    "robot-gripper-empty()": 0.9118833343187968,
    "robot-gripping(milk-carton)": 0.29981691390275955,
    "robot-gripping(lemon)": 0.09067421158154805,
    "robot-gripping(green-bottle)": 0.07970024117579062,
    "robot-gripping(loaf-of-bread)": 0.1136823371052742,
    "robot-gripping(red-box-of-cereal)": 0.06614022872721155,
    "robot-gripping(red-can-of-soda)": 0.10387434748311837
}