{
    "on-table(milk-carton,wood-table)": 0.13649659347720444,
    "on-table(milk-carton,black-table)": 0.5061772453288237,
    "on-table(milk-carton,white-table)": 0.3491972218034789,
    "on-table(lemon,wood-table)": 0.8465215551356474,
    "on-table(lemon,black-table)": 0.16465160156546213,
    "on-table(lemon,white-table)": 0.01532666947218786,
    "on-table(green-bottle,wood-table)": 0.1672420582981431,
    "on-table(green-bottle,black-table)": 0.03477721584007062,
    "on-table(green-bottle,white-table)": 0.9974848528703054,
    "on-table(loaf-of-bread,wood-table)": 0.20043616611898565,
    "on-table(loaf-of-bread,black-table)": 0.12206323605884488,
    "on-table(loaf-of-bread,white-table)": 0.2674843151665603,
    "on-table(red-box-of-cereal,wood-table)": 0.08166839409386739,
    "on-table(red-box-of-cereal,black-table)": 0.1330950874641227,
    "on-table(red-box-of-cereal,white-table)": 0.5452480219925443,
    "on-table(red-can-of-soda,wood-table)": 0.03814694065901373,
    "on-table(red-can-of-soda,black-table)": 0.6844982346519828,
    "on-table(red-can-of-soda,white-table)": 0.2616759954180452,
    "robot-gripper-empty()": 0.8884337345759074,
    "robot-gripping(milk-carton)": 0.32153278092543286,
    "robot-gripping(lemon)": 0.0881292720635732,
    "robot-gripping(green-bottle)": 0.06891772150993347,
    "robot-gripping(loaf-of-bread)": 0.14672652197380862,
    "robot-gripping(red-box-of-cereal)": 0.1908918141076962,
    "robot-gripping(red-can-of-soda)": 0.3661106179157893
}