{
    "on-table(milk-carton,wood-table)": 0.2205071497398118,
    "on-table(milk-carton,black-table)": 0.022932379059056984,
    "on-table(milk-carton,white-table)": 0.8759623219569524,
    "on-table(lemon,wood-table)": 0.20252298229994872,
    "on-table(lemon,black-table)": 0.8330435740451018,
    "on-table(lemon,white-table)": 0.016117835852734668,
    "on-table(green-bottle,wood-table)": 0.3754702395138641,
    "on-table(green-bottle,black-table)": 0.030812494301547606,
    "on-table(green-bottle,white-table)": 0.05638839193852618,
    "on-table(loaf-of-bread,wood-table)": 0.4123037631313006,
    "on-table(loaf-of-bread,black-table)": 0.4155904206757744,
    "on-table(loaf-of-bread,white-table)": 0.13415850021798784,
    "on-table(red-box-of-cereal,wood-table)": 0.1671674243019273,
    "on-table(red-box-of-cereal,black-table)": 0.21687469095437942,
    "on-table(red-box-of-cereal,white-table)": 0.034443198562560916,
    "on-table(red-can-of-soda,wood-table)": 0.17597917108408487,
    "on-table(red-can-of-soda,black-table)": 0.6724405580510696,
    "on-table(red-can-of-soda,white-table)": 0.008716609118285609,
    "robot-gripper-empty()": 0.8966265618801117,
    "robot-gripping(milk-carton)": 0.23599204358955225,
    "robot-gripping(lemon)": 0.07505249589060743,
    "robot-gripping(green-bottle)": 0.12556841721137366,
    "robot-gripping(loaf-of-bread)": 0.13770281337201595,
    "robot-gripping(red-box-of-cereal)": 0.07448165669726829,
    "robot-gripping(red-can-of-soda)": 0.1949034648326536
}