{
    "on-table(milk-carton,wood-table)": 0.40669377396504086,
    "on-table(milk-carton,black-table)": 0.2755476199624051,
    "on-table(milk-carton,white-table)": 0.33958372795799124,
    "on-table(lemon,wood-table)": 0.26063661703665275,
    "on-table(lemon,black-table)": 0.2072520295077993,
    "on-table(lemon,white-table)": 0.6782986427618501,
    "on-table(green-bottle,wood-table)": 0.9581698973973592,
    "on-table(green-bottle,black-table)": 0.3329041503592028,
    "on-table(green-bottle,white-table)": 0.0004575259425412999,
    "on-table(loaf-of-bread,wood-table)": 0.1711355640242497,
    "on-table(loaf-of-bread,black-table)": 0.5760967778041959,
    "on-table(loaf-of-bread,white-table)": 0.19227546356463185,
    "on-table(red-box-of-cereal,wood-table)": 0.18720752874893756,
    "on-table(red-box-of-cereal,black-table)": 0.003346791441193394,
    "on-table(red-box-of-cereal,white-table)": 0.8357249864687523,
    "on-table(red-can-of-soda,wood-table)": 0.9331176578998566,
    "on-table(red-can-of-soda,black-table)": 0.29817365997526696,
    "on-table(red-can-of-soda,white-table)": 0.15381813261031616,
    "robot-gripper-empty()": 0.8577129319310188,
    "robot-gripping(milk-carton)": 0.20864240763088068,
    "robot-gripping(lemon)": 0.06110973322453598,
    "robot-gripping(green-bottle)": 0.17571063820893565,
    "robot-gripping(loaf-of-bread)": 0.08177663665264845,
    "robot-gripping(red-box-of-cereal)": 0.03607028773209701,
    "robot-gripping(red-can-of-soda)": 0.09457175030062596
}