{
    "on-table(milk-carton,wood-table)": 0.08508695499040186,
    "on-table(milk-carton,black-table)": 0.7321301692475876,
    "on-table(milk-carton,white-table)": 0.1830310357769728,
    "on-table(lemon,wood-table)": 0.22047755175056713,
    "on-table(lemon,black-table)": 0.9582837124665579,
    "on-table(lemon,white-table)": 0.0003727157577107694,
    "on-table(green-bottle,wood-table)": 0.920407235622406,
    "on-table(green-bottle,black-table)": 0.3331714388835583,
    "on-table(green-bottle,white-table)": 0.00026880578085789847,
    "on-table(loaf-of-bread,wood-table)": 0.197373199237821,
    "on-table(loaf-of-bread,black-table)": 0.49577825986004126,
    "on-table(loaf-of-bread,white-table)": 0.01958301952496792,
    "on-table(red-box-of-cereal,wood-table)": 0.04751171817770228,
    "on-table(red-box-of-cereal,black-table)": 0.6656988760029586,
    "on-table(red-box-of-cereal,white-table)": 0.20889847252692562,
    "on-table(red-can-of-soda,wood-table)": 0.08498900854465319,
    "on-table(red-can-of-soda,black-table)": 0.11322182916061745,
    "on-table(red-can-of-soda,white-table)": 0.8354474067067107,
    "robot-gripper-empty()": 0.6107793897390366,
    "robot-gripping(milk-carton)": 0.440022936090827,
    "robot-gripping(lemon)": 0.08475101948715746,
    "robot-gripping(green-bottle)": 0.21614127202580372,
    "robot-gripping(loaf-of-bread)": 0.27267037983983755,
    "robot-gripping(red-box-of-cereal)": 0.36894843510041636,
    "robot-gripping(red-can-of-soda)": 0.20950845691064993
}