{
    "on-table(milk-carton,wood-table)": 0.1743329632251213,
    "on-table(milk-carton,black-table)": 0.684729148944219,
    "on-table(milk-carton,white-table)": 0.13733873977616895,
    "on-table(lemon,wood-table)": 0.18947016442931877,
    "on-table(lemon,black-table)": 0.0879503260052843,
    "on-table(lemon,white-table)": 0.933462510506312,
    "on-table(green-bottle,wood-table)": 0.1735279460262973,
    "on-table(green-bottle,black-table)": 0.003406174130001697,
    "on-table(green-bottle,white-table)": 0.8366948484132687,
    "on-table(loaf-of-bread,wood-table)": 0.2369048174781104,
    "on-table(loaf-of-bread,black-table)": 0.33030353432210785,
    "on-table(loaf-of-bread,white-table)": 0.28675412717469345,
    "on-table(red-box-of-cereal,wood-table)": 0.18968779675196856,
    "on-table(red-box-of-cereal,black-table)": 0.8248856614033381,
    "on-table(red-box-of-cereal,white-table)": 0.013109219990534863,
    "on-table(red-can-of-soda,wood-table)": 0.16217814460105728,
    "on-table(red-can-of-soda,black-table)": 0.8488604053854942,
    "on-table(red-can-of-soda,white-table)": 0.008853780422214186,
    "robot-gripper-empty()": 0.952744315067927,
    "robot-gripping(milk-carton)": 0.34446894625822705,
    "robot-gripping(lemon)": 0.06111245757589737,
    "robot-gripping(green-bottle)": 0.03109729561644296,
    "robot-gripping(loaf-of-bread)": 0.15376853632430235,
    "robot-gripping(red-box-of-cereal)": 0.046751281091322504,
    "robot-gripping(red-can-of-soda)": 0.06708903106239934
}