{
    "on-table(milk-carton,wood-table)": 0.7912412832180659,
    "on-table(milk-carton,black-table)": 0.18638982204720378,
    "on-table(milk-carton,white-table)": 0.2008950110951749,
    "on-table(lemon,wood-table)": 0.011952621057086313,
    "on-table(lemon,black-table)": 0.021333080477537198,
    "on-table(lemon,white-table)": 0.022655251200679533,
    "on-table(green-bottle,wood-table)": 0.16824993817135692,
    "on-table(green-bottle,black-table)": 0.16790301404823063,
    "on-table(green-bottle,white-table)": 0.0010808643431422145,
    "on-table(loaf-of-bread,wood-table)": 0.6737394270797571,
    "on-table(loaf-of-bread,black-table)": 0.4379821747230987,
    "on-table(loaf-of-bread,white-table)": 0.22498401183596192,
    "on-table(red-box-of-cereal,wood-table)": 0.9525563220183054,
    "on-table(red-box-of-cereal,black-table)": 0.29839239036846266,
    "on-table(red-box-of-cereal,white-table)": 0.17243102931115573,
    "on-table(red-can-of-soda,wood-table)": 0.9911219278971354,
    "on-table(red-can-of-soda,black-table)": 0.3288778899417366,
    "on-table(red-can-of-soda,white-table)": 0.15612728559733569,
    "robot-gripper-empty()": 0.452915940026287,
    "robot-gripping(milk-carton)": 0.34852879370252293,
    "robot-gripping(lemon)": 0.24043949825378755,
    "robot-gripping(green-bottle)": 0.7724453884487351,
    "robot-gripping(loaf-of-bread)": 0.10471368379270037,
    "robot-gripping(red-box-of-cereal)": 0.05834707792382687,
    "robot-gripping(red-can-of-soda)": 0.08503856032621115
}