{
    "on-table(milk-carton,wood-table)": 0.37705924377466243,
    "on-table(milk-carton,black-table)": 0.4761043188069986,
    "on-table(milk-carton,white-table)": 0.12861387733573793,
    "on-table(lemon,wood-table)": 0.1492332453635754,
    "on-table(lemon,black-table)": 0.004680484709903491,
    "on-table(lemon,white-table)": 0.9246084094047546,
    "on-table(green-bottle,wood-table)": 0.16588650940684602,
    "on-table(green-bottle,black-table)": 0.00023201594657014843,
    "on-table(green-bottle,white-table)": 0.8335380224161781,
    "on-table(loaf-of-bread,wood-table)": 0.18771262878241637,
    "on-table(loaf-of-bread,black-table)": 0.356080477591604,
    "on-table(loaf-of-bread,white-table)": 0.2941865946049802,
    "on-table(red-box-of-cereal,wood-table)": 0.32794955327699427,
    "on-table(red-box-of-cereal,black-table)": 0.9375013907750448,
    "on-table(red-box-of-cereal,white-table)": 0.019278201029616564,
    "on-table(red-can-of-soda,wood-table)": 0.7476210473493362,
    "on-table(red-can-of-soda,black-table)": 0.49367785443276563,
    "on-table(red-can-of-soda,white-table)": 0.037041189972721135,
    "robot-gripper-empty()": 0.9738720754782358,
    "robot-gripping(milk-carton)": 0.06573099627469976,
    "robot-gripping(lemon)": 0.03140318234606335,
    "robot-gripping(green-bottle)": 0.00945207616314292,
    "robot-gripping(loaf-of-bread)": 0.05473078895981113,
    "robot-gripping(red-box-of-cereal)": 0.043067882380758725,
    "robot-gripping(red-can-of-soda)": 0.04077582387253642
}