{
    "on-table(milk-carton,wood-table)": 0.14306125500782704,
    "on-table(milk-carton,black-table)": 0.6968889891480406,
    "on-table(milk-carton,white-table)": 0.17959772773368363,
    "on-table(lemon,wood-table)": 0.9708728690942129,
    "on-table(lemon,black-table)": 0.2330186327951651,
    "on-table(lemon,white-table)": 0.16070564219899097,
    "on-table(green-bottle,wood-table)": 0.7212394202748934,
    "on-table(green-bottle,black-table)": 0.3322903233024211,
    "on-table(green-bottle,white-table)": 0.0033527353963715236,
    "on-table(loaf-of-bread,wood-table)": 0.187116424087435,
    "on-table(loaf-of-bread,black-table)": 0.484348873142153,
    "on-table(loaf-of-bread,white-table)": 0.17472498535425984,
    "on-table(red-box-of-cereal,wood-table)": 0.08299447414659274,
    "on-table(red-box-of-cereal,black-table)": 0.8177566071972251,
    "on-table(red-box-of-cereal,white-table)": 0.054810558547615074,
    "on-table(red-can-of-soda,wood-table)": 0.028051514127582777,
    "on-table(red-can-of-soda,black-table)": 0.7974890234569708,
    "on-table(red-can-of-soda,white-table)": 0.008449826932822665,
    "robot-gripper-empty()": 0.7631244311730067,
    "robot-gripping(milk-carton)": 0.2162263902525107,
    "robot-gripping(lemon)": 0.10223808589701851,
    "robot-gripping(green-bottle)": 0.11309966258704662,
    "robot-gripping(loaf-of-bread)": 0.09374716908981402,
    "robot-gripping(red-box-of-cereal)": 0.20566941611468792,
    "robot-gripping(red-can-of-soda)": 0.5150611847639084
}