{
    "on-table(milk-carton,wood-table)": 0.2063456584389011,
    "on-table(milk-carton,black-table)": 0.10747047690286611,
    "on-table(milk-carton,white-table)": 0.08422827379157145,
    "on-table(lemon,wood-table)": 0.20162643265211955,
    "on-table(lemon,black-table)": 0.6202542756994566,
    "on-table(lemon,white-table)": 0.009295914310617567,
    "on-table(green-bottle,wood-table)": 0.32813590996617376,
    "on-table(green-bottle,black-table)": 0.9988961120446523,
    "on-table(green-bottle,white-table)": 0.012734236065095198,
    "on-table(loaf-of-bread,wood-table)": 0.5829045524199804,
    "on-table(loaf-of-bread,black-table)": 0.12189240615043673,
    "on-table(loaf-of-bread,white-table)": 0.14232892543441267,
    "on-table(red-box-of-cereal,wood-table)": 0.04143212138175537,
    "on-table(red-box-of-cereal,black-table)": 0.01032107732832325,
    "on-table(red-box-of-cereal,white-table)": 0.378786349358658,
    "on-table(red-can-of-soda,wood-table)": 0.16890354130373453,
    "on-table(red-can-of-soda,black-table)": 0.0026147895287825427,
    "on-table(red-can-of-soda,white-table)": 0.8612876559297243,
    "robot-gripper-empty()": 0.8576918542385101,
    "robot-gripping(milk-carton)": 0.09961349392930667,
    "robot-gripping(lemon)": 0.12866945335796723,
    "robot-gripping(green-bottle)": 0.15740851392426217,
    "robot-gripping(loaf-of-bread)": 0.06423558030898373,
    "robot-gripping(red-box-of-cereal)": 0.021869858183587592,
    "robot-gripping(red-can-of-soda)": 0.031557408277876675
}