{
    "on-table(milk-carton,wood-table)": 0.43463198669875663,
    "on-table(milk-carton,black-table)": 0.3631656754296273,
    "on-table(milk-carton,white-table)": 0.05502465673877547,
    "on-table(lemon,wood-table)": 0.14205874238784114,
    "on-table(lemon,black-table)": 0.16823672786510238,
    "on-table(lemon,white-table)": 0.19861822821743166,
    "on-table(green-bottle,wood-table)": 0.30363495000589563,
    "on-table(green-bottle,black-table)": 0.9995358884334564,
    "on-table(green-bottle,white-table)": 0.15754228366525544,
    "on-table(loaf-of-bread,wood-table)": 0.5172858349978924,
    "on-table(loaf-of-bread,black-table)": 0.008310618579950338,
    "on-table(loaf-of-bread,white-table)": 0.17872513614808364,
    "on-table(red-box-of-cereal,wood-table)": 0.8908368647098541,
    "on-table(red-box-of-cereal,black-table)": 0.3330895980355611,
    "on-table(red-box-of-cereal,white-table)": 0.022158285370399728,
    "on-table(red-can-of-soda,wood-table)": 0.6089124021430811,
    "on-table(red-can-of-soda,black-table)": 0.7732726087172827,
    "on-table(red-can-of-soda,white-table)": 0.008229907072139516,
    "robot-gripper-empty()": 0.9562162856260935,
    "robot-gripping(milk-carton)": 0.09846907543639342,
    "robot-gripping(lemon)": 0.06350797725220521,
    "robot-gripping(green-bottle)": 0.06861179799307138,
    "robot-gripping(loaf-of-bread)": 0.10803852711493771,
    "robot-gripping(red-box-of-cereal)": 0.15275719893785814,
    "robot-gripping(red-can-of-soda)": 0.22724229275869826
}