{
    "on-table(milk-carton,wood-table)": 0.21495173271978274,
    "on-table(milk-carton,black-table)": 0.01884729543235153,
    "on-table(milk-carton,white-table)": 0.856934646765391,
    "on-table(lemon,wood-table)": 0.06454782727329682,
    "on-table(lemon,black-table)": 0.05222352612448352,
    "on-table(lemon,white-table)": 0.7475110994031032,
    "on-table(green-bottle,wood-table)": 0.19065210146800382,
    "on-table(green-bottle,black-table)": 0.7534978358695904,
    "on-table(green-bottle,white-table)": 0.002611779080477087,
    "on-table(loaf-of-bread,wood-table)": 0.6038743319610754,
    "on-table(loaf-of-bread,black-table)": 0.04017406447989439,
    "on-table(loaf-of-bread,white-table)": 0.1558887959739271,
    "on-table(red-box-of-cereal,wood-table)": 0.12013319097847368,
    "on-table(red-box-of-cereal,black-table)": 0.16734802684186434,
    "on-table(red-box-of-cereal,white-table)": 0.6824639450448254,
    "on-table(red-can-of-soda,wood-table)": 0.3248303928776295,
    "on-table(red-can-of-soda,black-table)": 0.8777745366096497,
    "on-table(red-can-of-soda,white-table)": 0.09081532472161295,
    "robot-gripper-empty()": 0.8574229081471761,
    "robot-gripping(milk-carton)": 0.16798179286221662,
    "robot-gripping(lemon)": 0.12562305278455219,
    "robot-gripping(green-bottle)": 0.06325734251489241,
    "robot-gripping(loaf-of-bread)": 0.17738596008469662,
    "robot-gripping(red-box-of-cereal)": 0.07520567420093964,
    "robot-gripping(red-can-of-soda)": 0.05930189788341522
}