{
    "on-table(milk-carton,wood-table)": 0.16717808965283135,
    "on-table(milk-carton,black-table)": 0.7533824071288109,
    "on-table(milk-carton,white-table)": 0.1727101678661711,
    "on-table(lemon,wood-table)": 0.9011141955852509,
    "on-table(lemon,black-table)": 0.06600827757574734,
    "on-table(lemon,white-table)": 0.3225404966894227,
    "on-table(green-bottle,wood-table)": 0.007534329517511651,
    "on-table(green-bottle,black-table)": 0.8287562147403756,
    "on-table(green-bottle,white-table)": 0.0039781815214989065,
    "on-table(loaf-of-bread,wood-table)": 0.20260625485874093,
    "on-table(loaf-of-bread,black-table)": 0.10907928377370506,
    "on-table(loaf-of-bread,white-table)": 0.7884039285903176,
    "on-table(red-box-of-cereal,wood-table)": 0.3070253604188717,
    "on-table(red-box-of-cereal,black-table)": 0.9627787470817566,
    "on-table(red-box-of-cereal,white-table)": 0.11112631267072477,
    "on-table(red-can-of-soda,wood-table)": 0.846855009595553,
    "on-table(red-can-of-soda,black-table)": 0.3430297816470708,
    "on-table(red-can-of-soda,white-table)": 0.14198800546224297,
    "robot-gripper-empty()": 0.8470694025357565,
    "robot-gripping(milk-carton)": 0.20399813322971264,
    "robot-gripping(lemon)": 0.09016901130477588,
    "robot-gripping(green-bottle)": 0.1780378220913311,
    "robot-gripping(loaf-of-bread)": 0.09253231195422511,
    "robot-gripping(red-box-of-cereal)": 0.12943184919034442,
    "robot-gripping(red-can-of-soda)": 0.22256602036456266
}