{
    "on-table(milk-carton,wood-table)": 0.574918648848931,
    "on-table(milk-carton,black-table)": 0.2621999050315935,
    "on-table(milk-carton,white-table)": 0.0958562489055718,
    "on-table(lemon,wood-table)": 0.21366675042857727,
    "on-table(lemon,black-table)": 0.6254425992568334,
    "on-table(lemon,white-table)": 0.022799679427407682,
    "on-table(green-bottle,wood-table)": 0.28392692087072646,
    "on-table(green-bottle,black-table)": 0.9905952413876852,
    "on-table(green-bottle,white-table)": 0.0019628179325081874,
    "on-table(loaf-of-bread,wood-table)": 0.30176815840726096,
    "on-table(loaf-of-bread,black-table)": 0.34843309545734275,
    "on-table(loaf-of-bread,white-table)": 0.23543809104012325,
    "on-table(red-box-of-cereal,wood-table)": 0.017752584690848987,
    "on-table(red-box-of-cereal,black-table)": 0.05115406740029963,
    "on-table(red-box-of-cereal,white-table)": 0.12955264409538358,
    "on-table(red-can-of-soda,wood-table)": 0.169480429807057,
    "on-table(red-can-of-soda,black-table)": 0.18468942718269923,
    "on-table(red-can-of-soda,white-table)": 0.04751936485990882,
    "robot-gripper-empty()": 0.7814315855503082,
    "robot-gripping(milk-carton)": 0.24536694462100664,
    "robot-gripping(lemon)": 0.15679584381481013,
    "robot-gripping(green-bottle)": 0.11685103736817837,
    "robot-gripping(loaf-of-bread)": 0.20771905174478889,
    "robot-gripping(red-box-of-cereal)": 0.22613932844251394,
    "robot-gripping(red-can-of-soda)": 0.6261665734151999
}