{
    "on-table(milk-carton,wood-table)": 0.16217454057186842,
    "on-table(milk-carton,black-table)": 0.08829724478224914,
    "on-table(milk-carton,white-table)": 0.27820050514613587,
    "on-table(lemon,wood-table)": 0.237582923155666,
    "on-table(lemon,black-table)": 0.8075466901063919,
    "on-table(lemon,white-table)": 0.017640739071794087,
    "on-table(green-bottle,wood-table)": 0.16672653085940206,
    "on-table(green-bottle,black-table)": 0.8110451419294501,
    "on-table(green-bottle,white-table)": 0.0064188668407041405,
    "on-table(loaf-of-bread,wood-table)": 0.40896404907107353,
    "on-table(loaf-of-bread,black-table)": 0.0029409300623228773,
    "on-table(loaf-of-bread,white-table)": 0.15689846419748696,
    "on-table(red-box-of-cereal,wood-table)": 0.056446746457368135,
    "on-table(red-box-of-cereal,black-table)": 0.08846134550791855,
    "on-table(red-box-of-cereal,white-table)": 0.17857922111579683,
    "on-table(red-can-of-soda,wood-table)": 0.20729289570105416,
    "on-table(red-can-of-soda,black-table)": 0.8351837545633316,
    "on-table(red-can-of-soda,white-table)": 0.01568275837234978,
    "robot-gripper-empty()": 0.9782477716604868,
    "robot-gripping(milk-carton)": 0.19954005256295204,
    "robot-gripping(lemon)": 0.0555517061923941,
    "robot-gripping(green-bottle)": 0.030338412111935515,
    "robot-gripping(loaf-of-bread)": 0.07782804283003013,
    "robot-gripping(red-box-of-cereal)": 0.026663858133057754,
    "robot-gripping(red-can-of-soda)": 0.04504598677158356
}