{
    "on-table(milk-carton,wood-table)": 0.11181634969155614,
    "on-table(milk-carton,black-table)": 0.3643575501240169,
    "on-table(milk-carton,white-table)": 0.13896683922454636,
    "on-table(lemon,wood-table)": 0.17968809380060216,
    "on-table(lemon,black-table)": 0.0031428768234036397,
    "on-table(lemon,white-table)": 0.9529771109422048,
    "on-table(green-bottle,wood-table)": 0.9367185334364573,
    "on-table(green-bottle,black-table)": 0.29739715834117914,
    "on-table(green-bottle,white-table)": 0.027069457650592692,
    "on-table(loaf-of-bread,wood-table)": 0.126018473393439,
    "on-table(loaf-of-bread,black-table)": 0.012354698976802561,
    "on-table(loaf-of-bread,white-table)": 0.5396550842560828,
    "on-table(red-box-of-cereal,wood-table)": 0.029561682687926805,
    "on-table(red-box-of-cereal,black-table)": 0.011757721430209736,
    "on-table(red-box-of-cereal,white-table)": 0.03823331234586173,
    "on-table(red-can-of-soda,wood-table)": 0.01857448683100908,
    "on-table(red-can-of-soda,black-table)": 0.003122714395431103,
    "on-table(red-can-of-soda,white-table)": 0.04002091509543485,
    "robot-gripper-empty()": 0.8636414110660553,
    "robot-gripping(milk-carton)": 0.08175023272633553,
    "robot-gripping(lemon)": 0.05468055388579766,
    "robot-gripping(green-bottle)": 0.17345001212864494,
    "robot-gripping(loaf-of-bread)": 0.06340695219114423,
    "robot-gripping(red-box-of-cereal)": 0.008971040641578535,
    "robot-gripping(red-can-of-soda)": 0.017611867825811107
}