{
    "on-table(milk-carton,wood-table)": 0.8856048683325449,
    "on-table(milk-carton,black-table)": 0.1609266559195627,
    "on-table(milk-carton,white-table)": 0.1280941319661603,
    "on-table(lemon,wood-table)": 0.2089031278658998,
    "on-table(lemon,black-table)": 0.35270127070968255,
    "on-table(lemon,white-table)": 0.03155789712460925,
    "on-table(green-bottle,wood-table)": 0.12882726052339422,
    "on-table(green-bottle,black-table)": 0.8343816959920028,
    "on-table(green-bottle,white-table)": 0.12389660213466414,
    "on-table(loaf-of-bread,wood-table)": 0.7600321963157816,
    "on-table(loaf-of-bread,black-table)": 0.1248032904501694,
    "on-table(loaf-of-bread,white-table)": 0.17187622835626826,
    "on-table(red-box-of-cereal,wood-table)": 0.9677070180575053,
    "on-table(red-box-of-cereal,black-table)": 0.32497421755313854,
    "on-table(red-box-of-cereal,white-table)": 0.13688392674112038,
    "on-table(red-can-of-soda,wood-table)": 0.9728865226109823,
    "on-table(red-can-of-soda,black-table)": 0.3270539099036493,
    "on-table(red-can-of-soda,white-table)": 0.11005241334396487,
    "robot-gripper-empty()": 0.814513643582662,
    "robot-gripping(milk-carton)": 0.19449925298492113,
    "robot-gripping(lemon)": 0.07210103531057636,
    "robot-gripping(green-bottle)": 0.24432884249836206,
    "robot-gripping(loaf-of-bread)": 0.12541478701556721,
    "robot-gripping(red-box-of-cereal)": 0.12667098105885088,
    "robot-gripping(red-can-of-soda)": 0.19974183198064566
}