{
    "on-table(milk-carton,wood-table)": 0.8886348257462183,
    "on-table(milk-carton,black-table)": 0.2978059572730369,
    "on-table(milk-carton,white-table)": 0.0742441462619657,
    "on-table(lemon,wood-table)": 0.06633970397524536,
    "on-table(lemon,black-table)": 0.33625726494938135,
    "on-table(lemon,white-table)": 0.030980827155872248,
    "on-table(green-bottle,wood-table)": 0.16777255718625383,
    "on-table(green-bottle,black-table)": 0.002729448382372842,
    "on-table(green-bottle,white-table)": 0.8352061154631277,
    "on-table(loaf-of-bread,wood-table)": 0.16738852486014366,
    "on-table(loaf-of-bread,black-table)": 0.6529694409109652,
    "on-table(loaf-of-bread,white-table)": 0.009662593094011148,
    "on-table(red-box-of-cereal,wood-table)": 0.19068055268144235,
    "on-table(red-box-of-cereal,black-table)": 0.4004911366694917,
    "on-table(red-box-of-cereal,white-table)": 0.08268374744026612,
    "on-table(red-can-of-soda,wood-table)": 0.1668769787011115,
    "on-table(red-can-of-soda,black-table)": 0.18681716568304788,
    "on-table(red-can-of-soda,white-table)": 0.010551347907797512,
    "robot-gripper-empty()": 0.8716894537210464,
    "robot-gripping(milk-carton)": 0.24693867098540068,
    "robot-gripping(lemon)": 0.06793208746239543,
    "robot-gripping(green-bottle)": 0.013855848107292937,
    "robot-gripping(loaf-of-bread)": 0.09144074361150463,
    "robot-gripping(red-box-of-cereal)": 0.07548697921447456,
    "robot-gripping(red-can-of-soda)": 0.10081602456436183
}