{
    "on-table(milk-carton,wood-table)": 0.23309101076059355,
    "on-table(milk-carton,black-table)": 0.012287615371557573,
    "on-table(milk-carton,white-table)": 0.8655979335308075,
    "on-table(lemon,wood-table)": 0.039880457877491914,
    "on-table(lemon,black-table)": 0.047866320179309696,
    "on-table(lemon,white-table)": 0.6761483587324619,
    "on-table(green-bottle,wood-table)": 0.16865245412191143,
    "on-table(green-bottle,black-table)": 0.8331963963573799,
    "on-table(green-bottle,white-table)": 0.03200384167348602,
    "on-table(loaf-of-bread,wood-table)": 0.5181141567106048,
    "on-table(loaf-of-bread,black-table)": 0.006244428055651952,
    "on-table(loaf-of-bread,white-table)": 0.1125353996855362,
    "on-table(red-box-of-cereal,wood-table)": 0.17203797632828355,
    "on-table(red-box-of-cereal,black-table)": 0.007045656650007004,
    "on-table(red-box-of-cereal,white-table)": 0.7304094955325127,
    "on-table(red-can-of-soda,wood-table)": 0.06586001140143101,
    "on-table(red-can-of-soda,black-table)": 0.11801856332992126,
    "on-table(red-can-of-soda,white-table)": 0.9627239008744558,
    "robot-gripper-empty()": 0.8714496393998464,
    "robot-gripping(milk-carton)": 0.21350645398100218,
    "robot-gripping(lemon)": 0.10590840876102448,
    "robot-gripping(green-bottle)": 0.09709192005296548,
    "robot-gripping(loaf-of-bread)": 0.12119136502345403,
    "robot-gripping(red-box-of-cereal)": 0.1036708365039279,
    "robot-gripping(red-can-of-soda)": 0.5153211504220963
}