{
    "on-table(milk-carton,wood-table)": 0.15863650913039842,
    "on-table(milk-carton,black-table)": 0.08515913821512792,
    "on-table(milk-carton,white-table)": 0.8467985242605209,
    "on-table(lemon,wood-table)": 0.14029991603456438,
    "on-table(lemon,black-table)": 0.4396120490273461,
    "on-table(lemon,white-table)": 0.06586223749278967,
    "on-table(green-bottle,wood-table)": 0.8352598169197639,
    "on-table(green-bottle,black-table)": 0.17168101530084337,
    "on-table(green-bottle,white-table)": 0.0040743096571986825,
    "on-table(loaf-of-bread,wood-table)": 0.17188294978889948,
    "on-table(loaf-of-bread,black-table)": 0.7772234540898353,
    "on-table(loaf-of-bread,white-table)": 0.014983159825836386,
    "on-table(red-box-of-cereal,wood-table)": 0.05214712153732156,
    "on-table(red-box-of-cereal,black-table)": 0.18858100040233694,
    "on-table(red-box-of-cereal,white-table)": 0.35155147143329185,
    "on-table(red-can-of-soda,wood-table)": 0.16223308457665553,
    "on-table(red-can-of-soda,black-table)": 0.0025107438488968605,
    "on-table(red-can-of-soda,white-table)": 0.9693920811017355,
    "robot-gripper-empty()": 0.7851805786291758,
    "robot-gripping(milk-carton)": 0.13977099706729254,
    "robot-gripping(lemon)": 0.35540578328073025,
    "robot-gripping(green-bottle)": 0.1539055914618075,
    "robot-gripping(loaf-of-bread)": 0.2638642191886902,
    "robot-gripping(red-box-of-cereal)": 0.1571818198232601,
    "robot-gripping(red-can-of-soda)": 0.20757591142319143
}