{
    "on-table(milk-carton,wood-table)": 0.5899419533088803,
    "on-table(milk-carton,black-table)": 0.3293859250776829,
    "on-table(milk-carton,white-table)": 0.22988321561691313,
    "on-table(lemon,wood-table)": 0.3208323074504733,
    "on-table(lemon,black-table)": 0.6383338924497366,
    "on-table(lemon,white-table)": 0.005119501234730706,
    "on-table(green-bottle,wood-table)": 0.9912191530068716,
    "on-table(green-bottle,black-table)": 0.3324402148808379,
    "on-table(green-bottle,white-table)": 0.0004523462113562952,
    "on-table(loaf-of-bread,wood-table)": 0.1886761407367885,
    "on-table(loaf-of-bread,black-table)": 0.5938050082574288,
    "on-table(loaf-of-bread,white-table)": 0.1721416805521585,
    "on-table(red-box-of-cereal,wood-table)": 0.2505452976135227,
    "on-table(red-box-of-cereal,black-table)": 0.021953519230009988,
    "on-table(red-box-of-cereal,white-table)": 0.8325148575628797,
    "on-table(red-can-of-soda,wood-table)": 0.9586985409259796,
    "on-table(red-can-of-soda,black-table)": 0.043062631363113724,
    "on-table(red-can-of-soda,white-table)": 0.3399796253826442,
    "robot-gripper-empty()": 0.885388175646464,
    "robot-gripping(milk-carton)": 0.16815208829939365,
    "robot-gripping(lemon)": 0.2732141663630803,
    "robot-gripping(green-bottle)": 0.16117293232431015,
    "robot-gripping(loaf-of-bread)": 0.12216829570631187,
    "robot-gripping(red-box-of-cereal)": 0.06312449680020411,
    "robot-gripping(red-can-of-soda)": 0.08614233803624909
}