{
    "on-table(milk-carton,wood-table)": 0.23742309332010336,
    "on-table(milk-carton,black-table)": 0.005618153089320306,
    "on-table(milk-carton,white-table)": 0.8370038379604617,
    "on-table(lemon,wood-table)": 0.16671769858173016,
    "on-table(lemon,black-table)": 0.08224985682371273,
    "on-table(lemon,white-table)": 0.9383635024229685,
    "on-table(green-bottle,wood-table)": 0.99802499016126,
    "on-table(green-bottle,black-table)": 0.32746108773782606,
    "on-table(green-bottle,white-table)": 0.023721515263029385,
    "on-table(loaf-of-bread,wood-table)": 0.951300173997879,
    "on-table(loaf-of-bread,black-table)": 0.23584820921390323,
    "on-table(loaf-of-bread,white-table)": 0.028734390314639313,
    "on-table(red-box-of-cereal,wood-table)": 0.6506579939547615,
    "on-table(red-box-of-cereal,black-table)": 0.25665477610891685,
    "on-table(red-box-of-cereal,white-table)": 0.46006823626036447,
    "on-table(red-can-of-soda,wood-table)": 0.16713354939080696,
    "on-table(red-can-of-soda,black-table)": 0.00984866010336797,
    "on-table(red-can-of-soda,white-table)": 0.8361782478168607,
    "robot-gripper-empty()": 0.922077089548111,
    "robot-gripping(milk-carton)": 0.1023837278286616,
    "robot-gripping(lemon)": 0.05626685886333386,
    "robot-gripping(green-bottle)": 0.08050625367710988,
    "robot-gripping(loaf-of-bread)": 0.17766855284571648,
    "robot-gripping(red-box-of-cereal)": 0.057822401324907936,
    "robot-gripping(red-can-of-soda)": 0.16112382717741033
}