{
    "on-table(milk-carton,wood-table)": 0.2135958697181195,
    "on-table(milk-carton,black-table)": 0.2702596356715124,
    "on-table(milk-carton,white-table)": 0.750819926460584,
    "on-table(lemon,wood-table)": 0.08806332642173705,
    "on-table(lemon,black-table)": 0.009763198818707982,
    "on-table(lemon,white-table)": 0.7958030514419079,
    "on-table(green-bottle,wood-table)": 0.008868350082290513,
    "on-table(green-bottle,black-table)": 0.0019351597151550475,
    "on-table(green-bottle,white-table)": 0.8352054795250297,
    "on-table(loaf-of-bread,wood-table)": 0.3685833408186833,
    "on-table(loaf-of-bread,black-table)": 0.6181332816680273,
    "on-table(loaf-of-bread,white-table)": 0.07266958702045183,
    "on-table(red-box-of-cereal,wood-table)": 0.3119892377095918,
    "on-table(red-box-of-cereal,black-table)": 0.5111495219171047,
    "on-table(red-box-of-cereal,white-table)": 0.014625187274456644,
    "on-table(red-can-of-soda,wood-table)": 0.25012301694368944,
    "on-table(red-can-of-soda,black-table)": 0.7760121325651804,
    "on-table(red-can-of-soda,white-table)": 0.025383332215521175,
    "robot-gripper-empty()": 0.545451640461882,
    "robot-gripping(milk-carton)": 0.41882272188862163,
    "robot-gripping(lemon)": 0.11676608833173911,
    "robot-gripping(green-bottle)": 0.01365383982192725,
    "robot-gripping(loaf-of-bread)": 0.40234024946888286,
    "robot-gripping(red-box-of-cereal)": 0.6238346360623837,
    "robot-gripping(red-can-of-soda)": 0.7776130177080631
}