{
    "on-table(milk-carton,wood-table)": 0.5452691043028608,
    "on-table(milk-carton,black-table)": 0.702880971133709,
    "on-table(milk-carton,white-table)": 0.16427556708125243,
    "on-table(lemon,wood-table)": 0.5320518323763584,
    "on-table(lemon,black-table)": 0.3098215983676103,
    "on-table(lemon,white-table)": 0.1577803727511006,
    "on-table(green-bottle,wood-table)": 0.8288451442494988,
    "on-table(green-bottle,black-table)": 0.17178417501653107,
    "on-table(green-bottle,white-table)": 0.007123132522830626,
    "on-table(loaf-of-bread,wood-table)": 0.7023413678010305,
    "on-table(loaf-of-bread,black-table)": 0.06570975087682503,
    "on-table(loaf-of-bread,white-table)": 0.1740523119797217,
    "on-table(red-box-of-cereal,wood-table)": 0.7322635973493258,
    "on-table(red-box-of-cereal,black-table)": 0.3522484665348505,
    "on-table(red-box-of-cereal,white-table)": 0.04557990095054265,
    "on-table(red-can-of-soda,wood-table)": 0.36264415723174653,
    "on-table(red-can-of-soda,black-table)": 0.8297306059394032,
    "on-table(red-can-of-soda,white-table)": 0.0039344811157207005,
    "robot-gripper-empty()": 0.7667817225058874,
    "robot-gripping(milk-carton)": 0.23177360370755196,
    "robot-gripping(lemon)": 0.2706818226724863,
    "robot-gripping(green-bottle)": 0.08813899491603176,
    "robot-gripping(loaf-of-bread)": 0.20326883252710104,
    "robot-gripping(red-box-of-cereal)": 0.11201193245748679,
    "robot-gripping(red-can-of-soda)": 0.17577608271191517
}