{
    "on-table(milk-carton,wood-table)": 0.8094003833830357,
    "on-table(milk-carton,black-table)": 0.1492399612313117,
    "on-table(milk-carton,white-table)": 0.033068544772807705,
    "on-table(lemon,wood-table)": 0.17942733061136096,
    "on-table(lemon,black-table)": 0.010391768906174548,
    "on-table(lemon,white-table)": 0.8412749078124762,
    "on-table(green-bottle,wood-table)": 0.16805699282728406,
    "on-table(green-bottle,black-table)": 0.0007287957650987664,
    "on-table(green-bottle,white-table)": 0.7381446920335293,
    "on-table(loaf-of-bread,wood-table)": 0.2980697156550984,
    "on-table(loaf-of-bread,black-table)": 0.049026038633504264,
    "on-table(loaf-of-bread,white-table)": 0.1230808254040312,
    "on-table(red-box-of-cereal,wood-table)": 0.8270068474812433,
    "on-table(red-box-of-cereal,black-table)": 0.09779488246196404,
    "on-table(red-box-of-cereal,white-table)": 0.004067094166847103,
    "on-table(red-can-of-soda,wood-table)": 0.8335752637358382,
    "on-table(red-can-of-soda,black-table)": 0.16666150993819429,
    "on-table(red-can-of-soda,white-table)": 0.0019382004590700792,
    "robot-gripper-empty()": 0.9847323000431061,
    "robot-gripping(milk-carton)": 0.0740737517674764,
    "robot-gripping(lemon)": 0.022446527029387653,
    "robot-gripping(green-bottle)": 0.022155842156886745,
    "robot-gripping(loaf-of-bread)": 0.040723913737262286,
    "robot-gripping(red-box-of-cereal)": 0.025487327307928354,
    "robot-gripping(red-can-of-soda)": 0.056192008584427335
}