{
    "on-table(milk-carton,wood-table)": 0.18641158406777927,
    "on-table(milk-carton,black-table)": 0.021510385329747805,
    "on-table(milk-carton,white-table)": 0.8688294986883799,
    "on-table(lemon,wood-table)": 0.8333347536439154,
    "on-table(lemon,black-table)": 0.16670998083427926,
    "on-table(lemon,white-table)": 0.00024611320721608837,
    "on-table(green-bottle,wood-table)": 0.0008619175666050675,
    "on-table(green-bottle,black-table)": 0.0015617994104104582,
    "on-table(green-bottle,white-table)": 0.0009223736791075984,
    "on-table(loaf-of-bread,wood-table)": 0.15906621507989863,
    "on-table(loaf-of-bread,black-table)": 0.5775658179384967,
    "on-table(loaf-of-bread,white-table)": 0.11559575588034932,
    "on-table(red-box-of-cereal,wood-table)": 0.1785459677533557,
    "on-table(red-box-of-cereal,black-table)": 0.6997022940777242,
    "on-table(red-box-of-cereal,white-table)": 0.5489057910745032,
    "on-table(red-can-of-soda,wood-table)": 0.16706704116950277,
    "on-table(red-can-of-soda,black-table)": 0.024810024821817933,
    "on-table(red-can-of-soda,white-table)": 0.9411730567614237,
    "robot-gripper-empty()": 0.9180484513441721,
    "robot-gripping(milk-carton)": 0.11893723936130603,
    "robot-gripping(lemon)": 0.1347568458489453,
    "robot-gripping(green-bottle)": 0.03335532402949563,
    "robot-gripping(loaf-of-bread)": 0.12624639583130678,
    "robot-gripping(red-box-of-cereal)": 0.08574070017008732,
    "robot-gripping(red-can-of-soda)": 0.1601108874504765
}