{
    "on-table(milk-carton,wood-table)": 0.27992865392783034,
    "on-table(milk-carton,black-table)": 0.08661821179975959,
    "on-table(milk-carton,white-table)": 0.9769984384377798,
    "on-table(lemon,wood-table)": 0.28093805657408666,
    "on-table(lemon,black-table)": 0.014082384355693497,
    "on-table(lemon,white-table)": 0.9972110589345297,
    "on-table(green-bottle,wood-table)": 0.19858360013919688,
    "on-table(green-bottle,black-table)": 0.09315172226729374,
    "on-table(green-bottle,white-table)": 0.9993287920951843,
    "on-table(loaf-of-bread,wood-table)": 0.4353386938261489,
    "on-table(loaf-of-bread,black-table)": 0.017442669874678057,
    "on-table(loaf-of-bread,white-table)": 0.31510227142522734,
    "on-table(red-box-of-cereal,wood-table)": 0.22302654550488418,
    "on-table(red-box-of-cereal,black-table)": 0.125188879891842,
    "on-table(red-box-of-cereal,white-table)": 0.7128513467808565,
    "on-table(red-can-of-soda,wood-table)": 0.23893526240620608,
    "on-table(red-can-of-soda,black-table)": 0.05844140167300793,
    "on-table(red-can-of-soda,white-table)": 0.9979138871033987,
    "robot-gripper-empty()": 0.8877542018890381,
    "robot-gripping(milk-carton)": 0.16462770476937294,
    "robot-gripping(lemon)": 0.09077214760084946,
    "robot-gripping(green-bottle)": 0.08258368036088844,
    "robot-gripping(loaf-of-bread)": 0.15620634673784176,
    "robot-gripping(red-box-of-cereal)": 0.18806205751995245,
    "robot-gripping(red-can-of-soda)": 0.2291343198157847
}