{
    "on-table(milk-carton,wood-table)": 0.6609404211242994,
    "on-table(milk-carton,black-table)": 0.18174839998179473,
    "on-table(milk-carton,white-table)": 0.20959211976029715,
    "on-table(lemon,wood-table)": 0.18084550779652395,
    "on-table(lemon,black-table)": 0.01716365501776333,
    "on-table(lemon,white-table)": 0.9981671571731567,
    "on-table(green-bottle,wood-table)": 0.15724153287313433,
    "on-table(green-bottle,black-table)": 0.8342839135633161,
    "on-table(green-bottle,white-table)": 0.0009356962594514092,
    "on-table(loaf-of-bread,wood-table)": 0.08118463965850727,
    "on-table(loaf-of-bread,black-table)": 0.003936197817286787,
    "on-table(loaf-of-bread,white-table)": 0.5275131134549156,
    "on-table(red-box-of-cereal,wood-table)": 0.022133924222240847,
    "on-table(red-box-of-cereal,black-table)": 0.17161198860655227,
    "on-table(red-box-of-cereal,white-table)": 0.13436615207562377,
    "on-table(red-can-of-soda,wood-table)": 0.15874433066437632,
    "on-table(red-can-of-soda,black-table)": 0.7322925341626009,
    "on-table(red-can-of-soda,white-table)": 0.011375883591426827,
    "robot-gripper-empty()": 0.8866424113512039,
    "robot-gripping(milk-carton)": 0.2097739689052105,
    "robot-gripping(lemon)": 0.10632534441538155,
    "robot-gripping(green-bottle)": 0.14732395095052198,
    "robot-gripping(loaf-of-bread)": 0.12442232668399811,
    "robot-gripping(red-box-of-cereal)": 0.03201639122562483,
    "robot-gripping(red-can-of-soda)": 0.13362018267313638
}