{
    "on-table(milk-carton,wood-table)": 0.2624003500677645,
    "on-table(milk-carton,black-table)": 0.4929324270536502,
    "on-table(milk-carton,white-table)": 0.05285408697091043,
    "on-table(lemon,wood-table)": 0.1970968258101493,
    "on-table(lemon,black-table)": 0.02058109087511184,
    "on-table(lemon,white-table)": 0.6751702577651789,
    "on-table(green-bottle,wood-table)": 0.17221398061762253,
    "on-table(green-bottle,black-table)": 0.17505597472700174,
    "on-table(green-bottle,white-table)": 0.0012574898731448532,
    "on-table(loaf-of-bread,wood-table)": 0.17033740924671292,
    "on-table(loaf-of-bread,black-table)": 0.465261890552938,
    "on-table(loaf-of-bread,white-table)": 0.03066089827916585,
    "on-table(red-box-of-cereal,wood-table)": 0.32236740249209106,
    "on-table(red-box-of-cereal,black-table)": 0.5143649883102626,
    "on-table(red-box-of-cereal,white-table)": 0.27230859369349975,
    "on-table(red-can-of-soda,wood-table)": 0.0902140170801431,
    "on-table(red-can-of-soda,black-table)": 0.04795497288190139,
    "on-table(red-can-of-soda,white-table)": 0.8501553274691105,
    "robot-gripper-empty()": 0.27307527684994665,
    "robot-gripping(milk-carton)": 0.526799493158857,
    "robot-gripping(lemon)": 0.07614953443408012,
    "robot-gripping(green-bottle)": 0.8272599838674068,
    "robot-gripping(loaf-of-bread)": 0.0720723255071789,
    "robot-gripping(red-box-of-cereal)": 0.037457512565500416,
    "robot-gripping(red-can-of-soda)": 0.13592386295689116
}