{
    "on-table(milk-carton,wood-table)": 0.1568728088896023,
    "on-table(milk-carton,black-table)": 0.6439025246848663,
    "on-table(milk-carton,white-table)": 0.2838868997278041,
    "on-table(lemon,wood-table)": 0.04150569178940108,
    "on-table(lemon,black-table)": 0.15467247048582067,
    "on-table(lemon,white-table)": 0.22413503368322077,
    "on-table(green-bottle,wood-table)": 0.1479225059665623,
    "on-table(green-bottle,black-table)": 0.8334279978492608,
    "on-table(green-bottle,white-table)": 0.001952017814573992,
    "on-table(loaf-of-bread,wood-table)": 0.2730418407979111,
    "on-table(loaf-of-bread,black-table)": 0.2578791002597427,
    "on-table(loaf-of-bread,white-table)": 0.5035637058317661,
    "on-table(red-box-of-cereal,wood-table)": 0.20774790359428152,
    "on-table(red-box-of-cereal,black-table)": 0.002067655169715484,
    "on-table(red-box-of-cereal,white-table)": 0.8345094552884499,
    "on-table(red-can-of-soda,wood-table)": 0.18023846459012324,
    "on-table(red-can-of-soda,black-table)": 0.0019300404672245957,
    "on-table(red-can-of-soda,white-table)": 0.8367154231915871,
    "robot-gripper-empty()": 0.920861671368281,
    "robot-gripping(milk-carton)": 0.14892688828210035,
    "robot-gripping(lemon)": 0.028864391109285254,
    "robot-gripping(green-bottle)": 0.10924494950450025,
    "robot-gripping(loaf-of-bread)": 0.1185952505717675,
    "robot-gripping(red-box-of-cereal)": 0.1113286338513717,
    "robot-gripping(red-can-of-soda)": 0.18284355623958012
}