{
    "on-table(milk-carton,wood-table)": 0.8325745215018591,
    "on-table(milk-carton,black-table)": 0.09227395685593365,
    "on-table(milk-carton,white-table)": 0.24966720762798408,
    "on-table(lemon,wood-table)": 0.1740035805196385,
    "on-table(lemon,black-table)": 0.16528000086251873,
    "on-table(lemon,white-table)": 0.8326159330511776,
    "on-table(green-bottle,wood-table)": 0.15964598169375677,
    "on-table(green-bottle,black-table)": 0.8345936336554587,
    "on-table(green-bottle,white-table)": 0.0010090012872296938,
    "on-table(loaf-of-bread,wood-table)": 0.8195125957330068,
    "on-table(loaf-of-bread,black-table)": 0.08299256829438188,
    "on-table(loaf-of-bread,white-table)": 0.15371887982352442,
    "on-table(red-box-of-cereal,wood-table)": 0.9774284362792969,
    "on-table(red-box-of-cereal,black-table)": 0.07232620130404636,
    "on-table(red-box-of-cereal,white-table)": 0.21196813035324644,
    "on-table(red-can-of-soda,wood-table)": 0.32933435088853,
    "on-table(red-can-of-soda,black-table)": 0.000644148262078185,
    "on-table(red-can-of-soda,white-table)": 0.8439330980181694,
    "robot-gripper-empty()": 0.9859535296758016,
    "robot-gripping(milk-carton)": 0.08928037186463673,
    "robot-gripping(lemon)": 0.024131480138748884,
    "robot-gripping(green-bottle)": 0.08141484625715141,
    "robot-gripping(loaf-of-bread)": 0.07524619127313296,
    "robot-gripping(red-box-of-cereal)": 0.0941383292277654,
    "robot-gripping(red-can-of-soda)": 0.06256913832233597
}