{
    "on-table(milk-carton,wood-table)": 0.1070060624818628,
    "on-table(milk-carton,black-table)": 0.6443776848415533,
    "on-table(milk-carton,white-table)": 0.014365225825410258,
    "on-table(lemon,wood-table)": 0.1406408278029024,
    "on-table(lemon,black-table)": 0.828029812934498,
    "on-table(lemon,white-table)": 0.0005898359901645259,
    "on-table(green-bottle,wood-table)": 0.1692250244692938,
    "on-table(green-bottle,black-table)": 0.0007722811081597077,
    "on-table(green-bottle,white-table)": 0.8342217301639417,
    "on-table(loaf-of-bread,wood-table)": 0.27534345801298815,
    "on-table(loaf-of-bread,black-table)": 0.4888827071990818,
    "on-table(loaf-of-bread,white-table)": 0.005875276807879952,
    "on-table(red-box-of-cereal,wood-table)": 0.20618510176427662,
    "on-table(red-box-of-cereal,black-table)": 0.8025557453899334,
    "on-table(red-box-of-cereal,white-table)": 0.00861474809031885,
    "on-table(red-can-of-soda,wood-table)": 0.1681089269501778,
    "on-table(red-can-of-soda,black-table)": 0.8296021527494304,
    "on-table(red-can-of-soda,white-table)": 0.0024229642722275457,
    "robot-gripper-empty()": 0.9282681743303934,
    "robot-gripping(milk-carton)": 0.276403923984617,
    "robot-gripping(lemon)": 0.06070590123999864,
    "robot-gripping(green-bottle)": 0.012486895740342637,
    "robot-gripping(loaf-of-bread)": 0.044107360765337944,
    "robot-gripping(red-box-of-cereal)": 0.050996826437767595,
    "robot-gripping(red-can-of-soda)": 0.1394285325271388
}