{
    "on-table(milk-carton,wood-table)": 0.3570622489011536,
    "on-table(milk-carton,black-table)": 0.009054812321361775,
    "on-table(milk-carton,white-table)": 0.7808371730304012,
    "on-table(lemon,wood-table)": 0.16930251168863228,
    "on-table(lemon,black-table)": 0.00789585070318329,
    "on-table(lemon,white-table)": 0.8511268558601538,
    "on-table(green-bottle,wood-table)": 0.008971272511795783,
    "on-table(green-bottle,black-table)": 0.015098393380564326,
    "on-table(green-bottle,white-table)": 0.007548188676688976,
    "on-table(loaf-of-bread,wood-table)": 0.5300940896073977,
    "on-table(loaf-of-bread,black-table)": 0.02923746043719196,
    "on-table(loaf-of-bread,white-table)": 0.5834698573065301,
    "on-table(red-box-of-cereal,wood-table)": 0.868200995028019,
    "on-table(red-box-of-cereal,black-table)": 0.16965063527580546,
    "on-table(red-box-of-cereal,white-table)": 0.03564422985724983,
    "on-table(red-can-of-soda,wood-table)": 0.8456947530309359,
    "on-table(red-can-of-soda,black-table)": 0.2288789330450527,
    "on-table(red-can-of-soda,white-table)": 0.027126678579103707,
    "robot-gripper-empty()": 0.9008022050062815,
    "robot-gripping(milk-carton)": 0.1555161476135254,
    "robot-gripping(lemon)": 0.08573108150934179,
    "robot-gripping(green-bottle)": 0.13851724417569736,
    "robot-gripping(loaf-of-bread)": 0.11365833412855864,
    "robot-gripping(red-box-of-cereal)": 0.17861725700398287,
    "robot-gripping(red-can-of-soda)": 0.4755396991968155
}