{
    "on-table(milk-carton,wood-table)": 0.31955778525055695,
    "on-table(milk-carton,black-table)": 0.7418552041053772,
    "on-table(milk-carton,white-table)": 0.04008553794604571,
    "on-table(lemon,wood-table)": 0.23989760686769537,
    "on-table(lemon,black-table)": 0.0039276298371078155,
    "on-table(lemon,white-table)": 0.9979947110017141,
    "on-table(green-bottle,wood-table)": 0.3332597576833602,
    "on-table(green-bottle,black-table)": 0.997743825117747,
    "on-table(green-bottle,white-table)": 0.0064968915564046865,
    "on-table(loaf-of-bread,wood-table)": 0.23366468648115793,
    "on-table(loaf-of-bread,black-table)": 0.025917507940903306,
    "on-table(loaf-of-bread,white-table)": 0.10232833035600682,
    "on-table(red-box-of-cereal,wood-table)": 0.41793156306569773,
    "on-table(red-box-of-cereal,black-table)": 0.19651227228071852,
    "on-table(red-box-of-cereal,white-table)": 0.004362002160632983,
    "on-table(red-can-of-soda,wood-table)": 0.8414401380966107,
    "on-table(red-can-of-soda,black-table)": 0.1747911174334149,
    "on-table(red-can-of-soda,white-table)": 0.005066178992213584,
    "robot-gripper-empty()": 0.6601733037969097,
    "robot-gripping(milk-carton)": 0.34327005843321484,
    "robot-gripping(lemon)": 0.04108698355654875,
    "robot-gripping(green-bottle)": 0.10993251312174834,
    "robot-gripping(loaf-of-bread)": 0.26037050659457844,
    "robot-gripping(red-box-of-cereal)": 0.49262285853425664,
    "robot-gripping(red-can-of-soda)": 0.4826204013079405
}