{
    "on-table(milk-carton,wood-table)": 0.157034790647837,
    "on-table(milk-carton,black-table)": 0.2571358879407247,
    "on-table(milk-carton,white-table)": 0.48002688338359195,
    "on-table(lemon,wood-table)": 0.011491896080163619,
    "on-table(lemon,black-table)": 0.012140594869075963,
    "on-table(lemon,white-table)": 0.0031070270172979995,
    "on-table(green-bottle,wood-table)": 0.16845396714052185,
    "on-table(green-bottle,black-table)": 0.8320479058505347,
    "on-table(green-bottle,white-table)": 0.008454928503776197,
    "on-table(loaf-of-bread,wood-table)": 0.48244192947944003,
    "on-table(loaf-of-bread,black-table)": 0.023920918232761323,
    "on-table(loaf-of-bread,white-table)": 0.20763690296250084,
    "on-table(red-box-of-cereal,wood-table)": 0.15558251260760395,
    "on-table(red-box-of-cereal,black-table)": 0.005122083268361166,
    "on-table(red-box-of-cereal,white-table)": 0.8496072503427664,
    "on-table(red-can-of-soda,wood-table)": 0.18924983447262397,
    "on-table(red-can-of-soda,black-table)": 0.022541129515351106,
    "on-table(red-can-of-soda,white-table)": 0.8414870674411455,
    "robot-gripper-empty()": 0.8084048678477606,
    "robot-gripping(milk-carton)": 0.2930689292649428,
    "robot-gripping(lemon)": 0.03808687052999934,
    "robot-gripping(green-bottle)": 0.1870785584130014,
    "robot-gripping(loaf-of-bread)": 0.089436083411177,
    "robot-gripping(red-box-of-cereal)": 0.14495209076752266,
    "robot-gripping(red-can-of-soda)": 0.4104445679113269
}