{
    "on-table(milk-carton,wood-table)": 0.7638853266835213,
    "on-table(milk-carton,black-table)": 0.10772255105742563,
    "on-table(milk-carton,white-table)": 0.07926265280790783,
    "on-table(lemon,wood-table)": 0.0073383749307443695,
    "on-table(lemon,black-table)": 0.0037826590887561906,
    "on-table(lemon,white-table)": 0.17262251923966687,
    "on-table(green-bottle,wood-table)": 0.16181510538202323,
    "on-table(green-bottle,black-table)": 0.003583554666420241,
    "on-table(green-bottle,white-table)": 0.9895326296488444,
    "on-table(loaf-of-bread,wood-table)": 0.19241872538502017,
    "on-table(loaf-of-bread,black-table)": 0.014095445619508004,
    "on-table(loaf-of-bread,white-table)": 0.01197505244150913,
    "on-table(red-box-of-cereal,wood-table)": 0.6772896236119171,
    "on-table(red-box-of-cereal,black-table)": 0.009799086691297513,
    "on-table(red-box-of-cereal,white-table)": 0.004601003256084368,
    "on-table(red-can-of-soda,wood-table)": 0.5556980402519306,
    "on-table(red-can-of-soda,black-table)": 0.02519567640350336,
    "on-table(red-can-of-soda,white-table)": 0.6610795070494836,
    "robot-gripper-empty()": 0.9569460948308309,
    "robot-gripping(milk-carton)": 0.3336916199574868,
    "robot-gripping(lemon)": 0.06147727618614832,
    "robot-gripping(green-bottle)": 0.03178264293819666,
    "robot-gripping(loaf-of-bread)": 0.12438463140279055,
    "robot-gripping(red-box-of-cereal)": 0.05364116036798805,
    "robot-gripping(red-can-of-soda)": 0.1406749269614617
}