{
    "on-table(milk-carton,wood-table)": 0.29786626040004194,
    "on-table(milk-carton,black-table)": 0.526520811021328,
    "on-table(milk-carton,white-table)": 0.1816875924511502,
    "on-table(lemon,wood-table)": 0.18900328319432447,
    "on-table(lemon,black-table)": 0.023144489339529173,
    "on-table(lemon,white-table)": 0.8356195792245368,
    "on-table(green-bottle,wood-table)": 0.8326458440666707,
    "on-table(green-bottle,black-table)": 0.1669956528343164,
    "on-table(green-bottle,white-table)": 0.002537481006318861,
    "on-table(loaf-of-bread,wood-table)": 0.4418858553593357,
    "on-table(loaf-of-bread,black-table)": 0.21514998669348037,
    "on-table(loaf-of-bread,white-table)": 0.011699276299623307,
    "on-table(red-box-of-cereal,wood-table)": 0.17217765985211977,
    "on-table(red-box-of-cereal,black-table)": 0.833193712712576,
    "on-table(red-box-of-cereal,white-table)": 0.07126194141164888,
    "on-table(red-can-of-soda,wood-table)": 0.1538557289259188,
    "on-table(red-can-of-soda,black-table)": 0.16407520746027635,
    "on-table(red-can-of-soda,white-table)": 0.8344778547373911,
    "robot-gripper-empty()": 0.9200729131698608,
    "robot-gripping(milk-carton)": 0.31229667738080025,
    "robot-gripping(lemon)": 0.06739258867067595,
    "robot-gripping(green-bottle)": 0.1791501779225655,
    "robot-gripping(loaf-of-bread)": 0.12906502621869245,
    "robot-gripping(red-box-of-cereal)": 0.12124722140530746,
    "robot-gripping(red-can-of-soda)": 0.1054690486441056
}