{
    "on-table(milk-carton,wood-table)": 0.27859754270563525,
    "on-table(milk-carton,black-table)": 0.6660258881747723,
    "on-table(milk-carton,white-table)": 0.1813911051916269,
    "on-table(lemon,wood-table)": 0.6711498220684007,
    "on-table(lemon,black-table)": 0.4390288202557713,
    "on-table(lemon,white-table)": 0.0038512620376423,
    "on-table(green-bottle,wood-table)": 0.1497309317201143,
    "on-table(green-bottle,black-table)": 0.2622789243372002,
    "on-table(green-bottle,white-table)": 0.0825978278007824,
    "on-table(loaf-of-bread,wood-table)": 0.5269424471383294,
    "on-table(loaf-of-bread,black-table)": 0.40535884311733145,
    "on-table(loaf-of-bread,white-table)": 0.16837617689937665,
    "on-table(red-box-of-cereal,wood-table)": 0.9957142372926077,
    "on-table(red-box-of-cereal,black-table)": 0.30668215227433393,
    "on-table(red-box-of-cereal,white-table)": 0.2238872762632127,
    "on-table(red-can-of-soda,wood-table)": 0.8977475712696711,
    "on-table(red-can-of-soda,black-table)": 0.30282524387195053,
    "on-table(red-can-of-soda,white-table)": 0.17152228182711346,
    "robot-gripper-empty()": 0.8723458498716354,
    "robot-gripping(milk-carton)": 0.16930663337310156,
    "robot-gripping(lemon)": 0.1494443373133739,
    "robot-gripping(green-bottle)": 0.22671293428478143,
    "robot-gripping(loaf-of-bread)": 0.14705155262102684,
    "robot-gripping(red-box-of-cereal)": 0.14382803494421145,
    "robot-gripping(red-can-of-soda)": 0.24847771879285574
}