{
    "on-table(milk-carton,wood-table)": 0.8628900349140167,
    "on-table(milk-carton,black-table)": 0.10388384407754832,
    "on-table(milk-carton,white-table)": 0.11924106365768239,
    "on-table(lemon,wood-table)": 0.9980706373850504,
    "on-table(lemon,black-table)": 0.33156813751450426,
    "on-table(lemon,white-table)": 0.00271825515051205,
    "on-table(green-bottle,wood-table)": 0.9348737994829813,
    "on-table(green-bottle,black-table)": 0.28321853544629977,
    "on-table(green-bottle,white-table)": 0.00788610279310357,
    "on-table(loaf-of-bread,wood-table)": 0.709969791273276,
    "on-table(loaf-of-bread,black-table)": 0.16751942420978594,
    "on-table(loaf-of-bread,white-table)": 0.023792039865080977,
    "on-table(red-box-of-cereal,wood-table)": 0.6550133617905279,
    "on-table(red-box-of-cereal,black-table)": 0.16525515056370446,
    "on-table(red-box-of-cereal,white-table)": 0.37374215270392597,
    "on-table(red-can-of-soda,wood-table)": 0.3312781718632323,
    "on-table(red-can-of-soda,black-table)": 0.0003567247132044334,
    "on-table(red-can-of-soda,white-table)": 0.836163361556828,
    "robot-gripper-empty()": 0.9051186641057333,
    "robot-gripping(milk-carton)": 0.34349736540267867,
    "robot-gripping(lemon)": 0.036056006521297,
    "robot-gripping(green-bottle)": 0.04714368345836798,
    "robot-gripping(loaf-of-bread)": 0.09660604177042842,
    "robot-gripping(red-box-of-cereal)": 0.05791991048802932,
    "robot-gripping(red-can-of-soda)": 0.04775203174600998
}