{
    "on-table(milk-carton,wood-table)": 0.09154574604084094,
    "on-table(milk-carton,black-table)": 0.14778405596734956,
    "on-table(milk-carton,white-table)": 0.2560073458395588,
    "on-table(lemon,wood-table)": 0.19613400354865007,
    "on-table(lemon,black-table)": 0.13309914113809404,
    "on-table(lemon,white-table)": 0.8357556673387686,
    "on-table(green-bottle,wood-table)": 0.03918219176315082,
    "on-table(green-bottle,black-table)": 0.7217690243851393,
    "on-table(green-bottle,white-table)": 0.002687205136301903,
    "on-table(loaf-of-bread,wood-table)": 0.37129700649529696,
    "on-table(loaf-of-bread,black-table)": 0.11060890501054625,
    "on-table(loaf-of-bread,white-table)": 0.22443176906866333,
    "on-table(red-box-of-cereal,wood-table)": 0.06708766413309301,
    "on-table(red-box-of-cereal,black-table)": 0.24843986327565895,
    "on-table(red-box-of-cereal,white-table)": 0.005686883882541831,
    "on-table(red-can-of-soda,wood-table)": 0.09883145747395854,
    "on-table(red-can-of-soda,black-table)": 0.8665861189365387,
    "on-table(red-can-of-soda,white-table)": 0.018507632032803183,
    "robot-gripper-empty()": 0.845348964134852,
    "robot-gripping(milk-carton)": 0.1413245021055142,
    "robot-gripping(lemon)": 0.12964100192766637,
    "robot-gripping(green-bottle)": 0.16313121504693603,
    "robot-gripping(loaf-of-bread)": 0.10267206560820341,
    "robot-gripping(red-box-of-cereal)": 0.08284324799509098,
    "robot-gripping(red-can-of-soda)": 0.17968624706069627
}