{
    "on-table(milk-carton,wood-table)": 0.22374379293372235,
    "on-table(milk-carton,black-table)": 0.17360824903395647,
    "on-table(milk-carton,white-table)": 0.15099870972335339,
    "on-table(lemon,wood-table)": 0.08662768602759267,
    "on-table(lemon,black-table)": 0.1884069821195832,
    "on-table(lemon,white-table)": 0.07859265242586844,
    "on-table(green-bottle,wood-table)": 0.13745245773801193,
    "on-table(green-bottle,black-table)": 0.8347412740501264,
    "on-table(green-bottle,white-table)": 0.006532350210212219,
    "on-table(loaf-of-bread,wood-table)": 0.39632066277166206,
    "on-table(loaf-of-bread,black-table)": 0.08643231184396427,
    "on-table(loaf-of-bread,white-table)": 0.2668444134760648,
    "on-table(red-box-of-cereal,wood-table)": 0.04441172113001812,
    "on-table(red-box-of-cereal,black-table)": 0.03317899329825499,
    "on-table(red-box-of-cereal,white-table)": 0.01428855594470709,
    "on-table(red-can-of-soda,wood-table)": 0.013695603704642659,
    "on-table(red-can-of-soda,black-table)": 0.019937128038388135,
    "on-table(red-can-of-soda,white-table)": 0.004076212592432664,
    "robot-gripper-empty()": 0.7083612265220532,
    "robot-gripping(milk-carton)": 0.4959910089770953,
    "robot-gripping(lemon)": 0.2447001412510872,
    "robot-gripping(green-bottle)": 0.18596310137460628,
    "robot-gripping(loaf-of-bread)": 0.16715147346258163,
    "robot-gripping(red-box-of-cereal)": 0.015774410450831056,
    "robot-gripping(red-can-of-soda)": 0.057484595105051994
}