{
    "on-table(milk-carton,wood-table)": 0.18417207442689687,
    "on-table(milk-carton,black-table)": 0.06035601747377465,
    "on-table(milk-carton,white-table)": 0.0053721262665931135,
    "on-table(lemon,wood-table)": 0.011336202189947167,
    "on-table(lemon,black-table)": 0.1741763811248044,
    "on-table(lemon,white-table)": 0.015331112702066699,
    "on-table(green-bottle,wood-table)": 0.16672949262040979,
    "on-table(green-bottle,black-table)": 0.001528399525871767,
    "on-table(green-bottle,white-table)": 0.8348179340052108,
    "on-table(loaf-of-bread,wood-table)": 0.04633783671306446,
    "on-table(loaf-of-bread,black-table)": 0.02492362743942067,
    "on-table(loaf-of-bread,white-table)": 0.017259463733353186,
    "on-table(red-box-of-cereal,wood-table)": 0.32221198579645716,
    "on-table(red-box-of-cereal,black-table)": 0.038519779256603215,
    "on-table(red-box-of-cereal,white-table)": 0.0008251089736101372,
    "on-table(red-can-of-soda,wood-table)": 0.8332549190721087,
    "on-table(red-can-of-soda,black-table)": 0.16736238375005996,
    "on-table(red-can-of-soda,white-table)": 0.021882975169660313,
    "robot-gripper-empty()": 0.8651773929595947,
    "robot-gripping(milk-carton)": 0.17404129713152847,
    "robot-gripping(lemon)": 0.24513368013625345,
    "robot-gripping(green-bottle)": 0.013147560297511518,
    "robot-gripping(loaf-of-bread)": 0.08412253039811428,
    "robot-gripping(red-box-of-cereal)": 0.0804893489209159,
    "robot-gripping(red-can-of-soda)": 0.18671820799742514
}