{
    "on-table(milk-carton,wood-table)": 0.8688391943772634,
    "on-table(milk-carton,black-table)": 0.2185181155849326,
    "on-table(milk-carton,white-table)": 0.14205452336076027,
    "on-table(lemon,wood-table)": 0.1271000193889146,
    "on-table(lemon,black-table)": 0.03188951292698524,
    "on-table(lemon,white-table)": 0.11701047304450185,
    "on-table(green-bottle,wood-table)": 0.26877656345216866,
    "on-table(green-bottle,black-table)": 0.02521372701873285,
    "on-table(green-bottle,white-table)": 0.18197436426271452,
    "on-table(loaf-of-bread,wood-table)": 0.3833378180861473,
    "on-table(loaf-of-bread,black-table)": 0.2260904641249605,
    "on-table(loaf-of-bread,white-table)": 0.16186439501082836,
    "on-table(red-box-of-cereal,wood-table)": 0.3755990679686268,
    "on-table(red-box-of-cereal,black-table)": 0.16915402159793302,
    "on-table(red-box-of-cereal,white-table)": 0.09454602802482744,
    "on-table(red-can-of-soda,wood-table)": 0.26512286404977203,
    "on-table(red-can-of-soda,black-table)": 0.15828660323465252,
    "on-table(red-can-of-soda,white-table)": 0.17028974210188608,
    "robot-gripper-empty()": 0.9227227667967478,
    "robot-gripping(milk-carton)": 0.23957917094230652,
    "robot-gripping(lemon)": 0.08761153571928541,
    "robot-gripping(green-bottle)": 0.11390783932680885,
    "robot-gripping(loaf-of-bread)": 0.1280085894589623,
    "robot-gripping(red-box-of-cereal)": 0.046513957514738045,
    "robot-gripping(red-can-of-soda)": 0.075244202123334
}