{
    "on-table(milk-carton,wood-table)": 0.9564581116040548,
    "on-table(milk-carton,black-table)": 0.2974824915533342,
    "on-table(milk-carton,white-table)": 0.017020415272175644,
    "on-table(lemon,wood-table)": 0.07284693987943076,
    "on-table(lemon,black-table)": 0.17513425392098725,
    "on-table(lemon,white-table)": 0.3775128812218706,
    "on-table(green-bottle,wood-table)": 0.14289767860160887,
    "on-table(green-bottle,black-table)": 0.000690834299727309,
    "on-table(green-bottle,white-table)": 0.8341872132538507,
    "on-table(loaf-of-bread,wood-table)": 0.2242352645844221,
    "on-table(loaf-of-bread,black-table)": 0.06616585400964443,
    "on-table(loaf-of-bread,white-table)": 0.2610470930230804,
    "on-table(red-box-of-cereal,wood-table)": 0.9959101378917694,
    "on-table(red-box-of-cereal,black-table)": 0.3306819110269619,
    "on-table(red-box-of-cereal,white-table)": 0.032483203955052886,
    "on-table(red-can-of-soda,wood-table)": 0.6141021822889646,
    "on-table(red-can-of-soda,black-table)": 0.002892607223960416,
    "on-table(red-can-of-soda,white-table)": 0.8312971922568977,
    "robot-gripper-empty()": 0.8840099771817526,
    "robot-gripping(milk-carton)": 0.2385712650914987,
    "robot-gripping(lemon)": 0.24793007473150888,
    "robot-gripping(green-bottle)": 0.06171728678358098,
    "robot-gripping(loaf-of-bread)": 0.20969740580767393,
    "robot-gripping(red-box-of-cereal)": 0.08950859153022368,
    "robot-gripping(red-can-of-soda)": 0.27533679486562807
}