{
    "on-table(milk-carton,wood-table)": 0.22044633862484866,
    "on-table(milk-carton,black-table)": 0.09929912770166993,
    "on-table(milk-carton,white-table)": 0.6937974765896797,
    "on-table(lemon,wood-table)": 0.6505539821616063,
    "on-table(lemon,black-table)": 0.00654652176763193,
    "on-table(lemon,white-table)": 0.0040995814216936806,
    "on-table(green-bottle,wood-table)": 0.6875082407301912,
    "on-table(green-bottle,black-table)": 0.16801502018093592,
    "on-table(green-bottle,white-table)": 0.002566761442418889,
    "on-table(loaf-of-bread,wood-table)": 0.10675346405090143,
    "on-table(loaf-of-bread,black-table)": 0.06255814619362354,
    "on-table(loaf-of-bread,white-table)": 0.5621534566938257,
    "on-table(red-box-of-cereal,wood-table)": 0.3548957129920988,
    "on-table(red-box-of-cereal,black-table)": 0.14746440602417957,
    "on-table(red-box-of-cereal,white-table)": 0.8353289520988861,
    "on-table(red-can-of-soda,wood-table)": 0.8506294364730517,
    "on-table(red-can-of-soda,black-table)": 0.013066856836909816,
    "on-table(red-can-of-soda,white-table)": 0.2032706726440665,
    "robot-gripper-empty()": 0.9683811565240225,
    "robot-gripping(milk-carton)": 0.3202119904259841,
    "robot-gripping(lemon)": 0.0639436071117719,
    "robot-gripping(green-bottle)": 0.055382316233590245,
    "robot-gripping(loaf-of-bread)": 0.13040252464512983,
    "robot-gripping(red-box-of-cereal)": 0.056550848142554365,
    "robot-gripping(red-can-of-soda)": 0.11810533391932647
}