{
    "on-table(milk-carton,wood-table)": 0.6474373154342175,
    "on-table(milk-carton,black-table)": 0.11816943431282804,
    "on-table(milk-carton,white-table)": 0.21397807247315845,
    "on-table(lemon,wood-table)": 0.04428443289361894,
    "on-table(lemon,black-table)": 0.09378913805509607,
    "on-table(lemon,white-table)": 0.027320774892965954,
    "on-table(green-bottle,wood-table)": 0.33352351569919847,
    "on-table(green-bottle,black-table)": 0.9974401791890463,
    "on-table(green-bottle,white-table)": 0.003989180467366775,
    "on-table(loaf-of-bread,wood-table)": 0.08434890629723668,
    "on-table(loaf-of-bread,black-table)": 0.010826132910248512,
    "on-table(loaf-of-bread,white-table)": 0.20025843661278486,
    "on-table(red-box-of-cereal,wood-table)": 0.16383586463537844,
    "on-table(red-box-of-cereal,black-table)": 0.017919470148171968,
    "on-table(red-box-of-cereal,white-table)": 0.9941587944825491,
    "on-table(red-can-of-soda,wood-table)": 0.1678377479165647,
    "on-table(red-can-of-soda,black-table)": 0.014272548064279059,
    "on-table(red-can-of-soda,white-table)": 0.9992011586825053,
    "robot-gripper-empty()": 0.7922051126758257,
    "robot-gripping(milk-carton)": 0.16461296193301678,
    "robot-gripping(lemon)": 0.21946350236733755,
    "robot-gripping(green-bottle)": 0.2039550618889431,
    "robot-gripping(loaf-of-bread)": 0.09432137447098891,
    "robot-gripping(red-box-of-cereal)": 0.04867027816362679,
    "robot-gripping(red-can-of-soda)": 0.10366758634336293
}