{
    "on-table(milk-carton,wood-table)": 0.3760083920011918,
    "on-table(milk-carton,black-table)": 0.1221456731048723,
    "on-table(milk-carton,white-table)": 0.5112056496242682,
    "on-table(lemon,wood-table)": 0.17826618503507538,
    "on-table(lemon,black-table)": 0.9126731057961782,
    "on-table(lemon,white-table)": 0.001969563604082699,
    "on-table(green-bottle,wood-table)": 0.25670793020981364,
    "on-table(green-bottle,black-table)": 0.9946651260058085,
    "on-table(green-bottle,white-table)": 0.0054208545179790235,
    "on-table(loaf-of-bread,wood-table)": 0.37051763385534286,
    "on-table(loaf-of-bread,black-table)": 0.10581294063013047,
    "on-table(loaf-of-bread,white-table)": 0.3059609920019284,
    "on-table(red-box-of-cereal,wood-table)": 0.4244137059431523,
    "on-table(red-box-of-cereal,black-table)": 0.1524844618009714,
    "on-table(red-box-of-cereal,white-table)": 0.9077960203091303,
    "on-table(red-can-of-soda,wood-table)": 0.038836767635075375,
    "on-table(red-can-of-soda,black-table)": 0.8163526748248842,
    "on-table(red-can-of-soda,white-table)": 0.2867971032222461,
    "robot-gripper-empty()": 0.9650308787822723,
    "robot-gripping(milk-carton)": 0.26630133887132007,
    "robot-gripping(lemon)": 0.03120084401840965,
    "robot-gripping(green-bottle)": 0.01846537770082553,
    "robot-gripping(loaf-of-bread)": 0.053406085819005966,
    "robot-gripping(red-box-of-cereal)": 0.057315165332208075,
    "robot-gripping(red-can-of-soda)": 0.06508749273295204
}