{
    "on-table(milk-carton,wood-table)": 0.5187972798012197,
    "on-table(milk-carton,black-table)": 0.032782395486719906,
    "on-table(milk-carton,white-table)": 0.718193706125021,
    "on-table(lemon,wood-table)": 0.4612914485236009,
    "on-table(lemon,black-table)": 0.03449594022337502,
    "on-table(lemon,white-table)": 0.7230737010637919,
    "on-table(green-bottle,wood-table)": 0.17819679178016182,
    "on-table(green-bottle,black-table)": 0.005103907849994964,
    "on-table(green-bottle,white-table)": 0.7267057308927178,
    "on-table(loaf-of-bread,wood-table)": 0.5818273946642876,
    "on-table(loaf-of-bread,black-table)": 0.03680824549519457,
    "on-table(loaf-of-bread,white-table)": 0.29074918644619174,
    "on-table(red-box-of-cereal,wood-table)": 0.19281296894769184,
    "on-table(red-box-of-cereal,black-table)": 0.021073919808259234,
    "on-table(red-box-of-cereal,white-table)": 0.675311169664686,
    "on-table(red-can-of-soda,wood-table)": 0.05379890803790962,
    "on-table(red-can-of-soda,black-table)": 0.006291307411932697,
    "on-table(red-can-of-soda,white-table)": 0.59990861111631,
    "robot-gripper-empty()": 0.8796877314647039,
    "robot-gripping(milk-carton)": 0.16777544934302568,
    "robot-gripping(lemon)": 0.069035895789663,
    "robot-gripping(green-bottle)": 0.024320796326113243,
    "robot-gripping(loaf-of-bread)": 0.15399325794229904,
    "robot-gripping(red-box-of-cereal)": 0.08681061499131222,
    "robot-gripping(red-can-of-soda)": 0.15532173127091178
}