{
    "on-table(milk-carton,wood-table)": 0.25715828597700846,
    "on-table(milk-carton,black-table)": 0.4349099032891293,
    "on-table(milk-carton,white-table)": 0.23389418756899735,
    "on-table(lemon,wood-table)": 0.8337502882350236,
    "on-table(lemon,black-table)": 0.16478499772747077,
    "on-table(lemon,white-table)": 0.0018017270722339163,
    "on-table(green-bottle,wood-table)": 0.17153051789015686,
    "on-table(green-bottle,black-table)": 0.169992085450455,
    "on-table(green-bottle,white-table)": 0.0013523150543430045,
    "on-table(loaf-of-bread,wood-table)": 0.4982274762975673,
    "on-table(loaf-of-bread,black-table)": 0.00869019629074804,
    "on-table(loaf-of-bread,white-table)": 0.059065608881913555,
    "on-table(red-box-of-cereal,wood-table)": 0.1571776170943243,
    "on-table(red-box-of-cereal,black-table)": 0.0003854677797789918,
    "on-table(red-box-of-cereal,white-table)": 0.8335089483880438,
    "on-table(red-can-of-soda,wood-table)": 0.07850225456422777,
    "on-table(red-can-of-soda,black-table)": 0.00046658816366592265,
    "on-table(red-can-of-soda,white-table)": 0.8335614457222013,
    "robot-gripper-empty()": 0.40430449100676924,
    "robot-gripping(milk-carton)": 0.3424538898592194,
    "robot-gripping(lemon)": 0.24118911870755255,
    "robot-gripping(green-bottle)": 0.8167580009127656,
    "robot-gripping(loaf-of-bread)": 0.12843770161271095,
    "robot-gripping(red-box-of-cereal)": 0.09607404283936678,
    "robot-gripping(red-can-of-soda)": 0.13753374172908175
}