{
    "on-table(milk-carton,wood-table)": 0.2325336856301874,
    "on-table(milk-carton,black-table)": 0.07288080927294989,
    "on-table(milk-carton,white-table)": 0.34623825914847356,
    "on-table(lemon,wood-table)": 0.03292042575776577,
    "on-table(lemon,black-table)": 0.48452823074694606,
    "on-table(lemon,white-table)": 0.004835236035432899,
    "on-table(green-bottle,wood-table)": 0.0041645866385806585,
    "on-table(green-bottle,black-table)": 0.005504785855009686,
    "on-table(green-bottle,white-table)": 0.17363182526726936,
    "on-table(loaf-of-bread,wood-table)": 0.2793481123323242,
    "on-table(loaf-of-bread,black-table)": 0.7282958862682184,
    "on-table(loaf-of-bread,white-table)": 0.04183717161261787,
    "on-table(red-box-of-cereal,wood-table)": 0.534612829486529,
    "on-table(red-box-of-cereal,black-table)": 0.0493350040411921,
    "on-table(red-box-of-cereal,white-table)": 0.9283864796161652,
    "on-table(red-can-of-soda,wood-table)": 0.5203016862894098,
    "on-table(red-can-of-soda,black-table)": 0.07328277869540518,
    "on-table(red-can-of-soda,white-table)": 0.9500097036361694,
    "robot-gripper-empty()": 0.7000220891398689,
    "robot-gripping(milk-carton)": 0.24597347403566042,
    "robot-gripping(lemon)": 0.3356634722246478,
    "robot-gripping(green-bottle)": 0.020942297919342916,
    "robot-gripping(loaf-of-bread)": 0.24130330172677836,
    "robot-gripping(red-box-of-cereal)": 0.08684914101225634,
    "robot-gripping(red-can-of-soda)": 0.14138574079455188
}