{
    "on-table(milk-carton,wood-table)": 0.2403691333408157,
    "on-table(milk-carton,black-table)": 0.02655394186876947,
    "on-table(milk-carton,white-table)": 0.8991226851940155,
    "on-table(lemon,wood-table)": 0.1724111675284803,
    "on-table(lemon,black-table)": 0.09480292645366717,
    "on-table(lemon,white-table)": 0.8085170568277439,
    "on-table(green-bottle,wood-table)": 0.1668206304505778,
    "on-table(green-bottle,black-table)": 0.8013905005451912,
    "on-table(green-bottle,white-table)": 0.01161867652717774,
    "on-table(loaf-of-bread,wood-table)": 0.19279526049892107,
    "on-table(loaf-of-bread,black-table)": 0.012006651910875613,
    "on-table(loaf-of-bread,white-table)": 0.4090307342509429,
    "on-table(red-box-of-cereal,wood-table)": 0.22383623933031535,
    "on-table(red-box-of-cereal,black-table)": 0.08423829762856865,
    "on-table(red-box-of-cereal,white-table)": 0.8576561411221822,
    "on-table(red-can-of-soda,wood-table)": 0.18823604856152087,
    "on-table(red-can-of-soda,black-table)": 0.8119849963574476,
    "on-table(red-can-of-soda,white-table)": 0.3824745139184718,
    "robot-gripper-empty()": 0.936621775229772,
    "robot-gripping(milk-carton)": 0.14992391069730124,
    "robot-gripping(lemon)": 0.07351714931428432,
    "robot-gripping(green-bottle)": 0.13425635796738788,
    "robot-gripping(loaf-of-bread)": 0.10873536548266809,
    "robot-gripping(red-box-of-cereal)": 0.12506221130024642,
    "robot-gripping(red-can-of-soda)": 0.2295091968650619
}