{
    "on-table(milk-carton,wood-table)": 0.1558702543649512,
    "on-table(milk-carton,black-table)": 0.8037888829906782,
    "on-table(milk-carton,white-table)": 0.2327680944193465,
    "on-table(lemon,wood-table)": 0.025539965012285393,
    "on-table(lemon,black-table)": 0.34179978861357085,
    "on-table(lemon,white-table)": 0.05051216156668185,
    "on-table(green-bottle,wood-table)": 0.83828429505229,
    "on-table(green-bottle,black-table)": 0.17377408363161825,
    "on-table(green-bottle,white-table)": 0.012132088502767147,
    "on-table(loaf-of-bread,wood-table)": 0.13605308645249656,
    "on-table(loaf-of-bread,black-table)": 0.6167621947824955,
    "on-table(loaf-of-bread,white-table)": 0.06275684123344642,
    "on-table(red-box-of-cereal,wood-table)": 0.2792903838368754,
    "on-table(red-box-of-cereal,black-table)": 0.5492983969549338,
    "on-table(red-box-of-cereal,white-table)": 0.1550879829301266,
    "on-table(red-can-of-soda,wood-table)": 0.32463301763831015,
    "on-table(red-can-of-soda,black-table)": 0.6835041473386809,
    "on-table(red-can-of-soda,white-table)": 0.1077047396247508,
    "robot-gripper-empty()": 0.6283257769731184,
    "robot-gripping(milk-carton)": 0.31971482560038567,
    "robot-gripping(lemon)": 0.10169976685817043,
    "robot-gripping(green-bottle)": 0.16153022627501437,
    "robot-gripping(loaf-of-bread)": 0.08972571759174268,
    "robot-gripping(red-box-of-cereal)": 0.4932049618413051,
    "robot-gripping(red-can-of-soda)": 0.5855684820562601
}