{
    "on-table(milk-carton,wood-table)": 0.699715813000997,
    "on-table(milk-carton,black-table)": 0.20978921041144835,
    "on-table(milk-carton,white-table)": 0.38726964556068805,
    "on-table(lemon,wood-table)": 0.13900227804939883,
    "on-table(lemon,black-table)": 0.8345489157363772,
    "on-table(lemon,white-table)": 0.003910001480714224,
    "on-table(green-bottle,wood-table)": 0.2992356024527301,
    "on-table(green-bottle,black-table)": 0.0037829341301479267,
    "on-table(green-bottle,white-table)": 0.9546521902084351,
    "on-table(loaf-of-bread,wood-table)": 0.2092647037934512,
    "on-table(loaf-of-bread,black-table)": 0.12303368671564385,
    "on-table(loaf-of-bread,white-table)": 0.5428014866386851,
    "on-table(red-box-of-cereal,wood-table)": 0.12171848139648016,
    "on-table(red-box-of-cereal,black-table)": 0.026059775873970164,
    "on-table(red-box-of-cereal,white-table)": 0.983887791633606,
    "on-table(red-can-of-soda,wood-table)": 0.16566886017244542,
    "on-table(red-can-of-soda,black-table)": 0.004842824751638848,
    "on-table(red-can-of-soda,white-table)": 0.9980433881282806,
    "robot-gripper-empty()": 0.9585646688938141,
    "robot-gripping(milk-carton)": 0.16321911088501415,
    "robot-gripping(lemon)": 0.06502266616250078,
    "robot-gripping(green-bottle)": 0.04589327139547095,
    "robot-gripping(loaf-of-bread)": 0.0743977806220452,
    "robot-gripping(red-box-of-cereal)": 0.08428721448096137,
    "robot-gripping(red-can-of-soda)": 0.20338454943460724
}