{
    "on-table(milk-carton,wood-table)": 0.8209268376231194,
    "on-table(milk-carton,black-table)": 0.17907189965383927,
    "on-table(milk-carton,white-table)": 0.29605364552602015,
    "on-table(lemon,wood-table)": 0.07578519725454196,
    "on-table(lemon,black-table)": 0.1999103219980043,
    "on-table(lemon,white-table)": 0.9470489919185638,
    "on-table(green-bottle,wood-table)": 0.16881201004192312,
    "on-table(green-bottle,black-table)": 0.8367065442726016,
    "on-table(green-bottle,white-table)": 0.005837391813808305,
    "on-table(loaf-of-bread,wood-table)": 0.22676413890440017,
    "on-table(loaf-of-bread,black-table)": 0.03406097758367347,
    "on-table(loaf-of-bread,white-table)": 0.7964852216343085,
    "on-table(red-box-of-cereal,wood-table)": 0.20082212293831012,
    "on-table(red-box-of-cereal,black-table)": 0.1297351968702666,
    "on-table(red-box-of-cereal,white-table)": 0.8368624470507106,
    "on-table(red-can-of-soda,wood-table)": 0.18042764689986748,
    "on-table(red-can-of-soda,black-table)": 0.7421237751841545,
    "on-table(red-can-of-soda,white-table)": 0.325608619845904,
    "robot-gripper-empty()": 0.9532356758912405,
    "robot-gripping(milk-carton)": 0.2170231038083633,
    "robot-gripping(lemon)": 0.07061310143520434,
    "robot-gripping(green-bottle)": 0.09124340621444087,
    "robot-gripping(loaf-of-bread)": 0.0728259845636785,
    "robot-gripping(red-box-of-cereal)": 0.06293942965567112,
    "robot-gripping(red-can-of-soda)": 0.09772708965465426
}