{
    "on-table(milk-carton,wood-table)": 0.8133018761873245,
    "on-table(milk-carton,black-table)": 0.08629568979570952,
    "on-table(milk-carton,white-table)": 0.14817862512912447,
    "on-table(lemon,wood-table)": 0.11725868808146818,
    "on-table(lemon,black-table)": 0.2618381531804819,
    "on-table(lemon,white-table)": 0.05522793708223617,
    "on-table(green-bottle,wood-table)": 0.07986395254071492,
    "on-table(green-bottle,black-table)": 0.831264476912717,
    "on-table(green-bottle,white-table)": 0.20188452996217165,
    "on-table(loaf-of-bread,wood-table)": 0.31625633211418364,
    "on-table(loaf-of-bread,black-table)": 0.026208283391800553,
    "on-table(loaf-of-bread,white-table)": 0.18639911914942786,
    "on-table(red-box-of-cereal,wood-table)": 0.8446773240963618,
    "on-table(red-box-of-cereal,black-table)": 0.18047023698613884,
    "on-table(red-box-of-cereal,white-table)": 0.02633324840538383,
    "on-table(red-can-of-soda,wood-table)": 0.8674681584040324,
    "on-table(red-can-of-soda,black-table)": 0.18877187284696598,
    "on-table(red-can-of-soda,white-table)": 0.04126944781160091,
    "robot-gripper-empty()": 0.5687553212046623,
    "robot-gripping(milk-carton)": 0.45798546075820923,
    "robot-gripping(lemon)": 0.19737284521882734,
    "robot-gripping(green-bottle)": 0.41841865206758183,
    "robot-gripping(loaf-of-bread)": 0.1705233504374822,
    "robot-gripping(red-box-of-cereal)": 0.08581995001683633,
    "robot-gripping(red-can-of-soda)": 0.20695224404335022
}