{
    "on-table(milk-carton,wood-table)": 0.20023981016129255,
    "on-table(milk-carton,black-table)": 0.08108261413872242,
    "on-table(milk-carton,white-table)": 0.09806052273294578,
    "on-table(lemon,wood-table)": 0.2968919617123902,
    "on-table(lemon,black-table)": 0.002270336271370373,
    "on-table(lemon,white-table)": 0.9663022458553314,
    "on-table(green-bottle,wood-table)": 0.0009367912098241504,
    "on-table(green-bottle,black-table)": 0.004579726775773452,
    "on-table(green-bottle,white-table)": 0.057913102556995,
    "on-table(loaf-of-bread,wood-table)": 0.31960657285526395,
    "on-table(loaf-of-bread,black-table)": 0.13771933619864285,
    "on-table(loaf-of-bread,white-table)": 0.09948329056593745,
    "on-table(red-box-of-cereal,wood-table)": 0.170587771339342,
    "on-table(red-box-of-cereal,black-table)": 0.24003409501165152,
    "on-table(red-box-of-cereal,white-table)": 0.0218616071457897,
    "on-table(red-can-of-soda,wood-table)": 0.16936854304124913,
    "on-table(red-can-of-soda,black-table)": 0.18116794258821756,
    "on-table(red-can-of-soda,white-table)": 0.014415293068547422,
    "robot-gripper-empty()": 0.7825386474529902,
    "robot-gripping(milk-carton)": 0.2751493727167447,
    "robot-gripping(lemon)": 0.11351733872046073,
    "robot-gripping(green-bottle)": 0.03698163821051518,
    "robot-gripping(loaf-of-bread)": 0.1050654159237941,
    "robot-gripping(red-box-of-cereal)": 0.3482073191553354,
    "robot-gripping(red-can-of-soda)": 0.6130357123911381
}