{
    "on-table(milk-carton,wood-table)": 0.4365396929885416,
    "on-table(milk-carton,black-table)": 0.6941367063360909,
    "on-table(milk-carton,white-table)": 0.0480013234616005,
    "on-table(lemon,wood-table)": 0.9592269857724508,
    "on-table(lemon,black-table)": 0.21509184545069124,
    "on-table(lemon,white-table)": 0.13968932500968853,
    "on-table(green-bottle,wood-table)": 0.998733232418696,
    "on-table(green-bottle,black-table)": 0.2877817431516784,
    "on-table(green-bottle,white-table)": 0.2754549334330629,
    "on-table(loaf-of-bread,wood-table)": 0.5030767743786176,
    "on-table(loaf-of-bread,black-table)": 0.14211259444103538,
    "on-table(loaf-of-bread,white-table)": 0.14067247998476282,
    "on-table(red-box-of-cereal,wood-table)": 0.252583945946147,
    "on-table(red-box-of-cereal,black-table)": 0.18862287572119385,
    "on-table(red-box-of-cereal,white-table)": 0.10065684731428821,
    "on-table(red-can-of-soda,wood-table)": 0.9932334423065186,
    "on-table(red-can-of-soda,black-table)": 0.32614160091740513,
    "on-table(red-can-of-soda,white-table)": 0.06314899301025889,
    "robot-gripper-empty()": 0.8286228030920029,
    "robot-gripping(milk-carton)": 0.2293375078588724,
    "robot-gripping(lemon)": 0.11922674579545856,
    "robot-gripping(green-bottle)": 0.1363711554246644,
    "robot-gripping(loaf-of-bread)": 0.10697428012887637,
    "robot-gripping(red-box-of-cereal)": 0.06413643294945359,
    "robot-gripping(red-can-of-soda)": 0.16114602501814565
}