{
    "on-table(milk-carton,wood-table)": 0.048174292858069144,
    "on-table(milk-carton,black-table)": 0.5262626530602574,
    "on-table(milk-carton,white-table)": 0.09814746159827337,
    "on-table(lemon,wood-table)": 0.18165350891649723,
    "on-table(lemon,black-table)": 0.17599236577128372,
    "on-table(lemon,white-table)": 0.2003477483522147,
    "on-table(green-bottle,wood-table)": 0.30393380733342684,
    "on-table(green-bottle,black-table)": 0.9996152420838674,
    "on-table(green-bottle,white-table)": 0.15613280187528744,
    "on-table(loaf-of-bread,wood-table)": 0.49480279969672364,
    "on-table(loaf-of-bread,black-table)": 0.03253121639136225,
    "on-table(loaf-of-bread,white-table)": 0.22021569653103748,
    "on-table(red-box-of-cereal,wood-table)": 0.21199993164433786,
    "on-table(red-box-of-cereal,black-table)": 0.40680126814792555,
    "on-table(red-box-of-cereal,white-table)": 0.038270289408198245,
    "on-table(red-can-of-soda,wood-table)": 0.09421991254203022,
    "on-table(red-can-of-soda,black-table)": 0.872710295021534,
    "on-table(red-can-of-soda,white-table)": 0.04227677607074535,
    "robot-gripper-empty()": 0.5501515545862882,
    "robot-gripping(milk-carton)": 0.41554940383260447,
    "robot-gripping(lemon)": 0.1696073350807031,
    "robot-gripping(green-bottle)": 0.055988553688318156,
    "robot-gripping(loaf-of-bread)": 0.3211269268455605,
    "robot-gripping(red-box-of-cereal)": 0.532456511631608,
    "robot-gripping(red-can-of-soda)": 0.5572922776142756
}