{
    "on-table(milk-carton,wood-table)": 0.36123896919889376,
    "on-table(milk-carton,black-table)": 0.6697290645291408,
    "on-table(milk-carton,white-table)": 0.1882701792928856,
    "on-table(lemon,wood-table)": 0.09051057656567234,
    "on-table(lemon,black-table)": 0.8529056248565515,
    "on-table(lemon,white-table)": 0.0012119909458760958,
    "on-table(green-bottle,wood-table)": 0.1539263595598944,
    "on-table(green-bottle,black-table)": 0.002494298695675449,
    "on-table(green-bottle,white-table)": 0.9989894529183706,
    "on-table(loaf-of-bread,wood-table)": 0.6854481501504779,
    "on-table(loaf-of-bread,black-table)": 0.13985377489977205,
    "on-table(loaf-of-bread,white-table)": 0.31445997776002815,
    "on-table(red-box-of-cereal,wood-table)": 0.3002576625828321,
    "on-table(red-box-of-cereal,black-table)": 0.00773915011571565,
    "on-table(red-box-of-cereal,white-table)": 0.6878572424563268,
    "on-table(red-can-of-soda,wood-table)": 0.8261829616579538,
    "on-table(red-can-of-soda,black-table)": 0.0005300203419551508,
    "on-table(red-can-of-soda,white-table)": 0.337101108704663,
    "robot-gripper-empty()": 0.9187590579191843,
    "robot-gripping(milk-carton)": 0.09334956513096888,
    "robot-gripping(lemon)": 0.0658833325530092,
    "robot-gripping(green-bottle)": 0.012970603008094864,
    "robot-gripping(loaf-of-bread)": 0.0936117193972071,
    "robot-gripping(red-box-of-cereal)": 0.09118049979830782,
    "robot-gripping(red-can-of-soda)": 0.19193788253081343
}