{
    "on-table(milk-carton,wood-table)": 0.3401969390300413,
    "on-table(milk-carton,black-table)": 0.49028342217206955,
    "on-table(milk-carton,white-table)": 0.18778176636745533,
    "on-table(lemon,wood-table)": 0.1846484610165741,
    "on-table(lemon,black-table)": 0.0008779147327307631,
    "on-table(lemon,white-table)": 0.8396975559492906,
    "on-table(green-bottle,wood-table)": 0.168183169667221,
    "on-table(green-bottle,black-table)": 0.0011735033625654978,
    "on-table(green-bottle,white-table)": 0.8343887636438012,
    "on-table(loaf-of-bread,wood-table)": 0.7663183072581887,
    "on-table(loaf-of-bread,black-table)": 0.10287535133344743,
    "on-table(loaf-of-bread,white-table)": 0.06602398243073064,
    "on-table(red-box-of-cereal,wood-table)": 0.19969261898465143,
    "on-table(red-box-of-cereal,black-table)": 0.8447630703449249,
    "on-table(red-box-of-cereal,white-table)": 0.011392101282884445,
    "on-table(red-can-of-soda,wood-table)": 0.16937449707014215,
    "on-table(red-can-of-soda,black-table)": 0.84128471215566,
    "on-table(red-can-of-soda,white-table)": 0.007642927233367421,
    "robot-gripper-empty()": 0.8212581078211466,
    "robot-gripping(milk-carton)": 0.33480233574906987,
    "robot-gripping(lemon)": 0.049866878194734454,
    "robot-gripping(green-bottle)": 0.06258871427659567,
    "robot-gripping(loaf-of-bread)": 0.1376044744004806,
    "robot-gripping(red-box-of-cereal)": 0.2383118863993635,
    "robot-gripping(red-can-of-soda)": 0.5351316801582774
}