{
    "on-table(milk-carton,wood-table)": 0.12216152124650155,
    "on-table(milk-carton,black-table)": 0.7323236516676843,
    "on-table(milk-carton,white-table)": 0.1962013637275959,
    "on-table(lemon,wood-table)": 0.9379070500532786,
    "on-table(lemon,black-table)": 0.2363041635708214,
    "on-table(lemon,white-table)": 0.10923246578840917,
    "on-table(green-bottle,wood-table)": 0.8422443655629953,
    "on-table(green-bottle,black-table)": 0.175360169176732,
    "on-table(green-bottle,white-table)": 0.0030856269208167455,
    "on-table(loaf-of-bread,wood-table)": 0.21724938019178808,
    "on-table(loaf-of-bread,black-table)": 0.4295356410245101,
    "on-table(loaf-of-bread,white-table)": 0.11239161060560339,
    "on-table(red-box-of-cereal,wood-table)": 0.15873972342039147,
    "on-table(red-box-of-cereal,black-table)": 0.8109335155847172,
    "on-table(red-box-of-cereal,white-table)": 0.3493890567115159,
    "on-table(red-can-of-soda,wood-table)": 0.12095236070308601,
    "on-table(red-can-of-soda,black-table)": 0.3061027674660484,
    "on-table(red-can-of-soda,white-table)": 0.8417383146782716,
    "robot-gripper-empty()": 0.969762941201528,
    "robot-gripping(milk-carton)": 0.13132166862487793,
    "robot-gripping(lemon)": 0.04052416002377868,
    "robot-gripping(green-bottle)": 0.13985725857007006,
    "robot-gripping(loaf-of-bread)": 0.14359070422748724,
    "robot-gripping(red-box-of-cereal)": 0.0892401486247157,
    "robot-gripping(red-can-of-soda)": 0.12814906416072822
}