{
    "on-table(milk-carton,wood-table)": 0.4103214467565219,
    "on-table(milk-carton,black-table)": 0.15212968218960063,
    "on-table(milk-carton,white-table)": 0.6785357841290534,
    "on-table(lemon,wood-table)": 0.31191025413863827,
    "on-table(lemon,black-table)": 0.9689663449923197,
    "on-table(lemon,white-table)": 0.002215443488087961,
    "on-table(green-bottle,wood-table)": 0.0004804901133563059,
    "on-table(green-bottle,black-table)": 0.00039521590724689304,
    "on-table(green-bottle,white-table)": 0.041185935821279905,
    "on-table(loaf-of-bread,wood-table)": 0.8034776089092096,
    "on-table(loaf-of-bread,black-table)": 0.2827258779204082,
    "on-table(loaf-of-bread,white-table)": 0.02483931901709487,
    "on-table(red-box-of-cereal,wood-table)": 0.9925815761089325,
    "on-table(red-box-of-cereal,black-table)": 0.5032107316753051,
    "on-table(red-box-of-cereal,white-table)": 0.005342248811454435,
    "on-table(red-can-of-soda,wood-table)": 0.6117389090359211,
    "on-table(red-can-of-soda,black-table)": 0.8491804599761963,
    "on-table(red-can-of-soda,white-table)": 0.004267890676070844,
    "robot-gripper-empty()": 0.982214113076528,
    "robot-gripping(milk-carton)": 0.08842740952968597,
    "robot-gripping(lemon)": 0.04993264617708822,
    "robot-gripping(green-bottle)": 0.008573280705604702,
    "robot-gripping(loaf-of-bread)": 0.10139606815452377,
    "robot-gripping(red-box-of-cereal)": 0.08662664184036355,
    "robot-gripping(red-can-of-soda)": 0.09451946887808542
}