{
    "on-table(milk-carton,wood-table)": 0.1482635394592459,
    "on-table(milk-carton,black-table)": 0.6804636608188351,
    "on-table(milk-carton,white-table)": 0.2796676767369111,
    "on-table(lemon,wood-table)": 0.835968851732711,
    "on-table(lemon,black-table)": 0.16808496711788243,
    "on-table(lemon,white-table)": 0.003978837978744802,
    "on-table(green-bottle,wood-table)": 0.8235545776163539,
    "on-table(green-bottle,black-table)": 0.16959320496115046,
    "on-table(green-bottle,white-table)": 0.0019289744147575523,
    "on-table(loaf-of-bread,wood-table)": 0.22610332324014357,
    "on-table(loaf-of-bread,black-table)": 0.047534675901260925,
    "on-table(loaf-of-bread,white-table)": 0.46081516332924366,
    "on-table(red-box-of-cereal,wood-table)": 0.09127017779004139,
    "on-table(red-box-of-cereal,black-table)": 0.17222518576697135,
    "on-table(red-box-of-cereal,white-table)": 0.3749213599367067,
    "on-table(red-can-of-soda,wood-table)": 0.1680325444516105,
    "on-table(red-can-of-soda,black-table)": 0.006272312346482067,
    "on-table(red-can-of-soda,white-table)": 0.8335581298645897,
    "robot-gripper-empty()": 0.4203465582880502,
    "robot-gripping(milk-carton)": 0.5001680118342241,
    "robot-gripping(lemon)": 0.14134424575604498,
    "robot-gripping(green-bottle)": 0.175515769039824,
    "robot-gripping(loaf-of-bread)": 0.27463246136903763,
    "robot-gripping(red-box-of-cereal)": 0.6033448412393531,
    "robot-gripping(red-can-of-soda)": 0.5209963580903908
}