{
    "on-table(milk-carton,wood-table)": 0.21116840788939348,
    "on-table(milk-carton,black-table)": 0.30349608755204827,
    "on-table(milk-carton,white-table)": 0.2963648938263456,
    "on-table(lemon,wood-table)": 0.1769290887217115,
    "on-table(lemon,black-table)": 0.83355834071214,
    "on-table(lemon,white-table)": 0.005345644067195583,
    "on-table(green-bottle,wood-table)": 0.7246726676821709,
    "on-table(green-bottle,black-table)": 0.17689296240030217,
    "on-table(green-bottle,white-table)": 0.0028087649260063094,
    "on-table(loaf-of-bread,wood-table)": 0.19589550707799694,
    "on-table(loaf-of-bread,black-table)": 0.4629829931072891,
    "on-table(loaf-of-bread,white-table)": 0.04826958077804496,
    "on-table(red-box-of-cereal,wood-table)": 0.01687220721214544,
    "on-table(red-box-of-cereal,black-table)": 0.11822588299037307,
    "on-table(red-box-of-cereal,white-table)": 0.4100954160094261,
    "on-table(red-can-of-soda,wood-table)": 0.16754980140103726,
    "on-table(red-can-of-soda,black-table)": 0.007749071094091657,
    "on-table(red-can-of-soda,white-table)": 0.9655059377352396,
    "robot-gripper-empty()": 0.9678705235322317,
    "robot-gripping(milk-carton)": 0.32654180005192757,
    "robot-gripping(lemon)": 0.05377425342643013,
    "robot-gripping(green-bottle)": 0.08735103012683491,
    "robot-gripping(loaf-of-bread)": 0.13757463979224363,
    "robot-gripping(red-box-of-cereal)": 0.07289845620592435,
    "robot-gripping(red-can-of-soda)": 0.14034900007148585
}