{
    "on-table(milk-carton,wood-table)": 0.23159148854513964,
    "on-table(milk-carton,black-table)": 0.13076844483536357,
    "on-table(milk-carton,white-table)": 0.5182231652239958,
    "on-table(lemon,wood-table)": 0.16687874562921934,
    "on-table(lemon,black-table)": 0.8303420556088289,
    "on-table(lemon,white-table)": 0.002236775701779455,
    "on-table(green-bottle,wood-table)": 0.13360665409709327,
    "on-table(green-bottle,black-table)": 0.8124779185357814,
    "on-table(green-bottle,white-table)": 0.009135357732096358,
    "on-table(loaf-of-bread,wood-table)": 0.3226890843361616,
    "on-table(loaf-of-bread,black-table)": 0.1361514335828057,
    "on-table(loaf-of-bread,white-table)": 0.09962036258851488,
    "on-table(red-box-of-cereal,wood-table)": 0.16476290052135786,
    "on-table(red-box-of-cereal,black-table)": 0.0047767725930801435,
    "on-table(red-box-of-cereal,white-table)": 0.8341173560669025,
    "on-table(red-can-of-soda,wood-table)": 0.09912467527101398,
    "on-table(red-can-of-soda,black-table)": 0.012481400484830374,
    "on-table(red-can-of-soda,white-table)": 0.9546319444974264,
    "robot-gripper-empty()": 0.5084475241601467,
    "robot-gripping(milk-carton)": 0.5581223778426647,
    "robot-gripping(lemon)": 0.1333595150305579,
    "robot-gripping(green-bottle)": 0.20287329982966185,
    "robot-gripping(loaf-of-bread)": 0.2760139877597491,
    "robot-gripping(red-box-of-cereal)": 0.3853316229457657,
    "robot-gripping(red-can-of-soda)": 0.4589472919081648
}