{
    "on-table(milk-carton,wood-table)": 0.3829302324641806,
    "on-table(milk-carton,black-table)": 0.0034778286668976457,
    "on-table(milk-carton,white-table)": 0.7475544586777687,
    "on-table(lemon,wood-table)": 0.024836722079877898,
    "on-table(lemon,black-table)": 0.0058669642565973845,
    "on-table(lemon,white-table)": 0.7525842065612475,
    "on-table(green-bottle,wood-table)": 0.16882475135692707,
    "on-table(green-bottle,black-table)": 0.0028631501653156497,
    "on-table(green-bottle,white-table)": 0.8382917288690805,
    "on-table(loaf-of-bread,wood-table)": 0.16711790394037962,
    "on-table(loaf-of-bread,black-table)": 0.03760807003952019,
    "on-table(loaf-of-bread,white-table)": 0.0823881445491376,
    "on-table(red-box-of-cereal,wood-table)": 0.3445789024505454,
    "on-table(red-box-of-cereal,black-table)": 0.16575304587119413,
    "on-table(red-box-of-cereal,white-table)": 0.0013539088298178588,
    "on-table(red-can-of-soda,wood-table)": 0.6904777995077893,
    "on-table(red-can-of-soda,black-table)": 0.16705287360673537,
    "on-table(red-can-of-soda,white-table)": 0.0007742888932019317,
    "robot-gripper-empty()": 0.9099638859430949,
    "robot-gripping(milk-carton)": 0.11899979020624112,
    "robot-gripping(lemon)": 0.04344229485529164,
    "robot-gripping(green-bottle)": 0.021650673258894432,
    "robot-gripping(loaf-of-bread)": 0.09759407071396708,
    "robot-gripping(red-box-of-cereal)": 0.042548171477392316,
    "robot-gripping(red-can-of-soda)": 0.1912017815435926
}