{
    "on-table(milk-carton,wood-table)": 0.3726262920827139,
    "on-table(milk-carton,black-table)": 0.5439595409358541,
    "on-table(milk-carton,white-table)": 0.11771171988827216,
    "on-table(lemon,wood-table)": 0.06870060789757797,
    "on-table(lemon,black-table)": 0.8118053033637503,
    "on-table(lemon,white-table)": 0.028950943288085302,
    "on-table(green-bottle,wood-table)": 0.0019486097638340045,
    "on-table(green-bottle,black-table)": 0.16759892521501266,
    "on-table(green-bottle,white-table)": 0.0021114233968546614,
    "on-table(loaf-of-bread,wood-table)": 0.8054827934441467,
    "on-table(loaf-of-bread,black-table)": 0.14795006217173068,
    "on-table(loaf-of-bread,white-table)": 0.1666338673918896,
    "on-table(red-box-of-cereal,wood-table)": 0.8575841511289278,
    "on-table(red-box-of-cereal,black-table)": 0.21419463190462315,
    "on-table(red-box-of-cereal,white-table)": 0.016510789300734057,
    "on-table(red-can-of-soda,wood-table)": 0.8809070587158203,
    "on-table(red-can-of-soda,black-table)": 0.28525357513672134,
    "on-table(red-can-of-soda,white-table)": 0.016726696243154038,
    "robot-gripper-empty()": 0.9390258292357127,
    "robot-gripping(milk-carton)": 0.11774502384165923,
    "robot-gripping(lemon)": 0.05460842108974854,
    "robot-gripping(green-bottle)": 0.05305794052158793,
    "robot-gripping(loaf-of-bread)": 0.11812950678480168,
    "robot-gripping(red-box-of-cereal)": 0.1494649158945928,
    "robot-gripping(red-can-of-soda)": 0.18032140921180448
}