{
    "on-table(milk-carton,wood-table)": 0.10277544365574916,
    "on-table(milk-carton,black-table)": 0.682235385136058,
    "on-table(milk-carton,white-table)": 0.5065280910542546,
    "on-table(lemon,wood-table)": 0.20191954262554646,
    "on-table(lemon,black-table)": 0.12658529080605754,
    "on-table(lemon,white-table)": 0.3173816775282224,
    "on-table(green-bottle,wood-table)": 0.8637909988562266,
    "on-table(green-bottle,black-table)": 0.2598550510025556,
    "on-table(green-bottle,white-table)": 0.0036352132906548227,
    "on-table(loaf-of-bread,wood-table)": 0.1988673786011835,
    "on-table(loaf-of-bread,black-table)": 0.4017688881722279,
    "on-table(loaf-of-bread,white-table)": 0.6590225046444781,
    "on-table(red-box-of-cereal,wood-table)": 0.19116664957255125,
    "on-table(red-box-of-cereal,black-table)": 0.8260216352840265,
    "on-table(red-box-of-cereal,white-table)": 0.23713940962867733,
    "on-table(red-can-of-soda,wood-table)": 0.896066149075826,
    "on-table(red-can-of-soda,black-table)": 0.33592674233072256,
    "on-table(red-can-of-soda,white-table)": 0.0029729471653657433,
    "robot-gripper-empty()": 0.9178281227747599,
    "robot-gripping(milk-carton)": 0.1300247749313712,
    "robot-gripping(lemon)": 0.05983853743722042,
    "robot-gripping(green-bottle)": 0.17002287429446974,
    "robot-gripping(loaf-of-bread)": 0.09308889221089582,
    "robot-gripping(red-box-of-cereal)": 0.0795262090396136,
    "robot-gripping(red-can-of-soda)": 0.15385661646723747
}