{
    "on-table(milk-carton,wood-table)": 0.3755512206892793,
    "on-table(milk-carton,black-table)": 0.3451422059588367,
    "on-table(milk-carton,white-table)": 0.14288916468891935,
    "on-table(lemon,wood-table)": 0.19815267816496393,
    "on-table(lemon,black-table)": 0.02893732561400005,
    "on-table(lemon,white-table)": 0.004518867363609995,
    "on-table(green-bottle,wood-table)": 0.8312076309230179,
    "on-table(green-bottle,black-table)": 0.16774172803608658,
    "on-table(green-bottle,white-table)": 0.004398379904993514,
    "on-table(loaf-of-bread,wood-table)": 0.06377834221348166,
    "on-table(loaf-of-bread,black-table)": 0.16836874026921578,
    "on-table(loaf-of-bread,white-table)": 0.006838750074772785,
    "on-table(red-box-of-cereal,wood-table)": 0.15874587608656535,
    "on-table(red-box-of-cereal,black-table)": 0.17709062504582107,
    "on-table(red-box-of-cereal,white-table)": 0.20690536214776026,
    "on-table(red-can-of-soda,wood-table)": 0.1559129564526908,
    "on-table(red-can-of-soda,black-table)": 0.0002831509196615419,
    "on-table(red-can-of-soda,white-table)": 0.8334729478034811,
    "robot-gripper-empty()": 0.4411953089875169,
    "robot-gripping(milk-carton)": 0.6100349115828673,
    "robot-gripping(lemon)": 0.16736452281475067,
    "robot-gripping(green-bottle)": 0.13934214259885871,
    "robot-gripping(loaf-of-bread)": 0.3025818948323528,
    "robot-gripping(red-box-of-cereal)": 0.612773171858862,
    "robot-gripping(red-can-of-soda)": 0.36019312287680805
}