{
    "on-table(milk-carton,wood-table)": 0.2409958924157157,
    "on-table(milk-carton,black-table)": 0.41637194657353876,
    "on-table(milk-carton,white-table)": 0.5851514117869859,
    "on-table(lemon,wood-table)": 0.17170957565152398,
    "on-table(lemon,black-table)": 0.07287010263204745,
    "on-table(lemon,white-table)": 0.972913940747579,
    "on-table(green-bottle,wood-table)": 0.17606272483438565,
    "on-table(green-bottle,black-table)": 0.012238519192275513,
    "on-table(green-bottle,white-table)": 0.8439513569076856,
    "on-table(loaf-of-bread,wood-table)": 0.26202358429630596,
    "on-table(loaf-of-bread,black-table)": 0.36948152910918,
    "on-table(loaf-of-bread,white-table)": 0.2832262284355238,
    "on-table(red-box-of-cereal,wood-table)": 0.14824405472609214,
    "on-table(red-box-of-cereal,black-table)": 0.8247337664167086,
    "on-table(red-box-of-cereal,white-table)": 0.025934064365477145,
    "on-table(red-can-of-soda,wood-table)": 0.18190335076845562,
    "on-table(red-can-of-soda,black-table)": 0.838850329319636,
    "on-table(red-can-of-soda,white-table)": 0.0056969953228265995,
    "robot-gripper-empty()": 0.8664038479328156,
    "robot-gripping(milk-carton)": 0.187416427458326,
    "robot-gripping(lemon)": 0.1036092578433454,
    "robot-gripping(green-bottle)": 0.03599774794808278,
    "robot-gripping(loaf-of-bread)": 0.1395654942219456,
    "robot-gripping(red-box-of-cereal)": 0.165329500567168,
    "robot-gripping(red-can-of-soda)": 0.17324378729487458
}