{
    "on-table(milk-carton,wood-table)": 0.4898399355976532,
    "on-table(milk-carton,black-table)": 0.5305696843812863,
    "on-table(milk-carton,white-table)": 0.11043444575625472,
    "on-table(lemon,wood-table)": 0.2742890101314212,
    "on-table(lemon,black-table)": 0.1664309486732236,
    "on-table(lemon,white-table)": 0.03215497520977806,
    "on-table(green-bottle,wood-table)": 0.14038015876576537,
    "on-table(green-bottle,black-table)": 0.8343997011737277,
    "on-table(green-bottle,white-table)": 0.006532275171897102,
    "on-table(loaf-of-bread,wood-table)": 0.6928724497556686,
    "on-table(loaf-of-bread,black-table)": 0.05449221122156208,
    "on-table(loaf-of-bread,white-table)": 0.17647005222776593,
    "on-table(red-box-of-cereal,wood-table)": 0.12867245964783555,
    "on-table(red-box-of-cereal,black-table)": 0.8047195337712765,
    "on-table(red-box-of-cereal,white-table)": 0.02562177747555931,
    "on-table(red-can-of-soda,wood-table)": 0.08468825075154503,
    "on-table(red-can-of-soda,black-table)": 0.8368419681986173,
    "on-table(red-can-of-soda,white-table)": 0.005699430321935021,
    "robot-gripper-empty()": 0.7023791298270226,
    "robot-gripping(milk-carton)": 0.2926484098037084,
    "robot-gripping(lemon)": 0.058374458303054176,
    "robot-gripping(green-bottle)": 0.28139599692076445,
    "robot-gripping(loaf-of-bread)": 0.13915084612866244,
    "robot-gripping(red-box-of-cereal)": 0.3038971821467082,
    "robot-gripping(red-can-of-soda)": 0.6274296442667643
}