{
    "on-table(milk-carton,wood-table)": 0.5394013375043869,
    "on-table(milk-carton,black-table)": 0.026794181886846975,
    "on-table(milk-carton,white-table)": 0.25981677528034197,
    "on-table(lemon,wood-table)": 0.2849554323644649,
    "on-table(lemon,black-table)": 0.08578153988825458,
    "on-table(lemon,white-table)": 0.003176919306497439,
    "on-table(green-bottle,wood-table)": 0.8339658472687006,
    "on-table(green-bottle,black-table)": 0.16796688890372025,
    "on-table(green-bottle,white-table)": 0.0010027470498243929,
    "on-table(loaf-of-bread,wood-table)": 0.26042537127311033,
    "on-table(loaf-of-bread,black-table)": 0.01334292510485587,
    "on-table(loaf-of-bread,white-table)": 0.7608124787608782,
    "on-table(red-box-of-cereal,wood-table)": 0.7246928519258896,
    "on-table(red-box-of-cereal,black-table)": 0.018106029660278484,
    "on-table(red-box-of-cereal,white-table)": 0.012634921972600447,
    "on-table(red-can-of-soda,wood-table)": 0.8396489589164654,
    "on-table(red-can-of-soda,black-table)": 0.1686258747128401,
    "on-table(red-can-of-soda,white-table)": 0.008499628678994972,
    "robot-gripper-empty()": 0.955660492181778,
    "robot-gripping(milk-carton)": 0.18244245275855064,
    "robot-gripping(lemon)": 0.026935371686704457,
    "robot-gripping(green-bottle)": 0.07587020739447325,
    "robot-gripping(loaf-of-bread)": 0.0801863195374608,
    "robot-gripping(red-box-of-cereal)": 0.17857452396613857,
    "robot-gripping(red-can-of-soda)": 0.27236294699832797
}