{
    "on-table(milk-carton,wood-table)": 0.6729821637272835,
    "on-table(milk-carton,black-table)": 0.20209769636918887,
    "on-table(milk-carton,white-table)": 0.09748566377675161,
    "on-table(lemon,wood-table)": 0.20728139426319103,
    "on-table(lemon,black-table)": 0.927753875652949,
    "on-table(lemon,white-table)": 0.002199771178463076,
    "on-table(green-bottle,wood-table)": 0.8560922294855118,
    "on-table(green-bottle,black-table)": 0.25960472444686883,
    "on-table(green-bottle,white-table)": 0.002656878683183095,
    "on-table(loaf-of-bread,wood-table)": 0.6848267214372754,
    "on-table(loaf-of-bread,black-table)": 0.020329345706462238,
    "on-table(loaf-of-bread,white-table)": 0.1716924281924245,
    "on-table(red-box-of-cereal,wood-table)": 0.031301715469453484,
    "on-table(red-box-of-cereal,black-table)": 0.44342370608743903,
    "on-table(red-box-of-cereal,white-table)": 0.13925091572794676,
    "on-table(red-can-of-soda,wood-table)": 0.02656506122245143,
    "on-table(red-can-of-soda,black-table)": 0.6808717265569916,
    "on-table(red-can-of-soda,white-table)": 0.09624322383206163,
    "robot-gripper-empty()": 0.9433146019776663,
    "robot-gripping(milk-carton)": 0.16235289753725132,
    "robot-gripping(lemon)": 0.044731831876561046,
    "robot-gripping(green-bottle)": 0.16737519926391542,
    "robot-gripping(loaf-of-bread)": 0.09751818942216535,
    "robot-gripping(red-box-of-cereal)": 0.09803015487462592,
    "robot-gripping(red-can-of-soda)": 0.24598324527808776
}