{
    "on-table(milk-carton,wood-table)": 0.7877214575807253,
    "on-table(milk-carton,black-table)": 0.47635333582972333,
    "on-table(milk-carton,white-table)": 0.045677666703947274,
    "on-table(lemon,wood-table)": 0.28220625662894844,
    "on-table(lemon,black-table)": 0.0007396123373837327,
    "on-table(lemon,white-table)": 0.8347877068445086,
    "on-table(green-bottle,wood-table)": 0.8344297808750222,
    "on-table(green-bottle,black-table)": 0.16865320921084503,
    "on-table(green-bottle,white-table)": 0.0007839269447723988,
    "on-table(loaf-of-bread,wood-table)": 0.48024721288432676,
    "on-table(loaf-of-bread,black-table)": 0.31872450979426503,
    "on-table(loaf-of-bread,white-table)": 0.06924408906100628,
    "on-table(red-box-of-cereal,wood-table)": 0.34176026650917873,
    "on-table(red-box-of-cereal,black-table)": 0.9953532218933105,
    "on-table(red-box-of-cereal,white-table)": 0.21246413493402846,
    "on-table(red-can-of-soda,wood-table)": 0.9974425633748373,
    "on-table(red-can-of-soda,black-table)": 0.33669006057122414,
    "on-table(red-can-of-soda,white-table)": 0.16078717333509,
    "robot-gripper-empty()": 0.9788912038008372,
    "robot-gripping(milk-carton)": 0.09324065751085679,
    "robot-gripping(lemon)": 0.04013940839407345,
    "robot-gripping(green-bottle)": 0.11299163751148929,
    "robot-gripping(loaf-of-bread)": 0.06305502975980441,
    "robot-gripping(red-box-of-cereal)": 0.08100003624955814,
    "robot-gripping(red-can-of-soda)": 0.10513161037427683
}