{
    "on-table(milk-carton,wood-table)": 0.10121871252340497,
    "on-table(milk-carton,black-table)": 0.009301358600775226,
    "on-table(milk-carton,white-table)": 0.8263968800505003,
    "on-table(lemon,wood-table)": 0.13078214741593305,
    "on-table(lemon,black-table)": 0.040566898597982494,
    "on-table(lemon,white-table)": 0.9506048063437144,
    "on-table(green-bottle,wood-table)": 0.17184842068430348,
    "on-table(green-bottle,black-table)": 0.17386949122070897,
    "on-table(green-bottle,white-table)": 0.002193249186044947,
    "on-table(loaf-of-bread,wood-table)": 0.785121320746839,
    "on-table(loaf-of-bread,black-table)": 0.5969984611826172,
    "on-table(loaf-of-bread,white-table)": 0.02458125102505922,
    "on-table(red-box-of-cereal,wood-table)": 0.6551547214160868,
    "on-table(red-box-of-cereal,black-table)": 0.2944392317864792,
    "on-table(red-box-of-cereal,white-table)": 0.25543067973436945,
    "on-table(red-can-of-soda,wood-table)": 0.17031211063658702,
    "on-table(red-can-of-soda,black-table)": 0.05496418802658809,
    "on-table(red-can-of-soda,white-table)": 0.8492518166700999,
    "robot-gripper-empty()": 0.29330244813657674,
    "robot-gripping(milk-carton)": 0.08530218511198957,
    "robot-gripping(lemon)": 0.0770501949203511,
    "robot-gripping(green-bottle)": 0.8286132905632257,
    "robot-gripping(loaf-of-bread)": 0.15163119439966977,
    "robot-gripping(red-box-of-cereal)": 0.05501912683636571,
    "robot-gripping(red-can-of-soda)": 0.11273216015736882
}