{
    "on-table(milk-carton,wood-table)": 0.35685377040257055,
    "on-table(milk-carton,black-table)": 0.5658512773613135,
    "on-table(milk-carton,white-table)": 0.2112708588441213,
    "on-table(lemon,wood-table)": 0.2877241600654088,
    "on-table(lemon,black-table)": 0.9768012662728628,
    "on-table(lemon,white-table)": 0.24914331954990607,
    "on-table(green-bottle,wood-table)": 0.12416130137474586,
    "on-table(green-bottle,black-table)": 0.8452866189181805,
    "on-table(green-bottle,white-table)": 0.13697890504204224,
    "on-table(loaf-of-bread,wood-table)": 0.5423641943683227,
    "on-table(loaf-of-bread,black-table)": 0.35588332327703637,
    "on-table(loaf-of-bread,white-table)": 0.27358014004615444,
    "on-table(red-box-of-cereal,wood-table)": 0.21490274431804815,
    "on-table(red-box-of-cereal,black-table)": 0.25940139665423584,
    "on-table(red-box-of-cereal,white-table)": 0.04589741479139775,
    "on-table(red-can-of-soda,wood-table)": 0.21186256885994226,
    "on-table(red-can-of-soda,black-table)": 0.682023656864961,
    "on-table(red-can-of-soda,white-table)": 0.03917463094755173,
    "robot-gripper-empty()": 0.6595499173854478,
    "robot-gripping(milk-carton)": 0.478777418533961,
    "robot-gripping(lemon)": 0.06820738998552163,
    "robot-gripping(green-bottle)": 0.06847019121050835,
    "robot-gripping(loaf-of-bread)": 0.1956923467417558,
    "robot-gripping(red-box-of-cereal)": 0.552773921440045,
    "robot-gripping(red-can-of-soda)": 0.6621065350870291
}