{
    "on-table(milk-carton,wood-table)": 0.5952063910663128,
    "on-table(milk-carton,black-table)": 0.17780274383646125,
    "on-table(milk-carton,white-table)": 0.3174154414906904,
    "on-table(lemon,wood-table)": 0.3138854727355162,
    "on-table(lemon,black-table)": 0.1183804090111759,
    "on-table(lemon,white-table)": 0.0003595533389670891,
    "on-table(green-bottle,wood-table)": 0.8355562736590704,
    "on-table(green-bottle,black-table)": 0.17188938920177557,
    "on-table(green-bottle,white-table)": 0.0015854525940615833,
    "on-table(loaf-of-bread,wood-table)": 0.3120729741640389,
    "on-table(loaf-of-bread,black-table)": 0.46888913260772824,
    "on-table(loaf-of-bread,white-table)": 0.02448512583093058,
    "on-table(red-box-of-cereal,wood-table)": 0.7971181881924471,
    "on-table(red-box-of-cereal,black-table)": 0.0032012669532074747,
    "on-table(red-box-of-cereal,white-table)": 0.34050664562619204,
    "on-table(red-can-of-soda,wood-table)": 0.32221889259562886,
    "on-table(red-can-of-soda,black-table)": 0.0007557864701084327,
    "on-table(red-can-of-soda,white-table)": 0.8379576718434691,
    "robot-gripper-empty()": 0.8848896473646164,
    "robot-gripping(milk-carton)": 0.1042246650904417,
    "robot-gripping(lemon)": 0.01647683830621342,
    "robot-gripping(green-bottle)": 0.16771689429879189,
    "robot-gripping(loaf-of-bread)": 0.10725376227249701,
    "robot-gripping(red-box-of-cereal)": 0.0727675329738607,
    "robot-gripping(red-can-of-soda)": 0.042594121458629765
}