{
    "on-table(milk-carton,wood-table)": 0.6265361979603767,
    "on-table(milk-carton,black-table)": 0.4887641284925242,
    "on-table(milk-carton,white-table)": 0.1631004981851826,
    "on-table(lemon,wood-table)": 0.04363927102773838,
    "on-table(lemon,black-table)": 0.35773087851703167,
    "on-table(lemon,white-table)": 0.14680601975487662,
    "on-table(green-bottle,wood-table)": 0.09257407040907613,
    "on-table(green-bottle,black-table)": 0.7971233849724134,
    "on-table(green-bottle,white-table)": 0.0009363053817044905,
    "on-table(loaf-of-bread,wood-table)": 0.23427776821578541,
    "on-table(loaf-of-bread,black-table)": 0.4537769953409831,
    "on-table(loaf-of-bread,white-table)": 0.5472513188918432,
    "on-table(red-box-of-cereal,wood-table)": 0.17889565137253763,
    "on-table(red-box-of-cereal,black-table)": 0.7965794832756122,
    "on-table(red-box-of-cereal,white-table)": 0.011013780228192141,
    "on-table(red-can-of-soda,wood-table)": 0.22767009998400076,
    "on-table(red-can-of-soda,black-table)": 0.754799077908198,
    "on-table(red-can-of-soda,white-table)": 0.09544373727597606,
    "robot-gripper-empty()": 0.820674080013608,
    "robot-gripping(milk-carton)": 0.12877423875033855,
    "robot-gripping(lemon)": 0.2253771834075451,
    "robot-gripping(green-bottle)": 0.03331320562089483,
    "robot-gripping(loaf-of-bread)": 0.20482346943269172,
    "robot-gripping(red-box-of-cereal)": 0.030557274352759123,
    "robot-gripping(red-can-of-soda)": 0.042740527695665755
}