{
    "on-table(milk-carton,wood-table)": 0.1757510475096448,
    "on-table(milk-carton,black-table)": 0.8395488585035006,
    "on-table(milk-carton,white-table)": 0.1496886665627244,
    "on-table(lemon,wood-table)": 0.0026691728038107008,
    "on-table(lemon,black-table)": 0.0004402551833967057,
    "on-table(lemon,white-table)": 0.004044447385240346,
    "on-table(green-bottle,wood-table)": 0.8341940175741911,
    "on-table(green-bottle,black-table)": 0.1688538429201761,
    "on-table(green-bottle,white-table)": 0.0012502759205972325,
    "on-table(loaf-of-bread,wood-table)": 0.2135321255773306,
    "on-table(loaf-of-bread,black-table)": 0.0868557970970869,
    "on-table(loaf-of-bread,white-table)": 0.7123233924309412,
    "on-table(red-box-of-cereal,wood-table)": 0.4976302436940993,
    "on-table(red-box-of-cereal,black-table)": 0.8415791473040978,
    "on-table(red-box-of-cereal,white-table)": 0.00555232498360662,
    "on-table(red-can-of-soda,wood-table)": 0.62186896847561,
    "on-table(red-can-of-soda,black-table)": 0.696158063156569,
    "on-table(red-can-of-soda,white-table)": 0.001619582952116616,
    "robot-gripper-empty()": 0.8885991970698038,
    "robot-gripping(milk-carton)": 0.20170065915832916,
    "robot-gripping(lemon)": 0.019425239879637957,
    "robot-gripping(green-bottle)": 0.17216255742823705,
    "robot-gripping(loaf-of-bread)": 0.1817044415511191,
    "robot-gripping(red-box-of-cereal)": 0.16444804682396352,
    "robot-gripping(red-can-of-soda)": 0.2347836235227684
}