{
    "on-table(milk-carton,wood-table)": 0.10314817462737362,
    "on-table(milk-carton,black-table)": 0.4721927810460329,
    "on-table(milk-carton,white-table)": 0.5143338069271218,
    "on-table(lemon,wood-table)": 0.8347077754636606,
    "on-table(lemon,black-table)": 0.1676947871813089,
    "on-table(lemon,white-table)": 0.0007853515772543082,
    "on-table(green-bottle,wood-table)": 0.008629077913307507,
    "on-table(green-bottle,black-table)": 0.01457576660527593,
    "on-table(green-bottle,white-table)": 0.7696894481778145,
    "on-table(loaf-of-bread,wood-table)": 0.12091840295276295,
    "on-table(loaf-of-bread,black-table)": 0.025759866791001212,
    "on-table(loaf-of-bread,white-table)": 0.07063156419826555,
    "on-table(red-box-of-cereal,wood-table)": 0.21425388585582064,
    "on-table(red-box-of-cereal,black-table)": 0.01484503069150378,
    "on-table(red-box-of-cereal,white-table)": 0.6897096401080489,
    "on-table(red-can-of-soda,wood-table)": 0.17230364964537634,
    "on-table(red-can-of-soda,black-table)": 0.012917523421037913,
    "on-table(red-can-of-soda,white-table)": 0.9532271226247152,
    "robot-gripper-empty()": 0.8591033468643824,
    "robot-gripping(milk-carton)": 0.11937267798930407,
    "robot-gripping(lemon)": 0.1812032515493532,
    "robot-gripping(green-bottle)": 0.03862421257266154,
    "robot-gripping(loaf-of-bread)": 0.1536230332373331,
    "robot-gripping(red-box-of-cereal)": 0.08910377967792253,
    "robot-gripping(red-can-of-soda)": 0.19458169183538607
}