{
    "on-table(milk-carton,wood-table)": 0.26115435097017325,
    "on-table(milk-carton,black-table)": 0.5027953993994743,
    "on-table(milk-carton,white-table)": 0.1369068329950096,
    "on-table(lemon,wood-table)": 0.18731322406771747,
    "on-table(lemon,black-table)": 0.0003468624107275294,
    "on-table(lemon,white-table)": 0.9701224168141683,
    "on-table(green-bottle,wood-table)": 0.8466060558954874,
    "on-table(green-bottle,black-table)": 0.18652666549568644,
    "on-table(green-bottle,white-table)": 0.009360185992591141,
    "on-table(loaf-of-bread,wood-table)": 0.19204941659700125,
    "on-table(loaf-of-bread,black-table)": 0.054891055549281496,
    "on-table(loaf-of-bread,white-table)": 0.10841909253940685,
    "on-table(red-box-of-cereal,wood-table)": 0.34305375631083734,
    "on-table(red-box-of-cereal,black-table)": 0.29444225051702233,
    "on-table(red-box-of-cereal,white-table)": 0.15978769061318113,
    "on-table(red-can-of-soda,wood-table)": 0.993221253156662,
    "on-table(red-can-of-soda,black-table)": 0.3325992472218407,
    "on-table(red-can-of-soda,white-table)": 0.16596564647649834,
    "robot-gripper-empty()": 0.825153037905693,
    "robot-gripping(milk-carton)": 0.12954792752861977,
    "robot-gripping(lemon)": 0.10595955412524442,
    "robot-gripping(green-bottle)": 0.20322604570537806,
    "robot-gripping(loaf-of-bread)": 0.06466413242742419,
    "robot-gripping(red-box-of-cereal)": 0.022544122921923797,
    "robot-gripping(red-can-of-soda)": 0.18740251722435156
}