{
    "on-table(milk-carton,wood-table)": 0.24705691449344158,
    "on-table(milk-carton,black-table)": 0.19883779230440268,
    "on-table(milk-carton,white-table)": 0.74200635694433,
    "on-table(lemon,wood-table)": 0.19553692634993544,
    "on-table(lemon,black-table)": 0.7985619681809718,
    "on-table(lemon,white-table)": 0.04254624483379151,
    "on-table(green-bottle,wood-table)": 0.0006658495064281548,
    "on-table(green-bottle,black-table)": 0.0006142155039015051,
    "on-table(green-bottle,white-table)": 0.013028163638409751,
    "on-table(loaf-of-bread,wood-table)": 0.2901436158766349,
    "on-table(loaf-of-bread,black-table)": 0.2612690555397421,
    "on-table(loaf-of-bread,white-table)": 0.5312248144764453,
    "on-table(red-box-of-cereal,wood-table)": 0.2300744286427895,
    "on-table(red-box-of-cereal,black-table)": 0.8367366480330626,
    "on-table(red-box-of-cereal,white-table)": 0.2541854569190036,
    "on-table(red-can-of-soda,wood-table)": 0.17822354713765284,
    "on-table(red-can-of-soda,black-table)": 0.7947180221478144,
    "on-table(red-can-of-soda,white-table)": 0.044328744983431534,
    "robot-gripper-empty()": 0.8055217067400614,
    "robot-gripping(milk-carton)": 0.22925624313453832,
    "robot-gripping(lemon)": 0.11442601835976045,
    "robot-gripping(green-bottle)": 0.01723756217203724,
    "robot-gripping(loaf-of-bread)": 0.18814704567193985,
    "robot-gripping(red-box-of-cereal)": 0.28546528207759064,
    "robot-gripping(red-can-of-soda)": 0.543692771345377
}