{
    "on-table(milk-carton,wood-table)": 0.17695494680083357,
    "on-table(milk-carton,black-table)": 0.6651599956676364,
    "on-table(milk-carton,white-table)": 0.30612437142796506,
    "on-table(lemon,wood-table)": 0.8334228910680395,
    "on-table(lemon,black-table)": 0.16668389079901166,
    "on-table(lemon,white-table)": 0.00016251201789903766,
    "on-table(green-bottle,wood-table)": 0.002835885440921023,
    "on-table(green-bottle,black-table)": 0.003015238035004586,
    "on-table(green-bottle,white-table)": 0.00046174449562386144,
    "on-table(loaf-of-bread,wood-table)": 0.09776488835147272,
    "on-table(loaf-of-bread,black-table)": 0.5596920897563299,
    "on-table(loaf-of-bread,white-table)": 0.10243779638646326,
    "on-table(red-box-of-cereal,wood-table)": 0.17973698722198606,
    "on-table(red-box-of-cereal,black-table)": 0.7358069621647397,
    "on-table(red-box-of-cereal,white-table)": 0.40309329746620887,
    "on-table(red-can-of-soda,wood-table)": 0.17324035457810774,
    "on-table(red-can-of-soda,black-table)": 0.03027255577406625,
    "on-table(red-can-of-soda,white-table)": 0.9736299713452657,
    "robot-gripper-empty()": 0.9637303749720255,
    "robot-gripping(milk-carton)": 0.09879002720117569,
    "robot-gripping(lemon)": 0.0888050083303824,
    "robot-gripping(green-bottle)": 0.031179360676712047,
    "robot-gripping(loaf-of-bread)": 0.06908941237876813,
    "robot-gripping(red-box-of-cereal)": 0.051817292269940175,
    "robot-gripping(red-can-of-soda)": 0.1369530091372629
}