{
    "on-table(milk-carton,wood-table)": 0.15315011727216188,
    "on-table(milk-carton,black-table)": 0.5605351239598045,
    "on-table(milk-carton,white-table)": 0.4550973882336014,
    "on-table(lemon,wood-table)": 0.06922215840071051,
    "on-table(lemon,black-table)": 0.0152202444633834,
    "on-table(lemon,white-table)": 0.33211841034547734,
    "on-table(green-bottle,wood-table)": 0.8333659590571187,
    "on-table(green-bottle,black-table)": 0.16071409813491755,
    "on-table(green-bottle,white-table)": 0.0003215580682081054,
    "on-table(loaf-of-bread,wood-table)": 0.3478045080555603,
    "on-table(loaf-of-bread,black-table)": 0.005488517859096949,
    "on-table(loaf-of-bread,white-table)": 0.3382714399000785,
    "on-table(red-box-of-cereal,wood-table)": 0.20134401919009784,
    "on-table(red-box-of-cereal,black-table)": 0.018190431898801762,
    "on-table(red-box-of-cereal,white-table)": 0.8340159389190376,
    "on-table(red-can-of-soda,wood-table)": 0.8342634327709675,
    "on-table(red-can-of-soda,black-table)": 0.16667135860552662,
    "on-table(red-can-of-soda,white-table)": 0.3343136507131324,
    "robot-gripper-empty()": 0.8868568589289983,
    "robot-gripping(milk-carton)": 0.14757806939693788,
    "robot-gripping(lemon)": 0.06810336513444781,
    "robot-gripping(green-bottle)": 0.1487740658922121,
    "robot-gripping(loaf-of-bread)": 0.09231514064595103,
    "robot-gripping(red-box-of-cereal)": 0.07308804193356384,
    "robot-gripping(red-can-of-soda)": 0.10482127330033109
}