{
    "on-table(milk-carton,wood-table)": 0.7992020361125469,
    "on-table(milk-carton,black-table)": 0.2999266604679178,
    "on-table(milk-carton,white-table)": 0.1869822296030179,
    "on-table(lemon,wood-table)": 0.14788613435788042,
    "on-table(lemon,black-table)": 0.7309240565324823,
    "on-table(lemon,white-table)": 0.005889929141782583,
    "on-table(green-bottle,wood-table)": 0.16723889079730725,
    "on-table(green-bottle,black-table)": 0.751327102072537,
    "on-table(green-bottle,white-table)": 0.010632176975301869,
    "on-table(loaf-of-bread,wood-table)": 0.45248788471023244,
    "on-table(loaf-of-bread,black-table)": 0.581729429308325,
    "on-table(loaf-of-bread,white-table)": 0.16646156767698508,
    "on-table(red-box-of-cereal,wood-table)": 0.49069825129117817,
    "on-table(red-box-of-cereal,black-table)": 0.8236986249685287,
    "on-table(red-box-of-cereal,white-table)": 0.2642219690605998,
    "on-table(red-can-of-soda,wood-table)": 0.9946206907431284,
    "on-table(red-can-of-soda,black-table)": 0.3330911209844582,
    "on-table(red-can-of-soda,white-table)": 0.1931716049438895,
    "robot-gripper-empty()": 0.8757387697696686,
    "robot-gripping(milk-carton)": 0.21557838718096414,
    "robot-gripping(lemon)": 0.04583882249426097,
    "robot-gripping(green-bottle)": 0.07300769925738375,
    "robot-gripping(loaf-of-bread)": 0.18389105858902136,
    "robot-gripping(red-box-of-cereal)": 0.11443851174165805,
    "robot-gripping(red-can-of-soda)": 0.1635975701113542
}