{
    "on-table(milk-carton,wood-table)": 0.14066080729632327,
    "on-table(milk-carton,black-table)": 0.07204599300166592,
    "on-table(milk-carton,white-table)": 0.8046747945869962,
    "on-table(lemon,wood-table)": 0.17488966153905494,
    "on-table(lemon,black-table)": 0.0031938300089677796,
    "on-table(lemon,white-table)": 0.005657296657470094,
    "on-table(green-bottle,wood-table)": 0.8330629423338299,
    "on-table(green-bottle,black-table)": 0.1676989358626694,
    "on-table(green-bottle,white-table)": 0.001587863307425626,
    "on-table(loaf-of-bread,wood-table)": 0.23895152642702064,
    "on-table(loaf-of-bread,black-table)": 0.0065083161074047284,
    "on-table(loaf-of-bread,white-table)": 0.6486640218645334,
    "on-table(red-box-of-cereal,wood-table)": 0.18310604097496253,
    "on-table(red-box-of-cereal,black-table)": 0.014026264666730034,
    "on-table(red-box-of-cereal,white-table)": 0.99657075603803,
    "on-table(red-can-of-soda,wood-table)": 0.1775366351066623,
    "on-table(red-can-of-soda,black-table)": 0.00370555027257069,
    "on-table(red-can-of-soda,white-table)": 0.9953771432240804,
    "robot-gripper-empty()": 0.8240477405488491,
    "robot-gripping(milk-carton)": 0.12048830681790908,
    "robot-gripping(lemon)": 0.021343846650173266,
    "robot-gripping(green-bottle)": 0.17623699188698083,
    "robot-gripping(loaf-of-bread)": 0.05079850756252805,
    "robot-gripping(red-box-of-cereal)": 0.07024891719144459,
    "robot-gripping(red-can-of-soda)": 0.11100426830428962
}