{
    "on-table(milk-carton,wood-table)": 0.6065243196984133,
    "on-table(milk-carton,black-table)": 0.6488564128036766,
    "on-table(milk-carton,white-table)": 0.014009293949735971,
    "on-table(lemon,wood-table)": 0.17583150042385873,
    "on-table(lemon,black-table)": 0.01526094414596931,
    "on-table(lemon,white-table)": 0.8360273959115148,
    "on-table(green-bottle,wood-table)": 0.1678637297542688,
    "on-table(green-bottle,black-table)": 0.0007915915866002857,
    "on-table(green-bottle,white-table)": 0.83472780076166,
    "on-table(loaf-of-bread,wood-table)": 0.21005813653270403,
    "on-table(loaf-of-bread,black-table)": 0.7322351758678755,
    "on-table(loaf-of-bread,white-table)": 0.010909166667261161,
    "on-table(red-box-of-cereal,wood-table)": 0.2151494949745635,
    "on-table(red-box-of-cereal,black-table)": 0.9289742708206177,
    "on-table(red-box-of-cereal,white-table)": 0.006147498752397951,
    "on-table(red-can-of-soda,wood-table)": 0.2736837191599382,
    "on-table(red-can-of-soda,black-table)": 0.999170184135437,
    "on-table(red-can-of-soda,white-table)": 0.0023140059261095303,
    "robot-gripper-empty()": 0.9371800820032755,
    "robot-gripping(milk-carton)": 0.17264121491461992,
    "robot-gripping(lemon)": 0.02386187242033581,
    "robot-gripping(green-bottle)": 0.014888362115016207,
    "robot-gripping(loaf-of-bread)": 0.1205808101221919,
    "robot-gripping(red-box-of-cereal)": 0.1409339300977687,
    "robot-gripping(red-can-of-soda)": 0.1671529395195345
}