{
    "on-table(milk-carton,wood-table)": 0.40994490632632125,
    "on-table(milk-carton,black-table)": 0.28357317484915257,
    "on-table(milk-carton,white-table)": 0.02436375990509987,
    "on-table(lemon,wood-table)": 0.19147521742464355,
    "on-table(lemon,black-table)": 0.15874651825348943,
    "on-table(lemon,white-table)": 0.8418079894036055,
    "on-table(green-bottle,wood-table)": 0.3222215201700844,
    "on-table(green-bottle,black-table)": 0.9977225164572397,
    "on-table(green-bottle,white-table)": 0.10960755937837045,
    "on-table(loaf-of-bread,wood-table)": 0.6079620656867822,
    "on-table(loaf-of-bread,black-table)": 0.09152892406564206,
    "on-table(loaf-of-bread,white-table)": 0.04049774030136177,
    "on-table(red-box-of-cereal,wood-table)": 0.46462628326844424,
    "on-table(red-box-of-cereal,black-table)": 0.33618168877243687,
    "on-table(red-box-of-cereal,white-table)": 0.008749075757805258,
    "on-table(red-can-of-soda,wood-table)": 0.839904244368275,
    "on-table(red-can-of-soda,black-table)": 0.18077469397796145,
    "on-table(red-can-of-soda,white-table)": 0.007592686114056353,
    "robot-gripper-empty()": 0.621755284567674,
    "robot-gripping(milk-carton)": 0.5667742068568865,
    "robot-gripping(lemon)": 0.08369183354079723,
    "robot-gripping(green-bottle)": 0.20964327881423137,
    "robot-gripping(loaf-of-bread)": 0.2833701077227791,
    "robot-gripping(red-box-of-cereal)": 0.66151900558422,
    "robot-gripping(red-can-of-soda)": 0.5532901684443156
}