{
    "on-table(milk-carton,wood-table)": 0.27173650699357194,
    "on-table(milk-carton,black-table)": 0.09190265120317538,
    "on-table(milk-carton,white-table)": 0.6330371866934001,
    "on-table(lemon,wood-table)": 0.09382065505875896,
    "on-table(lemon,black-table)": 0.05238947074879737,
    "on-table(lemon,white-table)": 0.09940701921004802,
    "on-table(green-bottle,wood-table)": 0.18137262833382314,
    "on-table(green-bottle,black-table)": 0.18353174790172488,
    "on-table(green-bottle,white-table)": 0.015325213456283867,
    "on-table(loaf-of-bread,wood-table)": 0.3156885467469692,
    "on-table(loaf-of-bread,black-table)": 0.015513917761078725,
    "on-table(loaf-of-bread,white-table)": 0.09237706181981291,
    "on-table(red-box-of-cereal,wood-table)": 0.17389428222668357,
    "on-table(red-box-of-cereal,black-table)": 0.0038187032302327375,
    "on-table(red-box-of-cereal,white-table)": 0.7467550979927182,
    "on-table(red-can-of-soda,wood-table)": 0.19457909161913753,
    "on-table(red-can-of-soda,black-table)": 0.00024246840378812826,
    "on-table(red-can-of-soda,white-table)": 0.8311777648438389,
    "robot-gripper-empty()": 0.319466906619103,
    "robot-gripping(milk-carton)": 0.5466325879096985,
    "robot-gripping(lemon)": 0.12027483433485031,
    "robot-gripping(green-bottle)": 0.8249741171797117,
    "robot-gripping(loaf-of-bread)": 0.12773155917723975,
    "robot-gripping(red-box-of-cereal)": 0.016169461751511943,
    "robot-gripping(red-can-of-soda)": 0.23535456032065363
}