{
    "on-table(milk-carton,wood-table)": 0.7154952830945452,
    "on-table(milk-carton,black-table)": 0.323249777404385,
    "on-table(milk-carton,white-table)": 0.03586141496740917,
    "on-table(lemon,wood-table)": 0.21154234565619845,
    "on-table(lemon,black-table)": 0.020094403604161926,
    "on-table(lemon,white-table)": 0.8959210415681204,
    "on-table(green-bottle,wood-table)": 0.21186444023138998,
    "on-table(green-bottle,black-table)": 0.848245270550251,
    "on-table(green-bottle,white-table)": 0.0019098063344623977,
    "on-table(loaf-of-bread,wood-table)": 0.3222327896704276,
    "on-table(loaf-of-bread,black-table)": 0.3994610644876957,
    "on-table(loaf-of-bread,white-table)": 0.06591245264280587,
    "on-table(red-box-of-cereal,wood-table)": 0.14945505837386008,
    "on-table(red-box-of-cereal,black-table)": 0.13820209334759662,
    "on-table(red-box-of-cereal,white-table)": 0.006808286042845187,
    "on-table(red-can-of-soda,wood-table)": 0.20204160073384023,
    "on-table(red-can-of-soda,black-table)": 0.14171316325033936,
    "on-table(red-can-of-soda,white-table)": 0.004378750012013673,
    "robot-gripper-empty()": 0.8716806670029958,
    "robot-gripping(milk-carton)": 0.22507795474181572,
    "robot-gripping(lemon)": 0.05993363338833054,
    "robot-gripping(green-bottle)": 0.16321297579755387,
    "robot-gripping(loaf-of-bread)": 0.12863485359897217,
    "robot-gripping(red-box-of-cereal)": 0.10434953263029456,
    "robot-gripping(red-can-of-soda)": 0.48152505171795684
}