{
    "on-table(milk-carton,wood-table)": 0.5425260060777267,
    "on-table(milk-carton,black-table)": 0.6012883186340332,
    "on-table(milk-carton,white-table)": 0.014306456064029286,
    "on-table(lemon,wood-table)": 0.17755354777909815,
    "on-table(lemon,black-table)": 0.009977813402656466,
    "on-table(lemon,white-table)": 0.018248041538754478,
    "on-table(green-bottle,wood-table)": 0.16614095381616303,
    "on-table(green-bottle,black-table)": 0.0031321194280735654,
    "on-table(green-bottle,white-table)": 0.8600432053208351,
    "on-table(loaf-of-bread,wood-table)": 0.2948646964505315,
    "on-table(loaf-of-bread,black-table)": 0.4786960861335198,
    "on-table(loaf-of-bread,white-table)": 0.009147911866117889,
    "on-table(red-box-of-cereal,wood-table)": 0.21913639339618385,
    "on-table(red-box-of-cereal,black-table)": 0.840757297972838,
    "on-table(red-box-of-cereal,white-table)": 0.07400086169946007,
    "on-table(red-can-of-soda,wood-table)": 0.22295502229220196,
    "on-table(red-can-of-soda,black-table)": 0.253668066011907,
    "on-table(red-can-of-soda,white-table)": 0.7011925876140594,
    "robot-gripper-empty()": 0.9771658579508463,
    "robot-gripping(milk-carton)": 0.0663308622315526,
    "robot-gripping(lemon)": 0.03071710211224854,
    "robot-gripping(green-bottle)": 0.028711453021969646,
    "robot-gripping(loaf-of-bread)": 0.03775396718022724,
    "robot-gripping(red-box-of-cereal)": 0.023958074511028826,
    "robot-gripping(red-can-of-soda)": 0.1813579109730199
}