{
    "on-table(milk-carton,wood-table)": 0.8357794980208079,
    "on-table(milk-carton,black-table)": 0.20191405888999725,
    "on-table(milk-carton,white-table)": 0.26377002348393336,
    "on-table(lemon,wood-table)": 0.1784965787907519,
    "on-table(lemon,black-table)": 0.0720136573434047,
    "on-table(lemon,white-table)": 0.8504902919133505,
    "on-table(green-bottle,wood-table)": 0.1676188023945239,
    "on-table(green-bottle,black-table)": 0.8331942123671373,
    "on-table(green-bottle,white-table)": 0.10373124477306798,
    "on-table(loaf-of-bread,wood-table)": 0.46079719190796214,
    "on-table(loaf-of-bread,black-table)": 0.05688555749172034,
    "on-table(loaf-of-bread,white-table)": 0.07483668421264156,
    "on-table(red-box-of-cereal,wood-table)": 0.9895746807257334,
    "on-table(red-box-of-cereal,black-table)": 0.16807197391714604,
    "on-table(red-box-of-cereal,white-table)": 0.17374190014803995,
    "on-table(red-can-of-soda,wood-table)": 0.32202910627650755,
    "on-table(red-can-of-soda,black-table)": 0.0021749512917873894,
    "on-table(red-can-of-soda,white-table)": 0.8385032098740339,
    "robot-gripper-empty()": 0.8424222767353058,
    "robot-gripping(milk-carton)": 0.2172771906480193,
    "robot-gripping(lemon)": 0.06660478422418237,
    "robot-gripping(green-bottle)": 0.19843024589742222,
    "robot-gripping(loaf-of-bread)": 0.15064005057017008,
    "robot-gripping(red-box-of-cereal)": 0.10149320199464758,
    "robot-gripping(red-can-of-soda)": 0.09909355461907883
}