{
    "on-table(milk-carton,wood-table)": 0.5613006691758832,
    "on-table(milk-carton,black-table)": 0.45334358148587245,
    "on-table(milk-carton,white-table)": 0.1932857177889673,
    "on-table(lemon,wood-table)": 0.16606456543377135,
    "on-table(lemon,black-table)": 0.7729925841170674,
    "on-table(lemon,white-table)": 0.1662101980011054,
    "on-table(green-bottle,wood-table)": 0.0011164123146348477,
    "on-table(green-bottle,black-table)": 0.03385155330943235,
    "on-table(green-bottle,white-table)": 0.2292838188859605,
    "on-table(loaf-of-bread,wood-table)": 0.4478261073430379,
    "on-table(loaf-of-bread,black-table)": 0.0056088721806493895,
    "on-table(loaf-of-bread,white-table)": 0.5087299381072322,
    "on-table(red-box-of-cereal,wood-table)": 0.8765234450499216,
    "on-table(red-box-of-cereal,black-table)": 0.1834883852676891,
    "on-table(red-box-of-cereal,white-table)": 0.16981761724226394,
    "on-table(red-can-of-soda,wood-table)": 0.9917454421520233,
    "on-table(red-can-of-soda,black-table)": 0.393695531275777,
    "on-table(red-can-of-soda,white-table)": 0.17260670635126493,
    "robot-gripper-empty()": 0.9643195768197378,
    "robot-gripping(milk-carton)": 0.08974272136886914,
    "robot-gripping(lemon)": 0.032007845817133784,
    "robot-gripping(green-bottle)": 0.022850102240530152,
    "robot-gripping(loaf-of-bread)": 0.08173250608767073,
    "robot-gripping(red-box-of-cereal)": 0.13409784894126156,
    "robot-gripping(red-can-of-soda)": 0.14996358278828362
}