{
    "on-table(milk-carton,wood-table)": 0.4008544731574754,
    "on-table(milk-carton,black-table)": 0.7346765535573164,
    "on-table(milk-carton,white-table)": 0.13676383383184051,
    "on-table(lemon,wood-table)": 0.15935874879263187,
    "on-table(lemon,black-table)": 0.5101643949747086,
    "on-table(lemon,white-table)": 0.05757242548861541,
    "on-table(green-bottle,wood-table)": 0.06523734685833915,
    "on-table(green-bottle,black-table)": 0.844166691104571,
    "on-table(green-bottle,white-table)": 0.002801472043756803,
    "on-table(loaf-of-bread,wood-table)": 0.5293432561059793,
    "on-table(loaf-of-bread,black-table)": 0.3362343652567385,
    "on-table(loaf-of-bread,white-table)": 0.18049408429806135,
    "on-table(red-box-of-cereal,wood-table)": 0.5750395481785139,
    "on-table(red-box-of-cereal,black-table)": 0.7146206311881542,
    "on-table(red-box-of-cereal,white-table)": 0.17746188050174774,
    "on-table(red-can-of-soda,wood-table)": 0.8699878454208374,
    "on-table(red-can-of-soda,black-table)": 0.2968364593968242,
    "on-table(red-can-of-soda,white-table)": 0.16765647836170197,
    "robot-gripper-empty()": 0.8805872698624929,
    "robot-gripping(milk-carton)": 0.30307492706924677,
    "robot-gripping(lemon)": 0.23705884627997875,
    "robot-gripping(green-bottle)": 0.1787141056265682,
    "robot-gripping(loaf-of-bread)": 0.14066240129371485,
    "robot-gripping(red-box-of-cereal)": 0.16129079461097717,
    "robot-gripping(red-can-of-soda)": 0.33758482926835615
}