{
    "on-table(milk-carton,wood-table)": 0.24059987844278416,
    "on-table(milk-carton,black-table)": 0.07543346124778812,
    "on-table(milk-carton,white-table)": 0.10381940348694722,
    "on-table(lemon,wood-table)": 0.17905484155441323,
    "on-table(lemon,black-table)": 0.5180585461979111,
    "on-table(lemon,white-table)": 0.04923415796171563,
    "on-table(green-bottle,wood-table)": 0.2925733499068883,
    "on-table(green-bottle,black-table)": 0.9911056657632192,
    "on-table(green-bottle,white-table)": 0.015126880048986399,
    "on-table(loaf-of-bread,wood-table)": 0.6761226939658324,
    "on-table(loaf-of-bread,black-table)": 0.09657075539386521,
    "on-table(loaf-of-bread,white-table)": 0.19454374489335655,
    "on-table(red-box-of-cereal,wood-table)": 0.07093804170532773,
    "on-table(red-box-of-cereal,black-table)": 0.02238292158290278,
    "on-table(red-box-of-cereal,white-table)": 0.04507153807207942,
    "on-table(red-can-of-soda,wood-table)": 0.16596642566340356,
    "on-table(red-can-of-soda,black-table)": 0.026580168613387894,
    "on-table(red-can-of-soda,white-table)": 0.019227519126919407,
    "robot-gripper-empty()": 0.7970904360214869,
    "robot-gripping(milk-carton)": 0.15301387570798397,
    "robot-gripping(lemon)": 0.1290495451539755,
    "robot-gripping(green-bottle)": 0.17285811823482314,
    "robot-gripping(loaf-of-bread)": 0.11604981714238723,
    "robot-gripping(red-box-of-cereal)": 0.07550143171101809,
    "robot-gripping(red-can-of-soda)": 0.46486518035332364
}