{
    "on-table(milk-carton,wood-table)": 0.1980395771873494,
    "on-table(milk-carton,black-table)": 0.37450666973988217,
    "on-table(milk-carton,white-table)": 0.5652211949539682,
    "on-table(lemon,wood-table)": 0.8333975552232005,
    "on-table(lemon,black-table)": 0.1667007474832379,
    "on-table(lemon,white-table)": 0.00017444387405400144,
    "on-table(green-bottle,wood-table)": 0.0012130432805861346,
    "on-table(green-bottle,black-table)": 0.0030130145150906174,
    "on-table(green-bottle,white-table)": 0.0013030373462849336,
    "on-table(loaf-of-bread,wood-table)": 0.13306262041442096,
    "on-table(loaf-of-bread,black-table)": 0.3486553879920393,
    "on-table(loaf-of-bread,white-table)": 0.2227301511253851,
    "on-table(red-box-of-cereal,wood-table)": 0.17480394151061773,
    "on-table(red-box-of-cereal,black-table)": 0.7683916830768188,
    "on-table(red-box-of-cereal,white-table)": 0.5058858352713287,
    "on-table(red-can-of-soda,wood-table)": 0.1705751870892224,
    "on-table(red-can-of-soda,black-table)": 0.16698902131186819,
    "on-table(red-can-of-soda,white-table)": 0.9896311064561208,
    "robot-gripper-empty()": 0.9780164261658987,
    "robot-gripping(milk-carton)": 0.1558945539096991,
    "robot-gripping(lemon)": 0.034245455249523125,
    "robot-gripping(green-bottle)": 0.015730318137987826,
    "robot-gripping(loaf-of-bread)": 0.07601194145778815,
    "robot-gripping(red-box-of-cereal)": 0.035850285552442074,
    "robot-gripping(red-can-of-soda)": 0.08493435926114519
}