{
    "on-table(milk-carton,wood-table)": 0.7797837232549986,
    "on-table(milk-carton,black-table)": 0.14078244439224363,
    "on-table(milk-carton,white-table)": 0.13656343471181268,
    "on-table(lemon,wood-table)": 0.8395622534056505,
    "on-table(lemon,black-table)": 0.139601390267444,
    "on-table(lemon,white-table)": 0.02517951911916801,
    "on-table(green-bottle,wood-table)": 0.811425716849044,
    "on-table(green-bottle,black-table)": 0.16646848159055594,
    "on-table(green-bottle,white-table)": 0.002652088473818518,
    "on-table(loaf-of-bread,wood-table)": 0.7764878918727239,
    "on-table(loaf-of-bread,black-table)": 0.10308245062644043,
    "on-table(loaf-of-bread,white-table)": 0.14735866658247687,
    "on-table(red-box-of-cereal,wood-table)": 0.16397247768569892,
    "on-table(red-box-of-cereal,black-table)": 0.6598448716104031,
    "on-table(red-box-of-cereal,white-table)": 0.12640547147930192,
    "on-table(red-can-of-soda,wood-table)": 0.1500533464483548,
    "on-table(red-can-of-soda,black-table)": 0.8255133879526207,
    "on-table(red-can-of-soda,white-table)": 0.1402253644416381,
    "robot-gripper-empty()": 0.9300034244855245,
    "robot-gripping(milk-carton)": 0.15584361056486765,
    "robot-gripping(lemon)": 0.05700920087595781,
    "robot-gripping(green-bottle)": 0.11294045330335696,
    "robot-gripping(loaf-of-bread)": 0.07387266897906859,
    "robot-gripping(red-box-of-cereal)": 0.042758002101133265,
    "robot-gripping(red-can-of-soda)": 0.1070792453053097
}