{
    "on-table(milk-carton,wood-table)": 0.8582463587323824,
    "on-table(milk-carton,black-table)": 0.16275791806401685,
    "on-table(milk-carton,white-table)": 0.02218040248650747,
    "on-table(lemon,wood-table)": 0.10946109960786998,
    "on-table(lemon,black-table)": 0.006313112714754728,
    "on-table(lemon,white-table)": 0.16798577990266494,
    "on-table(green-bottle,wood-table)": 0.13847622157663864,
    "on-table(green-bottle,black-table)": 0.004967171257248992,
    "on-table(green-bottle,white-table)": 0.9941845337549845,
    "on-table(loaf-of-bread,wood-table)": 0.8901379406452179,
    "on-table(loaf-of-bread,black-table)": 0.10799624579279528,
    "on-table(loaf-of-bread,white-table)": 0.003665574869046395,
    "on-table(red-box-of-cereal,wood-table)": 0.9777513146400452,
    "on-table(red-box-of-cereal,black-table)": 0.32796347911911045,
    "on-table(red-box-of-cereal,white-table)": 0.0032782372918518377,
    "on-table(red-can-of-soda,wood-table)": 0.8087995127959099,
    "on-table(red-can-of-soda,black-table)": 0.3260461628863898,
    "on-table(red-can-of-soda,white-table)": 0.0020596771666229565,
    "robot-gripper-empty()": 0.9479192694028219,
    "robot-gripping(milk-carton)": 0.25965134364863235,
    "robot-gripping(lemon)": 0.04761810973286629,
    "robot-gripping(green-bottle)": 0.012955213664099574,
    "robot-gripping(loaf-of-bread)": 0.07641188008710742,
    "robot-gripping(red-box-of-cereal)": 0.04497930485134324,
    "robot-gripping(red-can-of-soda)": 0.08227736161400874
}