{
    "on-table(milk-carton,wood-table)": 0.3947773703063528,
    "on-table(milk-carton,black-table)": 0.19467621762305498,
    "on-table(milk-carton,white-table)": 0.5664199640353521,
    "on-table(lemon,wood-table)": 0.3242737169875909,
    "on-table(lemon,black-table)": 0.1602950934401027,
    "on-table(lemon,white-table)": 0.0015817770472494885,
    "on-table(green-bottle,wood-table)": 0.8393752587338289,
    "on-table(green-bottle,black-table)": 0.31874966614573924,
    "on-table(green-bottle,white-table)": 0.0008718980312399557,
    "on-table(loaf-of-bread,wood-table)": 0.9170259932676951,
    "on-table(loaf-of-bread,black-table)": 0.2164697553998849,
    "on-table(loaf-of-bread,white-table)": 0.16105068011772042,
    "on-table(red-box-of-cereal,wood-table)": 0.15185932232513247,
    "on-table(red-box-of-cereal,black-table)": 0.7158124557075402,
    "on-table(red-box-of-cereal,white-table)": 0.003400397955980831,
    "on-table(red-can-of-soda,wood-table)": 0.059699511402868666,
    "on-table(red-can-of-soda,black-table)": 0.7856628909551849,
    "on-table(red-can-of-soda,white-table)": 0.001360469063304966,
    "robot-gripper-empty()": 0.9325164059797922,
    "robot-gripping(milk-carton)": 0.13084582518786192,
    "robot-gripping(lemon)": 0.10888442063393693,
    "robot-gripping(green-bottle)": 0.16229383057604232,
    "robot-gripping(loaf-of-bread)": 0.1328854706759254,
    "robot-gripping(red-box-of-cereal)": 0.07042840193025768,
    "robot-gripping(red-can-of-soda)": 0.09602384245954454
}