{
    "on-table(milk-carton,wood-table)": 0.42978731635957956,
    "on-table(milk-carton,black-table)": 0.4864673453072707,
    "on-table(milk-carton,white-table)": 0.2798723044494788,
    "on-table(lemon,wood-table)": 0.008616283795466492,
    "on-table(lemon,black-table)": 0.0026437412331385226,
    "on-table(lemon,white-table)": 0.003666763738995845,
    "on-table(green-bottle,wood-table)": 0.1692438031313941,
    "on-table(green-bottle,black-table)": 0.17128181919906638,
    "on-table(green-bottle,white-table)": 0.0008807901928472953,
    "on-table(loaf-of-bread,wood-table)": 0.7281328818450371,
    "on-table(loaf-of-bread,black-table)": 0.17402543709855914,
    "on-table(loaf-of-bread,white-table)": 0.01678312386199347,
    "on-table(red-box-of-cereal,wood-table)": 0.22145816322881728,
    "on-table(red-box-of-cereal,black-table)": 0.20846366137023628,
    "on-table(red-box-of-cereal,white-table)": 0.7891635398070017,
    "on-table(red-can-of-soda,wood-table)": 0.16632775129013075,
    "on-table(red-can-of-soda,black-table)": 0.6241228108604749,
    "on-table(red-can-of-soda,white-table)": 0.506795721810704,
    "robot-gripper-empty()": 0.4226084432739299,
    "robot-gripping(milk-carton)": 0.40503714854518574,
    "robot-gripping(lemon)": 0.05748523449680457,
    "robot-gripping(green-bottle)": 0.7833374063484371,
    "robot-gripping(loaf-of-bread)": 0.08602009985285501,
    "robot-gripping(red-box-of-cereal)": 0.042759831402994074,
    "robot-gripping(red-can-of-soda)": 0.13699652023691064
}