{
    "on-table(milk-carton,wood-table)": 0.8501481935381889,
    "on-table(milk-carton,black-table)": 0.04993564443429932,
    "on-table(milk-carton,white-table)": 0.09476838878132791,
    "on-table(lemon,wood-table)": 0.19332841880774745,
    "on-table(lemon,black-table)": 0.13416851478844669,
    "on-table(lemon,white-table)": 0.023245214631363826,
    "on-table(green-bottle,wood-table)": 0.07198490529845003,
    "on-table(green-bottle,black-table)": 0.8288143595370153,
    "on-table(green-bottle,white-table)": 0.016519969630583848,
    "on-table(loaf-of-bread,wood-table)": 0.7374676801264286,
    "on-table(loaf-of-bread,black-table)": 0.01518943028834959,
    "on-table(loaf-of-bread,white-table)": 0.18072092887208177,
    "on-table(red-box-of-cereal,wood-table)": 0.8270457182079554,
    "on-table(red-box-of-cereal,black-table)": 0.1174669152912126,
    "on-table(red-box-of-cereal,white-table)": 0.007748132115163268,
    "on-table(red-can-of-soda,wood-table)": 0.8321574376896024,
    "on-table(red-can-of-soda,black-table)": 0.1681478690767714,
    "on-table(red-can-of-soda,white-table)": 0.012009987951084137,
    "robot-gripper-empty()": 0.8170089970032374,
    "robot-gripping(milk-carton)": 0.16085856035351753,
    "robot-gripping(lemon)": 0.06058111662666003,
    "robot-gripping(green-bottle)": 0.19470087873438993,
    "robot-gripping(loaf-of-bread)": 0.0672690471013387,
    "robot-gripping(red-box-of-cereal)": 0.12121657002717257,
    "robot-gripping(red-can-of-soda)": 0.4814589743812879
}