{
    "on-table(milk-carton,wood-table)": 0.14447502923818925,
    "on-table(milk-carton,black-table)": 0.42414742584029835,
    "on-table(milk-carton,white-table)": 0.4246622641758222,
    "on-table(lemon,wood-table)": 0.03529114107701995,
    "on-table(lemon,black-table)": 0.001450526079300592,
    "on-table(lemon,white-table)": 0.29535302620198917,
    "on-table(green-bottle,wood-table)": 0.19164643215481192,
    "on-table(green-bottle,black-table)": 0.18483520496010897,
    "on-table(green-bottle,white-table)": 0.013910971745644929,
    "on-table(loaf-of-bread,wood-table)": 0.17981571432513496,
    "on-table(loaf-of-bread,black-table)": 0.01481698319548741,
    "on-table(loaf-of-bread,white-table)": 0.2547900994153072,
    "on-table(red-box-of-cereal,wood-table)": 0.25764085236005485,
    "on-table(red-box-of-cereal,black-table)": 0.004783174980426945,
    "on-table(red-box-of-cereal,white-table)": 0.7597811439385017,
    "on-table(red-can-of-soda,wood-table)": 0.2863345396108343,
    "on-table(red-can-of-soda,black-table)": 0.007479420399780186,
    "on-table(red-can-of-soda,white-table)": 0.8812861442565918,
    "robot-gripper-empty()": 0.31261577426145476,
    "robot-gripping(milk-carton)": 0.23230660473927855,
    "robot-gripping(lemon)": 0.18129253085741462,
    "robot-gripping(green-bottle)": 0.829290215857327,
    "robot-gripping(loaf-of-bread)": 0.07966617960482836,
    "robot-gripping(red-box-of-cereal)": 0.03484400402157917,
    "robot-gripping(red-can-of-soda)": 0.06955483953546111
}