{
    "on-table(milk-carton,wood-table)": 0.17076184460893273,
    "on-table(milk-carton,black-table)": 0.02951077096319447,
    "on-table(milk-carton,white-table)": 0.6709529732664427,
    "on-table(lemon,wood-table)": 0.16293758727018334,
    "on-table(lemon,black-table)": 0.6683868243902301,
    "on-table(lemon,white-table)": 0.0034366071549053836,
    "on-table(green-bottle,wood-table)": 0.16608759624917488,
    "on-table(green-bottle,black-table)": 0.7161010784329847,
    "on-table(green-bottle,white-table)": 0.00373845809190243,
    "on-table(loaf-of-bread,wood-table)": 0.057397086115088314,
    "on-table(loaf-of-bread,black-table)": 0.010593178017491786,
    "on-table(loaf-of-bread,white-table)": 0.4236797501022617,
    "on-table(red-box-of-cereal,wood-table)": 0.4892070134325574,
    "on-table(red-box-of-cereal,black-table)": 0.01602656035417264,
    "on-table(red-box-of-cereal,white-table)": 0.8288703879419094,
    "on-table(red-can-of-soda,wood-table)": 0.9982023139794668,
    "on-table(red-can-of-soda,black-table)": 0.1647047895282109,
    "on-table(red-can-of-soda,white-table)": 0.16706849259996184,
    "robot-gripper-empty()": 0.8354874302943548,
    "robot-gripping(milk-carton)": 0.25284458696842194,
    "robot-gripping(lemon)": 0.11609851881318416,
    "robot-gripping(green-bottle)": 0.1773808603271997,
    "robot-gripping(loaf-of-bread)": 0.08752475306391716,
    "robot-gripping(red-box-of-cereal)": 0.04680327815003693,
    "robot-gripping(red-can-of-soda)": 0.13785290159285069
}