{
    "on-table(milk-carton,wood-table)": 0.3435122389346361,
    "on-table(milk-carton,black-table)": 0.678347128132979,
    "on-table(milk-carton,white-table)": 0.2367193573312155,
    "on-table(lemon,wood-table)": 0.008688731778723499,
    "on-table(lemon,black-table)": 0.3242724542506039,
    "on-table(lemon,white-table)": 0.1977797765575815,
    "on-table(green-bottle,wood-table)": 0.00592548572603846,
    "on-table(green-bottle,black-table)": 0.47149245750915725,
    "on-table(green-bottle,white-table)": 0.09256770024512662,
    "on-table(loaf-of-bread,wood-table)": 0.1114575587513779,
    "on-table(loaf-of-bread,black-table)": 0.013159040448348,
    "on-table(loaf-of-bread,white-table)": 0.5494870580732822,
    "on-table(red-box-of-cereal,wood-table)": 0.4356013915579145,
    "on-table(red-box-of-cereal,black-table)": 0.2713992274366319,
    "on-table(red-box-of-cereal,white-table)": 0.06974532354312639,
    "on-table(red-can-of-soda,wood-table)": 0.8687301104267439,
    "on-table(red-can-of-soda,black-table)": 0.17009506004111094,
    "on-table(red-can-of-soda,white-table)": 0.10788206668397986,
    "robot-gripper-empty()": 0.34634960411737364,
    "robot-gripping(milk-carton)": 0.4878308301170667,
    "robot-gripping(lemon)": 0.2641550808524092,
    "robot-gripping(green-bottle)": 0.25765818163442117,
    "robot-gripping(loaf-of-bread)": 0.25847983298202354,
    "robot-gripping(red-box-of-cereal)": 0.691153034567833,
    "robot-gripping(red-can-of-soda)": 0.5977626827855905
}