{
    "on-table(milk-carton,wood-table)": 0.8054632643858591,
    "on-table(milk-carton,black-table)": 0.21128752556736194,
    "on-table(milk-carton,white-table)": 0.4786382865422638,
    "on-table(lemon,wood-table)": 0.15915474246867234,
    "on-table(lemon,black-table)": 0.019459423532775116,
    "on-table(lemon,white-table)": 0.6785947444538275,
    "on-table(green-bottle,wood-table)": 0.17178057972341776,
    "on-table(green-bottle,black-table)": 0.005870273185034118,
    "on-table(green-bottle,white-table)": 0.9522547721862793,
    "on-table(loaf-of-bread,wood-table)": 0.20784497812079886,
    "on-table(loaf-of-bread,black-table)": 0.012202547625444518,
    "on-table(loaf-of-bread,white-table)": 0.5883722748452177,
    "on-table(red-box-of-cereal,wood-table)": 0.23609390416822862,
    "on-table(red-box-of-cereal,black-table)": 0.047803301817718115,
    "on-table(red-box-of-cereal,white-table)": 0.9966261585553488,
    "on-table(red-can-of-soda,wood-table)": 0.16940998746576952,
    "on-table(red-can-of-soda,black-table)": 0.008876194177598032,
    "on-table(red-can-of-soda,white-table)": 0.9936729868253072,
    "robot-gripper-empty()": 0.9150597254435221,
    "robot-gripping(milk-carton)": 0.20331759937107563,
    "robot-gripping(lemon)": 0.08936763733314972,
    "robot-gripping(green-bottle)": 0.05731916530445839,
    "robot-gripping(loaf-of-bread)": 0.11313660955056548,
    "robot-gripping(red-box-of-cereal)": 0.09858061706957717,
    "robot-gripping(red-can-of-soda)": 0.19906974382077655
}