{
    "on-table(milk-carton,wood-table)": 0.27929863578174263,
    "on-table(milk-carton,black-table)": 0.426799697180589,
    "on-table(milk-carton,white-table)": 0.23837182939678314,
    "on-table(lemon,wood-table)": 0.8400380102296671,
    "on-table(lemon,black-table)": 0.1813016353907718,
    "on-table(lemon,white-table)": 0.003526018421742568,
    "on-table(green-bottle,wood-table)": 0.33005278007719124,
    "on-table(green-bottle,black-table)": 0.9991159439086914,
    "on-table(green-bottle,white-table)": 0.04196381629155136,
    "on-table(loaf-of-bread,wood-table)": 0.563943985539178,
    "on-table(loaf-of-bread,black-table)": 0.1285215715324739,
    "on-table(loaf-of-bread,white-table)": 0.19231510814279318,
    "on-table(red-box-of-cereal,wood-table)": 0.1102356702904217,
    "on-table(red-box-of-cereal,black-table)": 0.014105054609293196,
    "on-table(red-box-of-cereal,white-table)": 0.9957003196080526,
    "on-table(red-can-of-soda,wood-table)": 0.29380653690895997,
    "on-table(red-can-of-soda,black-table)": 0.014605270266959755,
    "on-table(red-can-of-soda,white-table)": 0.8483588024973869,
    "robot-gripper-empty()": 0.8893673022588094,
    "robot-gripping(milk-carton)": 0.18335278456409773,
    "robot-gripping(lemon)": 0.05508821861197551,
    "robot-gripping(green-bottle)": 0.12936108993987241,
    "robot-gripping(loaf-of-bread)": 0.087906364351511,
    "robot-gripping(red-box-of-cereal)": 0.16863269358873367,
    "robot-gripping(red-can-of-soda)": 0.40231119096279144
}