{
    "on-table(milk-carton,wood-table)": 0.18772690712163845,
    "on-table(milk-carton,black-table)": 0.5147327035665512,
    "on-table(milk-carton,white-table)": 0.2833577574880716,
    "on-table(lemon,wood-table)": 0.062071944354102015,
    "on-table(lemon,black-table)": 0.023772204915682476,
    "on-table(lemon,white-table)": 0.1717015343795841,
    "on-table(green-bottle,wood-table)": 0.17029714623155692,
    "on-table(green-bottle,black-table)": 0.017814597811858828,
    "on-table(green-bottle,white-table)": 0.9861158827940623,
    "on-table(loaf-of-bread,wood-table)": 0.1533648006928464,
    "on-table(loaf-of-bread,black-table)": 0.05410789636274179,
    "on-table(loaf-of-bread,white-table)": 0.22371989911577353,
    "on-table(red-box-of-cereal,wood-table)": 0.06669348744132246,
    "on-table(red-box-of-cereal,black-table)": 0.002118045812191364,
    "on-table(red-box-of-cereal,white-table)": 0.5969440835372856,
    "on-table(red-can-of-soda,wood-table)": 0.17104736057808623,
    "on-table(red-can-of-soda,black-table)": 0.00815814261053068,
    "on-table(red-can-of-soda,white-table)": 0.720818167552352,
    "robot-gripper-empty()": 0.7113402932882309,
    "robot-gripping(milk-carton)": 0.5261479647209247,
    "robot-gripping(lemon)": 0.2550419134398301,
    "robot-gripping(green-bottle)": 0.045177217262486614,
    "robot-gripping(loaf-of-bread)": 0.2548215165734291,
    "robot-gripping(red-box-of-cereal)": 0.18714955123141408,
    "robot-gripping(red-can-of-soda)": 0.26896401681005955
}