{
    "on-table(milk-carton,wood-table)": 0.7637077427158753,
    "on-table(milk-carton,black-table)": 0.31772565524928115,
    "on-table(milk-carton,white-table)": 0.31856580541837803,
    "on-table(lemon,wood-table)": 0.9986668129762014,
    "on-table(lemon,black-table)": 0.3240723228113514,
    "on-table(lemon,white-table)": 0.01146567458484545,
    "on-table(green-bottle,wood-table)": 0.14186819468765557,
    "on-table(green-bottle,black-table)": 0.005074934007097909,
    "on-table(green-bottle,white-table)": 0.9660913646221161,
    "on-table(loaf-of-bread,wood-table)": 0.7633015339573225,
    "on-table(loaf-of-bread,black-table)": 0.19757453551574145,
    "on-table(loaf-of-bread,white-table)": 0.20029886338670622,
    "on-table(red-box-of-cereal,wood-table)": 0.1869144404772669,
    "on-table(red-box-of-cereal,black-table)": 0.18209389734935635,
    "on-table(red-box-of-cereal,white-table)": 0.6159479538910091,
    "on-table(red-can-of-soda,wood-table)": 0.16721597850846592,
    "on-table(red-can-of-soda,black-table)": 0.8298557858312657,
    "on-table(red-can-of-soda,white-table)": 0.18744208665596793,
    "robot-gripper-empty()": 0.9802341461181641,
    "robot-gripping(milk-carton)": 0.16254360446085533,
    "robot-gripping(lemon)": 0.06707650011715789,
    "robot-gripping(green-bottle)": 0.06779060578749825,
    "robot-gripping(loaf-of-bread)": 0.09066025912761688,
    "robot-gripping(red-box-of-cereal)": 0.05466309655457735,
    "robot-gripping(red-can-of-soda)": 0.11590548317568998
}