{
    "on-table(milk-carton,wood-table)": 0.18325105226055408,
    "on-table(milk-carton,black-table)": 0.21570946175900949,
    "on-table(milk-carton,white-table)": 0.727627158164978,
    "on-table(lemon,wood-table)": 0.17330747165154511,
    "on-table(lemon,black-table)": 0.8352668985414008,
    "on-table(lemon,white-table)": 0.0025426903804752024,
    "on-table(green-bottle,wood-table)": 0.17231419808619344,
    "on-table(green-bottle,black-table)": 0.17337626780499704,
    "on-table(green-bottle,white-table)": 0.00675415048741949,
    "on-table(loaf-of-bread,wood-table)": 0.20612910327812037,
    "on-table(loaf-of-bread,black-table)": 0.4018789273686707,
    "on-table(loaf-of-bread,white-table)": 0.03976476098857044,
    "on-table(red-box-of-cereal,wood-table)": 0.20180076189960042,
    "on-table(red-box-of-cereal,black-table)": 0.793781702251484,
    "on-table(red-box-of-cereal,white-table)": 0.19260283343222304,
    "on-table(red-can-of-soda,wood-table)": 0.02274922841024818,
    "on-table(red-can-of-soda,black-table)": 0.03246267108018704,
    "on-table(red-can-of-soda,white-table)": 0.8472760915756226,
    "robot-gripper-empty()": 0.44521407313489664,
    "robot-gripping(milk-carton)": 0.2697074487417315,
    "robot-gripping(lemon)": 0.13437252247240394,
    "robot-gripping(green-bottle)": 0.8032994257907072,
    "robot-gripping(loaf-of-bread)": 0.08513534860685468,
    "robot-gripping(red-box-of-cereal)": 0.15356687625171617,
    "robot-gripping(red-can-of-soda)": 0.13920867265066286
}