{
    "on-table(milk-carton,wood-table)": 0.36336582313136506,
    "on-table(milk-carton,black-table)": 0.6250203624367714,
    "on-table(milk-carton,white-table)": 0.15303350026564053,
    "on-table(lemon,wood-table)": 0.09479486273994553,
    "on-table(lemon,black-table)": 0.8785881151755651,
    "on-table(lemon,white-table)": 0.006699086518589563,
    "on-table(green-bottle,wood-table)": 0.8688763678073883,
    "on-table(green-bottle,black-table)": 0.33153905728871297,
    "on-table(green-bottle,white-table)": 0.0023670883653418664,
    "on-table(loaf-of-bread,wood-table)": 0.554724280644829,
    "on-table(loaf-of-bread,black-table)": 0.40574108886842924,
    "on-table(loaf-of-bread,white-table)": 0.1734610755496154,
    "on-table(red-box-of-cereal,wood-table)": 0.45081641886887763,
    "on-table(red-box-of-cereal,black-table)": 0.9951693216959635,
    "on-table(red-box-of-cereal,white-table)": 0.2307464076729957,
    "on-table(red-can-of-soda,wood-table)": 0.8258118876062023,
    "on-table(red-can-of-soda,black-table)": 0.4126906749549448,
    "on-table(red-can-of-soda,white-table)": 0.16411206099269293,
    "robot-gripper-empty()": 0.946514368057251,
    "robot-gripping(milk-carton)": 0.36511285106341046,
    "robot-gripping(lemon)": 0.06410926052679618,
    "robot-gripping(green-bottle)": 0.1323306642783185,
    "robot-gripping(loaf-of-bread)": 0.13096277850369611,
    "robot-gripping(red-box-of-cereal)": 0.05852666807671388,
    "robot-gripping(red-can-of-soda)": 0.1101553641880552
}