{
    "on-table(milk-carton,wood-table)": 0.6798040767510732,
    "on-table(milk-carton,black-table)": 0.055813755452012025,
    "on-table(milk-carton,white-table)": 0.26689122679332894,
    "on-table(lemon,wood-table)": 0.1701977362196582,
    "on-table(lemon,black-table)": 0.07043397761088954,
    "on-table(lemon,white-table)": 0.733261710498482,
    "on-table(green-bottle,wood-table)": 0.3292504316814302,
    "on-table(green-bottle,black-table)": 0.9924791157245636,
    "on-table(green-bottle,white-table)": 0.0016730355954071758,
    "on-table(loaf-of-bread,wood-table)": 0.455070368014276,
    "on-table(loaf-of-bread,black-table)": 0.008880701653348902,
    "on-table(loaf-of-bread,white-table)": 0.27591895358636975,
    "on-table(red-box-of-cereal,wood-table)": 0.9905243217945099,
    "on-table(red-box-of-cereal,black-table)": 0.1673493998162788,
    "on-table(red-box-of-cereal,white-table)": 0.16955248747187093,
    "on-table(red-can-of-soda,wood-table)": 0.46102611617728445,
    "on-table(red-can-of-soda,black-table)": 0.0013525145834591967,
    "on-table(red-can-of-soda,white-table)": 0.8347378942805032,
    "robot-gripper-empty()": 0.9816295703252157,
    "robot-gripping(milk-carton)": 0.2223364201684793,
    "robot-gripping(lemon)": 0.026813100596579414,
    "robot-gripping(green-bottle)": 0.06321130248640354,
    "robot-gripping(loaf-of-bread)": 0.06784940821429093,
    "robot-gripping(red-box-of-cereal)": 0.056398315743232764,
    "robot-gripping(red-can-of-soda)": 0.061051749624311924
}