{
    "on-table(milk-carton,wood-table)": 0.37239285302348435,
    "on-table(milk-carton,black-table)": 0.023159551338418776,
    "on-table(milk-carton,white-table)": 0.5916531790668765,
    "on-table(lemon,wood-table)": 0.18311074259205876,
    "on-table(lemon,black-table)": 0.002153042077225109,
    "on-table(lemon,white-table)": 0.8338698524360856,
    "on-table(green-bottle,wood-table)": 0.16929861108898572,
    "on-table(green-bottle,black-table)": 0.005386073289476674,
    "on-table(green-bottle,white-table)": 0.8807400614023209,
    "on-table(loaf-of-bread,wood-table)": 0.08198846616627027,
    "on-table(loaf-of-bread,black-table)": 0.00584802866433165,
    "on-table(loaf-of-bread,white-table)": 0.7359910383820534,
    "on-table(red-box-of-cereal,wood-table)": 0.021478769563448925,
    "on-table(red-box-of-cereal,black-table)": 0.01549236318714975,
    "on-table(red-box-of-cereal,white-table)": 0.5667827168169121,
    "on-table(red-can-of-soda,wood-table)": 0.8777827421824137,
    "on-table(red-can-of-soda,black-table)": 0.03893412123837455,
    "on-table(red-can-of-soda,white-table)": 0.6559611393192123,
    "robot-gripper-empty()": 0.9347733855247498,
    "robot-gripping(milk-carton)": 0.09587520609299342,
    "robot-gripping(lemon)": 0.03981827634076277,
    "robot-gripping(green-bottle)": 0.043721913321254156,
    "robot-gripping(loaf-of-bread)": 0.08293036216249068,
    "robot-gripping(red-box-of-cereal)": 0.0583663589010636,
    "robot-gripping(red-can-of-soda)": 0.19238166712845364
}