{
    "on-table(milk-carton,wood-table)": 0.6809820036093394,
    "on-table(milk-carton,black-table)": 0.24910940666147022,
    "on-table(milk-carton,white-table)": 0.22946541381679708,
    "on-table(lemon,wood-table)": 0.2845065165311098,
    "on-table(lemon,black-table)": 0.1492788815521635,
    "on-table(lemon,white-table)": 0.17222970339935273,
    "on-table(green-bottle,wood-table)": 0.9977579216162363,
    "on-table(green-bottle,black-table)": 0.333356658088898,
    "on-table(green-bottle,white-table)": 0.1253056782798012,
    "on-table(loaf-of-bread,wood-table)": 0.1310828027781099,
    "on-table(loaf-of-bread,black-table)": 0.2030962255472938,
    "on-table(loaf-of-bread,white-table)": 0.0576059278100729,
    "on-table(red-box-of-cereal,wood-table)": 0.19613725690093511,
    "on-table(red-box-of-cereal,black-table)": 0.3792758201792215,
    "on-table(red-box-of-cereal,white-table)": 0.14837442594580352,
    "on-table(red-can-of-soda,wood-table)": 0.12454444997759613,
    "on-table(red-can-of-soda,black-table)": 0.2632330906538603,
    "on-table(red-can-of-soda,white-table)": 0.03223391674691811,
    "robot-gripper-empty()": 0.6931923727194468,
    "robot-gripping(milk-carton)": 0.5476414759953817,
    "robot-gripping(lemon)": 0.3220661406715711,
    "robot-gripping(green-bottle)": 0.0793078150600195,
    "robot-gripping(loaf-of-bread)": 0.29272984092434245,
    "robot-gripping(red-box-of-cereal)": 0.22793514157334963,
    "robot-gripping(red-can-of-soda)": 0.3280601277947426
}