{
    "on-table(milk-carton,wood-table)": 0.20024885415720442,
    "on-table(milk-carton,black-table)": 0.6670454094807307,
    "on-table(milk-carton,white-table)": 0.02420696636545472,
    "on-table(lemon,wood-table)": 0.15406191593501717,
    "on-table(lemon,black-table)": 0.008239293082927665,
    "on-table(lemon,white-table)": 0.006929963332368061,
    "on-table(green-bottle,wood-table)": 0.170142077440687,
    "on-table(green-bottle,black-table)": 0.005304007538067405,
    "on-table(green-bottle,white-table)": 0.8369901540378729,
    "on-table(loaf-of-bread,wood-table)": 0.2107274679777523,
    "on-table(loaf-of-bread,black-table)": 0.14324338796238104,
    "on-table(loaf-of-bread,white-table)": 0.005879840629252915,
    "on-table(red-box-of-cereal,wood-table)": 0.12976389533529678,
    "on-table(red-box-of-cereal,black-table)": 0.6697225316117207,
    "on-table(red-box-of-cereal,white-table)": 0.033337029522954253,
    "on-table(red-can-of-soda,wood-table)": 0.02333670943820228,
    "on-table(red-can-of-soda,black-table)": 0.690043612383306,
    "on-table(red-can-of-soda,white-table)": 0.022425477035236934,
    "robot-gripper-empty()": 0.8608698844909668,
    "robot-gripping(milk-carton)": 0.16621277341619134,
    "robot-gripping(lemon)": 0.04368223249912262,
    "robot-gripping(green-bottle)": 0.008508452262807017,
    "robot-gripping(loaf-of-bread)": 0.10556526621803641,
    "robot-gripping(red-box-of-cereal)": 0.19684502862704298,
    "robot-gripping(red-can-of-soda)": 0.495096898637712
}