{
    "on-table(milk-carton,wood-table)": 0.6994832331935564,
    "on-table(milk-carton,black-table)": 0.4520854960161766,
    "on-table(milk-carton,white-table)": 0.27716944055706944,
    "on-table(lemon,wood-table)": 0.4049843951749305,
    "on-table(lemon,black-table)": 0.3416214586274388,
    "on-table(lemon,white-table)": 0.2834420883640026,
    "on-table(green-bottle,wood-table)": 0.8332532191028198,
    "on-table(green-bottle,black-table)": 0.16974095375996967,
    "on-table(green-bottle,white-table)": 0.008982425545127626,
    "on-table(loaf-of-bread,wood-table)": 0.19569519069045782,
    "on-table(loaf-of-bread,black-table)": 0.2552526816725731,
    "on-table(loaf-of-bread,white-table)": 0.1979386371288759,
    "on-table(red-box-of-cereal,wood-table)": 0.095305139014575,
    "on-table(red-box-of-cereal,black-table)": 0.720299957630535,
    "on-table(red-box-of-cereal,white-table)": 0.022672982508083805,
    "on-table(red-can-of-soda,wood-table)": 0.07817251928887951,
    "on-table(red-can-of-soda,black-table)": 0.7900546528398991,
    "on-table(red-can-of-soda,white-table)": 0.06614455771189871,
    "robot-gripper-empty()": 0.9252033730347952,
    "robot-gripping(milk-carton)": 0.13559181926151118,
    "robot-gripping(lemon)": 0.18775144964456558,
    "robot-gripping(green-bottle)": 0.11040830410396059,
    "robot-gripping(loaf-of-bread)": 0.13864114073415598,
    "robot-gripping(red-box-of-cereal)": 0.12704930000472814,
    "robot-gripping(red-can-of-soda)": 0.16510526680697998
}