{
    "on-table(milk-carton,wood-table)": 0.09295035828836262,
    "on-table(milk-carton,black-table)": 0.6937983731428782,
    "on-table(milk-carton,white-table)": 0.02299172684312604,
    "on-table(lemon,wood-table)": 0.8485199026763439,
    "on-table(lemon,black-table)": 0.09541421612637653,
    "on-table(lemon,white-table)": 0.008631951534653126,
    "on-table(green-bottle,wood-table)": 0.1699667649663752,
    "on-table(green-bottle,black-table)": 0.010050972477074538,
    "on-table(green-bottle,white-table)": 0.9680076837539673,
    "on-table(loaf-of-bread,wood-table)": 0.2835861053317785,
    "on-table(loaf-of-bread,black-table)": 0.30901250179158524,
    "on-table(loaf-of-bread,white-table)": 0.024601310510964442,
    "on-table(red-box-of-cereal,wood-table)": 0.13876420147668492,
    "on-table(red-box-of-cereal,black-table)": 0.49185002835777897,
    "on-table(red-box-of-cereal,white-table)": 0.014866811582275355,
    "on-table(red-can-of-soda,wood-table)": 0.018635346953184733,
    "on-table(red-can-of-soda,black-table)": 0.8323190795878569,
    "on-table(red-can-of-soda,white-table)": 0.008054460586360316,
    "robot-gripper-empty()": 0.6035125246271491,
    "robot-gripping(milk-carton)": 0.3277041018009186,
    "robot-gripping(lemon)": 0.08609767250406246,
    "robot-gripping(green-bottle)": 0.05334352026693523,
    "robot-gripping(loaf-of-bread)": 0.26770817550520104,
    "robot-gripping(red-box-of-cereal)": 0.3981905390198032,
    "robot-gripping(red-can-of-soda)": 0.6334128913780054
}