{
    "on-table(milk-carton,wood-table)": 0.3992647067643702,
    "on-table(milk-carton,black-table)": 0.6750125500063101,
    "on-table(milk-carton,white-table)": 0.0948529744928237,
    "on-table(lemon,wood-table)": 0.008511473854014184,
    "on-table(lemon,black-table)": 0.005186344673347776,
    "on-table(lemon,white-table)": 0.07158280084210371,
    "on-table(green-bottle,wood-table)": 0.001305743287957739,
    "on-table(green-bottle,black-table)": 0.039157015569799114,
    "on-table(green-bottle,white-table)": 0.28259782601647504,
    "on-table(loaf-of-bread,wood-table)": 0.4935714205106099,
    "on-table(loaf-of-bread,black-table)": 0.24562202921758094,
    "on-table(loaf-of-bread,white-table)": 0.17733229067622838,
    "on-table(red-box-of-cereal,wood-table)": 0.27556821193623665,
    "on-table(red-box-of-cereal,black-table)": 0.8167445858319601,
    "on-table(red-box-of-cereal,white-table)": 0.020995340043858352,
    "on-table(red-can-of-soda,wood-table)": 0.8852452288071314,
    "on-table(red-can-of-soda,black-table)": 0.366609607732092,
    "on-table(red-can-of-soda,white-table)": 0.019798044949008425,
    "robot-gripper-empty()": 0.7116068297376236,
    "robot-gripping(milk-carton)": 0.3244885827104251,
    "robot-gripping(lemon)": 0.0363827400530378,
    "robot-gripping(green-bottle)": 0.0692378348709705,
    "robot-gripping(loaf-of-bread)": 0.27578639006242156,
    "robot-gripping(red-box-of-cereal)": 0.218982636074846,
    "robot-gripping(red-can-of-soda)": 0.3524105818942189
}