{
    "on-table(milk-carton,wood-table)": 0.04054485185770318,
    "on-table(milk-carton,black-table)": 0.3297720995421211,
    "on-table(milk-carton,white-table)": 0.4268358180609842,
    "on-table(lemon,wood-table)": 0.21180790472620478,
    "on-table(lemon,black-table)": 0.19380407368104594,
    "on-table(lemon,white-table)": 0.20117226976435632,
    "on-table(green-bottle,wood-table)": 0.8302835494008226,
    "on-table(green-bottle,black-table)": 0.16754820294575742,
    "on-table(green-bottle,white-table)": 0.0036879442322970135,
    "on-table(loaf-of-bread,wood-table)": 0.02955546012769143,
    "on-table(loaf-of-bread,black-table)": 0.1547167711056924,
    "on-table(loaf-of-bread,white-table)": 0.2976631388689081,
    "on-table(red-box-of-cereal,wood-table)": 0.02016753158144032,
    "on-table(red-box-of-cereal,black-table)": 0.32954768522298156,
    "on-table(red-box-of-cereal,white-table)": 0.026538789508776972,
    "on-table(red-can-of-soda,wood-table)": 0.6760916990654854,
    "on-table(red-can-of-soda,black-table)": 0.3314766569740186,
    "on-table(red-can-of-soda,white-table)": 0.004062486528785787,
    "robot-gripper-empty()": 0.7996229281028112,
    "robot-gripping(milk-carton)": 0.3870491075019042,
    "robot-gripping(lemon)": 0.380156925568978,
    "robot-gripping(green-bottle)": 0.09594616379278402,
    "robot-gripping(loaf-of-bread)": 0.1409690675791353,
    "robot-gripping(red-box-of-cereal)": 0.09356075925946546,
    "robot-gripping(red-can-of-soda)": 0.230517766593645
}