{
    "on-table(milk-carton,wood-table)": 0.7315215021371841,
    "on-table(milk-carton,black-table)": 0.0898571752513817,
    "on-table(milk-carton,white-table)": 0.04984553950635018,
    "on-table(lemon,wood-table)": 0.839054045577844,
    "on-table(lemon,black-table)": 0.1681599469841141,
    "on-table(lemon,white-table)": 0.0024684518969024793,
    "on-table(green-bottle,wood-table)": 0.1618117333552315,
    "on-table(green-bottle,black-table)": 0.00250935341599264,
    "on-table(green-bottle,white-table)": 0.8834547201792399,
    "on-table(loaf-of-bread,wood-table)": 0.5112304628516237,
    "on-table(loaf-of-bread,black-table)": 0.0825533192025129,
    "on-table(loaf-of-bread,white-table)": 0.006315693361102603,
    "on-table(red-box-of-cereal,wood-table)": 0.6764632437067727,
    "on-table(red-box-of-cereal,black-table)": 0.007441830633827824,
    "on-table(red-box-of-cereal,white-table)": 0.008980448021551032,
    "on-table(red-can-of-soda,wood-table)": 0.8048649048432708,
    "on-table(red-can-of-soda,black-table)": 0.13823849506115948,
    "on-table(red-can-of-soda,white-table)": 0.5279774258257627,
    "robot-gripper-empty()": 0.9789542456467947,
    "robot-gripping(milk-carton)": 0.3494038302451372,
    "robot-gripping(lemon)": 0.07642758866616835,
    "robot-gripping(green-bottle)": 0.027860577683895826,
    "robot-gripping(loaf-of-bread)": 0.09293555623541276,
    "robot-gripping(red-box-of-cereal)": 0.07848840563868482,
    "robot-gripping(red-can-of-soda)": 0.12272678051764767
}