{
    "on-table(milk-carton,wood-table)": 0.47342678376783925,
    "on-table(milk-carton,black-table)": 0.040575754401894905,
    "on-table(milk-carton,white-table)": 0.603706159008046,
    "on-table(lemon,wood-table)": 0.36931844659678364,
    "on-table(lemon,black-table)": 0.15943729335837512,
    "on-table(lemon,white-table)": 0.3330687558094117,
    "on-table(green-bottle,wood-table)": 0.824752614988635,
    "on-table(green-bottle,black-table)": 0.16752411449556348,
    "on-table(green-bottle,white-table)": 0.003829945403822421,
    "on-table(loaf-of-bread,wood-table)": 0.3380121086568882,
    "on-table(loaf-of-bread,black-table)": 0.004764527208559836,
    "on-table(loaf-of-bread,white-table)": 0.2946832927021508,
    "on-table(red-box-of-cereal,wood-table)": 0.4958129155954036,
    "on-table(red-box-of-cereal,black-table)": 0.17126798555000278,
    "on-table(red-box-of-cereal,white-table)": 0.8236811809862653,
    "on-table(red-can-of-soda,wood-table)": 0.7078267832597097,
    "on-table(red-can-of-soda,black-table)": 0.015472678391840114,
    "on-table(red-can-of-soda,white-table)": 0.5527333399659256,
    "robot-gripper-empty()": 0.8656896352767944,
    "robot-gripping(milk-carton)": 0.2954045807321866,
    "robot-gripping(lemon)": 0.10642487648874521,
    "robot-gripping(green-bottle)": 0.16822940584582588,
    "robot-gripping(loaf-of-bread)": 0.10684054531157017,
    "robot-gripping(red-box-of-cereal)": 0.04788922510730723,
    "robot-gripping(red-can-of-soda)": 0.08773856268574794
}