{
    "on-table(milk-carton,wood-table)": 0.282665701493291,
    "on-table(milk-carton,black-table)": 0.7768456290165583,
    "on-table(milk-carton,white-table)": 0.30385963693879603,
    "on-table(lemon,wood-table)": 0.07851214578840882,
    "on-table(lemon,black-table)": 0.47664554735335213,
    "on-table(lemon,white-table)": 0.08469728272757493,
    "on-table(green-bottle,wood-table)": 0.016006523200000327,
    "on-table(green-bottle,black-table)": 0.022806871371964615,
    "on-table(green-bottle,white-table)": 0.012424081554248309,
    "on-table(loaf-of-bread,wood-table)": 0.5438585045437018,
    "on-table(loaf-of-bread,black-table)": 0.3333980995618428,
    "on-table(loaf-of-bread,white-table)": 0.2620997763394068,
    "on-table(red-box-of-cereal,wood-table)": 0.2789705683244392,
    "on-table(red-box-of-cereal,black-table)": 0.17104315960144353,
    "on-table(red-box-of-cereal,white-table)": 0.05735940600182706,
    "on-table(red-can-of-soda,wood-table)": 0.2276066494329522,
    "on-table(red-can-of-soda,black-table)": 0.15781929559064642,
    "on-table(red-can-of-soda,white-table)": 0.03877395447731639,
    "robot-gripper-empty()": 0.9157606661319733,
    "robot-gripping(milk-carton)": 0.11295545784135659,
    "robot-gripping(lemon)": 0.12572974028686681,
    "robot-gripping(green-bottle)": 0.024833799184610445,
    "robot-gripping(loaf-of-bread)": 0.11469377825657527,
    "robot-gripping(red-box-of-cereal)": 0.0993584160072108,
    "robot-gripping(red-can-of-soda)": 0.18507232936099172
}