{
    "on-table(milk-carton,wood-table)": 0.40023223487272236,
    "on-table(milk-carton,black-table)": 0.01269686831680398,
    "on-table(milk-carton,white-table)": 0.7367136888206005,
    "on-table(lemon,wood-table)": 0.1515082820163419,
    "on-table(lemon,black-table)": 0.8003473859280348,
    "on-table(lemon,white-table)": 0.06483422906012493,
    "on-table(green-bottle,wood-table)": 0.33067460564294987,
    "on-table(green-bottle,black-table)": 0.9991421500841776,
    "on-table(green-bottle,white-table)": 0.012233332043251721,
    "on-table(loaf-of-bread,wood-table)": 0.3408370576798916,
    "on-table(loaf-of-bread,black-table)": 0.14840756104482958,
    "on-table(loaf-of-bread,white-table)": 0.04631296210573055,
    "on-table(red-box-of-cereal,wood-table)": 0.7817043364048004,
    "on-table(red-box-of-cereal,black-table)": 0.012870441891815668,
    "on-table(red-box-of-cereal,white-table)": 0.3366886814744703,
    "on-table(red-can-of-soda,wood-table)": 0.4773981451653526,
    "on-table(red-can-of-soda,black-table)": 0.17659138985618483,
    "on-table(red-can-of-soda,white-table)": 0.6738565206081452,
    "robot-gripper-empty()": 0.9584210813045502,
    "robot-gripping(milk-carton)": 0.1577932758567234,
    "robot-gripping(lemon)": 0.049130161525681615,
    "robot-gripping(green-bottle)": 0.09859599235157172,
    "robot-gripping(loaf-of-bread)": 0.12661363494892916,
    "robot-gripping(red-box-of-cereal)": 0.1720570970016221,
    "robot-gripping(red-can-of-soda)": 0.17543336135956147
}