{
    "on-table(milk-carton,wood-table)": 0.19219838610539833,
    "on-table(milk-carton,black-table)": 0.05206441956882676,
    "on-table(milk-carton,white-table)": 0.12521197353877747,
    "on-table(lemon,wood-table)": 0.30960641351218027,
    "on-table(lemon,black-table)": 0.0009028773420141079,
    "on-table(lemon,white-table)": 0.9832670489947001,
    "on-table(green-bottle,wood-table)": 0.0007249880624537278,
    "on-table(green-bottle,black-table)": 0.0028479512053915337,
    "on-table(green-bottle,white-table)": 0.03915198796736755,
    "on-table(loaf-of-bread,wood-table)": 0.3797179707325995,
    "on-table(loaf-of-bread,black-table)": 0.14523728317969167,
    "on-table(loaf-of-bread,white-table)": 0.11306780055747367,
    "on-table(red-box-of-cereal,wood-table)": 0.01336352615908254,
    "on-table(red-box-of-cereal,black-table)": 0.020008080105374876,
    "on-table(red-box-of-cereal,white-table)": 0.006492436603972844,
    "on-table(red-can-of-soda,wood-table)": 0.012009286491471963,
    "on-table(red-can-of-soda,black-table)": 0.02126245319474644,
    "on-table(red-can-of-soda,white-table)": 0.0032151680449411892,
    "robot-gripper-empty()": 0.8836948424577713,
    "robot-gripping(milk-carton)": 0.16035260880986849,
    "robot-gripping(lemon)": 0.1621271038117508,
    "robot-gripping(green-bottle)": 0.02074276040851449,
    "robot-gripping(loaf-of-bread)": 0.10443669972786059,
    "robot-gripping(red-box-of-cereal)": 0.05256963719148189,
    "robot-gripping(red-can-of-soda)": 0.10207350637453298
}