{
    "on-table(milk-carton,wood-table)": 0.21087284071351556,
    "on-table(milk-carton,black-table)": 0.48744716953175765,
    "on-table(milk-carton,white-table)": 0.04161308168355996,
    "on-table(lemon,wood-table)": 0.22161815911143398,
    "on-table(lemon,black-table)": 0.0026664958204491995,
    "on-table(lemon,white-table)": 0.9938145677248637,
    "on-table(green-bottle,wood-table)": 0.17384952752036043,
    "on-table(green-bottle,black-table)": 0.0007473838072655781,
    "on-table(green-bottle,white-table)": 0.8346093019160131,
    "on-table(loaf-of-bread,wood-table)": 0.1705128086420397,
    "on-table(loaf-of-bread,black-table)": 0.006292401046569769,
    "on-table(loaf-of-bread,white-table)": 0.07127402731809222,
    "on-table(red-box-of-cereal,wood-table)": 0.34274256652376306,
    "on-table(red-box-of-cereal,black-table)": 0.3316919988362012,
    "on-table(red-box-of-cereal,white-table)": 0.07525320250715595,
    "on-table(red-can-of-soda,wood-table)": 0.9919786850611368,
    "on-table(red-can-of-soda,black-table)": 0.33211225367515834,
    "on-table(red-can-of-soda,white-table)": 0.036808186810352105,
    "robot-gripper-empty()": 0.9343828856945038,
    "robot-gripping(milk-carton)": 0.11706678476184607,
    "robot-gripping(lemon)": 0.07467646023724228,
    "robot-gripping(green-bottle)": 0.07738312970226009,
    "robot-gripping(loaf-of-bread)": 0.07740029824587207,
    "robot-gripping(red-box-of-cereal)": 0.020045322210838396,
    "robot-gripping(red-can-of-soda)": 0.18722670571878552
}