{
    "on-table(milk-carton,wood-table)": 0.5703598310550054,
    "on-table(milk-carton,black-table)": 0.46655601107825834,
    "on-table(milk-carton,white-table)": 0.18340710786287673,
    "on-table(lemon,wood-table)": 0.19812620995314015,
    "on-table(lemon,black-table)": 0.06629992134367058,
    "on-table(lemon,white-table)": 0.9954416950543722,
    "on-table(green-bottle,wood-table)": 0.2631103938826224,
    "on-table(green-bottle,black-table)": 0.7836306144793829,
    "on-table(green-bottle,white-table)": 0.0014430265546252485,
    "on-table(loaf-of-bread,wood-table)": 0.1919388717506081,
    "on-table(loaf-of-bread,black-table)": 0.19743576063774526,
    "on-table(loaf-of-bread,white-table)": 0.6043656359737118,
    "on-table(red-box-of-cereal,wood-table)": 0.17214208493048014,
    "on-table(red-box-of-cereal,black-table)": 0.8286787426720063,
    "on-table(red-box-of-cereal,white-table)": 0.013126597299560672,
    "on-table(red-can-of-soda,wood-table)": 0.3002516011377641,
    "on-table(red-can-of-soda,black-table)": 0.8402546395858129,
    "on-table(red-can-of-soda,white-table)": 0.02005589379587036,
    "robot-gripper-empty()": 0.9665328860282898,
    "robot-gripping(milk-carton)": 0.12245978539188702,
    "robot-gripping(lemon)": 0.06631029412771265,
    "robot-gripping(green-bottle)": 0.06463874406957378,
    "robot-gripping(loaf-of-bread)": 0.06448942601370315,
    "robot-gripping(red-box-of-cereal)": 0.039356624552359186,
    "robot-gripping(red-can-of-soda)": 0.06641851598396897
}