{
    "on-table(milk-carton,wood-table)": 0.14530449146210836,
    "on-table(milk-carton,black-table)": 0.16047417101678244,
    "on-table(milk-carton,white-table)": 0.8121587832768759,
    "on-table(lemon,wood-table)": 0.2645369888390026,
    "on-table(lemon,black-table)": 0.00043609825706880656,
    "on-table(lemon,white-table)": 0.8317575895149881,
    "on-table(green-bottle,wood-table)": 0.8334313584879661,
    "on-table(green-bottle,black-table)": 0.17173043262020352,
    "on-table(green-bottle,white-table)": 0.00613479545525782,
    "on-table(loaf-of-bread,wood-table)": 0.1777665638558877,
    "on-table(loaf-of-bread,black-table)": 0.5850497120603299,
    "on-table(loaf-of-bread,white-table)": 0.08756143593927845,
    "on-table(red-box-of-cereal,wood-table)": 0.2162818734893032,
    "on-table(red-box-of-cereal,black-table)": 0.7826913793881735,
    "on-table(red-box-of-cereal,white-table)": 0.1739457286093966,
    "on-table(red-can-of-soda,wood-table)": 0.08242734867720476,
    "on-table(red-can-of-soda,black-table)": 0.05749317725864481,
    "on-table(red-can-of-soda,white-table)": 0.835530282308658,
    "robot-gripper-empty()": 0.8303894648949305,
    "robot-gripping(milk-carton)": 0.16912814664343992,
    "robot-gripping(lemon)": 0.03542809134038786,
    "robot-gripping(green-bottle)": 0.17905922521216175,
    "robot-gripping(loaf-of-bread)": 0.15708981337957084,
    "robot-gripping(red-box-of-cereal)": 0.1820008130162023,
    "robot-gripping(red-can-of-soda)": 0.13691758590478761
}