{
    "on-table(milk-carton,wood-table)": 0.5202894136309624,
    "on-table(milk-carton,black-table)": 0.18508916592691094,
    "on-table(milk-carton,white-table)": 0.5558643379772548,
    "on-table(lemon,wood-table)": 0.15015292307604491,
    "on-table(lemon,black-table)": 0.000920358013634844,
    "on-table(lemon,white-table)": 0.9969879885514578,
    "on-table(green-bottle,wood-table)": 0.9993868172168732,
    "on-table(green-bottle,black-table)": 0.332432473135763,
    "on-table(green-bottle,white-table)": 0.06695927109802824,
    "on-table(loaf-of-bread,wood-table)": 0.33389983608503826,
    "on-table(loaf-of-bread,black-table)": 0.33927413863906014,
    "on-table(loaf-of-bread,white-table)": 0.38330000519636087,
    "on-table(red-box-of-cereal,wood-table)": 0.6748504520704349,
    "on-table(red-box-of-cereal,black-table)": 0.001606975727857692,
    "on-table(red-box-of-cereal,white-table)": 0.04845384925253408,
    "on-table(red-can-of-soda,wood-table)": 0.507032029350133,
    "on-table(red-can-of-soda,black-table)": 0.002182753449839462,
    "on-table(red-can-of-soda,white-table)": 0.6704854643903673,
    "robot-gripper-empty()": 0.9495015939076742,
    "robot-gripping(milk-carton)": 0.24579490659137568,
    "robot-gripping(lemon)": 0.08900910724575321,
    "robot-gripping(green-bottle)": 0.09671782469376922,
    "robot-gripping(loaf-of-bread)": 0.15728647114398578,
    "robot-gripping(red-box-of-cereal)": 0.16315190719130138,
    "robot-gripping(red-can-of-soda)": 0.21366702198671797
}