{
    "on-table(milk-carton,wood-table)": 0.3024134859442711,
    "on-table(milk-carton,black-table)": 0.08905711273352306,
    "on-table(milk-carton,white-table)": 0.27683795522898436,
    "on-table(lemon,wood-table)": 0.2696272109945615,
    "on-table(lemon,black-table)": 0.04645196158283701,
    "on-table(lemon,white-table)": 0.19550948155423006,
    "on-table(green-bottle,wood-table)": 0.47911085033168394,
    "on-table(green-bottle,black-table)": 0.15654955208689594,
    "on-table(green-bottle,white-table)": 0.2480624721501954,
    "on-table(loaf-of-bread,wood-table)": 0.4083060055660705,
    "on-table(loaf-of-bread,black-table)": 0.1240157235103349,
    "on-table(loaf-of-bread,white-table)": 0.2301041454387208,
    "on-table(red-box-of-cereal,wood-table)": 0.09329919627634808,
    "on-table(red-box-of-cereal,black-table)": 0.0445801048820916,
    "on-table(red-box-of-cereal,white-table)": 0.14504679954067493,
    "on-table(red-can-of-soda,wood-table)": 0.08556598407449201,
    "on-table(red-can-of-soda,black-table)": 0.1711153135402128,
    "on-table(red-can-of-soda,white-table)": 0.29813186929095536,
    "robot-gripper-empty()": 0.968392421801885,
    "robot-gripping(milk-carton)": 0.3542980303366979,
    "robot-gripping(lemon)": 0.1388215577850739,
    "robot-gripping(green-bottle)": 0.10451745769629876,
    "robot-gripping(loaf-of-bread)": 0.15159673802554607,
    "robot-gripping(red-box-of-cereal)": 0.04342167327801386,
    "robot-gripping(red-can-of-soda)": 0.0905115669593215
}