{
    "on-table(milk-carton,wood-table)": 0.8654508590698242,
    "on-table(milk-carton,black-table)": 0.1085740739144967,
    "on-table(milk-carton,white-table)": 0.19272430727445075,
    "on-table(lemon,wood-table)": 0.13187051459681243,
    "on-table(lemon,black-table)": 0.2549573415259753,
    "on-table(lemon,white-table)": 0.15390741029841593,
    "on-table(green-bottle,wood-table)": 0.004782052385659578,
    "on-table(green-bottle,black-table)": 0.8345052798589071,
    "on-table(green-bottle,white-table)": 0.07440701346483063,
    "on-table(loaf-of-bread,wood-table)": 0.6912327632308006,
    "on-table(loaf-of-bread,black-table)": 0.0067900956006875885,
    "on-table(loaf-of-bread,white-table)": 0.1758907803693243,
    "on-table(red-box-of-cereal,wood-table)": 0.8306979780706266,
    "on-table(red-box-of-cereal,black-table)": 0.16827703149647277,
    "on-table(red-box-of-cereal,white-table)": 0.00490238129403527,
    "on-table(red-can-of-soda,wood-table)": 0.5730842525760332,
    "on-table(red-can-of-soda,black-table)": 0.170646633309237,
    "on-table(red-can-of-soda,white-table)": 0.008646256904588276,
    "robot-gripper-empty()": 0.9026105403900146,
    "robot-gripping(milk-carton)": 0.16149357799440622,
    "robot-gripping(lemon)": 0.08663224553068478,
    "robot-gripping(green-bottle)": 0.17521589303699633,
    "robot-gripping(loaf-of-bread)": 0.11111238699716826,
    "robot-gripping(red-box-of-cereal)": 0.14736767415888608,
    "robot-gripping(red-can-of-soda)": 0.1733399557415396
}