{
    "on-table(milk-carton,wood-table)": 0.36236485304834787,
    "on-table(milk-carton,black-table)": 0.008733249127544696,
    "on-table(milk-carton,white-table)": 0.7882997654378414,
    "on-table(lemon,wood-table)": 0.05009089718805626,
    "on-table(lemon,black-table)": 0.2626468398763488,
    "on-table(lemon,white-table)": 0.15482802533855042,
    "on-table(green-bottle,wood-table)": 0.16632839829010967,
    "on-table(green-bottle,black-table)": 0.8325886929427119,
    "on-table(green-bottle,white-table)": 0.017963284670258872,
    "on-table(loaf-of-bread,wood-table)": 0.10070867820953329,
    "on-table(loaf-of-bread,black-table)": 0.003117264296937113,
    "on-table(loaf-of-bread,white-table)": 0.41422802675515413,
    "on-table(red-box-of-cereal,wood-table)": 0.5075176600366831,
    "on-table(red-box-of-cereal,black-table)": 0.009250934239086442,
    "on-table(red-box-of-cereal,white-table)": 0.738037056212003,
    "on-table(red-can-of-soda,wood-table)": 0.9989678462346395,
    "on-table(red-can-of-soda,black-table)": 0.1661477474650989,
    "on-table(red-can-of-soda,white-table)": 0.1669649074804814,
    "robot-gripper-empty()": 0.8139661128322283,
    "robot-gripping(milk-carton)": 0.1258325840656956,
    "robot-gripping(lemon)": 0.2729840846732259,
    "robot-gripping(green-bottle)": 0.18235067658436796,
    "robot-gripping(loaf-of-bread)": 0.10047210411479075,
    "robot-gripping(red-box-of-cereal)": 0.08549989028445755,
    "robot-gripping(red-can-of-soda)": 0.2026748921101292
}