{
    "on-table(milk-carton,wood-table)": 0.034296304918825626,
    "on-table(milk-carton,black-table)": 0.8271319687676927,
    "on-table(milk-carton,white-table)": 0.13302774961387817,
    "on-table(lemon,wood-table)": 0.18667344794569848,
    "on-table(lemon,black-table)": 0.17012755127143464,
    "on-table(lemon,white-table)": 0.6644876855231511,
    "on-table(green-bottle,wood-table)": 0.13356273702326385,
    "on-table(green-bottle,black-table)": 0.8335557854928387,
    "on-table(green-bottle,white-table)": 0.0008951604944892703,
    "on-table(loaf-of-bread,wood-table)": 0.20028334623202682,
    "on-table(loaf-of-bread,black-table)": 0.5539725728643438,
    "on-table(loaf-of-bread,white-table)": 0.01878072066756431,
    "on-table(red-box-of-cereal,wood-table)": 0.17567953466398953,
    "on-table(red-box-of-cereal,black-table)": 0.1942808860912919,
    "on-table(red-box-of-cereal,white-table)": 0.22134589574610194,
    "on-table(red-can-of-soda,wood-table)": 0.1850581287847793,
    "on-table(red-can-of-soda,black-table)": 0.003761513419703988,
    "on-table(red-can-of-soda,white-table)": 0.8494356982409954,
    "robot-gripper-empty()": 0.40942542569246143,
    "robot-gripping(milk-carton)": 0.48464189656078815,
    "robot-gripping(lemon)": 0.08014223786691825,
    "robot-gripping(green-bottle)": 0.1235041076821896,
    "robot-gripping(loaf-of-bread)": 0.2203690301006039,
    "robot-gripping(red-box-of-cereal)": 0.6542497004071871,
    "robot-gripping(red-can-of-soda)": 0.47445667271191877
}