{
    "on-table(milk-carton,wood-table)": 0.02713538022362627,
    "on-table(milk-carton,black-table)": 0.5589381304259101,
    "on-table(milk-carton,white-table)": 0.2937966150032783,
    "on-table(lemon,wood-table)": 0.8386044092476368,
    "on-table(lemon,black-table)": 0.17982593637126834,
    "on-table(lemon,white-table)": 0.010140392414541566,
    "on-table(green-bottle,wood-table)": 0.18712974751906586,
    "on-table(green-bottle,black-table)": 0.9741864502429962,
    "on-table(green-bottle,white-table)": 0.05679581595268246,
    "on-table(loaf-of-bread,wood-table)": 0.22712825677202395,
    "on-table(loaf-of-bread,black-table)": 0.11343865422531962,
    "on-table(loaf-of-bread,white-table)": 0.1920547429472208,
    "on-table(red-box-of-cereal,wood-table)": 0.1313536944168542,
    "on-table(red-box-of-cereal,black-table)": 0.0016054795026623954,
    "on-table(red-box-of-cereal,white-table)": 0.8349869476320843,
    "on-table(red-can-of-soda,wood-table)": 0.11580571949889418,
    "on-table(red-can-of-soda,black-table)": 0.009433980710734128,
    "on-table(red-can-of-soda,white-table)": 0.8862100740273794,
    "robot-gripper-empty()": 0.8316946427027384,
    "robot-gripping(milk-carton)": 0.09269529332717259,
    "robot-gripping(lemon)": 0.17849352125388881,
    "robot-gripping(green-bottle)": 0.09191474745360513,
    "robot-gripping(loaf-of-bread)": 0.13524850783869624,
    "robot-gripping(red-box-of-cereal)": 0.036855983547866344,
    "robot-gripping(red-can-of-soda)": 0.05938868162532648
}