{
    "on-table(milk-carton,wood-table)": 0.6929604148802658,
    "on-table(milk-carton,black-table)": 0.3836076077956629,
    "on-table(milk-carton,white-table)": 0.2233156019889672,
    "on-table(lemon,wood-table)": 0.16941494698403403,
    "on-table(lemon,black-table)": 0.06364979735856953,
    "on-table(lemon,white-table)": 0.9993162949879965,
    "on-table(green-bottle,wood-table)": 0.17029470062455707,
    "on-table(green-bottle,black-table)": 0.6772092470588783,
    "on-table(green-bottle,white-table)": 0.001845963882487922,
    "on-table(loaf-of-bread,wood-table)": 0.2559691700929155,
    "on-table(loaf-of-bread,black-table)": 0.0253965577139752,
    "on-table(loaf-of-bread,white-table)": 0.619970626818637,
    "on-table(red-box-of-cereal,wood-table)": 0.2168369280467838,
    "on-table(red-box-of-cereal,black-table)": 0.23517469006280103,
    "on-table(red-box-of-cereal,white-table)": 0.06103226013874519,
    "on-table(red-can-of-soda,wood-table)": 0.24245145770510135,
    "on-table(red-can-of-soda,black-table)": 0.8759939620892206,
    "on-table(red-can-of-soda,white-table)": 0.03071626493798855,
    "robot-gripper-empty()": 0.7326244636982059,
    "robot-gripping(milk-carton)": 0.5600124895572662,
    "robot-gripping(lemon)": 0.09470023928831021,
    "robot-gripping(green-bottle)": 0.052918821185206376,
    "robot-gripping(loaf-of-bread)": 0.23303478304296732,
    "robot-gripping(red-box-of-cereal)": 0.5187111279616753,
    "robot-gripping(red-can-of-soda)": 0.5433661080896854
}