{
    "on-table(milk-carton,wood-table)": 0.6823895423052212,
    "on-table(milk-carton,black-table)": 0.4549908830701194,
    "on-table(milk-carton,white-table)": 0.0069043590980678955,
    "on-table(lemon,wood-table)": 0.19362121097947238,
    "on-table(lemon,black-table)": 0.011425528264680906,
    "on-table(lemon,white-table)": 0.8452362020810446,
    "on-table(green-bottle,wood-table)": 0.12614008010617303,
    "on-table(green-bottle,black-table)": 0.3563568516547093,
    "on-table(green-bottle,white-table)": 0.05231425987221883,
    "on-table(loaf-of-bread,wood-table)": 0.16878338158130646,
    "on-table(loaf-of-bread,black-table)": 0.711493831127882,
    "on-table(loaf-of-bread,white-table)": 0.04273069077559436,
    "on-table(red-box-of-cereal,wood-table)": 0.4652720948215574,
    "on-table(red-box-of-cereal,black-table)": 0.9085281789302826,
    "on-table(red-box-of-cereal,white-table)": 0.003429006270986671,
    "on-table(red-can-of-soda,wood-table)": 0.9958094358444214,
    "on-table(red-can-of-soda,black-table)": 0.34121160479962026,
    "on-table(red-can-of-soda,white-table)": 0.0035414073947398115,
    "robot-gripper-empty()": 0.8851967255274454,
    "robot-gripping(milk-carton)": 0.16460484832835695,
    "robot-gripping(lemon)": 0.12484435609076172,
    "robot-gripping(green-bottle)": 0.1346885917785888,
    "robot-gripping(loaf-of-bread)": 0.08128159074112773,
    "robot-gripping(red-box-of-cereal)": 0.07915514909351866,
    "robot-gripping(red-can-of-soda)": 0.1962564728455618
}