{
    "on-table(milk-carton,wood-table)": 0.7308856720725695,
    "on-table(milk-carton,black-table)": 0.1671600298498864,
    "on-table(milk-carton,white-table)": 0.15605654619685083,
    "on-table(lemon,wood-table)": 0.052758094823123734,
    "on-table(lemon,black-table)": 0.6858559958636761,
    "on-table(lemon,white-table)": 0.023614432856750984,
    "on-table(green-bottle,wood-table)": 0.1693399035721086,
    "on-table(green-bottle,black-table)": 0.1688685788831208,
    "on-table(green-bottle,white-table)": 0.001371663546403094,
    "on-table(loaf-of-bread,wood-table)": 0.405544063464428,
    "on-table(loaf-of-bread,black-table)": 0.0447762679856775,
    "on-table(loaf-of-bread,white-table)": 0.18133296744296482,
    "on-table(red-box-of-cereal,wood-table)": 0.703850139194401,
    "on-table(red-box-of-cereal,black-table)": 0.28856549328096054,
    "on-table(red-box-of-cereal,white-table)": 0.12008750227505516,
    "on-table(red-can-of-soda,wood-table)": 0.9789047439893087,
    "on-table(red-can-of-soda,black-table)": 0.33235432432849166,
    "on-table(red-can-of-soda,white-table)": 0.03849556425529954,
    "robot-gripper-empty()": 0.29377164505422115,
    "robot-gripping(milk-carton)": 0.22669498063623905,
    "robot-gripping(lemon)": 0.23735297983512282,
    "robot-gripping(green-bottle)": 0.8240471264968315,
    "robot-gripping(loaf-of-bread)": 0.13125073723495007,
    "robot-gripping(red-box-of-cereal)": 0.026971549513594557,
    "robot-gripping(red-can-of-soda)": 0.06595730053959414
}