{
    "on-table(milk-carton,wood-table)": 0.3301911268693705,
    "on-table(milk-carton,black-table)": 0.8712673038244247,
    "on-table(milk-carton,white-table)": 0.06402109802972215,
    "on-table(lemon,wood-table)": 0.22074506263015792,
    "on-table(lemon,black-table)": 0.007297548104816087,
    "on-table(lemon,white-table)": 0.8515976493557295,
    "on-table(green-bottle,wood-table)": 0.17652244689331079,
    "on-table(green-bottle,black-table)": 0.17746113872514493,
    "on-table(green-bottle,white-table)": 0.0052694790007687215,
    "on-table(loaf-of-bread,wood-table)": 0.29588259290903807,
    "on-table(loaf-of-bread,black-table)": 0.1421806264358262,
    "on-table(loaf-of-bread,white-table)": 0.47462982203190524,
    "on-table(red-box-of-cereal,wood-table)": 0.36269011806386214,
    "on-table(red-box-of-cereal,black-table)": 0.9741484026114146,
    "on-table(red-box-of-cereal,white-table)": 0.03501375083124003,
    "on-table(red-can-of-soda,wood-table)": 0.33127486635930836,
    "on-table(red-can-of-soda,black-table)": 0.9961990118026733,
    "on-table(red-can-of-soda,white-table)": 0.004882403637566313,
    "robot-gripper-empty()": 0.5422763285459951,
    "robot-gripping(milk-carton)": 0.2089485783750812,
    "robot-gripping(lemon)": 0.07686032184089224,
    "robot-gripping(green-bottle)": 0.684694672934711,
    "robot-gripping(loaf-of-bread)": 0.06774746913773318,
    "robot-gripping(red-box-of-cereal)": 0.04172225533208499,
    "robot-gripping(red-can-of-soda)": 0.076479084440507
}