{
    "on-table(milk-carton,wood-table)": 0.8918147285779318,
    "on-table(milk-carton,black-table)": 0.3486270191788208,
    "on-table(milk-carton,white-table)": 0.017412366694770753,
    "on-table(lemon,wood-table)": 0.03344085098554691,
    "on-table(lemon,black-table)": 0.321591359199374,
    "on-table(lemon,white-table)": 0.30890261525443446,
    "on-table(green-bottle,wood-table)": 0.1820540038049027,
    "on-table(green-bottle,black-table)": 0.005669299537544248,
    "on-table(green-bottle,white-table)": 0.7285358975059353,
    "on-table(loaf-of-bread,wood-table)": 0.3217969660957654,
    "on-table(loaf-of-bread,black-table)": 0.34019990793118876,
    "on-table(loaf-of-bread,white-table)": 0.008138115248584654,
    "on-table(red-box-of-cereal,wood-table)": 0.9971246818701426,
    "on-table(red-box-of-cereal,black-table)": 0.3356000227892461,
    "on-table(red-box-of-cereal,white-table)": 0.010074880257585997,
    "on-table(red-can-of-soda,wood-table)": 0.34901855832868023,
    "on-table(red-can-of-soda,black-table)": 0.9114837646484375,
    "on-table(red-can-of-soda,white-table)": 0.00282861720385578,
    "robot-gripper-empty()": 0.968702365954717,
    "robot-gripping(milk-carton)": 0.15386573101083437,
    "robot-gripping(lemon)": 0.16003579033228257,
    "robot-gripping(green-bottle)": 0.011336790979839861,
    "robot-gripping(loaf-of-bread)": 0.08462848312531908,
    "robot-gripping(red-box-of-cereal)": 0.030197257020821173,
    "robot-gripping(red-can-of-soda)": 0.11082744458690286
}