{
    "on-table(milk-carton,wood-table)": 0.11273163902418067,
    "on-table(milk-carton,black-table)": 0.3219207855096708,
    "on-table(milk-carton,white-table)": 0.1282099664567795,
    "on-table(lemon,wood-table)": 0.1849361433608768,
    "on-table(lemon,black-table)": 0.7992969769208381,
    "on-table(lemon,white-table)": 0.007865137133497532,
    "on-table(green-bottle,wood-table)": 0.17669290514701666,
    "on-table(green-bottle,black-table)": 0.175771525793607,
    "on-table(green-bottle,white-table)": 0.009666014902298533,
    "on-table(loaf-of-bread,wood-table)": 0.17564526627150676,
    "on-table(loaf-of-bread,black-table)": 0.0031727486105713374,
    "on-table(loaf-of-bread,white-table)": 0.0730659544011966,
    "on-table(red-box-of-cereal,wood-table)": 0.03148873815856253,
    "on-table(red-box-of-cereal,black-table)": 0.011354844258069837,
    "on-table(red-box-of-cereal,white-table)": 0.3564526265327004,
    "on-table(red-can-of-soda,wood-table)": 0.21988429742365648,
    "on-table(red-can-of-soda,black-table)": 0.01820908769498904,
    "on-table(red-can-of-soda,white-table)": 0.9355321228504181,
    "robot-gripper-empty()": 0.30387262084210914,
    "robot-gripping(milk-carton)": 0.2342544050576786,
    "robot-gripping(lemon)": 0.21631030491941297,
    "robot-gripping(green-bottle)": 0.8206196168127159,
    "robot-gripping(loaf-of-bread)": 0.05337256405618973,
    "robot-gripping(red-box-of-cereal)": 0.01918990623137991,
    "robot-gripping(red-can-of-soda)": 0.03416676091728732
}