{
    "on-table(milk-carton,wood-table)": 0.7442971393465996,
    "on-table(milk-carton,black-table)": 0.420293366604407,
    "on-table(milk-carton,white-table)": 0.19618055555717243,
    "on-table(lemon,wood-table)": 0.8826284756263097,
    "on-table(lemon,black-table)": 0.22876813636685256,
    "on-table(lemon,white-table)": 0.11026611959611425,
    "on-table(green-bottle,wood-table)": 0.06223612629279766,
    "on-table(green-bottle,black-table)": 0.7104496030757824,
    "on-table(green-bottle,white-table)": 0.012226009455541012,
    "on-table(loaf-of-bread,wood-table)": 0.32114347629249096,
    "on-table(loaf-of-bread,black-table)": 0.36254262272268534,
    "on-table(loaf-of-bread,white-table)": 0.21169297081845193,
    "on-table(red-box-of-cereal,wood-table)": 0.2039484946290031,
    "on-table(red-box-of-cereal,black-table)": 0.8214775746067365,
    "on-table(red-box-of-cereal,white-table)": 0.15054732583424388,
    "on-table(red-can-of-soda,wood-table)": 0.2720408039022004,
    "on-table(red-can-of-soda,black-table)": 0.7862378358840942,
    "on-table(red-can-of-soda,white-table)": 0.18117777786392253,
    "robot-gripper-empty()": 0.7716247166196505,
    "robot-gripping(milk-carton)": 0.44490713626146317,
    "robot-gripping(lemon)": 0.22543830859164396,
    "robot-gripping(green-bottle)": 0.10813203547149897,
    "robot-gripping(loaf-of-bread)": 0.24555007119973501,
    "robot-gripping(red-box-of-cereal)": 0.12666851840913296,
    "robot-gripping(red-can-of-soda)": 0.2665114030241966
}