{
    "on-table(milk-carton,wood-table)": 0.13469361583702266,
    "on-table(milk-carton,black-table)": 0.02716637049646427,
    "on-table(milk-carton,white-table)": 0.5673639737069607,
    "on-table(lemon,wood-table)": 0.8225703827726344,
    "on-table(lemon,black-table)": 0.16760498155762585,
    "on-table(lemon,white-table)": 0.0018296819286357884,
    "on-table(green-bottle,wood-table)": 0.8332451599999331,
    "on-table(green-bottle,black-table)": 0.16939214130506267,
    "on-table(green-bottle,white-table)": 0.0023692473911296474,
    "on-table(loaf-of-bread,wood-table)": 0.15110231470316648,
    "on-table(loaf-of-bread,black-table)": 0.011889530913322233,
    "on-table(loaf-of-bread,white-table)": 0.027635191443550866,
    "on-table(red-box-of-cereal,wood-table)": 0.1944585127348546,
    "on-table(red-box-of-cereal,black-table)": 0.004589755049285789,
    "on-table(red-box-of-cereal,white-table)": 0.8254685252904892,
    "on-table(red-can-of-soda,wood-table)": 0.167651350981032,
    "on-table(red-can-of-soda,black-table)": 0.0045999827733188186,
    "on-table(red-can-of-soda,white-table)": 0.9901116589705149,
    "robot-gripper-empty()": 0.957925816377004,
    "robot-gripping(milk-carton)": 0.26597344564894837,
    "robot-gripping(lemon)": 0.047443442745134234,
    "robot-gripping(green-bottle)": 0.17013687966391444,
    "robot-gripping(loaf-of-bread)": 0.08524217270314693,
    "robot-gripping(red-box-of-cereal)": 0.03466493861439327,
    "robot-gripping(red-can-of-soda)": 0.08188479098801811
}