{
    "on-table(milk-carton,wood-table)": 0.18600575097176866,
    "on-table(milk-carton,black-table)": 0.005974382679899766,
    "on-table(milk-carton,white-table)": 0.8418308695157369,
    "on-table(lemon,wood-table)": 0.8379654145489136,
    "on-table(lemon,black-table)": 0.1585107854416492,
    "on-table(lemon,white-table)": 0.015493844430541989,
    "on-table(green-bottle,wood-table)": 0.170235293674826,
    "on-table(green-bottle,black-table)": 0.17252109351617642,
    "on-table(green-bottle,white-table)": 0.002293328893453387,
    "on-table(loaf-of-bread,wood-table)": 0.7690529519071182,
    "on-table(loaf-of-bread,black-table)": 0.09435949808024209,
    "on-table(loaf-of-bread,white-table)": 0.09319131719833725,
    "on-table(red-box-of-cereal,wood-table)": 0.8434653530518214,
    "on-table(red-box-of-cereal,black-table)": 0.2068557078988912,
    "on-table(red-box-of-cereal,white-table)": 0.004867823842384193,
    "on-table(red-can-of-soda,wood-table)": 0.7860787250101566,
    "on-table(red-can-of-soda,black-table)": 0.28556284089184675,
    "on-table(red-can-of-soda,white-table)": 0.057630833719182796,
    "robot-gripper-empty()": 0.2968094447860494,
    "robot-gripping(milk-carton)": 0.10360347107052803,
    "robot-gripping(lemon)": 0.25920267884309095,
    "robot-gripping(green-bottle)": 0.8070793108393749,
    "robot-gripping(loaf-of-bread)": 0.08663724141661078,
    "robot-gripping(red-box-of-cereal)": 0.09304261738240409,
    "robot-gripping(red-can-of-soda)": 0.3555444340066363
}