{
    "on-table(milk-carton,wood-table)": 0.9401811361312866,
    "on-table(milk-carton,black-table)": 0.38543228288472164,
    "on-table(milk-carton,white-table)": 0.014141269148240099,
    "on-table(lemon,wood-table)": 0.1731849499871411,
    "on-table(lemon,black-table)": 0.005870394478127612,
    "on-table(lemon,white-table)": 0.8531718427936236,
    "on-table(green-bottle,wood-table)": 0.17049927968279613,
    "on-table(green-bottle,black-table)": 0.002980383205340331,
    "on-table(green-bottle,white-table)": 0.6690845416354326,
    "on-table(loaf-of-bread,wood-table)": 0.4286242251594861,
    "on-table(loaf-of-bread,black-table)": 0.33291064978887636,
    "on-table(loaf-of-bread,white-table)": 0.07113273063441738,
    "on-table(red-box-of-cereal,wood-table)": 0.9964059789975485,
    "on-table(red-box-of-cereal,black-table)": 0.33437220118382055,
    "on-table(red-box-of-cereal,white-table)": 0.017105591991518548,
    "on-table(red-can-of-soda,wood-table)": 0.3385359469951557,
    "on-table(red-can-of-soda,black-table)": 0.9733073711395264,
    "on-table(red-can-of-soda,white-table)": 0.003320213294197553,
    "robot-gripper-empty()": 0.9546695053577423,
    "robot-gripping(milk-carton)": 0.164271781531473,
    "robot-gripping(lemon)": 0.08345174696296453,
    "robot-gripping(green-bottle)": 0.01925963842465232,
    "robot-gripping(loaf-of-bread)": 0.0900865007036676,
    "robot-gripping(red-box-of-cereal)": 0.07783089155176033,
    "robot-gripping(red-can-of-soda)": 0.16170392713199058
}