{
    "on-table(milk-carton,wood-table)": 0.6558016864582896,
    "on-table(milk-carton,black-table)": 0.3319110524280404,
    "on-table(milk-carton,white-table)": 0.15378888473424013,
    "on-table(lemon,wood-table)": 0.33970350716481335,
    "on-table(lemon,black-table)": 0.00024242320538784648,
    "on-table(lemon,white-table)": 0.8335871203259254,
    "on-table(green-bottle,wood-table)": 0.8331091847115507,
    "on-table(green-bottle,black-table)": 0.16931160883890092,
    "on-table(green-bottle,white-table)": 0.001033047852160962,
    "on-table(loaf-of-bread,wood-table)": 0.04898590963178625,
    "on-table(loaf-of-bread,black-table)": 0.021049480317742564,
    "on-table(loaf-of-bread,white-table)": 0.16864924874001494,
    "on-table(red-box-of-cereal,wood-table)": 0.16668467350730984,
    "on-table(red-box-of-cereal,black-table)": 0.676268659842511,
    "on-table(red-box-of-cereal,white-table)": 0.011389666626200778,
    "on-table(red-can-of-soda,wood-table)": 0.1601788618475742,
    "on-table(red-can-of-soda,black-table)": 0.819761247994999,
    "on-table(red-can-of-soda,white-table)": 0.007748334528211369,
    "robot-gripper-empty()": 0.9090106735626856,
    "robot-gripping(milk-carton)": 0.1537601991246144,
    "robot-gripping(lemon)": 0.08581227871278922,
    "robot-gripping(green-bottle)": 0.16191836079815403,
    "robot-gripping(loaf-of-bread)": 0.08407968639706571,
    "robot-gripping(red-box-of-cereal)": 0.06112938052198539,
    "robot-gripping(red-can-of-soda)": 0.12160862933766718
}