{
    "on-table(milk-carton,wood-table)": 0.6563404860595862,
    "on-table(milk-carton,black-table)": 0.009270932564201454,
    "on-table(milk-carton,white-table)": 0.5183325493708253,
    "on-table(lemon,wood-table)": 0.012722236732467232,
    "on-table(lemon,black-table)": 0.001897693258797517,
    "on-table(lemon,white-table)": 0.21766986332659144,
    "on-table(green-bottle,wood-table)": 0.835287845848749,
    "on-table(green-bottle,black-table)": 0.1698445125945606,
    "on-table(green-bottle,white-table)": 0.00391343572370791,
    "on-table(loaf-of-bread,wood-table)": 0.5965903233736753,
    "on-table(loaf-of-bread,black-table)": 0.06154544353557867,
    "on-table(loaf-of-bread,white-table)": 0.2053349728715451,
    "on-table(red-box-of-cereal,wood-table)": 0.9950799743334452,
    "on-table(red-box-of-cereal,black-table)": 0.30206702153858106,
    "on-table(red-box-of-cereal,white-table)": 0.17046026423910612,
    "on-table(red-can-of-soda,wood-table)": 0.9953776995340983,
    "on-table(red-can-of-soda,black-table)": 0.29363156412667496,
    "on-table(red-can-of-soda,white-table)": 0.1622806760365544,
    "robot-gripper-empty()": 0.852592870593071,
    "robot-gripping(milk-carton)": 0.2046879641711712,
    "robot-gripping(lemon)": 0.05420999811030924,
    "robot-gripping(green-bottle)": 0.18226225910863528,
    "robot-gripping(loaf-of-bread)": 0.16506296892960867,
    "robot-gripping(red-box-of-cereal)": 0.11360272346064448,
    "robot-gripping(red-can-of-soda)": 0.16543182202925286
}