{
    "on-table(milk-carton,wood-table)": 0.33195598997796577,
    "on-table(milk-carton,black-table)": 0.034695909407067425,
    "on-table(milk-carton,white-table)": 0.15514464748169607,
    "on-table(lemon,wood-table)": 0.15317003359329343,
    "on-table(lemon,black-table)": 0.836937576221923,
    "on-table(lemon,white-table)": 0.0031902843572121733,
    "on-table(green-bottle,wood-table)": 0.16731991523799175,
    "on-table(green-bottle,black-table)": 0.0011100375319680704,
    "on-table(green-bottle,white-table)": 0.8347172698316475,
    "on-table(loaf-of-bread,wood-table)": 0.10103633069472077,
    "on-table(loaf-of-bread,black-table)": 0.002463021823738624,
    "on-table(loaf-of-bread,white-table)": 0.07534222601437553,
    "on-table(red-box-of-cereal,wood-table)": 0.01934813261565675,
    "on-table(red-box-of-cereal,black-table)": 0.02361609639077263,
    "on-table(red-box-of-cereal,white-table)": 0.19257740360444586,
    "on-table(red-can-of-soda,wood-table)": 0.045540702228511996,
    "on-table(red-can-of-soda,black-table)": 0.03936371691330957,
    "on-table(red-can-of-soda,white-table)": 0.1717480828422898,
    "robot-gripper-empty()": 0.9325859149297079,
    "robot-gripping(milk-carton)": 0.10757675829033057,
    "robot-gripping(lemon)": 0.15766803671916327,
    "robot-gripping(green-bottle)": 0.010688171411554018,
    "robot-gripping(loaf-of-bread)": 0.0429510772228241,
    "robot-gripping(red-box-of-cereal)": 0.03714516921900213,
    "robot-gripping(red-can-of-soda)": 0.411678205554684
}