{
    "on-table(milk-carton,wood-table)": 0.22468534181825817,
    "on-table(milk-carton,black-table)": 0.013569447427774625,
    "on-table(milk-carton,white-table)": 0.8441147357225418,
    "on-table(lemon,wood-table)": 0.9949540992577871,
    "on-table(lemon,black-table)": 0.3307990573148345,
    "on-table(lemon,white-table)": 0.004143377137249142,
    "on-table(green-bottle,wood-table)": 0.8371213174735507,
    "on-table(green-bottle,black-table)": 0.3334892350782563,
    "on-table(green-bottle,white-table)": 0.004253963578473001,
    "on-table(loaf-of-bread,wood-table)": 0.6850727330893278,
    "on-table(loaf-of-bread,black-table)": 0.1399274155968063,
    "on-table(loaf-of-bread,white-table)": 0.04253561553559848,
    "on-table(red-box-of-cereal,wood-table)": 0.04922892526762249,
    "on-table(red-box-of-cereal,black-table)": 0.011776897446907242,
    "on-table(red-box-of-cereal,white-table)": 0.08080235149221456,
    "on-table(red-can-of-soda,wood-table)": 0.021289279053841408,
    "on-table(red-can-of-soda,black-table)": 0.01607135826270678,
    "on-table(red-can-of-soda,white-table)": 0.035887488720012094,
    "robot-gripper-empty()": 0.9085753560066223,
    "robot-gripping(milk-carton)": 0.07565469962234299,
    "robot-gripping(lemon)": 0.09647518303245306,
    "robot-gripping(green-bottle)": 0.05067219755922755,
    "robot-gripping(loaf-of-bread)": 0.10759573585043351,
    "robot-gripping(red-box-of-cereal)": 0.01573331863619387,
    "robot-gripping(red-can-of-soda)": 0.030647120360905927
}