{
    "on-table(milk-carton,wood-table)": 0.23035829328000546,
    "on-table(milk-carton,black-table)": 0.7316333502531052,
    "on-table(milk-carton,white-table)": 0.1964670290860037,
    "on-table(lemon,wood-table)": 0.045447171510507665,
    "on-table(lemon,black-table)": 0.20362823195318924,
    "on-table(lemon,white-table)": 0.04429672133604375,
    "on-table(green-bottle,wood-table)": 0.10326107641109654,
    "on-table(green-bottle,black-table)": 0.005236221845999959,
    "on-table(green-bottle,white-table)": 0.8364453371614218,
    "on-table(loaf-of-bread,wood-table)": 0.326761269941926,
    "on-table(loaf-of-bread,black-table)": 0.5858013158043226,
    "on-table(loaf-of-bread,white-table)": 0.0643912623321133,
    "on-table(red-box-of-cereal,wood-table)": 0.14061361562926322,
    "on-table(red-box-of-cereal,black-table)": 0.06115100829871759,
    "on-table(red-box-of-cereal,white-table)": 0.638340497816292,
    "on-table(red-can-of-soda,wood-table)": 0.24194662122075292,
    "on-table(red-can-of-soda,black-table)": 0.06777762100182372,
    "on-table(red-can-of-soda,white-table)": 0.9981881976127625,
    "robot-gripper-empty()": 0.945921907822291,
    "robot-gripping(milk-carton)": 0.11903497173140447,
    "robot-gripping(lemon)": 0.040996583023418985,
    "robot-gripping(green-bottle)": 0.044831205043010414,
    "robot-gripping(loaf-of-bread)": 0.07584795324752729,
    "robot-gripping(red-box-of-cereal)": 0.13231796755765876,
    "robot-gripping(red-can-of-soda)": 0.18882933243488273
}