{
    "on-table(milk-carton,wood-table)": 0.3617042442492675,
    "on-table(milk-carton,black-table)": 0.33139456406934187,
    "on-table(milk-carton,white-table)": 0.22202681467751972,
    "on-table(lemon,wood-table)": 0.8549645692110062,
    "on-table(lemon,black-table)": 0.16929732136878783,
    "on-table(lemon,white-table)": 0.09128300201530237,
    "on-table(green-bottle,wood-table)": 0.8336234935559332,
    "on-table(green-bottle,black-table)": 0.16713061335294319,
    "on-table(green-bottle,white-table)": 0.0010028556191154319,
    "on-table(loaf-of-bread,wood-table)": 0.44200114409128827,
    "on-table(loaf-of-bread,black-table)": 0.03962381056044251,
    "on-table(loaf-of-bread,white-table)": 0.36413935432210565,
    "on-table(red-box-of-cereal,wood-table)": 0.06591854486517452,
    "on-table(red-box-of-cereal,black-table)": 0.4108283198438585,
    "on-table(red-box-of-cereal,white-table)": 0.018163170927437022,
    "on-table(red-can-of-soda,wood-table)": 0.02892450387662393,
    "on-table(red-can-of-soda,black-table)": 0.8330863124380509,
    "on-table(red-can-of-soda,white-table)": 0.009333064179675906,
    "robot-gripper-empty()": 0.6647653268106902,
    "robot-gripping(milk-carton)": 0.5910222431023916,
    "robot-gripping(lemon)": 0.08331442476871113,
    "robot-gripping(green-bottle)": 0.049229161988478154,
    "robot-gripping(loaf-of-bread)": 0.18590866091350713,
    "robot-gripping(red-box-of-cereal)": 0.5366287051389614,
    "robot-gripping(red-can-of-soda)": 0.5742021004358927
}