{
    "on-table(milk-carton,wood-table)": 0.21140499273315072,
    "on-table(milk-carton,black-table)": 0.28317893187825877,
    "on-table(milk-carton,white-table)": 0.5348958844939867,
    "on-table(lemon,wood-table)": 0.21023362196501694,
    "on-table(lemon,black-table)": 0.14908301287368886,
    "on-table(lemon,white-table)": 0.6676716302366307,
    "on-table(green-bottle,wood-table)": 0.8339973616724213,
    "on-table(green-bottle,black-table)": 0.18634403421354287,
    "on-table(green-bottle,white-table)": 0.0020902679286033767,
    "on-table(loaf-of-bread,wood-table)": 0.17488107826405516,
    "on-table(loaf-of-bread,black-table)": 0.4266070138158587,
    "on-table(loaf-of-bread,white-table)": 0.26853356399806216,
    "on-table(red-box-of-cereal,wood-table)": 0.19792538041171306,
    "on-table(red-box-of-cereal,black-table)": 0.004959853481220004,
    "on-table(red-box-of-cereal,white-table)": 0.8362473606442412,
    "on-table(red-can-of-soda,wood-table)": 0.7130280047034224,
    "on-table(red-can-of-soda,black-table)": 0.11793459395206203,
    "on-table(red-can-of-soda,white-table)": 0.31799440686275676,
    "robot-gripper-empty()": 0.941409190495809,
    "robot-gripping(milk-carton)": 0.3159390725195408,
    "robot-gripping(lemon)": 0.09457888019581635,
    "robot-gripping(green-bottle)": 0.13540171381706992,
    "robot-gripping(loaf-of-bread)": 0.10420047429700692,
    "robot-gripping(red-box-of-cereal)": 0.07153684832155704,
    "robot-gripping(red-can-of-soda)": 0.2031603449334701
}