{
    "on-table(milk-carton,wood-table)": 0.36228393639127415,
    "on-table(milk-carton,black-table)": 0.08179625139261286,
    "on-table(milk-carton,white-table)": 0.32840047966844094,
    "on-table(lemon,wood-table)": 0.10533530504714388,
    "on-table(lemon,black-table)": 0.42667413984114927,
    "on-table(lemon,white-table)": 0.22070338010477522,
    "on-table(green-bottle,wood-table)": 0.2938893752761942,
    "on-table(green-bottle,black-table)": 0.9519888957341512,
    "on-table(green-bottle,white-table)": 0.018011067640145484,
    "on-table(loaf-of-bread,wood-table)": 0.19073075954414284,
    "on-table(loaf-of-bread,black-table)": 0.0774799685459584,
    "on-table(loaf-of-bread,white-table)": 0.3329845796979498,
    "on-table(red-box-of-cereal,wood-table)": 0.005164226812970203,
    "on-table(red-box-of-cereal,black-table)": 0.052572178404564816,
    "on-table(red-box-of-cereal,white-table)": 0.19402623575297184,
    "on-table(red-can-of-soda,wood-table)": 0.03826845227740705,
    "on-table(red-can-of-soda,black-table)": 0.7363921036012471,
    "on-table(red-can-of-soda,white-table)": 0.017665663342389355,
    "robot-gripper-empty()": 0.8692583541075388,
    "robot-gripping(milk-carton)": 0.32005032772819203,
    "robot-gripping(lemon)": 0.29482312438388664,
    "robot-gripping(green-bottle)": 0.16091391645992795,
    "robot-gripping(loaf-of-bread)": 0.08049576294918855,
    "robot-gripping(red-box-of-cereal)": 0.050366460908359535,
    "robot-gripping(red-can-of-soda)": 0.2595747262239456
}