{
    "on-table(milk-carton,wood-table)": 0.22654630810332796,
    "on-table(milk-carton,black-table)": 0.21841910729805628,
    "on-table(milk-carton,white-table)": 0.15074483708788952,
    "on-table(lemon,wood-table)": 0.009850007821417725,
    "on-table(lemon,black-table)": 0.0054645707035282,
    "on-table(lemon,white-table)": 0.1905181675198643,
    "on-table(green-bottle,wood-table)": 0.00034701682670856826,
    "on-table(green-bottle,black-table)": 0.0018655684531646937,
    "on-table(green-bottle,white-table)": 0.30744403199120524,
    "on-table(loaf-of-bread,wood-table)": 0.2512851989207168,
    "on-table(loaf-of-bread,black-table)": 0.24745473742950708,
    "on-table(loaf-of-bread,white-table)": 0.19036000893296054,
    "on-table(red-box-of-cereal,wood-table)": 0.5247197759648164,
    "on-table(red-box-of-cereal,black-table)": 0.31569629018971074,
    "on-table(red-box-of-cereal,white-table)": 0.026261594456930954,
    "on-table(red-can-of-soda,wood-table)": 0.8344648312001178,
    "on-table(red-can-of-soda,black-table)": 0.16308258909486995,
    "on-table(red-can-of-soda,white-table)": 0.0032400642755116373,
    "robot-gripper-empty()": 0.570301954750903,
    "robot-gripping(milk-carton)": 0.6086344296733538,
    "robot-gripping(lemon)": 0.07121747421721618,
    "robot-gripping(green-bottle)": 0.030832432365665834,
    "robot-gripping(loaf-of-bread)": 0.3790207120279471,
    "robot-gripping(red-box-of-cereal)": 0.6378518883138895,
    "robot-gripping(red-can-of-soda)": 0.39886550496642786
}