{
    "on-table(milk-carton,wood-table)": 0.35024356939053786,
    "on-table(milk-carton,black-table)": 0.1978969903818021,
    "on-table(milk-carton,white-table)": 0.03932331141550094,
    "on-table(lemon,wood-table)": 0.1670205487656252,
    "on-table(lemon,black-table)": 0.002940091998728652,
    "on-table(lemon,white-table)": 0.9996957977612814,
    "on-table(green-bottle,wood-table)": 0.0024377563847034858,
    "on-table(green-bottle,black-table)": 0.003275948040860991,
    "on-table(green-bottle,white-table)": 0.6255138868776461,
    "on-table(loaf-of-bread,wood-table)": 0.47657387688135106,
    "on-table(loaf-of-bread,black-table)": 0.008223050875434032,
    "on-table(loaf-of-bread,white-table)": 0.008968066744273528,
    "on-table(red-box-of-cereal,wood-table)": 0.4720142653871638,
    "on-table(red-box-of-cereal,black-table)": 0.28298504280852893,
    "on-table(red-box-of-cereal,white-table)": 0.021917297524244834,
    "on-table(red-can-of-soda,wood-table)": 0.8348440973398586,
    "on-table(red-can-of-soda,black-table)": 0.2810838951236292,
    "on-table(red-can-of-soda,white-table)": 0.009476596959605862,
    "robot-gripper-empty()": 0.5157650335070988,
    "robot-gripping(milk-carton)": 0.6483197572330633,
    "robot-gripping(lemon)": 0.07606727482440571,
    "robot-gripping(green-bottle)": 0.0929726871351401,
    "robot-gripping(loaf-of-bread)": 0.14572840618590513,
    "robot-gripping(red-box-of-cereal)": 0.6171087815115849,
    "robot-gripping(red-can-of-soda)": 0.7043711729347706
}