{
    "on-table(milk-carton,wood-table)": 0.25099582706267637,
    "on-table(milk-carton,black-table)": 0.8219631959994634,
    "on-table(milk-carton,white-table)": 0.17042331140449582,
    "on-table(lemon,wood-table)": 0.19319908367469907,
    "on-table(lemon,black-table)": 0.6633753615121046,
    "on-table(lemon,white-table)": 0.021567861219712842,
    "on-table(green-bottle,wood-table)": 0.19471746735507622,
    "on-table(green-bottle,black-table)": 0.9976346691449484,
    "on-table(green-bottle,white-table)": 0.06284034948900323,
    "on-table(loaf-of-bread,wood-table)": 0.5587620163957278,
    "on-table(loaf-of-bread,black-table)": 0.48473621206358075,
    "on-table(loaf-of-bread,white-table)": 0.24031302084525427,
    "on-table(red-box-of-cereal,wood-table)": 0.3515280996992563,
    "on-table(red-box-of-cereal,black-table)": 0.8322099093347788,
    "on-table(red-box-of-cereal,white-table)": 0.1779216560535133,
    "on-table(red-can-of-soda,wood-table)": 0.19872086949180812,
    "on-table(red-can-of-soda,black-table)": 0.9978252251942953,
    "on-table(red-can-of-soda,white-table)": 0.009131800308144497,
    "robot-gripper-empty()": 0.8561896284421285,
    "robot-gripping(milk-carton)": 0.2446258527537187,
    "robot-gripping(lemon)": 0.2558352456738551,
    "robot-gripping(green-bottle)": 0.1463080282943944,
    "robot-gripping(loaf-of-bread)": 0.24834870360791683,
    "robot-gripping(red-box-of-cereal)": 0.10192387100930016,
    "robot-gripping(red-can-of-soda)": 0.17148012605806193
}