{
    "on-table(milk-carton,wood-table)": 0.3002163916050146,
    "on-table(milk-carton,black-table)": 0.8563536802927653,
    "on-table(milk-carton,white-table)": 0.0427614853445751,
    "on-table(lemon,wood-table)": 0.19316831741404408,
    "on-table(lemon,black-table)": 0.0045128184850303414,
    "on-table(lemon,white-table)": 0.8480473148326079,
    "on-table(green-bottle,wood-table)": 0.17611587284288058,
    "on-table(green-bottle,black-table)": 0.1772142973204609,
    "on-table(green-bottle,white-table)": 0.0032002463156762437,
    "on-table(loaf-of-bread,wood-table)": 0.26519339128086966,
    "on-table(loaf-of-bread,black-table)": 0.03468001102252553,
    "on-table(loaf-of-bread,white-table)": 0.5405854436879357,
    "on-table(red-box-of-cereal,wood-table)": 0.35994071466848254,
    "on-table(red-box-of-cereal,black-table)": 0.8880801896254221,
    "on-table(red-box-of-cereal,white-table)": 0.01806825015864888,
    "on-table(red-can-of-soda,wood-table)": 0.3277191658853553,
    "on-table(red-can-of-soda,black-table)": 0.9941706558068594,
    "on-table(red-can-of-soda,white-table)": 0.0014631088583882956,
    "robot-gripper-empty()": 0.35393160620393854,
    "robot-gripping(milk-carton)": 0.2722071740233029,
    "robot-gripping(lemon)": 0.08684418924773733,
    "robot-gripping(green-bottle)": 0.702100159910818,
    "robot-gripping(loaf-of-bread)": 0.05549562691400448,
    "robot-gripping(red-box-of-cereal)": 0.023560470319353044,
    "robot-gripping(red-can-of-soda)": 0.049981110845692456
}