{
    "on-table(milk-carton,wood-table)": 0.2879240537683169,
    "on-table(milk-carton,black-table)": 0.23689838065426252,
    "on-table(milk-carton,white-table)": 0.7483342243358493,
    "on-table(lemon,wood-table)": 0.18524023098871112,
    "on-table(lemon,black-table)": 0.8062412832708409,
    "on-table(lemon,white-table)": 0.007685673946980387,
    "on-table(green-bottle,wood-table)": 0.0006934424333546,
    "on-table(green-bottle,black-table)": 0.0007372228283202276,
    "on-table(green-bottle,white-table)": 0.060927647672239495,
    "on-table(loaf-of-bread,wood-table)": 0.3770034664000074,
    "on-table(loaf-of-bread,black-table)": 0.3499646782875061,
    "on-table(loaf-of-bread,white-table)": 0.48433586504931253,
    "on-table(red-box-of-cereal,wood-table)": 0.24135412376684448,
    "on-table(red-box-of-cereal,black-table)": 0.7870258043209711,
    "on-table(red-box-of-cereal,white-table)": 0.0642989944923708,
    "on-table(red-can-of-soda,wood-table)": 0.19244591216556728,
    "on-table(red-can-of-soda,black-table)": 0.8679148927330971,
    "on-table(red-can-of-soda,white-table)": 0.007210050417673604,
    "robot-gripper-empty()": 0.9654485384623209,
    "robot-gripping(milk-carton)": 0.1228692129564782,
    "robot-gripping(lemon)": 0.05939314576486746,
    "robot-gripping(green-bottle)": 0.026544863983872347,
    "robot-gripping(loaf-of-bread)": 0.13437504088506103,
    "robot-gripping(red-box-of-cereal)": 0.03452139735842744,
    "robot-gripping(red-can-of-soda)": 0.04929076259334882
}