{
    "on-table(milk-carton,wood-table)": 0.5075521843197445,
    "on-table(milk-carton,black-table)": 0.0034288770517984326,
    "on-table(milk-carton,white-table)": 0.6374366184075674,
    "on-table(lemon,wood-table)": 0.17642504667067746,
    "on-table(lemon,black-table)": 0.0005364788436660698,
    "on-table(lemon,white-table)": 0.9848820865154266,
    "on-table(green-bottle,wood-table)": 0.01723564850787322,
    "on-table(green-bottle,black-table)": 0.009100130506946394,
    "on-table(green-bottle,white-table)": 0.009632509221167615,
    "on-table(loaf-of-bread,wood-table)": 0.5601918877412876,
    "on-table(loaf-of-bread,black-table)": 0.008060386802147454,
    "on-table(loaf-of-bread,white-table)": 0.332633461492757,
    "on-table(red-box-of-cereal,wood-table)": 0.8337170207717767,
    "on-table(red-box-of-cereal,black-table)": 0.1687655608757268,
    "on-table(red-box-of-cereal,white-table)": 0.03377589332709855,
    "on-table(red-can-of-soda,wood-table)": 0.5276325690404823,
    "on-table(red-can-of-soda,black-table)": 0.17045120359398425,
    "on-table(red-can-of-soda,white-table)": 0.6057360582829764,
    "robot-gripper-empty()": 0.955432653427124,
    "robot-gripping(milk-carton)": 0.08965790908162792,
    "robot-gripping(lemon)": 0.040603837852055825,
    "robot-gripping(green-bottle)": 0.03510440397076309,
    "robot-gripping(loaf-of-bread)": 0.09685362704719107,
    "robot-gripping(red-box-of-cereal)": 0.15122744999825954,
    "robot-gripping(red-can-of-soda)": 0.11139596564074357
}