{
    "on-table(milk-carton,wood-table)": 0.8720211486021677,
    "on-table(milk-carton,black-table)": 0.40085622198239435,
    "on-table(milk-carton,white-table)": 0.016372474055970088,
    "on-table(lemon,wood-table)": 0.1479426320681038,
    "on-table(lemon,black-table)": 0.8149874872542568,
    "on-table(lemon,white-table)": 0.1678126905287627,
    "on-table(green-bottle,wood-table)": 0.19998818051559888,
    "on-table(green-bottle,black-table)": 0.008005661539148909,
    "on-table(green-bottle,white-table)": 0.7894763472722843,
    "on-table(loaf-of-bread,wood-table)": 0.36477887257933617,
    "on-table(loaf-of-bread,black-table)": 0.535543466025653,
    "on-table(loaf-of-bread,white-table)": 0.024716737990578014,
    "on-table(red-box-of-cereal,wood-table)": 0.9955550332864126,
    "on-table(red-box-of-cereal,black-table)": 0.3368354640600349,
    "on-table(red-box-of-cereal,white-table)": 0.009482406431137255,
    "on-table(red-can-of-soda,wood-table)": 0.3733652816202569,
    "on-table(red-can-of-soda,black-table)": 0.867137111723423,
    "on-table(red-can-of-soda,white-table)": 0.004675568498441862,
    "robot-gripper-empty()": 0.9751191238562266,
    "robot-gripping(milk-carton)": 0.14641800181319317,
    "robot-gripping(lemon)": 0.0315253280956919,
    "robot-gripping(green-bottle)": 0.016570522469313193,
    "robot-gripping(loaf-of-bread)": 0.06922061011816065,
    "robot-gripping(red-box-of-cereal)": 0.07727516368807603,
    "robot-gripping(red-can-of-soda)": 0.172248219877171
}