{
    "on-table(milk-carton,wood-table)": 0.16775890491165532,
    "on-table(milk-carton,black-table)": 0.7509712328513464,
    "on-table(milk-carton,white-table)": 0.12410475667881353,
    "on-table(lemon,wood-table)": 0.8165081093708674,
    "on-table(lemon,black-table)": 0.17248222777091846,
    "on-table(lemon,white-table)": 0.18302015556128026,
    "on-table(green-bottle,wood-table)": 0.006675566281652816,
    "on-table(green-bottle,black-table)": 0.8352803088103732,
    "on-table(green-bottle,white-table)": 0.003280486318885778,
    "on-table(loaf-of-bread,wood-table)": 0.12889944060589187,
    "on-table(loaf-of-bread,black-table)": 0.12018572403273235,
    "on-table(loaf-of-bread,white-table)": 0.660747880426546,
    "on-table(red-box-of-cereal,wood-table)": 0.33007813296474825,
    "on-table(red-box-of-cereal,black-table)": 0.9479730228583018,
    "on-table(red-box-of-cereal,white-table)": 0.12901287143419418,
    "on-table(red-can-of-soda,wood-table)": 0.8316056877374649,
    "on-table(red-can-of-soda,black-table)": 0.34235173904653493,
    "on-table(red-can-of-soda,white-table)": 0.06274773920180603,
    "robot-gripper-empty()": 0.7617071568965912,
    "robot-gripping(milk-carton)": 0.21423476903388897,
    "robot-gripping(lemon)": 0.07209437006774048,
    "robot-gripping(green-bottle)": 0.1764288841125866,
    "robot-gripping(loaf-of-bread)": 0.10518872210135062,
    "robot-gripping(red-box-of-cereal)": 0.15981771253670254,
    "robot-gripping(red-can-of-soda)": 0.2093440234505882
}