{
    "on-table(milk-carton,wood-table)": 0.3079660850732277,
    "on-table(milk-carton,black-table)": 0.4977555402244131,
    "on-table(milk-carton,white-table)": 0.1251440802103995,
    "on-table(lemon,wood-table)": 0.06873756992717972,
    "on-table(lemon,black-table)": 0.8372245598584414,
    "on-table(lemon,white-table)": 0.009014918219842608,
    "on-table(green-bottle,wood-table)": 0.04705045804439578,
    "on-table(green-bottle,black-table)": 0.2634004517409873,
    "on-table(green-bottle,white-table)": 0.2393827587366104,
    "on-table(loaf-of-bread,wood-table)": 0.27779503279210377,
    "on-table(loaf-of-bread,black-table)": 0.3271091087178017,
    "on-table(loaf-of-bread,white-table)": 0.18234793870942667,
    "on-table(red-box-of-cereal,wood-table)": 0.6985361287370324,
    "on-table(red-box-of-cereal,black-table)": 0.8308366226653258,
    "on-table(red-box-of-cereal,white-table)": 0.10848723654271453,
    "on-table(red-can-of-soda,wood-table)": 0.9519450863202413,
    "on-table(red-can-of-soda,black-table)": 0.3308814870773252,
    "on-table(red-can-of-soda,white-table)": 0.011131714218815128,
    "robot-gripper-empty()": 0.9299574891726176,
    "robot-gripping(milk-carton)": 0.09724914624045293,
    "robot-gripping(lemon)": 0.04038634640164673,
    "robot-gripping(green-bottle)": 0.08187369218406577,
    "robot-gripping(loaf-of-bread)": 0.08586976677179337,
    "robot-gripping(red-box-of-cereal)": 0.10037445921140413,
    "robot-gripping(red-can-of-soda)": 0.1788564242888242
}