{
    "on-table(milk-carton,wood-table)": 0.1236807918952157,
    "on-table(milk-carton,black-table)": 0.6880204180876414,
    "on-table(milk-carton,white-table)": 0.18969132503237537,
    "on-table(lemon,wood-table)": 0.8786126871903738,
    "on-table(lemon,black-table)": 0.30810100932209633,
    "on-table(lemon,white-table)": 0.059157182316994295,
    "on-table(green-bottle,wood-table)": 0.16614915769605432,
    "on-table(green-bottle,black-table)": 0.9835829039414724,
    "on-table(green-bottle,white-table)": 0.02650536868607863,
    "on-table(loaf-of-bread,wood-table)": 0.1138917794257092,
    "on-table(loaf-of-bread,black-table)": 0.14630035194568336,
    "on-table(loaf-of-bread,white-table)": 0.3446953579162558,
    "on-table(red-box-of-cereal,wood-table)": 0.17844175009910637,
    "on-table(red-box-of-cereal,black-table)": 0.02137214009417221,
    "on-table(red-box-of-cereal,white-table)": 0.8220897528032461,
    "on-table(red-can-of-soda,wood-table)": 0.9622826476891836,
    "on-table(red-can-of-soda,black-table)": 0.129110879918206,
    "on-table(red-can-of-soda,white-table)": 0.250967173578033,
    "robot-gripper-empty()": 0.907502015431722,
    "robot-gripping(milk-carton)": 0.16011604138960442,
    "robot-gripping(lemon)": 0.06916458299383521,
    "robot-gripping(green-bottle)": 0.121932751169273,
    "robot-gripping(loaf-of-bread)": 0.08881874863679211,
    "robot-gripping(red-box-of-cereal)": 0.07767869982247551,
    "robot-gripping(red-can-of-soda)": 0.2131961480093499
}