{
    "on-table(milk-carton,wood-table)": 0.13692775384212533,
    "on-table(milk-carton,black-table)": 0.46049597890426713,
    "on-table(milk-carton,white-table)": 0.44846749947585823,
    "on-table(lemon,wood-table)": 0.18211387137368243,
    "on-table(lemon,black-table)": 0.08884484548616456,
    "on-table(lemon,white-table)": 0.012349121000928184,
    "on-table(green-bottle,wood-table)": 0.999678760766983,
    "on-table(green-bottle,black-table)": 0.33304529617976186,
    "on-table(green-bottle,white-table)": 0.006839447028937684,
    "on-table(loaf-of-bread,wood-table)": 0.0846401375407974,
    "on-table(loaf-of-bread,black-table)": 0.0850633853454686,
    "on-table(loaf-of-bread,white-table)": 0.18680237656614432,
    "on-table(red-box-of-cereal,wood-table)": 0.07092131621902809,
    "on-table(red-box-of-cereal,black-table)": 0.0010088717402444065,
    "on-table(red-box-of-cereal,white-table)": 0.8250257916127642,
    "on-table(red-can-of-soda,wood-table)": 0.14359857317564698,
    "on-table(red-can-of-soda,black-table)": 8.942112284178923e-05,
    "on-table(red-can-of-soda,white-table)": 0.8318086777823434,
    "robot-gripper-empty()": 0.9240387380123138,
    "robot-gripping(milk-carton)": 0.0818544733338058,
    "robot-gripping(lemon)": 0.06285514527310927,
    "robot-gripping(green-bottle)": 0.05193212130689062,
    "robot-gripping(loaf-of-bread)": 0.14124549133703113,
    "robot-gripping(red-box-of-cereal)": 0.0904931570791329,
    "robot-gripping(red-can-of-soda)": 0.12750335553816208
}