{
    "on-table(milk-carton,wood-table)": 0.4448569118976593,
    "on-table(milk-carton,black-table)": 0.23886211305095154,
    "on-table(milk-carton,white-table)": 0.37242868278796476,
    "on-table(lemon,wood-table)": 0.8066935961445173,
    "on-table(lemon,black-table)": 0.4440557218622416,
    "on-table(lemon,white-table)": 0.011511659992872106,
    "on-table(green-bottle,wood-table)": 0.017441306765249465,
    "on-table(green-bottle,black-table)": 0.003757037844707156,
    "on-table(green-bottle,white-table)": 0.9741478463013967,
    "on-table(loaf-of-bread,wood-table)": 0.42315576939533156,
    "on-table(loaf-of-bread,black-table)": 0.5944786456724008,
    "on-table(loaf-of-bread,white-table)": 0.005250251037068665,
    "on-table(red-box-of-cereal,wood-table)": 0.9974361558755239,
    "on-table(red-box-of-cereal,black-table)": 0.3339110195386941,
    "on-table(red-box-of-cereal,white-table)": 0.012763116404736744,
    "on-table(red-can-of-soda,wood-table)": 0.9628240366776785,
    "on-table(red-can-of-soda,black-table)": 0.29420514661524066,
    "on-table(red-can-of-soda,white-table)": 0.00695777202690806,
    "robot-gripper-empty()": 0.9320819675922394,
    "robot-gripping(milk-carton)": 0.17550402010480562,
    "robot-gripping(lemon)": 0.057755629842480026,
    "robot-gripping(green-bottle)": 0.08755072854304065,
    "robot-gripping(loaf-of-bread)": 0.08051320879409711,
    "robot-gripping(red-box-of-cereal)": 0.1344207599759102,
    "robot-gripping(red-can-of-soda)": 0.42899781962235767
}