{
    "on-table(milk-carton,wood-table)": 0.2776474810525542,
    "on-table(milk-carton,black-table)": 0.7887690290808678,
    "on-table(milk-carton,white-table)": 0.11316741769648313,
    "on-table(lemon,wood-table)": 0.02257963431960282,
    "on-table(lemon,black-table)": 0.6673982008748377,
    "on-table(lemon,white-table)": 0.04311759621153518,
    "on-table(green-bottle,wood-table)": 0.16823678735818248,
    "on-table(green-bottle,black-table)": 0.00025160664123783744,
    "on-table(green-bottle,white-table)": 0.8336195403632397,
    "on-table(loaf-of-bread,wood-table)": 0.7536461154619852,
    "on-table(loaf-of-bread,black-table)": 0.3004679248357813,
    "on-table(loaf-of-bread,white-table)": 0.149932249817842,
    "on-table(red-box-of-cereal,wood-table)": 0.3141410308113943,
    "on-table(red-box-of-cereal,black-table)": 0.7688562323649725,
    "on-table(red-box-of-cereal,white-table)": 0.006088344651895265,
    "on-table(red-can-of-soda,wood-table)": 0.8198206716527542,
    "on-table(red-can-of-soda,black-table)": 0.3323443676619415,
    "on-table(red-can-of-soda,white-table)": 0.0028895372659765903,
    "robot-gripper-empty()": 0.8975400378306707,
    "robot-gripping(milk-carton)": 0.11183577729389071,
    "robot-gripping(lemon)": 0.04085574112832546,
    "robot-gripping(green-bottle)": 0.011382370508120706,
    "robot-gripping(loaf-of-bread)": 0.13469221039364734,
    "robot-gripping(red-box-of-cereal)": 0.19111586129292846,
    "robot-gripping(red-can-of-soda)": 0.1780769838951528
}