{
    "on-table(milk-carton,wood-table)": 0.8941258986790975,
    "on-table(milk-carton,black-table)": 0.2131413819976539,
    "on-table(milk-carton,white-table)": 0.07007050795558219,
    "on-table(lemon,wood-table)": 0.23934090346968637,
    "on-table(lemon,black-table)": 0.2042357200613575,
    "on-table(lemon,white-table)": 0.02128731611992407,
    "on-table(green-bottle,wood-table)": 0.17325094951108136,
    "on-table(green-bottle,black-table)": 0.7550199540952841,
    "on-table(green-bottle,white-table)": 0.05328172592089686,
    "on-table(loaf-of-bread,wood-table)": 0.5909382924437523,
    "on-table(loaf-of-bread,black-table)": 0.0996038928545507,
    "on-table(loaf-of-bread,white-table)": 0.1772707680259676,
    "on-table(red-box-of-cereal,wood-table)": 0.914377341667811,
    "on-table(red-box-of-cereal,black-table)": 0.3103121093546785,
    "on-table(red-box-of-cereal,white-table)": 0.08072881164677408,
    "on-table(red-can-of-soda,wood-table)": 0.9464890360832214,
    "on-table(red-can-of-soda,black-table)": 0.3070431332423785,
    "on-table(red-can-of-soda,white-table)": 0.07244635826439587,
    "robot-gripper-empty()": 0.690684641400973,
    "robot-gripping(milk-carton)": 0.24316616480549177,
    "robot-gripping(lemon)": 0.0783617477864027,
    "robot-gripping(green-bottle)": 0.360727999980251,
    "robot-gripping(loaf-of-bread)": 0.14721148274838924,
    "robot-gripping(red-box-of-cereal)": 0.11822422500699759,
    "robot-gripping(red-can-of-soda)": 0.19666661073764166
}