{
    "on-table(milk-carton,wood-table)": 0.20915048806151995,
    "on-table(milk-carton,black-table)": 0.5073616737499833,
    "on-table(milk-carton,white-table)": 0.19306469752336852,
    "on-table(lemon,wood-table)": 0.18032011673979773,
    "on-table(lemon,black-table)": 0.0002516943153144287,
    "on-table(lemon,white-table)": 0.9857597152392069,
    "on-table(green-bottle,wood-table)": 0.16917922537929067,
    "on-table(green-bottle,black-table)": 0.16934752357822921,
    "on-table(green-bottle,white-table)": 0.0019134791182295885,
    "on-table(loaf-of-bread,wood-table)": 0.18235129843621203,
    "on-table(loaf-of-bread,black-table)": 0.23585612222086638,
    "on-table(loaf-of-bread,white-table)": 0.18978778349992353,
    "on-table(red-box-of-cereal,wood-table)": 0.4123208528665903,
    "on-table(red-box-of-cereal,black-table)": 0.22458778596289145,
    "on-table(red-box-of-cereal,white-table)": 0.11922781848382631,
    "on-table(red-can-of-soda,wood-table)": 0.9097548574209213,
    "on-table(red-can-of-soda,black-table)": 0.33218374486375524,
    "on-table(red-can-of-soda,white-table)": 0.13974773793347595,
    "robot-gripper-empty()": 0.34437645314028487,
    "robot-gripping(milk-carton)": 0.35075893873969716,
    "robot-gripping(lemon)": 0.04907954063188905,
    "robot-gripping(green-bottle)": 0.8166633266955614,
    "robot-gripping(loaf-of-bread)": 0.06497244133303563,
    "robot-gripping(red-box-of-cereal)": 0.01247465526103042,
    "robot-gripping(red-can-of-soda)": 0.07759822457349703
}