{
    "on-table(milk-carton,wood-table)": 0.34333811691127875,
    "on-table(milk-carton,black-table)": 0.6878394490728775,
    "on-table(milk-carton,white-table)": 0.21676949234703594,
    "on-table(lemon,wood-table)": 0.022076440198967855,
    "on-table(lemon,black-table)": 0.26615386170063476,
    "on-table(lemon,white-table)": 0.33417660590688075,
    "on-table(green-bottle,wood-table)": 0.008542565010429826,
    "on-table(green-bottle,black-table)": 0.4741783385252347,
    "on-table(green-bottle,white-table)": 0.08360329989469999,
    "on-table(loaf-of-bread,wood-table)": 0.3056696719528797,
    "on-table(loaf-of-bread,black-table)": 0.027495758127467223,
    "on-table(loaf-of-bread,white-table)": 0.6803483826418718,
    "on-table(red-box-of-cereal,wood-table)": 0.9954504569371542,
    "on-table(red-box-of-cereal,black-table)": 0.32529222005602304,
    "on-table(red-box-of-cereal,white-table)": 0.1794475559881903,
    "on-table(red-can-of-soda,wood-table)": 0.8368311822414398,
    "on-table(red-can-of-soda,black-table)": 0.294366347521039,
    "on-table(red-can-of-soda,white-table)": 0.1706964726199658,
    "robot-gripper-empty()": 0.7040736501415571,
    "robot-gripping(milk-carton)": 0.18985676330824694,
    "robot-gripping(lemon)": 0.1631411441291372,
    "robot-gripping(green-bottle)": 0.18244698457419872,
    "robot-gripping(loaf-of-bread)": 0.13935621719186506,
    "robot-gripping(red-box-of-cereal)": 0.1774868688856562,
    "robot-gripping(red-can-of-soda)": 0.20915279428785047
}