{
    "on-table(milk-carton,wood-table)": 0.3515212891992026,
    "on-table(milk-carton,black-table)": 0.557588048124065,
    "on-table(milk-carton,white-table)": 0.22148202605603728,
    "on-table(lemon,wood-table)": 0.19954322131040195,
    "on-table(lemon,black-table)": 0.1660561067207406,
    "on-table(lemon,white-table)": 0.07402531272964552,
    "on-table(green-bottle,wood-table)": 0.1565728732627273,
    "on-table(green-bottle,black-table)": 0.006538490833387793,
    "on-table(green-bottle,white-table)": 0.9839942753314972,
    "on-table(loaf-of-bread,wood-table)": 0.487193561042659,
    "on-table(loaf-of-bread,black-table)": 0.06565681714225018,
    "on-table(loaf-of-bread,white-table)": 0.17851872196130594,
    "on-table(red-box-of-cereal,wood-table)": 0.023027735577973846,
    "on-table(red-box-of-cereal,black-table)": 0.0026899802909004697,
    "on-table(red-box-of-cereal,white-table)": 0.5455640304523209,
    "on-table(red-can-of-soda,wood-table)": 0.1617658095638035,
    "on-table(red-can-of-soda,black-table)": 0.00628195482264952,
    "on-table(red-can-of-soda,white-table)": 0.7438385107864937,
    "robot-gripper-empty()": 0.885613759358724,
    "robot-gripping(milk-carton)": 0.062045104801654816,
    "robot-gripping(lemon)": 0.04725937762608131,
    "robot-gripping(green-bottle)": 0.015963056532200426,
    "robot-gripping(loaf-of-bread)": 0.12170535465702415,
    "robot-gripping(red-box-of-cereal)": 0.0382600874096776,
    "robot-gripping(red-can-of-soda)": 0.11398566652011748
}