{
    "on-table(milk-carton,wood-table)": 0.09145014781582479,
    "on-table(milk-carton,black-table)": 0.5619050829360882,
    "on-table(milk-carton,white-table)": 0.09196765266824514,
    "on-table(lemon,wood-table)": 0.7078474010340869,
    "on-table(lemon,black-table)": 0.23582152661454833,
    "on-table(lemon,white-table)": 0.11039459568716363,
    "on-table(green-bottle,wood-table)": 0.13232844959808668,
    "on-table(green-bottle,black-table)": 0.9661999940872192,
    "on-table(green-bottle,white-table)": 0.002770112251255341,
    "on-table(loaf-of-bread,wood-table)": 0.1923216605791822,
    "on-table(loaf-of-bread,black-table)": 0.17883821786381304,
    "on-table(loaf-of-bread,white-table)": 0.18685024813748896,
    "on-table(red-box-of-cereal,wood-table)": 0.3326896659079163,
    "on-table(red-box-of-cereal,black-table)": 0.2568905403992782,
    "on-table(red-box-of-cereal,white-table)": 0.031751893227919936,
    "on-table(red-can-of-soda,wood-table)": 0.8451689494152864,
    "on-table(red-can-of-soda,black-table)": 0.1775422703288617,
    "on-table(red-can-of-soda,white-table)": 0.02803761182940434,
    "robot-gripper-empty()": 0.6093555483579015,
    "robot-gripping(milk-carton)": 0.4952999490002791,
    "robot-gripping(lemon)": 0.15583043545484543,
    "robot-gripping(green-bottle)": 0.09874109912198037,
    "robot-gripping(loaf-of-bread)": 0.3567605086912711,
    "robot-gripping(red-box-of-cereal)": 0.5333067908262213,
    "robot-gripping(red-can-of-soda)": 0.5561909422588845
}