{
    "on-table(milk-carton,wood-table)": 0.6650052250673374,
    "on-table(milk-carton,black-table)": 0.23319946775063727,
    "on-table(milk-carton,white-table)": 0.14186366942158202,
    "on-table(lemon,wood-table)": 0.14612056329497136,
    "on-table(lemon,black-table)": 0.8346876722450057,
    "on-table(lemon,white-table)": 0.03535085319542001,
    "on-table(green-bottle,wood-table)": 0.9994374910990397,
    "on-table(green-bottle,black-table)": 0.33278457520638466,
    "on-table(green-bottle,white-table)": 0.14598536660939013,
    "on-table(loaf-of-bread,wood-table)": 0.19914456150339296,
    "on-table(loaf-of-bread,black-table)": 0.09139951911735504,
    "on-table(loaf-of-bread,white-table)": 0.18792588765306087,
    "on-table(red-box-of-cereal,wood-table)": 0.17910385693903663,
    "on-table(red-box-of-cereal,black-table)": 0.001928165207573329,
    "on-table(red-box-of-cereal,white-table)": 0.06506134496703453,
    "on-table(red-can-of-soda,wood-table)": 0.13627618331520353,
    "on-table(red-can-of-soda,black-table)": 0.001524490872422272,
    "on-table(red-can-of-soda,white-table)": 0.0977459844355811,
    "robot-gripper-empty()": 0.9363005657990774,
    "robot-gripping(milk-carton)": 0.17187410686165094,
    "robot-gripping(lemon)": 0.0933889936034878,
    "robot-gripping(green-bottle)": 0.05888697683500747,
    "robot-gripping(loaf-of-bread)": 0.0547848081526657,
    "robot-gripping(red-box-of-cereal)": 0.0152482248765106,
    "robot-gripping(red-can-of-soda)": 0.15305239823646843
}