{
    "on-table(milk-carton,wood-table)": 0.4510963385303815,
    "on-table(milk-carton,black-table)": 0.030492256283954095,
    "on-table(milk-carton,white-table)": 0.4489783477038145,
    "on-table(lemon,wood-table)": 0.347949109733842,
    "on-table(lemon,black-table)": 0.1797517968328369,
    "on-table(lemon,white-table)": 0.833715248076866,
    "on-table(green-bottle,wood-table)": 0.17897224201563708,
    "on-table(green-bottle,black-table)": 0.8430938795208931,
    "on-table(green-bottle,white-table)": 0.0023114221219960505,
    "on-table(loaf-of-bread,wood-table)": 0.5385581965868672,
    "on-table(loaf-of-bread,black-table)": 0.026174056846684834,
    "on-table(loaf-of-bread,white-table)": 0.07837949169485607,
    "on-table(red-box-of-cereal,wood-table)": 0.25511419540513697,
    "on-table(red-box-of-cereal,black-table)": 0.002539725157475914,
    "on-table(red-box-of-cereal,white-table)": 0.7131459079682827,
    "on-table(red-can-of-soda,wood-table)": 0.07521011301044685,
    "on-table(red-can-of-soda,black-table)": 0.14001180808797167,
    "on-table(red-can-of-soda,white-table)": 0.893553247054418,
    "robot-gripper-empty()": 0.8501793046792349,
    "robot-gripping(milk-carton)": 0.3134429131944974,
    "robot-gripping(lemon)": 0.0731121947367986,
    "robot-gripping(green-bottle)": 0.1645825367886573,
    "robot-gripping(loaf-of-bread)": 0.09995129704475403,
    "robot-gripping(red-box-of-cereal)": 0.20025213062763214,
    "robot-gripping(red-can-of-soda)": 0.5708577744662762
}