{
    "on-table(milk-carton,wood-table)": 0.05146810346438239,
    "on-table(milk-carton,black-table)": 0.6778815469394127,
    "on-table(milk-carton,white-table)": 0.1548066475588712,
    "on-table(lemon,wood-table)": 0.9934186935424805,
    "on-table(lemon,black-table)": 0.1622236809647196,
    "on-table(lemon,white-table)": 0.16607514186550057,
    "on-table(green-bottle,wood-table)": 0.6876812235762676,
    "on-table(green-bottle,black-table)": 0.1694780535213075,
    "on-table(green-bottle,white-table)": 0.0025245106437334166,
    "on-table(loaf-of-bread,wood-table)": 0.18162113024542728,
    "on-table(loaf-of-bread,black-table)": 0.11368307575078991,
    "on-table(loaf-of-bread,white-table)": 0.6386506169413527,
    "on-table(red-box-of-cereal,wood-table)": 0.08128206493953864,
    "on-table(red-box-of-cereal,black-table)": 0.7707129791378975,
    "on-table(red-box-of-cereal,white-table)": 0.17036598853883334,
    "on-table(red-can-of-soda,wood-table)": 0.16481515770525826,
    "on-table(red-can-of-soda,black-table)": 0.94553209344546,
    "on-table(red-can-of-soda,white-table)": 0.0020076884678322435,
    "robot-gripper-empty()": 0.8240819399555525,
    "robot-gripping(milk-carton)": 0.12773784948512912,
    "robot-gripping(lemon)": 0.06061442196369171,
    "robot-gripping(green-bottle)": 0.18189300385226184,
    "robot-gripping(loaf-of-bread)": 0.1049063887136678,
    "robot-gripping(red-box-of-cereal)": 0.08730224756679188,
    "robot-gripping(red-can-of-soda)": 0.1408702767609308
}