{
    "on-table(milk-carton,wood-table)": 0.1816230131953489,
    "on-table(milk-carton,black-table)": 0.7111357717464367,
    "on-table(milk-carton,white-table)": 0.03991496814948429,
    "on-table(lemon,wood-table)": 0.324872053344734,
    "on-table(lemon,black-table)": 0.7809415807326635,
    "on-table(lemon,white-table)": 0.010236792476765308,
    "on-table(green-bottle,wood-table)": 0.3308638890545505,
    "on-table(green-bottle,black-table)": 0.9786057670911154,
    "on-table(green-bottle,white-table)": 0.04800404187229409,
    "on-table(loaf-of-bread,wood-table)": 0.27278212741172564,
    "on-table(loaf-of-bread,black-table)": 0.5199501750369867,
    "on-table(loaf-of-bread,white-table)": 0.052328160313777516,
    "on-table(red-box-of-cereal,wood-table)": 0.1200833298426005,
    "on-table(red-box-of-cereal,black-table)": 0.09377450218319912,
    "on-table(red-box-of-cereal,white-table)": 0.6408850917068776,
    "on-table(red-can-of-soda,wood-table)": 0.18342168413407003,
    "on-table(red-can-of-soda,black-table)": 0.0001317663116727393,
    "on-table(red-can-of-soda,white-table)": 0.8334011115124061,
    "robot-gripper-empty()": 0.9481735527515411,
    "robot-gripping(milk-carton)": 0.07611491624265909,
    "robot-gripping(lemon)": 0.056482347659766674,
    "robot-gripping(green-bottle)": 0.04831256973557174,
    "robot-gripping(loaf-of-bread)": 0.07043330906890333,
    "robot-gripping(red-box-of-cereal)": 0.1126380511559546,
    "robot-gripping(red-can-of-soda)": 0.16525063322236141
}