{
    "on-table(milk-carton,wood-table)": 0.2164167961648976,
    "on-table(milk-carton,black-table)": 0.10473317919240799,
    "on-table(milk-carton,white-table)": 0.8555054515600204,
    "on-table(lemon,wood-table)": 0.04517309802273909,
    "on-table(lemon,black-table)": 0.0387274720693919,
    "on-table(lemon,white-table)": 0.014340424095280468,
    "on-table(green-bottle,wood-table)": 0.33989346634674195,
    "on-table(green-bottle,black-table)": 0.9956611692905426,
    "on-table(green-bottle,white-table)": 0.03573948905144183,
    "on-table(loaf-of-bread,wood-table)": 0.1516837483892838,
    "on-table(loaf-of-bread,black-table)": 0.1481815294440215,
    "on-table(loaf-of-bread,white-table)": 0.12012672773562372,
    "on-table(red-box-of-cereal,wood-table)": 0.17721167627799636,
    "on-table(red-box-of-cereal,black-table)": 0.17693582724314183,
    "on-table(red-box-of-cereal,white-table)": 0.01041500132123474,
    "on-table(red-can-of-soda,wood-table)": 0.18297597321604067,
    "on-table(red-can-of-soda,black-table)": 0.18860681644946453,
    "on-table(red-can-of-soda,white-table)": 0.00584473556712813,
    "robot-gripper-empty()": 0.4418463678836512,
    "robot-gripping(milk-carton)": 0.5002155800660452,
    "robot-gripping(lemon)": 0.08070985165735085,
    "robot-gripping(green-bottle)": 0.19760776606077948,
    "robot-gripping(loaf-of-bread)": 0.2815012497206529,
    "robot-gripping(red-box-of-cereal)": 0.6913080696637431,
    "robot-gripping(red-can-of-soda)": 0.7773705115541816
}