{
    "on-table(milk-carton,wood-table)": 0.2043777630509188,
    "on-table(milk-carton,black-table)": 0.0274106977400758,
    "on-table(milk-carton,white-table)": 0.7537908206383387,
    "on-table(lemon,wood-table)": 0.12370696037154023,
    "on-table(lemon,black-table)": 0.8421819303184748,
    "on-table(lemon,white-table)": 0.0014146506531081589,
    "on-table(green-bottle,wood-table)": 0.9669675230979919,
    "on-table(green-bottle,black-table)": 0.333180703326434,
    "on-table(green-bottle,white-table)": 0.0008253433244741851,
    "on-table(loaf-of-bread,wood-table)": 0.18121304537635297,
    "on-table(loaf-of-bread,black-table)": 0.16102285595358504,
    "on-table(loaf-of-bread,white-table)": 0.47949303946613026,
    "on-table(red-box-of-cereal,wood-table)": 0.10332415937349045,
    "on-table(red-box-of-cereal,black-table)": 0.07512961511019967,
    "on-table(red-box-of-cereal,white-table)": 0.8018062847356001,
    "on-table(red-can-of-soda,wood-table)": 0.14520474756682233,
    "on-table(red-can-of-soda,black-table)": 0.0017108532182419367,
    "on-table(red-can-of-soda,white-table)": 0.9936477641264597,
    "robot-gripper-empty()": 0.8473574568827947,
    "robot-gripping(milk-carton)": 0.14248324123521647,
    "robot-gripping(lemon)": 0.03927671571727842,
    "robot-gripping(green-bottle)": 0.1718049132420371,
    "robot-gripping(loaf-of-bread)": 0.0896411444991827,
    "robot-gripping(red-box-of-cereal)": 0.026540173062433798,
    "robot-gripping(red-can-of-soda)": 0.0482794331231465
}