{
    "on-table(milk-carton,wood-table)": 0.16869472130201757,
    "on-table(milk-carton,black-table)": 0.5998117926840981,
    "on-table(milk-carton,white-table)": 0.21089265857396336,
    "on-table(lemon,wood-table)": 0.8335138323018327,
    "on-table(lemon,black-table)": 0.16719944120389604,
    "on-table(lemon,white-table)": 0.001574949455365034,
    "on-table(green-bottle,wood-table)": 0.8306940857631465,
    "on-table(green-bottle,black-table)": 0.17005344398057787,
    "on-table(green-bottle,white-table)": 0.0011849157279849958,
    "on-table(loaf-of-bread,wood-table)": 0.6757775647565722,
    "on-table(loaf-of-bread,black-table)": 0.024978784949780675,
    "on-table(loaf-of-bread,white-table)": 0.020199485367205245,
    "on-table(red-box-of-cereal,wood-table)": 0.16423001044798488,
    "on-table(red-box-of-cereal,black-table)": 0.0012991708411694465,
    "on-table(red-box-of-cereal,white-table)": 0.8336253043962643,
    "on-table(red-can-of-soda,wood-table)": 0.15161165885304703,
    "on-table(red-can-of-soda,black-table)": 0.0010733724331354704,
    "on-table(red-can-of-soda,white-table)": 0.8335639653572192,
    "robot-gripper-empty()": 0.8646074036757151,
    "robot-gripping(milk-carton)": 0.14712634372214475,
    "robot-gripping(lemon)": 0.08957166189793497,
    "robot-gripping(green-bottle)": 0.18525906306846687,
    "robot-gripping(loaf-of-bread)": 0.09337412488336365,
    "robot-gripping(red-box-of-cereal)": 0.05271419960384568,
    "robot-gripping(red-can-of-soda)": 0.09841865308893223
}