{
    "on-table(milk-carton,wood-table)": 0.403345904002587,
    "on-table(milk-carton,black-table)": 0.0842527352894346,
    "on-table(milk-carton,white-table)": 0.5766169655447205,
    "on-table(lemon,wood-table)": 0.31764952897174226,
    "on-table(lemon,black-table)": 0.9701532026131948,
    "on-table(lemon,white-table)": 0.002082095267269324,
    "on-table(green-bottle,wood-table)": 0.10752709550979489,
    "on-table(green-bottle,black-table)": 0.7691699456578741,
    "on-table(green-bottle,white-table)": 0.0028022259852302036,
    "on-table(loaf-of-bread,wood-table)": 0.6141534397999445,
    "on-table(loaf-of-bread,black-table)": 0.16503580525750294,
    "on-table(loaf-of-bread,white-table)": 0.19572914936240218,
    "on-table(red-box-of-cereal,wood-table)": 0.17196266804724777,
    "on-table(red-box-of-cereal,black-table)": 0.0029750176860640445,
    "on-table(red-box-of-cereal,white-table)": 0.8341463540370265,
    "on-table(red-can-of-soda,wood-table)": 0.035989261630068846,
    "on-table(red-can-of-soda,black-table)": 0.61653549039814,
    "on-table(red-can-of-soda,white-table)": 0.5519906062788019,
    "robot-gripper-empty()": 0.9344494442145029,
    "robot-gripping(milk-carton)": 0.12221336737275124,
    "robot-gripping(lemon)": 0.03592324233613908,
    "robot-gripping(green-bottle)": 0.023160649579949677,
    "robot-gripping(loaf-of-bread)": 0.13892662540699044,
    "robot-gripping(red-box-of-cereal)": 0.045130620807564505,
    "robot-gripping(red-can-of-soda)": 0.08219590928638354
}