{
    "on-table(milk-carton,wood-table)": 0.39059851753214997,
    "on-table(milk-carton,black-table)": 0.132199592073448,
    "on-table(milk-carton,white-table)": 0.5928886036078135,
    "on-table(lemon,wood-table)": 0.19030611222842708,
    "on-table(lemon,black-table)": 0.011114620869401884,
    "on-table(lemon,white-table)": 0.885158121585846,
    "on-table(green-bottle,wood-table)": 0.1644863625309275,
    "on-table(green-bottle,black-table)": 0.002137401785906453,
    "on-table(green-bottle,white-table)": 0.8369788986941179,
    "on-table(loaf-of-bread,wood-table)": 0.21022336619595686,
    "on-table(loaf-of-bread,black-table)": 0.026388166513546214,
    "on-table(loaf-of-bread,white-table)": 0.6077176183462143,
    "on-table(red-box-of-cereal,wood-table)": 0.012645635836330863,
    "on-table(red-box-of-cereal,black-table)": 0.0034290595164444917,
    "on-table(red-box-of-cereal,white-table)": 0.5052204305538908,
    "on-table(red-can-of-soda,wood-table)": 0.18502904864241523,
    "on-table(red-can-of-soda,black-table)": 0.0008075907635429758,
    "on-table(red-can-of-soda,white-table)": 0.68247773591429,
    "robot-gripper-empty()": 0.963396022717158,
    "robot-gripping(milk-carton)": 0.1681509700914224,
    "robot-gripping(lemon)": 0.0748906103738894,
    "robot-gripping(green-bottle)": 0.06896760186646134,
    "robot-gripping(loaf-of-bread)": 0.14113643672317266,
    "robot-gripping(red-box-of-cereal)": 0.0857976993235449,
    "robot-gripping(red-can-of-soda)": 0.1595417072142785
}