{
    "on-table(milk-carton,wood-table)": 0.634439210096995,
    "on-table(milk-carton,black-table)": 0.3489076093307328,
    "on-table(milk-carton,white-table)": 0.016881082687177695,
    "on-table(lemon,wood-table)": 0.19770181200874504,
    "on-table(lemon,black-table)": 0.0008230692323346981,
    "on-table(lemon,white-table)": 0.8349546138197184,
    "on-table(green-bottle,wood-table)": 0.17066937280348307,
    "on-table(green-bottle,black-table)": 0.0003674774729915953,
    "on-table(green-bottle,white-table)": 0.6923904014208043,
    "on-table(loaf-of-bread,wood-table)": 0.37059830222278833,
    "on-table(loaf-of-bread,black-table)": 0.3407178351966043,
    "on-table(loaf-of-bread,white-table)": 0.11052241053403122,
    "on-table(red-box-of-cereal,wood-table)": 0.2136594359872106,
    "on-table(red-box-of-cereal,black-table)": 0.8150341262420019,
    "on-table(red-box-of-cereal,white-table)": 0.021815674873020423,
    "on-table(red-can-of-soda,wood-table)": 0.29879131996798,
    "on-table(red-can-of-soda,black-table)": 0.9392521381378174,
    "on-table(red-can-of-soda,white-table)": 0.007964022292905307,
    "robot-gripper-empty()": 0.8545805911223093,
    "robot-gripping(milk-carton)": 0.20328343038757643,
    "robot-gripping(lemon)": 0.03923122146322081,
    "robot-gripping(green-bottle)": 0.039126162485141926,
    "robot-gripping(loaf-of-bread)": 0.06185367455085119,
    "robot-gripping(red-box-of-cereal)": 0.023079811168524127,
    "robot-gripping(red-can-of-soda)": 0.04139310459140688
}