{
    "on-table(milk-carton,wood-table)": 0.08719039101076002,
    "on-table(milk-carton,black-table)": 0.628607951104641,
    "on-table(milk-carton,white-table)": 0.11479041737281175,
    "on-table(lemon,wood-table)": 0.19702111679604664,
    "on-table(lemon,black-table)": 0.03076640772947788,
    "on-table(lemon,white-table)": 0.9917740424474081,
    "on-table(green-bottle,wood-table)": 0.2692054077827682,
    "on-table(green-bottle,black-table)": 0.03851951672337842,
    "on-table(green-bottle,white-table)": 0.9957687656084696,
    "on-table(loaf-of-bread,wood-table)": 0.3029482832062058,
    "on-table(loaf-of-bread,black-table)": 0.11047484075243119,
    "on-table(loaf-of-bread,white-table)": 0.6663851588964462,
    "on-table(red-box-of-cereal,wood-table)": 0.034709668737680964,
    "on-table(red-box-of-cereal,black-table)": 0.3897093341996272,
    "on-table(red-box-of-cereal,white-table)": 0.0039826664754703716,
    "on-table(red-can-of-soda,wood-table)": 0.04701431713450196,
    "on-table(red-can-of-soda,black-table)": 0.8393557220697403,
    "on-table(red-can-of-soda,white-table)": 0.02017949484464528,
    "robot-gripper-empty()": 0.7690731516728798,
    "robot-gripping(milk-carton)": 0.3478643534084161,
    "robot-gripping(lemon)": 0.0739959195877115,
    "robot-gripping(green-bottle)": 0.04421189415734261,
    "robot-gripping(loaf-of-bread)": 0.11854073063780864,
    "robot-gripping(red-box-of-cereal)": 0.3142310020824273,
    "robot-gripping(red-can-of-soda)": 0.27962625709672767
}