{
    "on-table(milk-carton,wood-table)": 0.1345963439089246,
    "on-table(milk-carton,black-table)": 0.7768021003964046,
    "on-table(milk-carton,white-table)": 0.09418995160376653,
    "on-table(lemon,wood-table)": 0.23214943100659488,
    "on-table(lemon,black-table)": 0.0010774368940171068,
    "on-table(lemon,white-table)": 0.8916771858930588,
    "on-table(green-bottle,wood-table)": 0.8165350682878246,
    "on-table(green-bottle,black-table)": 0.14595109417613608,
    "on-table(green-bottle,white-table)": 0.0012277867519969732,
    "on-table(loaf-of-bread,wood-table)": 0.14716833845401803,
    "on-table(loaf-of-bread,black-table)": 0.44997050617045414,
    "on-table(loaf-of-bread,white-table)": 0.2620247757877223,
    "on-table(red-box-of-cereal,wood-table)": 0.17394954109719643,
    "on-table(red-box-of-cereal,black-table)": 0.549321163756152,
    "on-table(red-box-of-cereal,white-table)": 0.023778123524001177,
    "on-table(red-can-of-soda,wood-table)": 0.15963170751698877,
    "on-table(red-can-of-soda,black-table)": 0.7612903567496687,
    "on-table(red-can-of-soda,white-table)": 0.0073239516256838515,
    "robot-gripper-empty()": 0.9394137064615885,
    "robot-gripping(milk-carton)": 0.0939459962149461,
    "robot-gripping(lemon)": 0.07114795215117435,
    "robot-gripping(green-bottle)": 0.1649339582072571,
    "robot-gripping(loaf-of-bread)": 0.054275915026664734,
    "robot-gripping(red-box-of-cereal)": 0.028088887183306117,
    "robot-gripping(red-can-of-soda)": 0.0958322884204487
}