{
    "on-table(milk-carton,wood-table)": 0.31775631367539364,
    "on-table(milk-carton,black-table)": 0.07506129575631348,
    "on-table(milk-carton,white-table)": 0.5311400288095077,
    "on-table(lemon,wood-table)": 0.1677550406990728,
    "on-table(lemon,black-table)": 0.004927041084480758,
    "on-table(lemon,white-table)": 0.8302497351542115,
    "on-table(green-bottle,wood-table)": 0.16082013782094387,
    "on-table(green-bottle,black-table)": 0.0035730381476544912,
    "on-table(green-bottle,white-table)": 0.8523254655301571,
    "on-table(loaf-of-bread,wood-table)": 0.2780798311966161,
    "on-table(loaf-of-bread,black-table)": 0.06840262088614206,
    "on-table(loaf-of-bread,white-table)": 0.2089433347185453,
    "on-table(red-box-of-cereal,wood-table)": 0.01438980623303602,
    "on-table(red-box-of-cereal,black-table)": 0.003085937370390942,
    "on-table(red-box-of-cereal,white-table)": 0.5037567103281617,
    "on-table(red-can-of-soda,wood-table)": 0.19489078850407773,
    "on-table(red-can-of-soda,black-table)": 0.0005135524615980103,
    "on-table(red-can-of-soda,white-table)": 0.6707066050730646,
    "robot-gripper-empty()": 0.7105721980333328,
    "robot-gripping(milk-carton)": 0.5417371441920599,
    "robot-gripping(lemon)": 0.11352765001356602,
    "robot-gripping(green-bottle)": 0.15354666920999685,
    "robot-gripping(loaf-of-bread)": 0.33348919575413066,
    "robot-gripping(red-box-of-cereal)": 0.23364126589149237,
    "robot-gripping(red-can-of-soda)": 0.38037567896147567
}