{
    "on-table(milk-carton,wood-table)": 0.2962967423760953,
    "on-table(milk-carton,black-table)": 0.8277034809192022,
    "on-table(milk-carton,white-table)": 0.052041907863895176,
    "on-table(lemon,wood-table)": 0.252173720432135,
    "on-table(lemon,black-table)": 0.02771106436352966,
    "on-table(lemon,white-table)": 0.9344838261604309,
    "on-table(green-bottle,wood-table)": 0.1678036451776279,
    "on-table(green-bottle,black-table)": 0.004349412186343216,
    "on-table(green-bottle,white-table)": 0.8358054699686667,
    "on-table(loaf-of-bread,wood-table)": 0.7827012247095505,
    "on-table(loaf-of-bread,black-table)": 0.11882025672336265,
    "on-table(loaf-of-bread,white-table)": 0.16737440058689876,
    "on-table(red-box-of-cereal,wood-table)": 0.1669475643405652,
    "on-table(red-box-of-cereal,black-table)": 0.7355579162637392,
    "on-table(red-box-of-cereal,white-table)": 0.004609405251054947,
    "on-table(red-can-of-soda,wood-table)": 0.29950269522426726,
    "on-table(red-can-of-soda,black-table)": 0.901064415772756,
    "on-table(red-can-of-soda,white-table)": 0.0023458348153629536,
    "robot-gripper-empty()": 0.9258774121602377,
    "robot-gripping(milk-carton)": 0.13859943160787225,
    "robot-gripping(lemon)": 0.046585606837955616,
    "robot-gripping(green-bottle)": 0.006245601214080428,
    "robot-gripping(loaf-of-bread)": 0.12230873278652628,
    "robot-gripping(red-box-of-cereal)": 0.12817270735589167,
    "robot-gripping(red-can-of-soda)": 0.1596285755901287
}