{
    "on-table(milk-carton,wood-table)": 0.615901085237662,
    "on-table(milk-carton,black-table)": 0.20797811345740533,
    "on-table(milk-carton,white-table)": 0.12548403319669887,
    "on-table(lemon,wood-table)": 0.010772701900956841,
    "on-table(lemon,black-table)": 0.1679433257668279,
    "on-table(lemon,white-table)": 0.15300586260855198,
    "on-table(green-bottle,wood-table)": 0.0007664731674594805,
    "on-table(green-bottle,black-table)": 0.004185630600356187,
    "on-table(green-bottle,white-table)": 0.3180491491608943,
    "on-table(loaf-of-bread,wood-table)": 0.3951461464166641,
    "on-table(loaf-of-bread,black-table)": 0.3743477127475974,
    "on-table(loaf-of-bread,white-table)": 0.16138461222484088,
    "on-table(red-box-of-cereal,wood-table)": 0.9922222991784414,
    "on-table(red-box-of-cereal,black-table)": 0.34786189537741546,
    "on-table(red-box-of-cereal,white-table)": 0.2686217358016923,
    "on-table(red-can-of-soda,wood-table)": 0.6530398389634987,
    "on-table(red-can-of-soda,black-table)": 0.9821738998095194,
    "on-table(red-can-of-soda,white-table)": 0.049382339205294556,
    "robot-gripper-empty()": 0.8822030375401179,
    "robot-gripping(milk-carton)": 0.19430287120242914,
    "robot-gripping(lemon)": 0.03019523562397808,
    "robot-gripping(green-bottle)": 0.014674226093726853,
    "robot-gripping(loaf-of-bread)": 0.10517147090286016,
    "robot-gripping(red-box-of-cereal)": 0.18392702486986914,
    "robot-gripping(red-can-of-soda)": 0.16683381920059523
}