{
    "on-table(milk-carton,wood-table)": 0.5890889692430695,
    "on-table(milk-carton,black-table)": 0.19693635613657534,
    "on-table(milk-carton,white-table)": 0.15937759261578321,
    "on-table(lemon,wood-table)": 0.853571871916453,
    "on-table(lemon,black-table)": 0.188121221022584,
    "on-table(lemon,white-table)": 0.054741066766534154,
    "on-table(green-bottle,wood-table)": 0.8469187381366888,
    "on-table(green-bottle,black-table)": 0.1918524575558346,
    "on-table(green-bottle,white-table)": 0.010302761619451909,
    "on-table(loaf-of-bread,wood-table)": 0.677917925020059,
    "on-table(loaf-of-bread,black-table)": 0.07851257092382487,
    "on-table(loaf-of-bread,white-table)": 0.1658976401140535,
    "on-table(red-box-of-cereal,wood-table)": 0.3258623178116977,
    "on-table(red-box-of-cereal,black-table)": 0.27741729501091567,
    "on-table(red-box-of-cereal,white-table)": 0.08394043269800022,
    "on-table(red-can-of-soda,wood-table)": 0.958654522895813,
    "on-table(red-can-of-soda,black-table)": 0.31309872365288055,
    "on-table(red-can-of-soda,white-table)": 0.07082589127859744,
    "robot-gripper-empty()": 0.9551289081573486,
    "robot-gripping(milk-carton)": 0.39618486538529396,
    "robot-gripping(lemon)": 0.1286645233631134,
    "robot-gripping(green-bottle)": 0.1533898717413346,
    "robot-gripping(loaf-of-bread)": 0.12255918607115746,
    "robot-gripping(red-box-of-cereal)": 0.051852377131581306,
    "robot-gripping(red-can-of-soda)": 0.1521421025196711
}