{
    "on-table(milk-carton,wood-table)": 0.29574757007261115,
    "on-table(milk-carton,black-table)": 0.07225659910667066,
    "on-table(milk-carton,white-table)": 0.6644231647563478,
    "on-table(lemon,wood-table)": 0.07115657139608327,
    "on-table(lemon,black-table)": 0.10060964882723056,
    "on-table(lemon,white-table)": 0.0920586737532479,
    "on-table(green-bottle,wood-table)": 0.27905446927858674,
    "on-table(green-bottle,black-table)": 0.0022307759184817164,
    "on-table(green-bottle,white-table)": 0.9392014145851135,
    "on-table(loaf-of-bread,wood-table)": 0.2648103676425914,
    "on-table(loaf-of-bread,black-table)": 0.04674134477196882,
    "on-table(loaf-of-bread,white-table)": 0.14265797626770413,
    "on-table(red-box-of-cereal,wood-table)": 0.12010685554317509,
    "on-table(red-box-of-cereal,black-table)": 0.002963538180968802,
    "on-table(red-box-of-cereal,white-table)": 0.5527332747975985,
    "on-table(red-can-of-soda,wood-table)": 0.09744349441219431,
    "on-table(red-can-of-soda,black-table)": 0.00035706822988383163,
    "on-table(red-can-of-soda,white-table)": 0.6735183853694858,
    "robot-gripper-empty()": 0.9327577551205953,
    "robot-gripping(milk-carton)": 0.311935480684042,
    "robot-gripping(lemon)": 0.08555606255928676,
    "robot-gripping(green-bottle)": 0.053852677810937166,
    "robot-gripping(loaf-of-bread)": 0.11840602569282055,
    "robot-gripping(red-box-of-cereal)": 0.053737629243793585,
    "robot-gripping(red-can-of-soda)": 0.12682927089432874
}