{
    "on-table(milk-carton,wood-table)": 0.05651434796163812,
    "on-table(milk-carton,black-table)": 0.013223814380277569,
    "on-table(milk-carton,white-table)": 0.08709387869263689,
    "on-table(lemon,wood-table)": 0.5117571152901897,
    "on-table(lemon,black-table)": 0.005583868598174983,
    "on-table(lemon,white-table)": 0.020053888925152325,
    "on-table(green-bottle,wood-table)": 0.01601139998092549,
    "on-table(green-bottle,black-table)": 0.8329539904370904,
    "on-table(green-bottle,white-table)": 0.0006431282427001861,
    "on-table(loaf-of-bread,wood-table)": 0.18523220360899964,
    "on-table(loaf-of-bread,black-table)": 0.08597448316383331,
    "on-table(loaf-of-bread,white-table)": 0.18602111037277305,
    "on-table(red-box-of-cereal,wood-table)": 0.23135804670164362,
    "on-table(red-box-of-cereal,black-table)": 0.004956871423928533,
    "on-table(red-box-of-cereal,white-table)": 0.08235701598459855,
    "on-table(red-can-of-soda,wood-table)": 0.6674431660649134,
    "on-table(red-can-of-soda,black-table)": 0.1658085734015534,
    "on-table(red-can-of-soda,white-table)": 0.007443085237961593,
    "robot-gripper-empty()": 0.7090554038683573,
    "robot-gripping(milk-carton)": 0.10716087588419516,
    "robot-gripping(lemon)": 0.03864213451743126,
    "robot-gripping(green-bottle)": 0.170993135679358,
    "robot-gripping(loaf-of-bread)": 0.04240991842622558,
    "robot-gripping(red-box-of-cereal)": 0.04830424326549595,
    "robot-gripping(red-can-of-soda)": 0.1828912195051089
}