{
    "on-table(milk-carton,wood-table)": 0.13958617113530636,
    "on-table(milk-carton,black-table)": 0.4638647834459941,
    "on-table(milk-carton,white-table)": 0.15141472313553095,
    "on-table(lemon,wood-table)": 0.020746332835794117,
    "on-table(lemon,black-table)": 0.8291245164970557,
    "on-table(lemon,white-table)": 0.002291010389474953,
    "on-table(green-bottle,wood-table)": 0.20175277089583687,
    "on-table(green-bottle,black-table)": 0.9997217853864034,
    "on-table(green-bottle,white-table)": 0.01085627615592936,
    "on-table(loaf-of-bread,wood-table)": 0.08855764428153634,
    "on-table(loaf-of-bread,black-table)": 0.4449730387617213,
    "on-table(loaf-of-bread,white-table)": 0.035445937824988505,
    "on-table(red-box-of-cereal,wood-table)": 0.04951321679012229,
    "on-table(red-box-of-cereal,black-table)": 0.6345773665234447,
    "on-table(red-box-of-cereal,white-table)": 0.36137672591333586,
    "on-table(red-can-of-soda,wood-table)": 0.2086380594422129,
    "on-table(red-can-of-soda,black-table)": 0.09182763983365778,
    "on-table(red-can-of-soda,white-table)": 0.8417168545226256,
    "robot-gripper-empty()": 0.9768521885077158,
    "robot-gripping(milk-carton)": 0.2775395419448614,
    "robot-gripping(lemon)": 0.02755267945273469,
    "robot-gripping(green-bottle)": 0.017834071108760934,
    "robot-gripping(loaf-of-bread)": 0.07689022459089756,
    "robot-gripping(red-box-of-cereal)": 0.058272210570673146,
    "robot-gripping(red-can-of-soda)": 0.13927819843714437
}