{
    "on-table(milk-carton,wood-table)": 0.08470268283660214,
    "on-table(milk-carton,black-table)": 0.40991340794910985,
    "on-table(milk-carton,white-table)": 0.39874004794061574,
    "on-table(lemon,wood-table)": 0.8006469220854342,
    "on-table(lemon,black-table)": 0.16812863399138678,
    "on-table(lemon,white-table)": 0.001799492200992366,
    "on-table(green-bottle,wood-table)": 0.8330025737329075,
    "on-table(green-bottle,black-table)": 0.1686419173913881,
    "on-table(green-bottle,white-table)": 0.0011702228412862798,
    "on-table(loaf-of-bread,wood-table)": 0.09543704734339069,
    "on-table(loaf-of-bread,black-table)": 0.01853162340315369,
    "on-table(loaf-of-bread,white-table)": 0.05000760480955554,
    "on-table(red-box-of-cereal,wood-table)": 0.1775216214785663,
    "on-table(red-box-of-cereal,black-table)": 0.0045533822461341815,
    "on-table(red-box-of-cereal,white-table)": 0.8271903693675995,
    "on-table(red-can-of-soda,wood-table)": 0.16629750876745675,
    "on-table(red-can-of-soda,black-table)": 0.0024231635364534063,
    "on-table(red-can-of-soda,white-table)": 0.9958469072977701,
    "robot-gripper-empty()": 0.8510423650344213,
    "robot-gripping(milk-carton)": 0.1088356541780134,
    "robot-gripping(lemon)": 0.04624754019702474,
    "robot-gripping(green-bottle)": 0.17974774655885994,
    "robot-gripping(loaf-of-bread)": 0.06911419456203778,
    "robot-gripping(red-box-of-cereal)": 0.02951372788811568,
    "robot-gripping(red-can-of-soda)": 0.07312372602367152
}