{
    "on-table(milk-carton,wood-table)": 0.06473676487803459,
    "on-table(milk-carton,black-table)": 0.543559598736465,
    "on-table(milk-carton,white-table)": 0.008635255023060987,
    "on-table(lemon,wood-table)": 0.21977691483819703,
    "on-table(lemon,black-table)": 0.028680462630897335,
    "on-table(lemon,white-table)": 0.871114785472552,
    "on-table(green-bottle,wood-table)": 0.0029954149673964516,
    "on-table(green-bottle,black-table)": 0.014309569470545588,
    "on-table(green-bottle,white-table)": 0.19267999589646934,
    "on-table(loaf-of-bread,wood-table)": 0.3217173848922054,
    "on-table(loaf-of-bread,black-table)": 0.5208218526095152,
    "on-table(loaf-of-bread,white-table)": 0.12283073326883216,
    "on-table(red-box-of-cereal,wood-table)": 0.20039289174989486,
    "on-table(red-box-of-cereal,black-table)": 0.8494990008572737,
    "on-table(red-box-of-cereal,white-table)": 0.06660839427847047,
    "on-table(red-can-of-soda,wood-table)": 0.14982286274122694,
    "on-table(red-can-of-soda,black-table)": 0.8818122943242391,
    "on-table(red-can-of-soda,white-table)": 0.015256566764643745,
    "robot-gripper-empty()": 0.8793583909670512,
    "robot-gripping(milk-carton)": 0.20380924424777427,
    "robot-gripping(lemon)": 0.07927662654158969,
    "robot-gripping(green-bottle)": 0.04158233595080674,
    "robot-gripping(loaf-of-bread)": 0.18659266425917545,
    "robot-gripping(red-box-of-cereal)": 0.175752647065868,
    "robot-gripping(red-can-of-soda)": 0.22466944080467025
}