{
    "on-table(milk-carton,wood-table)": 0.40246664686128497,
    "on-table(milk-carton,black-table)": 0.555593258390824,
    "on-table(milk-carton,white-table)": 0.38438213996899623,
    "on-table(lemon,wood-table)": 0.346007214281902,
    "on-table(lemon,black-table)": 0.5873254085890949,
    "on-table(lemon,white-table)": 0.03139564922048521,
    "on-table(green-bottle,wood-table)": 0.17944211674815355,
    "on-table(green-bottle,black-table)": 0.7923169049123923,
    "on-table(green-bottle,white-table)": 0.010132688145252663,
    "on-table(loaf-of-bread,wood-table)": 0.823179746667544,
    "on-table(loaf-of-bread,black-table)": 0.35801705772367615,
    "on-table(loaf-of-bread,white-table)": 0.14577319509893036,
    "on-table(red-box-of-cereal,wood-table)": 0.3264154871770491,
    "on-table(red-box-of-cereal,black-table)": 0.5624348030736049,
    "on-table(red-box-of-cereal,white-table)": 0.3736128009428891,
    "on-table(red-can-of-soda,wood-table)": 0.16940426684838408,
    "on-table(red-can-of-soda,black-table)": 0.030220748512116796,
    "on-table(red-can-of-soda,white-table)": 0.8442875308295091,
    "robot-gripper-empty()": 0.9139887491861979,
    "robot-gripping(milk-carton)": 0.19646353212495646,
    "robot-gripping(lemon)": 0.0761876458612581,
    "robot-gripping(green-bottle)": 0.1652553379923726,
    "robot-gripping(loaf-of-bread)": 0.22258785949088633,
    "robot-gripping(red-box-of-cereal)": 0.11917858454398811,
    "robot-gripping(red-can-of-soda)": 0.07545286556705832
}