{
    "on-table(milk-carton,wood-table)": 0.04789158361866915,
    "on-table(milk-carton,black-table)": 0.3630651099374518,
    "on-table(milk-carton,white-table)": 0.38609596238893573,
    "on-table(lemon,wood-table)": 0.8353548397620519,
    "on-table(lemon,black-table)": 0.1683874519890954,
    "on-table(lemon,white-table)": 0.002278684503153272,
    "on-table(green-bottle,wood-table)": 0.1711213439994026,
    "on-table(green-bottle,black-table)": 0.16946126591938082,
    "on-table(green-bottle,white-table)": 0.002429042194611005,
    "on-table(loaf-of-bread,wood-table)": 0.05829833679793713,
    "on-table(loaf-of-bread,black-table)": 0.005242863204330206,
    "on-table(loaf-of-bread,white-table)": 0.08327529800590128,
    "on-table(red-box-of-cereal,wood-table)": 0.1680416479939595,
    "on-table(red-box-of-cereal,black-table)": 0.0011212604464769054,
    "on-table(red-box-of-cereal,white-table)": 0.8328972117354473,
    "on-table(red-can-of-soda,wood-table)": 0.15484873040016586,
    "on-table(red-can-of-soda,black-table)": 0.0034898530128278558,
    "on-table(red-can-of-soda,white-table)": 0.9714740614096323,
    "robot-gripper-empty()": 0.355299053597264,
    "robot-gripping(milk-carton)": 0.35102527390699834,
    "robot-gripping(lemon)": 0.18003471222861359,
    "robot-gripping(green-bottle)": 0.8152244538068771,
    "robot-gripping(loaf-of-bread)": 0.0662511217718323,
    "robot-gripping(red-box-of-cereal)": 0.029307726908882614,
    "robot-gripping(red-can-of-soda)": 0.07213212373608258
}