{
    "on-table(milk-carton,wood-table)": 0.5442410405958071,
    "on-table(milk-carton,black-table)": 0.5967212930942575,
    "on-table(milk-carton,white-table)": 0.130835215314922,
    "on-table(lemon,wood-table)": 0.7994190249592066,
    "on-table(lemon,black-table)": 0.2776737484394592,
    "on-table(lemon,white-table)": 0.11207030459869809,
    "on-table(green-bottle,wood-table)": 0.7007903077950081,
    "on-table(green-bottle,black-table)": 0.3605041065792041,
    "on-table(green-bottle,white-table)": 0.12368696871201716,
    "on-table(loaf-of-bread,wood-table)": 0.7593660744993637,
    "on-table(loaf-of-bread,black-table)": 0.2863447313478294,
    "on-table(loaf-of-bread,white-table)": 0.14177781245477186,
    "on-table(red-box-of-cereal,wood-table)": 0.9429607192675272,
    "on-table(red-box-of-cereal,black-table)": 0.2494187082515964,
    "on-table(red-box-of-cereal,white-table)": 0.08701632514945838,
    "on-table(red-can-of-soda,wood-table)": 0.7378109552179618,
    "on-table(red-can-of-soda,black-table)": 0.2238820137864271,
    "on-table(red-can-of-soda,white-table)": 0.07669540204483383,
    "robot-gripper-empty()": 0.9172513882319132,
    "robot-gripping(milk-carton)": 0.06728470046073198,
    "robot-gripping(lemon)": 0.0894061579213788,
    "robot-gripping(green-bottle)": 0.04192489113969108,
    "robot-gripping(loaf-of-bread)": 0.11736967787146568,
    "robot-gripping(red-box-of-cereal)": 0.1353944547396774,
    "robot-gripping(red-can-of-soda)": 0.16702384920790792
}