{
    "on-table(milk-carton,wood-table)": 0.25832112818413105,
    "on-table(milk-carton,black-table)": 0.5201476489504179,
    "on-table(milk-carton,white-table)": 0.0687968925461367,
    "on-table(lemon,wood-table)": 0.33599805146999034,
    "on-table(lemon,black-table)": 0.006092281504227988,
    "on-table(lemon,white-table)": 0.9580238064130148,
    "on-table(green-bottle,wood-table)": 0.014146497633191757,
    "on-table(green-bottle,black-table)": 0.0031766561073709454,
    "on-table(green-bottle,white-table)": 0.6742932860118648,
    "on-table(loaf-of-bread,wood-table)": 0.2209263426872591,
    "on-table(loaf-of-bread,black-table)": 0.011704375268891454,
    "on-table(loaf-of-bread,white-table)": 0.049115597064277004,
    "on-table(red-box-of-cereal,wood-table)": 0.3921010671377492,
    "on-table(red-box-of-cereal,black-table)": 0.26207047741506057,
    "on-table(red-box-of-cereal,white-table)": 0.1482112810244871,
    "on-table(red-can-of-soda,wood-table)": 0.9909274478753408,
    "on-table(red-can-of-soda,black-table)": 0.3323237332043429,
    "on-table(red-can-of-soda,white-table)": 0.15024191090374947,
    "robot-gripper-empty()": 0.8529561112324396,
    "robot-gripping(milk-carton)": 0.12605471350252628,
    "robot-gripping(lemon)": 0.09143720920352887,
    "robot-gripping(green-bottle)": 0.03144346730550751,
    "robot-gripping(loaf-of-bread)": 0.08061152479300897,
    "robot-gripping(red-box-of-cereal)": 0.022994139076520998,
    "robot-gripping(red-can-of-soda)": 0.19871832593344152
}