{
    "on-table(milk-carton,wood-table)": 0.5294813963118941,
    "on-table(milk-carton,black-table)": 0.5907751749036834,
    "on-table(milk-carton,white-table)": 0.13619342028202178,
    "on-table(lemon,wood-table)": 0.1930591588219007,
    "on-table(lemon,black-table)": 0.5633232782905301,
    "on-table(lemon,white-table)": 0.0033420417057641316,
    "on-table(green-bottle,wood-table)": 0.19755035101358467,
    "on-table(green-bottle,black-table)": 0.9992099205652872,
    "on-table(green-bottle,white-table)": 0.0017666517042016494,
    "on-table(loaf-of-bread,wood-table)": 0.31912480543057126,
    "on-table(loaf-of-bread,black-table)": 0.1201326818166611,
    "on-table(loaf-of-bread,white-table)": 0.1803737542456171,
    "on-table(red-box-of-cereal,wood-table)": 0.9681679308414459,
    "on-table(red-box-of-cereal,black-table)": 0.33501464692138444,
    "on-table(red-box-of-cereal,white-table)": 0.0659388288631817,
    "on-table(red-can-of-soda,wood-table)": 0.5379264540194223,
    "on-table(red-can-of-soda,black-table)": 0.9455989400545756,
    "on-table(red-can-of-soda,white-table)": 0.0043698179530717125,
    "robot-gripper-empty()": 0.790760523484399,
    "robot-gripping(milk-carton)": 0.14024981732169786,
    "robot-gripping(lemon)": 0.21807744012524685,
    "robot-gripping(green-bottle)": 0.046105561312288046,
    "robot-gripping(loaf-of-bread)": 0.21152903201679388,
    "robot-gripping(red-box-of-cereal)": 0.06922227477965255,
    "robot-gripping(red-can-of-soda)": 0.13149765537430844
}