{
    "on-table(milk-carton,wood-table)": 0.05004648584872484,
    "on-table(milk-carton,black-table)": 0.6830563778057694,
    "on-table(milk-carton,white-table)": 0.09082978230920465,
    "on-table(lemon,wood-table)": 0.8633088519175848,
    "on-table(lemon,black-table)": 0.2192011964474053,
    "on-table(lemon,white-table)": 0.015298792886217901,
    "on-table(green-bottle,wood-table)": 0.1682002361631021,
    "on-table(green-bottle,black-table)": 0.0049501988631467,
    "on-table(green-bottle,white-table)": 0.9976717829704285,
    "on-table(loaf-of-bread,wood-table)": 0.20513359166216105,
    "on-table(loaf-of-bread,black-table)": 0.4469320972760518,
    "on-table(loaf-of-bread,white-table)": 0.028579351355195588,
    "on-table(red-box-of-cereal,wood-table)": 0.012946173024829477,
    "on-table(red-box-of-cereal,black-table)": 0.2908146263992724,
    "on-table(red-box-of-cereal,white-table)": 0.04105021950575368,
    "on-table(red-can-of-soda,wood-table)": 0.12131766490104685,
    "on-table(red-can-of-soda,black-table)": 0.8332713353447616,
    "on-table(red-can-of-soda,white-table)": 0.001812530074857932,
    "robot-gripper-empty()": 0.8541880498329798,
    "robot-gripping(milk-carton)": 0.14687303826212883,
    "robot-gripping(lemon)": 0.1862613863001267,
    "robot-gripping(green-bottle)": 0.031039367747628905,
    "robot-gripping(loaf-of-bread)": 0.10049840334492426,
    "robot-gripping(red-box-of-cereal)": 0.045720457778467484,
    "robot-gripping(red-can-of-soda)": 0.12351610453333706
}