{
    "on-table(milk-carton,wood-table)": 0.21103293316749236,
    "on-table(milk-carton,black-table)": 0.789735327164332,
    "on-table(milk-carton,white-table)": 0.21255365175602492,
    "on-table(lemon,wood-table)": 0.2724730063152189,
    "on-table(lemon,black-table)": 0.8187286406755447,
    "on-table(lemon,white-table)": 0.3134244312307904,
    "on-table(green-bottle,wood-table)": 0.31157493878466386,
    "on-table(green-bottle,black-table)": 0.9954454600811005,
    "on-table(green-bottle,white-table)": 0.27980666898141254,
    "on-table(loaf-of-bread,wood-table)": 0.20562257051157454,
    "on-table(loaf-of-bread,black-table)": 0.6238727867603302,
    "on-table(loaf-of-bread,white-table)": 0.22484282442989448,
    "on-table(red-box-of-cereal,wood-table)": 0.5504149839592477,
    "on-table(red-box-of-cereal,black-table)": 0.6672913221797595,
    "on-table(red-box-of-cereal,white-table)": 0.050761257338308496,
    "on-table(red-can-of-soda,wood-table)": 0.8720274741450945,
    "on-table(red-can-of-soda,black-table)": 0.33455294190874457,
    "on-table(red-can-of-soda,white-table)": 0.008136844932475166,
    "robot-gripper-empty()": 0.8977903723716736,
    "robot-gripping(milk-carton)": 0.12694192491471767,
    "robot-gripping(lemon)": 0.06498964922502637,
    "robot-gripping(green-bottle)": 0.04526336180667082,
    "robot-gripping(loaf-of-bread)": 0.09677004752059777,
    "robot-gripping(red-box-of-cereal)": 0.06174558602894346,
    "robot-gripping(red-can-of-soda)": 0.18086441846874854
}