{
    "on-table(milk-carton,wood-table)": 0.1557193549039463,
    "on-table(milk-carton,black-table)": 0.32734301189581555,
    "on-table(milk-carton,white-table)": 0.5150825806776993,
    "on-table(lemon,wood-table)": 0.28920585197435383,
    "on-table(lemon,black-table)": 0.31268485258260625,
    "on-table(lemon,white-table)": 0.003660657511621442,
    "on-table(green-bottle,wood-table)": 0.9982382853825887,
    "on-table(green-bottle,black-table)": 0.33403790379977255,
    "on-table(green-bottle,white-table)": 0.0007641499757179796,
    "on-table(loaf-of-bread,wood-table)": 0.1536909657685707,
    "on-table(loaf-of-bread,black-table)": 0.4597540598673125,
    "on-table(loaf-of-bread,white-table)": 0.2533030246146761,
    "on-table(red-box-of-cereal,wood-table)": 0.05431072679736341,
    "on-table(red-box-of-cereal,black-table)": 0.1823866568156518,
    "on-table(red-box-of-cereal,white-table)": 0.6734428838826716,
    "on-table(red-can-of-soda,wood-table)": 0.16069406756287208,
    "on-table(red-can-of-soda,black-table)": 0.8138405729502362,
    "on-table(red-can-of-soda,white-table)": 0.227128596192415,
    "robot-gripper-empty()": 0.9451968570550283,
    "robot-gripping(milk-carton)": 0.1215407329921921,
    "robot-gripping(lemon)": 0.03520496375858784,
    "robot-gripping(green-bottle)": 0.11004994879476726,
    "robot-gripping(loaf-of-bread)": 0.08017159160226583,
    "robot-gripping(red-box-of-cereal)": 0.04693538914337599,
    "robot-gripping(red-can-of-soda)": 0.08722098747966811
}