{
    "on-table(milk-carton,wood-table)": 0.20663089440980306,
    "on-table(milk-carton,black-table)": 0.753662313024203,
    "on-table(milk-carton,white-table)": 0.07296474760854228,
    "on-table(lemon,wood-table)": 0.0203840005172727,
    "on-table(lemon,black-table)": 0.4782192594357184,
    "on-table(lemon,white-table)": 0.03653908774140291,
    "on-table(green-bottle,wood-table)": 0.15751956601889106,
    "on-table(green-bottle,black-table)": 0.0015952397481745113,
    "on-table(green-bottle,white-table)": 0.834706891172876,
    "on-table(loaf-of-bread,wood-table)": 0.31678448683427024,
    "on-table(loaf-of-bread,black-table)": 0.48052969699104625,
    "on-table(loaf-of-bread,white-table)": 0.018239247011176,
    "on-table(red-box-of-cereal,wood-table)": 0.36981727011152543,
    "on-table(red-box-of-cereal,black-table)": 0.3432768964363883,
    "on-table(red-box-of-cereal,white-table)": 0.28886565937136766,
    "on-table(red-can-of-soda,wood-table)": 0.2421390375432869,
    "on-table(red-can-of-soda,black-table)": 0.005330386922044757,
    "on-table(red-can-of-soda,white-table)": 0.6831409018486738,
    "robot-gripper-empty()": 0.537545617747431,
    "robot-gripping(milk-carton)": 0.4419795523087184,
    "robot-gripping(lemon)": 0.0962798612502714,
    "robot-gripping(green-bottle)": 0.014261002788164964,
    "robot-gripping(loaf-of-bread)": 0.41406424157321453,
    "robot-gripping(red-box-of-cereal)": 0.6015784616271654,
    "robot-gripping(red-can-of-soda)": 0.6138530746102333
}