{
    "on-table(milk-carton,wood-table)": 0.3094510237763946,
    "on-table(milk-carton,black-table)": 0.5188210209210714,
    "on-table(milk-carton,white-table)": 0.31169016637916985,
    "on-table(lemon,wood-table)": 0.17662539802646884,
    "on-table(lemon,black-table)": 0.19712475011571465,
    "on-table(lemon,white-table)": 0.139153155774693,
    "on-table(green-bottle,wood-table)": 0.16800584834224233,
    "on-table(green-bottle,black-table)": 0.16862599711627504,
    "on-table(green-bottle,white-table)": 0.004464408668961066,
    "on-table(loaf-of-bread,wood-table)": 0.6353020171324412,
    "on-table(loaf-of-bread,black-table)": 0.14615461961754286,
    "on-table(loaf-of-bread,white-table)": 0.5705797606691098,
    "on-table(red-box-of-cereal,wood-table)": 0.9789083103338877,
    "on-table(red-box-of-cereal,black-table)": 0.0921297891024248,
    "on-table(red-box-of-cereal,white-table)": 0.5922107206812749,
    "on-table(red-can-of-soda,wood-table)": 0.9980091253916422,
    "on-table(red-can-of-soda,black-table)": 0.16968404408680726,
    "on-table(red-can-of-soda,white-table)": 0.2687913425331014,
    "robot-gripper-empty()": 0.31104221145506017,
    "robot-gripping(milk-carton)": 0.10994741817315419,
    "robot-gripping(lemon)": 0.2781595525642236,
    "robot-gripping(green-bottle)": 0.8138860620868703,
    "robot-gripping(loaf-of-bread)": 0.0878343780641444,
    "robot-gripping(red-box-of-cereal)": 0.04930898688811188,
    "robot-gripping(red-can-of-soda)": 0.10741851115987326
}