{
    "on-table(milk-carton,wood-table)": 0.7693524857362112,
    "on-table(milk-carton,black-table)": 0.5098696202039719,
    "on-table(milk-carton,white-table)": 0.09229342696683791,
    "on-table(lemon,wood-table)": 0.03961209907720331,
    "on-table(lemon,black-table)": 0.8120302309592565,
    "on-table(lemon,white-table)": 0.008305594801565045,
    "on-table(green-bottle,wood-table)": 0.0601771331372826,
    "on-table(green-bottle,black-table)": 0.008934334315085835,
    "on-table(green-bottle,white-table)": 0.9581757485866547,
    "on-table(loaf-of-bread,wood-table)": 0.17596458488454422,
    "on-table(loaf-of-bread,black-table)": 0.46185247506946325,
    "on-table(loaf-of-bread,white-table)": 0.038619081295716264,
    "on-table(red-box-of-cereal,wood-table)": 0.1809378189597434,
    "on-table(red-box-of-cereal,black-table)": 0.8378762304782867,
    "on-table(red-box-of-cereal,white-table)": 0.16269488061273782,
    "on-table(red-can-of-soda,wood-table)": 0.1546402839400495,
    "on-table(red-can-of-soda,black-table)": 0.1648283519968269,
    "on-table(red-can-of-soda,white-table)": 0.8463054224848747,
    "robot-gripper-empty()": 0.6973951210578283,
    "robot-gripping(milk-carton)": 0.5378891825675964,
    "robot-gripping(lemon)": 0.28747548907995224,
    "robot-gripping(green-bottle)": 0.07602794871975978,
    "robot-gripping(loaf-of-bread)": 0.34990949804584187,
    "robot-gripping(red-box-of-cereal)": 0.4395909135540326,
    "robot-gripping(red-can-of-soda)": 0.339797992259264
}