{
    "on-table(milk-carton,wood-table)": 0.18734276030833522,
    "on-table(milk-carton,black-table)": 0.4650423141817252,
    "on-table(milk-carton,white-table)": 0.4356439456229661,
    "on-table(lemon,wood-table)": 0.019100252911812277,
    "on-table(lemon,black-table)": 0.004790404237761929,
    "on-table(lemon,white-table)": 0.2967329778934982,
    "on-table(green-bottle,wood-table)": 0.16340319770097267,
    "on-table(green-bottle,black-table)": 0.8334922310120115,
    "on-table(green-bottle,white-table)": 0.0016838949210675007,
    "on-table(loaf-of-bread,wood-table)": 0.14020250799755254,
    "on-table(loaf-of-bread,black-table)": 0.022598231056084234,
    "on-table(loaf-of-bread,white-table)": 0.18432107381522655,
    "on-table(red-box-of-cereal,wood-table)": 0.28320962671811384,
    "on-table(red-box-of-cereal,black-table)": 0.0035094066479359753,
    "on-table(red-box-of-cereal,white-table)": 0.8237760420888662,
    "on-table(red-can-of-soda,wood-table)": 0.33099722158901085,
    "on-table(red-can-of-soda,black-table)": 0.003267738771683071,
    "on-table(red-can-of-soda,white-table)": 0.8941132972637812,
    "robot-gripper-empty()": 0.677697996298472,
    "robot-gripping(milk-carton)": 0.4737909014026324,
    "robot-gripping(lemon)": 0.18833779202153286,
    "robot-gripping(green-bottle)": 0.14645864410946766,
    "robot-gripping(loaf-of-bread)": 0.305127564817667,
    "robot-gripping(red-box-of-cereal)": 0.3465440341581901,
    "robot-gripping(red-can-of-soda)": 0.3912235014140606
}