{
    "on-table(milk-carton,wood-table)": 0.3221402907729498,
    "on-table(milk-carton,black-table)": 0.0018559222016847343,
    "on-table(milk-carton,white-table)": 0.6712561018454531,
    "on-table(lemon,wood-table)": 0.1749008974463019,
    "on-table(lemon,black-table)": 0.010991181300293343,
    "on-table(lemon,white-table)": 0.8367077832420667,
    "on-table(green-bottle,wood-table)": 0.1686670959024923,
    "on-table(green-bottle,black-table)": 0.8297614168453341,
    "on-table(green-bottle,white-table)": 0.05987417967480724,
    "on-table(loaf-of-bread,wood-table)": 0.1678112733643502,
    "on-table(loaf-of-bread,black-table)": 0.002507403628745427,
    "on-table(loaf-of-bread,white-table)": 0.18381380359642208,
    "on-table(red-box-of-cereal,wood-table)": 0.3413311863259878,
    "on-table(red-box-of-cereal,black-table)": 0.1645962553733019,
    "on-table(red-box-of-cereal,white-table)": 0.0032907830688297204,
    "on-table(red-can-of-soda,wood-table)": 0.6328097507357597,
    "on-table(red-can-of-soda,black-table)": 0.21335697272055162,
    "on-table(red-can-of-soda,white-table)": 0.007246747266738869,
    "robot-gripper-empty()": 0.7543655508197844,
    "robot-gripping(milk-carton)": 0.1508092007910212,
    "robot-gripping(lemon)": 0.062218666969177626,
    "robot-gripping(green-bottle)": 0.174303248495562,
    "robot-gripping(loaf-of-bread)": 0.1152698469037811,
    "robot-gripping(red-box-of-cereal)": 0.043567494256421924,
    "robot-gripping(red-can-of-soda)": 0.17382123701584837
}