{
    "on-table(milk-carton,wood-table)": 0.21074404605315067,
    "on-table(milk-carton,black-table)": 0.6498402760674556,
    "on-table(milk-carton,white-table)": 0.09738244937640654,
    "on-table(lemon,wood-table)": 0.18265535942434022,
    "on-table(lemon,black-table)": 0.010641095965790251,
    "on-table(lemon,white-table)": 0.0046764732542214915,
    "on-table(green-bottle,wood-table)": 0.16756158714269986,
    "on-table(green-bottle,black-table)": 0.0007041822536090573,
    "on-table(green-bottle,white-table)": 0.8340212054705868,
    "on-table(loaf-of-bread,wood-table)": 0.35618579015135765,
    "on-table(loaf-of-bread,black-table)": 0.435772897520413,
    "on-table(loaf-of-bread,white-table)": 0.01459255546797067,
    "on-table(red-box-of-cereal,wood-table)": 0.19851381541229784,
    "on-table(red-box-of-cereal,black-table)": 0.777894316551586,
    "on-table(red-box-of-cereal,white-table)": 0.027973034755026067,
    "on-table(red-can-of-soda,wood-table)": 0.08249442388963264,
    "on-table(red-can-of-soda,black-table)": 0.6984958611428738,
    "on-table(red-can-of-soda,white-table)": 0.012520685314181415,
    "robot-gripper-empty()": 0.9216427703698477,
    "robot-gripping(milk-carton)": 0.1043736357241869,
    "robot-gripping(lemon)": 0.04155075798432032,
    "robot-gripping(green-bottle)": 0.008850790754271051,
    "robot-gripping(loaf-of-bread)": 0.06924062160154183,
    "robot-gripping(red-box-of-cereal)": 0.09759698590884607,
    "robot-gripping(red-can-of-soda)": 0.5203551898399988
}