{
    "on-table(milk-carton,wood-table)": 0.2727077807649039,
    "on-table(milk-carton,black-table)": 0.4854130372405052,
    "on-table(milk-carton,white-table)": 0.17063352456898428,
    "on-table(lemon,wood-table)": 0.18311105002067052,
    "on-table(lemon,black-table)": 0.0004060595418498754,
    "on-table(lemon,white-table)": 0.9752789735794067,
    "on-table(green-bottle,wood-table)": 0.8631170044342676,
    "on-table(green-bottle,black-table)": 0.21363730118569416,
    "on-table(green-bottle,white-table)": 0.020552239707512854,
    "on-table(loaf-of-bread,wood-table)": 0.16338616923894733,
    "on-table(loaf-of-bread,black-table)": 0.2533838715510986,
    "on-table(loaf-of-bread,white-table)": 0.17244787764987754,
    "on-table(red-box-of-cereal,wood-table)": 0.34842581446961657,
    "on-table(red-box-of-cereal,black-table)": 0.32501903180915787,
    "on-table(red-box-of-cereal,white-table)": 0.15265245010171688,
    "on-table(red-can-of-soda,wood-table)": 0.9792942702770233,
    "on-table(red-can-of-soda,black-table)": 0.3321521211460663,
    "on-table(red-can-of-soda,white-table)": 0.16459752999725197,
    "robot-gripper-empty()": 0.8685887505610784,
    "robot-gripping(milk-carton)": 0.1628781259059906,
    "robot-gripping(lemon)": 0.057141120467955865,
    "robot-gripping(green-bottle)": 0.18768644441540042,
    "robot-gripping(loaf-of-bread)": 0.06466984547053774,
    "robot-gripping(red-box-of-cereal)": 0.01770001758510868,
    "robot-gripping(red-can-of-soda)": 0.18348308435330787
}