{
    "on-table(milk-carton,wood-table)": 0.47520529478788376,
    "on-table(milk-carton,black-table)": 0.15637870934733655,
    "on-table(milk-carton,white-table)": 0.09143315451122665,
    "on-table(lemon,wood-table)": 0.07330381125211716,
    "on-table(lemon,black-table)": 0.0837516442600948,
    "on-table(lemon,white-table)": 0.08705247969191987,
    "on-table(green-bottle,wood-table)": 0.16834847953092927,
    "on-table(green-bottle,black-table)": 0.16871239459154216,
    "on-table(green-bottle,white-table)": 0.003074867338000331,
    "on-table(loaf-of-bread,wood-table)": 0.30702447704970837,
    "on-table(loaf-of-bread,black-table)": 0.1612985112781947,
    "on-table(loaf-of-bread,white-table)": 0.0937815685562479,
    "on-table(red-box-of-cereal,wood-table)": 0.07021979148945927,
    "on-table(red-box-of-cereal,black-table)": 0.12250953697851703,
    "on-table(red-box-of-cereal,white-table)": 0.008025672206713352,
    "on-table(red-can-of-soda,wood-table)": 0.024642477073939517,
    "on-table(red-can-of-soda,black-table)": 0.09015477924913284,
    "on-table(red-can-of-soda,white-table)": 0.005900182991657251,
    "robot-gripper-empty()": 0.21956113496950516,
    "robot-gripping(milk-carton)": 0.5006833225488663,
    "robot-gripping(lemon)": 0.5476182997226715,
    "robot-gripping(green-bottle)": 0.8205919318522016,
    "robot-gripping(loaf-of-bread)": 0.14885416112762564,
    "robot-gripping(red-box-of-cereal)": 0.02782719014309502,
    "robot-gripping(red-can-of-soda)": 0.07312399196477297
}