{
    "on-table(milk-carton,wood-table)": 0.66777237256368,
    "on-table(milk-carton,black-table)": 0.04186015979333509,
    "on-table(milk-carton,white-table)": 0.11453785642394602,
    "on-table(lemon,wood-table)": 0.8368863441670934,
    "on-table(lemon,black-table)": 0.16474506987447057,
    "on-table(lemon,white-table)": 0.0036019274414229585,
    "on-table(green-bottle,wood-table)": 0.3292427530383672,
    "on-table(green-bottle,black-table)": 0.998849223057429,
    "on-table(green-bottle,white-table)": 0.1105025904557048,
    "on-table(loaf-of-bread,wood-table)": 0.617881907771031,
    "on-table(loaf-of-bread,black-table)": 0.26194128358505014,
    "on-table(loaf-of-bread,white-table)": 0.18725728629321262,
    "on-table(red-box-of-cereal,wood-table)": 0.14133690804980384,
    "on-table(red-box-of-cereal,black-table)": 0.019613636531479035,
    "on-table(red-box-of-cereal,white-table)": 0.9918352464834849,
    "on-table(red-can-of-soda,wood-table)": 0.2813234858719322,
    "on-table(red-can-of-soda,black-table)": 0.006142522506706882,
    "on-table(red-can-of-soda,white-table)": 0.9958891173203787,
    "robot-gripper-empty()": 0.8431541522343954,
    "robot-gripping(milk-carton)": 0.1972533060858647,
    "robot-gripping(lemon)": 0.053024415081987776,
    "robot-gripping(green-bottle)": 0.1793260502939423,
    "robot-gripping(loaf-of-bread)": 0.04985804048677286,
    "robot-gripping(red-box-of-cereal)": 0.1455131902669867,
    "robot-gripping(red-can-of-soda)": 0.34765523734192055
}