{
    "on-table(milk-carton,wood-table)": 0.7344546467065811,
    "on-table(milk-carton,black-table)": 0.029994384487508796,
    "on-table(milk-carton,white-table)": 0.19789178989231004,
    "on-table(lemon,wood-table)": 0.16939818754629718,
    "on-table(lemon,black-table)": 0.8334108759881929,
    "on-table(lemon,white-table)": 0.05608754446711828,
    "on-table(green-bottle,wood-table)": 0.33415455666666577,
    "on-table(green-bottle,black-table)": 0.9994302491346995,
    "on-table(green-bottle,white-table)": 0.020621039498337268,
    "on-table(loaf-of-bread,wood-table)": 0.3915653702182074,
    "on-table(loaf-of-bread,black-table)": 0.002819220128003508,
    "on-table(loaf-of-bread,white-table)": 0.4954709295804302,
    "on-table(red-box-of-cereal,wood-table)": 0.6799910865568867,
    "on-table(red-box-of-cereal,black-table)": 0.009178447172416782,
    "on-table(red-box-of-cereal,white-table)": 0.011173685955782275,
    "on-table(red-can-of-soda,wood-table)": 0.8329555516247638,
    "on-table(red-can-of-soda,black-table)": 0.16705157884492414,
    "on-table(red-can-of-soda,white-table)": 0.0027392836506123786,
    "robot-gripper-empty()": 0.9593197206656138,
    "robot-gripping(milk-carton)": 0.1396391469364365,
    "robot-gripping(lemon)": 0.021078706602565944,
    "robot-gripping(green-bottle)": 0.05866215985345965,
    "robot-gripping(loaf-of-bread)": 0.08285606039377551,
    "robot-gripping(red-box-of-cereal)": 0.06032500373354802,
    "robot-gripping(red-can-of-soda)": 0.14090994015956917
}