{
    "on-table(milk-carton,wood-table)": 0.8121338735024134,
    "on-table(milk-carton,black-table)": 0.3068272986098843,
    "on-table(milk-carton,white-table)": 0.17226349587993658,
    "on-table(lemon,wood-table)": 0.23767423909157515,
    "on-table(lemon,black-table)": 0.05614903528476134,
    "on-table(lemon,white-table)": 0.08990122232838378,
    "on-table(green-bottle,wood-table)": 0.1684996880746136,
    "on-table(green-bottle,black-table)": 0.16992868663025243,
    "on-table(green-bottle,white-table)": 0.0036569091134879272,
    "on-table(loaf-of-bread,wood-table)": 0.8420704305171967,
    "on-table(loaf-of-bread,black-table)": 0.23485948471898155,
    "on-table(loaf-of-bread,white-table)": 0.04270218908792837,
    "on-table(red-box-of-cereal,wood-table)": 0.33675814835199464,
    "on-table(red-box-of-cereal,black-table)": 0.46387521978855756,
    "on-table(red-box-of-cereal,white-table)": 0.11191322033603986,
    "on-table(red-can-of-soda,wood-table)": 0.2094149010202576,
    "on-table(red-can-of-soda,black-table)": 0.3009349866509486,
    "on-table(red-can-of-soda,white-table)": 0.025869513056629028,
    "robot-gripper-empty()": 0.2074183238534412,
    "robot-gripping(milk-carton)": 0.3254705590661615,
    "robot-gripping(lemon)": 0.5177369564771652,
    "robot-gripping(green-bottle)": 0.7991519582768282,
    "robot-gripping(loaf-of-bread)": 0.15783110885725668,
    "robot-gripping(red-box-of-cereal)": 0.12825744851337126,
    "robot-gripping(red-can-of-soda)": 0.21247468780105314
}