{
    "on-table(milk-carton,wood-table)": 0.6117812693119049,
    "on-table(milk-carton,black-table)": 0.18284543748692764,
    "on-table(milk-carton,white-table)": 0.32707919236660626,
    "on-table(lemon,wood-table)": 0.19882085287069154,
    "on-table(lemon,black-table)": 0.8520951047539711,
    "on-table(lemon,white-table)": 0.009903017103018405,
    "on-table(green-bottle,wood-table)": 0.16808615231396593,
    "on-table(green-bottle,black-table)": 0.6922027642528216,
    "on-table(green-bottle,white-table)": 0.0031837809501666925,
    "on-table(loaf-of-bread,wood-table)": 0.1313300747424364,
    "on-table(loaf-of-bread,black-table)": 0.03923976459191181,
    "on-table(loaf-of-bread,white-table)": 0.46554098278284073,
    "on-table(red-box-of-cereal,wood-table)": 0.44436669632947695,
    "on-table(red-box-of-cereal,black-table)": 0.012004872599391092,
    "on-table(red-box-of-cereal,white-table)": 0.8267335338362803,
    "on-table(red-can-of-soda,wood-table)": 0.9962083200613657,
    "on-table(red-can-of-soda,black-table)": 0.16005797280680176,
    "on-table(red-can-of-soda,white-table)": 0.3313601797071897,
    "robot-gripper-empty()": 0.784823420147101,
    "robot-gripping(milk-carton)": 0.15491440488646427,
    "robot-gripping(lemon)": 0.06515008645753066,
    "robot-gripping(green-bottle)": 0.16558598585349196,
    "robot-gripping(loaf-of-bread)": 0.07388562491784494,
    "robot-gripping(red-box-of-cereal)": 0.1392220855341293,
    "robot-gripping(red-can-of-soda)": 0.19271613230618337
}