{
    "on-table(milk-carton,wood-table)": 0.7881424377361933,
    "on-table(milk-carton,black-table)": 0.40713062925109017,
    "on-table(milk-carton,white-table)": 0.21624189520662185,
    "on-table(lemon,wood-table)": 0.16846348030958325,
    "on-table(lemon,black-table)": 0.11258217473550758,
    "on-table(lemon,white-table)": 0.9997244576613108,
    "on-table(green-bottle,wood-table)": 0.17651327779943435,
    "on-table(green-bottle,black-table)": 0.8396491426974535,
    "on-table(green-bottle,white-table)": 0.002599827131462007,
    "on-table(loaf-of-bread,wood-table)": 0.23371159983798862,
    "on-table(loaf-of-bread,black-table)": 0.03444953169673681,
    "on-table(loaf-of-bread,white-table)": 0.717556998754541,
    "on-table(red-box-of-cereal,wood-table)": 0.15325467879301868,
    "on-table(red-box-of-cereal,black-table)": 0.8007696767648061,
    "on-table(red-box-of-cereal,white-table)": 0.04529311839966491,
    "on-table(red-can-of-soda,wood-table)": 0.331561860240375,
    "on-table(red-can-of-soda,black-table)": 0.9937729636828104,
    "on-table(red-can-of-soda,white-table)": 0.008603891347926643,
    "robot-gripper-empty()": 0.9073596199353536,
    "robot-gripping(milk-carton)": 0.24282100796699524,
    "robot-gripping(lemon)": 0.10964178045590718,
    "robot-gripping(green-bottle)": 0.04646276888282349,
    "robot-gripping(loaf-of-bread)": 0.08599131228402257,
    "robot-gripping(red-box-of-cereal)": 0.035617543229212366,
    "robot-gripping(red-can-of-soda)": 0.06148450883726279
}