{
    "on-table(milk-carton,wood-table)": 0.2598337845799203,
    "on-table(milk-carton,black-table)": 0.0005585377790945737,
    "on-table(milk-carton,white-table)": 0.8373444272826115,
    "on-table(lemon,wood-table)": 0.13882430445664795,
    "on-table(lemon,black-table)": 0.001443823694974829,
    "on-table(lemon,white-table)": 0.997641533613205,
    "on-table(green-bottle,wood-table)": 0.14337665764711952,
    "on-table(green-bottle,black-table)": 0.003042237172697545,
    "on-table(green-bottle,white-table)": 0.8405022174119949,
    "on-table(loaf-of-bread,wood-table)": 0.501226211587588,
    "on-table(loaf-of-bread,black-table)": 0.1335727958357893,
    "on-table(loaf-of-bread,white-table)": 0.059641367290169,
    "on-table(red-box-of-cereal,wood-table)": 0.9749692976474762,
    "on-table(red-box-of-cereal,black-table)": 0.3301406504961051,
    "on-table(red-box-of-cereal,white-table)": 0.013730205504998594,
    "on-table(red-can-of-soda,wood-table)": 0.9757894575595856,
    "on-table(red-can-of-soda,black-table)": 0.3278185218072546,
    "on-table(red-can-of-soda,white-table)": 0.008809468226862313,
    "robot-gripper-empty()": 0.8864947209755579,
    "robot-gripping(milk-carton)": 0.09122654345507424,
    "robot-gripping(lemon)": 0.02818970304603378,
    "robot-gripping(green-bottle)": 0.014645332577250278,
    "robot-gripping(loaf-of-bread)": 0.14678442711010575,
    "robot-gripping(red-box-of-cereal)": 0.1601523853993664,
    "robot-gripping(red-can-of-soda)": 0.19169964796553055
}