{
    "on-table(milk-carton,wood-table)": 0.29916274061542936,
    "on-table(milk-carton,black-table)": 0.3723561918983857,
    "on-table(milk-carton,white-table)": 0.0728695294916785,
    "on-table(lemon,wood-table)": 0.33940352003264707,
    "on-table(lemon,black-table)": 0.003766281615639855,
    "on-table(lemon,white-table)": 0.9577845335006714,
    "on-table(green-bottle,wood-table)": 0.17026072852604557,
    "on-table(green-bottle,black-table)": 0.0030019775815617322,
    "on-table(green-bottle,white-table)": 0.8364387912054857,
    "on-table(loaf-of-bread,wood-table)": 0.21582135558128357,
    "on-table(loaf-of-bread,black-table)": 0.017902533756569028,
    "on-table(loaf-of-bread,white-table)": 0.05175111769737365,
    "on-table(red-box-of-cereal,wood-table)": 0.34799436800919165,
    "on-table(red-box-of-cereal,black-table)": 0.23670907252865922,
    "on-table(red-box-of-cereal,white-table)": 0.1017965411356272,
    "on-table(red-can-of-soda,wood-table)": 0.9876120090484619,
    "on-table(red-can-of-soda,black-table)": 0.33198866047229103,
    "on-table(red-can-of-soda,white-table)": 0.12378531740652458,
    "robot-gripper-empty()": 0.8818388481934866,
    "robot-gripping(milk-carton)": 0.14709396039446196,
    "robot-gripping(lemon)": 0.07110884841919567,
    "robot-gripping(green-bottle)": 0.025664493179647252,
    "robot-gripping(loaf-of-bread)": 0.0909394002519548,
    "robot-gripping(red-box-of-cereal)": 0.023365087419127423,
    "robot-gripping(red-can-of-soda)": 0.18984940942997733
}