{
    "on-table(milk-carton,wood-table)": 0.8635026613871256,
    "on-table(milk-carton,black-table)": 0.5388031433685683,
    "on-table(milk-carton,white-table)": 0.0471680818106203,
    "on-table(lemon,wood-table)": 0.1631084064647439,
    "on-table(lemon,black-table)": 0.9385624428590139,
    "on-table(lemon,white-table)": 0.0019769220668877097,
    "on-table(green-bottle,wood-table)": 0.10669247676317657,
    "on-table(green-bottle,black-table)": 0.0018265519603725504,
    "on-table(green-bottle,white-table)": 0.9404018719991049,
    "on-table(loaf-of-bread,wood-table)": 0.7179234959185123,
    "on-table(loaf-of-bread,black-table)": 0.1744668281171471,
    "on-table(loaf-of-bread,white-table)": 0.026148885197471827,
    "on-table(red-box-of-cereal,wood-table)": 0.16876674129161984,
    "on-table(red-box-of-cereal,black-table)": 0.8315705178926388,
    "on-table(red-box-of-cereal,white-table)": 0.14399150065825475,
    "on-table(red-can-of-soda,wood-table)": 0.16059784544995637,
    "on-table(red-can-of-soda,black-table)": 0.21514469681217938,
    "on-table(red-can-of-soda,white-table)": 0.7371754472454389,
    "robot-gripper-empty()": 0.9720743099848429,
    "robot-gripping(milk-carton)": 0.17414038286854824,
    "robot-gripping(lemon)": 0.05567686333476255,
    "robot-gripping(green-bottle)": 0.034033763668655105,
    "robot-gripping(loaf-of-bread)": 0.1571587116147081,
    "robot-gripping(red-box-of-cereal)": 0.09510855640595157,
    "robot-gripping(red-can-of-soda)": 0.16733510151971132
}