{
    "on-table(milk-carton,wood-table)": 0.4480103167394797,
    "on-table(milk-carton,black-table)": 0.3095379004565378,
    "on-table(milk-carton,white-table)": 0.5031861397437751,
    "on-table(lemon,wood-table)": 0.1864268859984198,
    "on-table(lemon,black-table)": 0.9726948738098145,
    "on-table(lemon,white-table)": 0.00481286870550927,
    "on-table(green-bottle,wood-table)": 0.29473429946544155,
    "on-table(green-bottle,black-table)": 0.9996277491251627,
    "on-table(green-bottle,white-table)": 0.004010895039527895,
    "on-table(loaf-of-bread,wood-table)": 0.7261877705653509,
    "on-table(loaf-of-bread,black-table)": 0.24688625893031713,
    "on-table(loaf-of-bread,white-table)": 0.2589257793527698,
    "on-table(red-box-of-cereal,wood-table)": 0.1818587135154909,
    "on-table(red-box-of-cereal,black-table)": 0.1710554366824605,
    "on-table(red-box-of-cereal,white-table)": 0.841457731400927,
    "on-table(red-can-of-soda,wood-table)": 0.1726459048804827,
    "on-table(red-can-of-soda,black-table)": 0.5070566399839057,
    "on-table(red-can-of-soda,white-table)": 0.44092999603405286,
    "robot-gripper-empty()": 0.9380002617835999,
    "robot-gripping(milk-carton)": 0.1147327267875274,
    "robot-gripping(lemon)": 0.03712986704582969,
    "robot-gripping(green-bottle)": 0.029758956768394757,
    "robot-gripping(loaf-of-bread)": 0.11994544354577859,
    "robot-gripping(red-box-of-cereal)": 0.031573195631305374,
    "robot-gripping(red-can-of-soda)": 0.08047382327883194
}