{
    "on-table(milk-carton,wood-table)": 0.6874194319049517,
    "on-table(milk-carton,black-table)": 0.3598613839688672,
    "on-table(milk-carton,white-table)": 0.006208871973891898,
    "on-table(lemon,wood-table)": 0.1763998423314964,
    "on-table(lemon,black-table)": 0.0005013802482001969,
    "on-table(lemon,white-table)": 0.8341195457614958,
    "on-table(green-bottle,wood-table)": 0.16842619289309368,
    "on-table(green-bottle,black-table)": 0.16929255171104765,
    "on-table(green-bottle,white-table)": 0.0005885193413632805,
    "on-table(loaf-of-bread,wood-table)": 0.3669382821923743,
    "on-table(loaf-of-bread,black-table)": 0.44688352302182466,
    "on-table(loaf-of-bread,white-table)": 0.018878700975619722,
    "on-table(red-box-of-cereal,wood-table)": 0.3070406534873958,
    "on-table(red-box-of-cereal,black-table)": 0.8773378183444341,
    "on-table(red-box-of-cereal,white-table)": 0.01531633630899402,
    "on-table(red-can-of-soda,wood-table)": 0.33400752504288295,
    "on-table(red-can-of-soda,black-table)": 0.9970615903536478,
    "on-table(red-can-of-soda,white-table)": 0.007012020271910539,
    "robot-gripper-empty()": 0.49413278192514554,
    "robot-gripping(milk-carton)": 0.15111751606067023,
    "robot-gripping(lemon)": 0.018152246290507417,
    "robot-gripping(green-bottle)": 0.5709342511836439,
    "robot-gripping(loaf-of-bread)": 0.026419876259751618,
    "robot-gripping(red-box-of-cereal)": 0.014503566082566977,
    "robot-gripping(red-can-of-soda)": 0.03379274838759253
}