{
    "on-table(milk-carton,wood-table)": 0.12198561373710011,
    "on-table(milk-carton,black-table)": 0.6880884912485877,
    "on-table(milk-carton,white-table)": 0.12315613442721467,
    "on-table(lemon,wood-table)": 0.8522661576668421,
    "on-table(lemon,black-table)": 0.17404835900667118,
    "on-table(lemon,white-table)": 0.03943725570904159,
    "on-table(green-bottle,wood-table)": 0.1660173551257079,
    "on-table(green-bottle,black-table)": 0.004599783930264796,
    "on-table(green-bottle,white-table)": 0.8381791207939386,
    "on-table(loaf-of-bread,wood-table)": 0.31890606274828315,
    "on-table(loaf-of-bread,black-table)": 0.15513291846339902,
    "on-table(loaf-of-bread,white-table)": 0.6247242471824089,
    "on-table(red-box-of-cereal,wood-table)": 0.051618349903340764,
    "on-table(red-box-of-cereal,black-table)": 0.017740946816350817,
    "on-table(red-box-of-cereal,white-table)": 0.6597626737008492,
    "on-table(red-can-of-soda,wood-table)": 0.15778404640150256,
    "on-table(red-can-of-soda,black-table)": 0.009550352507176285,
    "on-table(red-can-of-soda,white-table)": 0.9081736405690511,
    "robot-gripper-empty()": 0.8836960593859354,
    "robot-gripping(milk-carton)": 0.10318623048563798,
    "robot-gripping(lemon)": 0.1706805619954442,
    "robot-gripping(green-bottle)": 0.008183624605104948,
    "robot-gripping(loaf-of-bread)": 0.10603475105017424,
    "robot-gripping(red-box-of-cereal)": 0.0387069737771526,
    "robot-gripping(red-can-of-soda)": 0.08162185716597985
}