{
    "on-table(milk-carton,wood-table)": 0.27818450865258154,
    "on-table(milk-carton,black-table)": 0.820310632387797,
    "on-table(milk-carton,white-table)": 0.015651772787047474,
    "on-table(lemon,wood-table)": 0.156871279796178,
    "on-table(lemon,black-table)": 0.8340920905272166,
    "on-table(lemon,white-table)": 0.004355538718641583,
    "on-table(green-bottle,wood-table)": 0.15611300835128836,
    "on-table(green-bottle,black-table)": 0.0022797619068721056,
    "on-table(green-bottle,white-table)": 0.9976535141468048,
    "on-table(loaf-of-bread,wood-table)": 0.5699777314439416,
    "on-table(loaf-of-bread,black-table)": 0.16143387160263956,
    "on-table(loaf-of-bread,white-table)": 0.015835606277202412,
    "on-table(red-box-of-cereal,wood-table)": 0.2511342891957611,
    "on-table(red-box-of-cereal,black-table)": 0.6937156220277151,
    "on-table(red-box-of-cereal,white-table)": 0.024209456309714977,
    "on-table(red-can-of-soda,wood-table)": 0.9903837740421295,
    "on-table(red-can-of-soda,black-table)": 0.33642357739120143,
    "on-table(red-can-of-soda,white-table)": 0.03102711488619055,
    "robot-gripper-empty()": 0.9361766974131266,
    "robot-gripping(milk-carton)": 0.08423850157608588,
    "robot-gripping(lemon)": 0.02096690683780859,
    "robot-gripping(green-bottle)": 0.028872012752496328,
    "robot-gripping(loaf-of-bread)": 0.17326466428736845,
    "robot-gripping(red-box-of-cereal)": 0.07791242965807517,
    "robot-gripping(red-can-of-soda)": 0.19669538270682096
}