{
    "on-table(milk-carton,wood-table)": 0.7437023768822352,
    "on-table(milk-carton,black-table)": 0.047082634669398736,
    "on-table(milk-carton,white-table)": 0.2234655005898579,
    "on-table(lemon,wood-table)": 0.17493498792949444,
    "on-table(lemon,black-table)": 0.34333676190787327,
    "on-table(lemon,white-table)": 0.015163872392804478,
    "on-table(green-bottle,wood-table)": 0.19477034503021665,
    "on-table(green-bottle,black-table)": 0.8496886231005192,
    "on-table(green-bottle,white-table)": 0.03416585727935247,
    "on-table(loaf-of-bread,wood-table)": 0.37545132687470567,
    "on-table(loaf-of-bread,black-table)": 0.018468809426849475,
    "on-table(loaf-of-bread,white-table)": 0.053462490285407206,
    "on-table(red-box-of-cereal,wood-table)": 0.8627364734808604,
    "on-table(red-box-of-cereal,black-table)": 0.031875190650377284,
    "on-table(red-box-of-cereal,white-table)": 0.37244464533190086,
    "on-table(red-can-of-soda,wood-table)": 0.3295342748515395,
    "on-table(red-can-of-soda,black-table)": 0.001058425802474024,
    "on-table(red-can-of-soda,white-table)": 0.8366355421021581,
    "robot-gripper-empty()": 0.9037830432256063,
    "robot-gripping(milk-carton)": 0.11340311262756586,
    "robot-gripping(lemon)": 0.027261644912262756,
    "robot-gripping(green-bottle)": 0.17283488887672624,
    "robot-gripping(loaf-of-bread)": 0.10480939488237102,
    "robot-gripping(red-box-of-cereal)": 0.0815355390465508,
    "robot-gripping(red-can-of-soda)": 0.09609216226575275
}