{
    "on-table(milk-carton,wood-table)": 0.3293966554726164,
    "on-table(milk-carton,black-table)": 0.027870605622107785,
    "on-table(milk-carton,white-table)": 0.7780130070944627,
    "on-table(lemon,wood-table)": 0.15719620937791964,
    "on-table(lemon,black-table)": 0.8261416400782764,
    "on-table(lemon,white-table)": 0.04027627091553162,
    "on-table(green-bottle,wood-table)": 0.0005990173085592687,
    "on-table(green-bottle,black-table)": 0.00047480296962021384,
    "on-table(green-bottle,white-table)": 0.05226799999218201,
    "on-table(loaf-of-bread,wood-table)": 0.4672838744396965,
    "on-table(loaf-of-bread,black-table)": 0.20003050292143598,
    "on-table(loaf-of-bread,white-table)": 0.529218815267086,
    "on-table(red-box-of-cereal,wood-table)": 0.3378731503034942,
    "on-table(red-box-of-cereal,black-table)": 0.3596674871320526,
    "on-table(red-box-of-cereal,white-table)": 0.0781540989367689,
    "on-table(red-can-of-soda,wood-table)": 0.16536735584183285,
    "on-table(red-can-of-soda,black-table)": 0.8229170038054386,
    "on-table(red-can-of-soda,white-table)": 0.014123301520915751,
    "robot-gripper-empty()": 0.7341960312721009,
    "robot-gripping(milk-carton)": 0.3061090838164091,
    "robot-gripping(lemon)": 0.07289635722797054,
    "robot-gripping(green-bottle)": 0.03487522713840008,
    "robot-gripping(loaf-of-bread)": 0.3010569817076127,
    "robot-gripping(red-box-of-cereal)": 0.5364755466580391,
    "robot-gripping(red-can-of-soda)": 0.5133252367377281
}