{
    "on-table(milk-carton,wood-table)": 0.6473577916622162,
    "on-table(milk-carton,black-table)": 0.18817284302591966,
    "on-table(milk-carton,white-table)": 0.1828810904044076,
    "on-table(lemon,wood-table)": 0.3032681562993578,
    "on-table(lemon,black-table)": 0.07336625461114939,
    "on-table(lemon,white-table)": 0.004744649720426726,
    "on-table(green-bottle,wood-table)": 0.8438217751681805,
    "on-table(green-bottle,black-table)": 0.18917372373880426,
    "on-table(green-bottle,white-table)": 0.018921528056239367,
    "on-table(loaf-of-bread,wood-table)": 0.32984578733642894,
    "on-table(loaf-of-bread,black-table)": 0.5107816575715939,
    "on-table(loaf-of-bread,white-table)": 0.1864035287629425,
    "on-table(red-box-of-cereal,wood-table)": 0.7151579223573208,
    "on-table(red-box-of-cereal,black-table)": 0.043518175194321884,
    "on-table(red-box-of-cereal,white-table)": 0.02919819662830984,
    "on-table(red-can-of-soda,wood-table)": 0.8362340989212195,
    "on-table(red-can-of-soda,black-table)": 0.1702215272500022,
    "on-table(red-can-of-soda,white-table)": 0.0063198130696188555,
    "robot-gripper-empty()": 0.8483040928840637,
    "robot-gripping(milk-carton)": 0.1686688351134459,
    "robot-gripping(lemon)": 0.048150320847829185,
    "robot-gripping(green-bottle)": 0.1119129875053962,
    "robot-gripping(loaf-of-bread)": 0.09682670049369335,
    "robot-gripping(red-box-of-cereal)": 0.1438770778477192,
    "robot-gripping(red-can-of-soda)": 0.3993709245696664
}