{
    "on-table(milk-carton,wood-table)": 0.09135478362441063,
    "on-table(milk-carton,black-table)": 0.7768057541300853,
    "on-table(milk-carton,white-table)": 0.01830168025238284,
    "on-table(lemon,wood-table)": 0.17618398252913417,
    "on-table(lemon,black-table)": 0.06886229563967088,
    "on-table(lemon,white-table)": 0.8403407422204813,
    "on-table(green-bottle,wood-table)": 0.169077996678728,
    "on-table(green-bottle,black-table)": 0.1702113357902514,
    "on-table(green-bottle,white-table)": 0.001377999480003685,
    "on-table(loaf-of-bread,wood-table)": 0.18465728405863047,
    "on-table(loaf-of-bread,black-table)": 0.6673601285632079,
    "on-table(loaf-of-bread,white-table)": 0.0998363238292465,
    "on-table(red-box-of-cereal,wood-table)": 0.4010786001260082,
    "on-table(red-box-of-cereal,black-table)": 0.832676832874616,
    "on-table(red-box-of-cereal,white-table)": 0.17569440175429918,
    "on-table(red-can-of-soda,wood-table)": 0.8845132837692896,
    "on-table(red-can-of-soda,black-table)": 0.3172604793673675,
    "on-table(red-can-of-soda,white-table)": 0.17062046724868196,
    "robot-gripper-empty()": 0.31803006946574897,
    "robot-gripping(milk-carton)": 0.23463058828686675,
    "robot-gripping(lemon)": 0.02643194639434417,
    "robot-gripping(green-bottle)": 0.8197383237226555,
    "robot-gripping(loaf-of-bread)": 0.06895403338906665,
    "robot-gripping(red-box-of-cereal)": 0.030325860464169335,
    "robot-gripping(red-can-of-soda)": 0.1819507468608208
}