{
    "on-table(milk-carton,wood-table)": 0.30610366507122916,
    "on-table(milk-carton,black-table)": 0.31756997915605706,
    "on-table(milk-carton,white-table)": 0.5576165417830149,
    "on-table(lemon,wood-table)": 0.055308884373516776,
    "on-table(lemon,black-table)": 0.11553452520517264,
    "on-table(lemon,white-table)": 0.24864665943702371,
    "on-table(green-bottle,wood-table)": 0.13219561717899828,
    "on-table(green-bottle,black-table)": 0.833324998995522,
    "on-table(green-bottle,white-table)": 0.0009279719183344545,
    "on-table(loaf-of-bread,wood-table)": 0.3716023837526639,
    "on-table(loaf-of-bread,black-table)": 0.3330049150002499,
    "on-table(loaf-of-bread,white-table)": 0.638593427836895,
    "on-table(red-box-of-cereal,wood-table)": 0.22451826569158584,
    "on-table(red-box-of-cereal,black-table)": 0.003948131516760138,
    "on-table(red-box-of-cereal,white-table)": 0.8358574056377014,
    "on-table(red-can-of-soda,wood-table)": 0.1894287400500616,
    "on-table(red-can-of-soda,black-table)": 0.0021361419699132966,
    "on-table(red-can-of-soda,white-table)": 0.8360631487642726,
    "robot-gripper-empty()": 0.9672296444574991,
    "robot-gripping(milk-carton)": 0.1762855208168427,
    "robot-gripping(lemon)": 0.03280543450576564,
    "robot-gripping(green-bottle)": 0.023270975371512275,
    "robot-gripping(loaf-of-bread)": 0.06888503534719348,
    "robot-gripping(red-box-of-cereal)": 0.03574462312584122,
    "robot-gripping(red-can-of-soda)": 0.0748926002997905
}