{
    "on-table(milk-carton,wood-table)": 0.263107781453679,
    "on-table(milk-carton,black-table)": 0.005869735180264494,
    "on-table(milk-carton,white-table)": 0.824753800407052,
    "on-table(lemon,wood-table)": 0.9913052221139272,
    "on-table(lemon,black-table)": 0.3271591520494894,
    "on-table(lemon,white-table)": 0.003021259349528312,
    "on-table(green-bottle,wood-table)": 0.005977254835064135,
    "on-table(green-bottle,black-table)": 0.0008146365285786791,
    "on-table(green-bottle,white-table)": 0.8339238032155359,
    "on-table(loaf-of-bread,wood-table)": 0.6904833394413193,
    "on-table(loaf-of-bread,black-table)": 0.324923599982867,
    "on-table(loaf-of-bread,white-table)": 0.03125455870758742,
    "on-table(red-box-of-cereal,wood-table)": 0.32541158560585853,
    "on-table(red-box-of-cereal,black-table)": 0.3692603323531027,
    "on-table(red-box-of-cereal,white-table)": 0.5875121711675698,
    "on-table(red-can-of-soda,wood-table)": 0.33240914711980923,
    "on-table(red-can-of-soda,black-table)": 0.9877859950065613,
    "on-table(red-can-of-soda,white-table)": 0.08962397944818197,
    "robot-gripper-empty()": 0.9497844477494558,
    "robot-gripping(milk-carton)": 0.11465637944638729,
    "robot-gripping(lemon)": 0.1427340618489931,
    "robot-gripping(green-bottle)": 0.015453776616292695,
    "robot-gripping(loaf-of-bread)": 0.12040755494187276,
    "robot-gripping(red-box-of-cereal)": 0.050361183937639,
    "robot-gripping(red-can-of-soda)": 0.0549155636690557
}