{
    "on-table(milk-carton,wood-table)": 0.3556542393246976,
    "on-table(milk-carton,black-table)": 0.18124924698107256,
    "on-table(milk-carton,white-table)": 0.7241725600324571,
    "on-table(lemon,wood-table)": 0.2935545862831835,
    "on-table(lemon,black-table)": 0.9509080946445465,
    "on-table(lemon,white-table)": 0.001130949510904126,
    "on-table(green-bottle,wood-table)": 0.33292814364782924,
    "on-table(green-bottle,black-table)": 0.998523493607839,
    "on-table(green-bottle,white-table)": 0.0013702466721194166,
    "on-table(loaf-of-bread,wood-table)": 0.7745204021533331,
    "on-table(loaf-of-bread,black-table)": 0.15811467936146073,
    "on-table(loaf-of-bread,white-table)": 0.0745088128411832,
    "on-table(red-box-of-cereal,wood-table)": 0.3418235710511605,
    "on-table(red-box-of-cereal,black-table)": 0.1790826163099458,
    "on-table(red-box-of-cereal,white-table)": 0.03088002970131735,
    "on-table(red-can-of-soda,wood-table)": 0.8469803296029568,
    "on-table(red-can-of-soda,black-table)": 0.1759907364624572,
    "on-table(red-can-of-soda,white-table)": 0.022529607752138265,
    "robot-gripper-empty()": 0.6079936067108065,
    "robot-gripping(milk-carton)": 0.4457578994333744,
    "robot-gripping(lemon)": 0.0582639934339871,
    "robot-gripping(green-bottle)": 0.10539452948917945,
    "robot-gripping(loaf-of-bread)": 0.20141172719498476,
    "robot-gripping(red-box-of-cereal)": 0.590737282919387,
    "robot-gripping(red-can-of-soda)": 0.5061593939705441
}