{
    "on-table(milk-carton,wood-table)": 0.556709785014391,
    "on-table(milk-carton,black-table)": 0.47140181188782054,
    "on-table(milk-carton,white-table)": 0.14132910138384128,
    "on-table(lemon,wood-table)": 0.04339693474563925,
    "on-table(lemon,black-table)": 0.3452741214229415,
    "on-table(lemon,white-table)": 0.14057338755810633,
    "on-table(green-bottle,wood-table)": 0.12700698973761368,
    "on-table(green-bottle,black-table)": 0.7343101228276888,
    "on-table(green-bottle,white-table)": 0.0009719117919454826,
    "on-table(loaf-of-bread,wood-table)": 0.2114745892273883,
    "on-table(loaf-of-bread,black-table)": 0.44831229497989017,
    "on-table(loaf-of-bread,white-table)": 0.37427603965625167,
    "on-table(red-box-of-cereal,wood-table)": 0.17089952813694254,
    "on-table(red-box-of-cereal,black-table)": 0.7860400858335197,
    "on-table(red-box-of-cereal,white-table)": 0.009795857101077369,
    "on-table(red-can-of-soda,wood-table)": 0.2256610988843022,
    "on-table(red-can-of-soda,black-table)": 0.7471492514014244,
    "on-table(red-can-of-soda,white-table)": 0.04748652775409331,
    "robot-gripper-empty()": 0.9082716703414917,
    "robot-gripping(milk-carton)": 0.17140143550932407,
    "robot-gripping(lemon)": 0.2072813535730044,
    "robot-gripping(green-bottle)": 0.029998617401967447,
    "robot-gripping(loaf-of-bread)": 0.11743366469939549,
    "robot-gripping(red-box-of-cereal)": 0.033857622959961496,
    "robot-gripping(red-can-of-soda)": 0.043761079820493855
}