{
    "on-table(milk-carton,wood-table)": 0.5593992962191502,
    "on-table(milk-carton,black-table)": 0.201564413063655,
    "on-table(milk-carton,white-table)": 0.7674241860707601,
    "on-table(lemon,wood-table)": 0.17353639195304518,
    "on-table(lemon,black-table)": 0.021286497347167217,
    "on-table(lemon,white-table)": 0.8970747888088226,
    "on-table(green-bottle,wood-table)": 0.16577696613482354,
    "on-table(green-bottle,black-table)": 0.004986443590723866,
    "on-table(green-bottle,white-table)": 0.8368524204318722,
    "on-table(loaf-of-bread,wood-table)": 0.8431395689646403,
    "on-table(loaf-of-bread,black-table)": 0.27171117362255853,
    "on-table(loaf-of-bread,white-table)": 0.09725012243143283,
    "on-table(red-box-of-cereal,wood-table)": 0.3571467020859321,
    "on-table(red-box-of-cereal,black-table)": 0.3563092317954215,
    "on-table(red-box-of-cereal,white-table)": 0.7388564488695314,
    "on-table(red-can-of-soda,wood-table)": 0.6467798520073605,
    "on-table(red-can-of-soda,black-table)": 0.381735084733009,
    "on-table(red-can-of-soda,white-table)": 0.8055976082881292,
    "robot-gripper-empty()": 0.943858822186788,
    "robot-gripping(milk-carton)": 0.18087075371295214,
    "robot-gripping(lemon)": 0.030128641752526164,
    "robot-gripping(green-bottle)": 0.052606222045142204,
    "robot-gripping(loaf-of-bread)": 0.17003924834231535,
    "robot-gripping(red-box-of-cereal)": 0.20790015564610562,
    "robot-gripping(red-can-of-soda)": 0.23462775481554368
}