{
    "on-table(milk-carton,wood-table)": 0.37500844926883775,
    "on-table(milk-carton,black-table)": 0.0091061427956447,
    "on-table(milk-carton,white-table)": 0.32979833615051274,
    "on-table(lemon,wood-table)": 0.26136723766103387,
    "on-table(lemon,black-table)": 0.004843764421821106,
    "on-table(lemon,white-table)": 0.19451218304554155,
    "on-table(green-bottle,wood-table)": 0.8339327190381786,
    "on-table(green-bottle,black-table)": 0.16777421908064602,
    "on-table(green-bottle,white-table)": 0.007133361948149286,
    "on-table(loaf-of-bread,wood-table)": 0.08147993581951596,
    "on-table(loaf-of-bread,black-table)": 0.003189889803858629,
    "on-table(loaf-of-bread,white-table)": 0.2826130020936641,
    "on-table(red-box-of-cereal,wood-table)": 0.07960925827986405,
    "on-table(red-box-of-cereal,black-table)": 0.002380156753739963,
    "on-table(red-box-of-cereal,white-table)": 0.10295341991271319,
    "on-table(red-can-of-soda,wood-table)": 0.17640313924736498,
    "on-table(red-can-of-soda,black-table)": 0.03229268941504415,
    "on-table(red-can-of-soda,white-table)": 0.020482745040984202,
    "robot-gripper-empty()": 0.9182652632395426,
    "robot-gripping(milk-carton)": 0.2314311054845651,
    "robot-gripping(lemon)": 0.09035233780741692,
    "robot-gripping(green-bottle)": 0.1289272333184878,
    "robot-gripping(loaf-of-bread)": 0.08508055532972018,
    "robot-gripping(red-box-of-cereal)": 0.05588466441258788,
    "robot-gripping(red-can-of-soda)": 0.4876176842177908
}