{
    "on-table(milk-carton,wood-table)": 0.715053935845693,
    "on-table(milk-carton,black-table)": 0.16284889535745606,
    "on-table(milk-carton,white-table)": 0.16734423053761324,
    "on-table(lemon,wood-table)": 0.013951392444141675,
    "on-table(lemon,black-table)": 0.004380267465118474,
    "on-table(lemon,white-table)": 0.02830243642044176,
    "on-table(green-bottle,wood-table)": 0.8390280418097973,
    "on-table(green-bottle,black-table)": 0.1803164596706779,
    "on-table(green-bottle,white-table)": 0.009610941147191928,
    "on-table(loaf-of-bread,wood-table)": 0.6700711684922377,
    "on-table(loaf-of-bread,black-table)": 0.14874928208344804,
    "on-table(loaf-of-bread,white-table)": 0.18577285588010758,
    "on-table(red-box-of-cereal,wood-table)": 0.9956806699434916,
    "on-table(red-box-of-cereal,black-table)": 0.3239778164552263,
    "on-table(red-box-of-cereal,white-table)": 0.23688111294298628,
    "on-table(red-can-of-soda,wood-table)": 0.9900283714135488,
    "on-table(red-can-of-soda,black-table)": 0.32577492999473634,
    "on-table(red-can-of-soda,white-table)": 0.16025115636959222,
    "robot-gripper-empty()": 0.7311207751433054,
    "robot-gripping(milk-carton)": 0.6331453596552213,
    "robot-gripping(lemon)": 0.21209361404180527,
    "robot-gripping(green-bottle)": 0.1867925776168704,
    "robot-gripping(loaf-of-bread)": 0.23648070792357126,
    "robot-gripping(red-box-of-cereal)": 0.2368273138999939,
    "robot-gripping(red-can-of-soda)": 0.4593229914704959
}