{
    "on-table(milk-carton,wood-table)": 0.7995398342609406,
    "on-table(milk-carton,black-table)": 0.08960260320842887,
    "on-table(milk-carton,white-table)": 0.13058613409278527,
    "on-table(lemon,wood-table)": 0.6124034976431479,
    "on-table(lemon,black-table)": 0.28640201013998495,
    "on-table(lemon,white-table)": 0.014969217900215881,
    "on-table(green-bottle,wood-table)": 0.997111310561498,
    "on-table(green-bottle,black-table)": 0.33206389204269726,
    "on-table(green-bottle,white-table)": 0.03641363614239405,
    "on-table(loaf-of-bread,wood-table)": 0.6372922335285693,
    "on-table(loaf-of-bread,black-table)": 0.17139594516872117,
    "on-table(loaf-of-bread,white-table)": 0.14611159924728176,
    "on-table(red-box-of-cereal,wood-table)": 0.8398522629092137,
    "on-table(red-box-of-cereal,black-table)": 0.171002044427496,
    "on-table(red-box-of-cereal,white-table)": 0.009743629092478537,
    "on-table(red-can-of-soda,wood-table)": 0.6833675815917862,
    "on-table(red-can-of-soda,black-table)": 0.1873463734090516,
    "on-table(red-can-of-soda,white-table)": 0.01983343730728393,
    "robot-gripper-empty()": 0.934219757715861,
    "robot-gripping(milk-carton)": 0.41011483936260146,
    "robot-gripping(lemon)": 0.12202056311070919,
    "robot-gripping(green-bottle)": 0.08757001557387412,
    "robot-gripping(loaf-of-bread)": 0.1689556371420622,
    "robot-gripping(red-box-of-cereal)": 0.10555253146837155,
    "robot-gripping(red-can-of-soda)": 0.15727330558001995
}