{
    "on-table(milk-carton,wood-table)": 0.23538914528520158,
    "on-table(milk-carton,black-table)": 0.01427619656775884,
    "on-table(milk-carton,white-table)": 0.7910643648356199,
    "on-table(lemon,wood-table)": 0.3074669927979509,
    "on-table(lemon,black-table)": 0.17895534767982704,
    "on-table(lemon,white-table)": 0.40361280283347395,
    "on-table(green-bottle,wood-table)": 0.9975389043490092,
    "on-table(green-bottle,black-table)": 0.33360245839130204,
    "on-table(green-bottle,white-table)": 0.01338812903308432,
    "on-table(loaf-of-bread,wood-table)": 0.2187157990410924,
    "on-table(loaf-of-bread,black-table)": 0.0021053912344844625,
    "on-table(loaf-of-bread,white-table)": 0.18531787264995123,
    "on-table(red-box-of-cereal,wood-table)": 0.05372132148477249,
    "on-table(red-box-of-cereal,black-table)": 0.002142220107392253,
    "on-table(red-box-of-cereal,white-table)": 0.10088290730285128,
    "on-table(red-can-of-soda,wood-table)": 0.8658560191591581,
    "on-table(red-can-of-soda,black-table)": 0.23665043370616937,
    "on-table(red-can-of-soda,white-table)": 0.0035511611464092616,
    "robot-gripper-empty()": 0.8617062866687775,
    "robot-gripping(milk-carton)": 0.22410010049740473,
    "robot-gripping(lemon)": 0.30490908833841485,
    "robot-gripping(green-bottle)": 0.11873118688041966,
    "robot-gripping(loaf-of-bread)": 0.0892825700963537,
    "robot-gripping(red-box-of-cereal)": 0.031065226377298433,
    "robot-gripping(red-can-of-soda)": 0.2333554420620203
}