{
    "on-table(milk-carton,wood-table)": 0.2994377321738284,
    "on-table(milk-carton,black-table)": 0.6792011012633642,
    "on-table(milk-carton,white-table)": 0.0743137444411938,
    "on-table(lemon,wood-table)": 0.21899958428305885,
    "on-table(lemon,black-table)": 0.2866302914832583,
    "on-table(lemon,white-table)": 0.025224140709421288,
    "on-table(green-bottle,wood-table)": 0.1709854973681407,
    "on-table(green-bottle,black-table)": 0.0015119400034109276,
    "on-table(green-bottle,white-table)": 0.8344913355540484,
    "on-table(loaf-of-bread,wood-table)": 0.7915561410288016,
    "on-table(loaf-of-bread,black-table)": 0.19989208453868437,
    "on-table(loaf-of-bread,white-table)": 0.25561796671536285,
    "on-table(red-box-of-cereal,wood-table)": 0.9605019489924113,
    "on-table(red-box-of-cereal,black-table)": 0.2328546830928341,
    "on-table(red-box-of-cereal,white-table)": 0.54439379228279,
    "on-table(red-can-of-soda,wood-table)": 0.623696755617857,
    "on-table(red-can-of-soda,black-table)": 0.09564070341487725,
    "on-table(red-can-of-soda,white-table)": 0.09106078326779728,
    "robot-gripper-empty()": 0.7598830138643583,
    "robot-gripping(milk-carton)": 0.19744547984252372,
    "robot-gripping(lemon)": 0.0950105922917525,
    "robot-gripping(green-bottle)": 0.00706755556166172,
    "robot-gripping(loaf-of-bread)": 0.2099857178206245,
    "robot-gripping(red-box-of-cereal)": 0.27329306211322546,
    "robot-gripping(red-can-of-soda)": 0.4875263025363286
}