{
    "on-table(milk-carton,wood-table)": 0.20586604423200092,
    "on-table(milk-carton,black-table)": 0.46671188933153945,
    "on-table(milk-carton,white-table)": 0.3894376981667544,
    "on-table(lemon,wood-table)": 0.12714573269477114,
    "on-table(lemon,black-table)": 0.8315208296601971,
    "on-table(lemon,white-table)": 0.0018796804353466239,
    "on-table(green-bottle,wood-table)": 0.17084186832168294,
    "on-table(green-bottle,black-table)": 0.17161928606704654,
    "on-table(green-bottle,white-table)": 0.006701564807675216,
    "on-table(loaf-of-bread,wood-table)": 0.22137098790456852,
    "on-table(loaf-of-bread,black-table)": 0.011349935894637989,
    "on-table(loaf-of-bread,white-table)": 0.38051628759906936,
    "on-table(red-box-of-cereal,wood-table)": 0.17591936322666393,
    "on-table(red-box-of-cereal,black-table)": 0.025111397060148494,
    "on-table(red-box-of-cereal,white-table)": 0.8857018450895945,
    "on-table(red-can-of-soda,wood-table)": 0.10383500178189327,
    "on-table(red-can-of-soda,black-table)": 0.04572433878790131,
    "on-table(red-can-of-soda,white-table)": 0.9811870455741882,
    "robot-gripper-empty()": 0.4228813628045221,
    "robot-gripping(milk-carton)": 0.30065470351837575,
    "robot-gripping(lemon)": 0.17806768541049678,
    "robot-gripping(green-bottle)": 0.8186703420554599,
    "robot-gripping(loaf-of-bread)": 0.10311382919705163,
    "robot-gripping(red-box-of-cereal)": 0.0676761551197463,
    "robot-gripping(red-can-of-soda)": 0.23828346808537995
}