{
    "on-table(milk-carton,wood-table)": 0.5342223619421324,
    "on-table(milk-carton,black-table)": 0.19267670781967658,
    "on-table(milk-carton,white-table)": 0.2676556901363559,
    "on-table(lemon,wood-table)": 0.22380176947141686,
    "on-table(lemon,black-table)": 0.0009132485082166871,
    "on-table(lemon,white-table)": 0.9632169206937155,
    "on-table(green-bottle,wood-table)": 0.15227781133883886,
    "on-table(green-bottle,black-table)": 0.8150985755297976,
    "on-table(green-bottle,white-table)": 0.0050774571873262175,
    "on-table(loaf-of-bread,wood-table)": 0.07043681034459344,
    "on-table(loaf-of-bread,black-table)": 0.0033770008270342564,
    "on-table(loaf-of-bread,white-table)": 0.5056496407293404,
    "on-table(red-box-of-cereal,wood-table)": 0.024153167265467346,
    "on-table(red-box-of-cereal,black-table)": 0.17425249928298095,
    "on-table(red-box-of-cereal,white-table)": 0.12739358903005873,
    "on-table(red-can-of-soda,wood-table)": 0.16496634621701864,
    "on-table(red-can-of-soda,black-table)": 0.7213158636974791,
    "on-table(red-can-of-soda,white-table)": 0.0054001428581311,
    "robot-gripper-empty()": 0.8843823969364166,
    "robot-gripping(milk-carton)": 0.1963230101391673,
    "robot-gripping(lemon)": 0.08145660103764385,
    "robot-gripping(green-bottle)": 0.1615323358370612,
    "robot-gripping(loaf-of-bread)": 0.12617288141821822,
    "robot-gripping(red-box-of-cereal)": 0.040873061293192826,
    "robot-gripping(red-can-of-soda)": 0.17943245188022652
}