{
    "on-table(milk-carton,wood-table)": 0.7983449101448059,
    "on-table(milk-carton,black-table)": 0.313008386954607,
    "on-table(milk-carton,white-table)": 0.11704759389976971,
    "on-table(lemon,wood-table)": 0.1778887272424375,
    "on-table(lemon,black-table)": 0.8345350117112199,
    "on-table(lemon,white-table)": 0.0043304917241281755,
    "on-table(green-bottle,wood-table)": 0.8232759013772011,
    "on-table(green-bottle,black-table)": 0.19126480099373566,
    "on-table(green-bottle,white-table)": 0.0035330416981954236,
    "on-table(loaf-of-bread,wood-table)": 0.17489374879126748,
    "on-table(loaf-of-bread,black-table)": 0.5711516059624652,
    "on-table(loaf-of-bread,white-table)": 0.06295672676060349,
    "on-table(red-box-of-cereal,wood-table)": 0.014579784480398908,
    "on-table(red-box-of-cereal,black-table)": 0.14480756213076043,
    "on-table(red-box-of-cereal,white-table)": 0.3724769214168191,
    "on-table(red-can-of-soda,wood-table)": 0.1670030138122153,
    "on-table(red-can-of-soda,black-table)": 0.004081020469660264,
    "on-table(red-can-of-soda,white-table)": 0.9571854074796041,
    "robot-gripper-empty()": 0.8405001734693845,
    "robot-gripping(milk-carton)": 0.17386729518572488,
    "robot-gripping(lemon)": 0.05581135112637033,
    "robot-gripping(green-bottle)": 0.18165289936587214,
    "robot-gripping(loaf-of-bread)": 0.10649959432582061,
    "robot-gripping(red-box-of-cereal)": 0.06370328413322568,
    "robot-gripping(red-can-of-soda)": 0.09877519806226094
}