{
    "on-table(milk-carton,wood-table)": 0.11833969270810485,
    "on-table(milk-carton,black-table)": 0.771746983130773,
    "on-table(milk-carton,white-table)": 0.17441205727542788,
    "on-table(lemon,wood-table)": 0.2505419314208363,
    "on-table(lemon,black-table)": 0.9755931993325552,
    "on-table(lemon,white-table)": 0.0003132979699861001,
    "on-table(green-bottle,wood-table)": 0.9715054333209991,
    "on-table(green-bottle,black-table)": 0.3333134098362886,
    "on-table(green-bottle,white-table)": 0.0005114185034168864,
    "on-table(loaf-of-bread,wood-table)": 0.19395529692216465,
    "on-table(loaf-of-bread,black-table)": 0.5782695914773891,
    "on-table(loaf-of-bread,white-table)": 0.0075482359376716586,
    "on-table(red-box-of-cereal,wood-table)": 0.06406732357572764,
    "on-table(red-box-of-cereal,black-table)": 0.6898216943761023,
    "on-table(red-box-of-cereal,white-table)": 0.19097919441992417,
    "on-table(red-can-of-soda,wood-table)": 0.0874074102321174,
    "on-table(red-can-of-soda,black-table)": 0.1197834783104857,
    "on-table(red-can-of-soda,white-table)": 0.8355136451621851,
    "robot-gripper-empty()": 0.8302878985802332,
    "robot-gripping(milk-carton)": 0.1409475151449442,
    "robot-gripping(lemon)": 0.09070716348166268,
    "robot-gripping(green-bottle)": 0.1867257783499857,
    "robot-gripping(loaf-of-bread)": 0.11121738143265247,
    "robot-gripping(red-box-of-cereal)": 0.14369486621581018,
    "robot-gripping(red-can-of-soda)": 0.10995652802133311
}