{
    "on-table(milk-carton,wood-table)": 0.22173180328779077,
    "on-table(milk-carton,black-table)": 0.7241036283473173,
    "on-table(milk-carton,white-table)": 0.09374660082782309,
    "on-table(lemon,wood-table)": 0.12140298013885815,
    "on-table(lemon,black-table)": 0.029376190873639036,
    "on-table(lemon,white-table)": 0.5812170406182607,
    "on-table(green-bottle,wood-table)": 0.18712927235416524,
    "on-table(green-bottle,black-table)": 0.0016364496492921414,
    "on-table(green-bottle,white-table)": 0.8531829590598742,
    "on-table(loaf-of-bread,wood-table)": 0.3001638153024639,
    "on-table(loaf-of-bread,black-table)": 0.07997344823282522,
    "on-table(loaf-of-bread,white-table)": 0.3760217680828646,
    "on-table(red-box-of-cereal,wood-table)": 0.018895164432857808,
    "on-table(red-box-of-cereal,black-table)": 0.31609764605915797,
    "on-table(red-box-of-cereal,white-table)": 0.0038078098514233716,
    "on-table(red-can-of-soda,wood-table)": 0.12032918939560962,
    "on-table(red-can-of-soda,black-table)": 0.34741972382956493,
    "on-table(red-can-of-soda,white-table)": 0.16692906308829455,
    "robot-gripper-empty()": 0.9007089038689932,
    "robot-gripping(milk-carton)": 0.14114665985107422,
    "robot-gripping(lemon)": 0.09777778076628844,
    "robot-gripping(green-bottle)": 0.0537496250278006,
    "robot-gripping(loaf-of-bread)": 0.07553709670901299,
    "robot-gripping(red-box-of-cereal)": 0.14683914087557545,
    "robot-gripping(red-can-of-soda)": 0.41370162398864824
}