{
    "on-table(milk-carton,wood-table)": 0.3575088014670958,
    "on-table(milk-carton,black-table)": 0.005716471513248204,
    "on-table(milk-carton,white-table)": 0.7979763102096816,
    "on-table(lemon,wood-table)": 0.06026723623896638,
    "on-table(lemon,black-table)": 0.2948814736834417,
    "on-table(lemon,white-table)": 0.17157225986011326,
    "on-table(green-bottle,wood-table)": 0.16609763275967757,
    "on-table(green-bottle,black-table)": 0.8328501603294475,
    "on-table(green-bottle,white-table)": 0.030472147908388553,
    "on-table(loaf-of-bread,wood-table)": 0.08352621528320014,
    "on-table(loaf-of-bread,black-table)": 0.0025021381637391946,
    "on-table(loaf-of-bread,white-table)": 0.4335215672229727,
    "on-table(red-box-of-cereal,wood-table)": 0.5861365925084101,
    "on-table(red-box-of-cereal,black-table)": 0.004638661957263442,
    "on-table(red-box-of-cereal,white-table)": 0.7328008825425059,
    "on-table(red-can-of-soda,wood-table)": 0.9994287292162577,
    "on-table(red-can-of-soda,black-table)": 0.16472913470776498,
    "on-table(red-can-of-soda,white-table)": 0.1679740178345431,
    "robot-gripper-empty()": 0.7980637699365616,
    "robot-gripping(milk-carton)": 0.15227210273345312,
    "robot-gripping(lemon)": 0.27477033995091915,
    "robot-gripping(green-bottle)": 0.18254866039690873,
    "robot-gripping(loaf-of-bread)": 0.1255686211710175,
    "robot-gripping(red-box-of-cereal)": 0.11165737525637572,
    "robot-gripping(red-can-of-soda)": 0.21665361554672322
}