{
    "on-table(milk-carton,wood-table)": 0.321658502255256,
    "on-table(milk-carton,black-table)": 0.15267930429399712,
    "on-table(milk-carton,white-table)": 0.4387781359255314,
    "on-table(lemon,wood-table)": 0.18163009641769653,
    "on-table(lemon,black-table)": 0.0011156069200524144,
    "on-table(lemon,white-table)": 0.848516629387935,
    "on-table(green-bottle,wood-table)": 0.16662136275408557,
    "on-table(green-bottle,black-table)": 0.0024745176575227865,
    "on-table(green-bottle,white-table)": 0.8616144806146622,
    "on-table(loaf-of-bread,wood-table)": 0.29725998104549944,
    "on-table(loaf-of-bread,black-table)": 0.12788106054843715,
    "on-table(loaf-of-bread,white-table)": 0.5186366963510712,
    "on-table(red-box-of-cereal,wood-table)": 0.020256810467496205,
    "on-table(red-box-of-cereal,black-table)": 0.01668536293194241,
    "on-table(red-box-of-cereal,white-table)": 0.5097728626181682,
    "on-table(red-can-of-soda,wood-table)": 0.19960230018962952,
    "on-table(red-can-of-soda,black-table)": 0.0016265297311595834,
    "on-table(red-can-of-soda,white-table)": 0.6713779866695404,
    "robot-gripper-empty()": 0.9597212771574656,
    "robot-gripping(milk-carton)": 0.15702889735500017,
    "robot-gripping(lemon)": 0.059742951299995184,
    "robot-gripping(green-bottle)": 0.04876655879585693,
    "robot-gripping(loaf-of-bread)": 0.1287428286547462,
    "robot-gripping(red-box-of-cereal)": 0.08913910978784163,
    "robot-gripping(red-can-of-soda)": 0.16674325230997056
}