{
    "on-table(milk-carton,wood-table)": 0.45389927295036614,
    "on-table(milk-carton,black-table)": 0.17775151626362154,
    "on-table(milk-carton,white-table)": 0.4296883544496571,
    "on-table(lemon,wood-table)": 0.8316049917290608,
    "on-table(lemon,black-table)": 0.36590111822200316,
    "on-table(lemon,white-table)": 0.001010948504699627,
    "on-table(green-bottle,wood-table)": 0.16748239751177607,
    "on-table(green-bottle,black-table)": 0.8342937327300509,
    "on-table(green-bottle,white-table)": 0.08025588862301447,
    "on-table(loaf-of-bread,wood-table)": 0.2836611494421959,
    "on-table(loaf-of-bread,black-table)": 0.17990729288430884,
    "on-table(loaf-of-bread,white-table)": 0.17645831886329688,
    "on-table(red-box-of-cereal,wood-table)": 0.48868445105229813,
    "on-table(red-box-of-cereal,black-table)": 0.33745120029198006,
    "on-table(red-box-of-cereal,white-table)": 0.07331397634698078,
    "on-table(red-can-of-soda,wood-table)": 0.975425640741984,
    "on-table(red-can-of-soda,black-table)": 0.2801892560895567,
    "on-table(red-can-of-soda,white-table)": 0.05544869347310547,
    "robot-gripper-empty()": 0.5877744159661233,
    "robot-gripping(milk-carton)": 0.4930523869891961,
    "robot-gripping(lemon)": 0.06129701932271322,
    "robot-gripping(green-bottle)": 0.10989443119615316,
    "robot-gripping(loaf-of-bread)": 0.36536268579463166,
    "robot-gripping(red-box-of-cereal)": 0.6190241618702809,
    "robot-gripping(red-can-of-soda)": 0.46399186505004764
}