{
    "on-table(milk-carton,wood-table)": 0.08816161189073075,
    "on-table(milk-carton,black-table)": 0.7042333691691359,
    "on-table(milk-carton,white-table)": 0.11346086439759044,
    "on-table(lemon,wood-table)": 0.8543489873409271,
    "on-table(lemon,black-table)": 0.040890794336595114,
    "on-table(lemon,white-table)": 0.06836420566226782,
    "on-table(green-bottle,wood-table)": 0.1679936594252164,
    "on-table(green-bottle,black-table)": 0.16956285149838854,
    "on-table(green-bottle,white-table)": 0.0013417305412986025,
    "on-table(loaf-of-bread,wood-table)": 0.31817007057058316,
    "on-table(loaf-of-bread,black-table)": 0.49650124314939603,
    "on-table(loaf-of-bread,white-table)": 0.16914588280390794,
    "on-table(red-box-of-cereal,wood-table)": 0.2513311288397138,
    "on-table(red-box-of-cereal,black-table)": 0.7918147395054499,
    "on-table(red-box-of-cereal,white-table)": 0.01909841327869799,
    "on-table(red-can-of-soda,wood-table)": 0.6818010738740364,
    "on-table(red-can-of-soda,black-table)": 0.21707637506657798,
    "on-table(red-can-of-soda,white-table)": 0.0026610626177898666,
    "robot-gripper-empty()": 0.32014626483821,
    "robot-gripping(milk-carton)": 0.13073446787893772,
    "robot-gripping(lemon)": 0.26972221738348406,
    "robot-gripping(green-bottle)": 0.7965856264345348,
    "robot-gripping(loaf-of-bread)": 0.08486563044910629,
    "robot-gripping(red-box-of-cereal)": 0.08832913513955039,
    "robot-gripping(red-can-of-soda)": 0.19874377479815544
}