{
    "on-table(milk-carton,wood-table)": 0.4062003674140821,
    "on-table(milk-carton,black-table)": 0.15452713752165437,
    "on-table(milk-carton,white-table)": 0.5569622508094957,
    "on-table(lemon,wood-table)": 0.07865887562123437,
    "on-table(lemon,black-table)": 0.11064830540999537,
    "on-table(lemon,white-table)": 0.11146993847796693,
    "on-table(green-bottle,wood-table)": 0.18430446776619647,
    "on-table(green-bottle,black-table)": 0.002918233276659521,
    "on-table(green-bottle,white-table)": 0.942774087190628,
    "on-table(loaf-of-bread,wood-table)": 0.3800567115346591,
    "on-table(loaf-of-bread,black-table)": 0.07442477811127901,
    "on-table(loaf-of-bread,white-table)": 0.28192695770606707,
    "on-table(red-box-of-cereal,wood-table)": 0.1280740193275657,
    "on-table(red-box-of-cereal,black-table)": 0.004161555195120552,
    "on-table(red-box-of-cereal,white-table)": 0.610583383589983,
    "on-table(red-can-of-soda,wood-table)": 0.10417753190267831,
    "on-table(red-can-of-soda,black-table)": 0.00036909916646739777,
    "on-table(red-can-of-soda,white-table)": 0.6685372923384421,
    "robot-gripper-empty()": 0.9488241175810496,
    "robot-gripping(milk-carton)": 0.1747004104157289,
    "robot-gripping(lemon)": 0.07073412804553907,
    "robot-gripping(green-bottle)": 0.05890844896202907,
    "robot-gripping(loaf-of-bread)": 0.14781223594521484,
    "robot-gripping(red-box-of-cereal)": 0.09820604079868644,
    "robot-gripping(red-can-of-soda)": 0.11873288076215734
}