{
    "on-table(milk-carton,wood-table)": 0.5046463784140846,
    "on-table(milk-carton,black-table)": 0.03335670696590872,
    "on-table(milk-carton,white-table)": 0.03342615336562934,
    "on-table(lemon,wood-table)": 0.031743050160002895,
    "on-table(lemon,black-table)": 0.02030224049243164,
    "on-table(lemon,white-table)": 0.03501345744492331,
    "on-table(green-bottle,wood-table)": 0.8338396434361736,
    "on-table(green-bottle,black-table)": 0.15726202637294287,
    "on-table(green-bottle,white-table)": 0.0008094952133130088,
    "on-table(loaf-of-bread,wood-table)": 0.007912681360418597,
    "on-table(loaf-of-bread,black-table)": 0.0037822846206836402,
    "on-table(loaf-of-bread,white-table)": 0.0184370808613797,
    "on-table(red-box-of-cereal,wood-table)": 0.002084947055360923,
    "on-table(red-box-of-cereal,black-table)": 0.4052068522432819,
    "on-table(red-box-of-cereal,white-table)": 0.012504079893309003,
    "on-table(red-can-of-soda,wood-table)": 0.1133865547417372,
    "on-table(red-can-of-soda,black-table)": 0.7725293156690896,
    "on-table(red-can-of-soda,white-table)": 0.014055559709201285,
    "robot-gripper-empty()": 0.493936387822032,
    "robot-gripping(milk-carton)": 0.5530514977872372,
    "robot-gripping(lemon)": 0.20866237518688044,
    "robot-gripping(green-bottle)": 0.10788492392748594,
    "robot-gripping(loaf-of-bread)": 0.2154970414315661,
    "robot-gripping(red-box-of-cereal)": 0.2827329384163022,
    "robot-gripping(red-can-of-soda)": 0.4101790515705943
}