{
    "on-table(milk-carton,wood-table)": 0.2589945708556722,
    "on-table(milk-carton,black-table)": 0.5772107193867365,
    "on-table(milk-carton,white-table)": 0.267723965208764,
    "on-table(lemon,wood-table)": 0.2396538735968837,
    "on-table(lemon,black-table)": 0.01915394127172476,
    "on-table(lemon,white-table)": 0.8594281027714411,
    "on-table(green-bottle,wood-table)": 0.14956024574833768,
    "on-table(green-bottle,black-table)": 0.6759344997505347,
    "on-table(green-bottle,white-table)": 0.0036744453395840537,
    "on-table(loaf-of-bread,wood-table)": 0.4218818379255633,
    "on-table(loaf-of-bread,black-table)": 0.04975484451279044,
    "on-table(loaf-of-bread,white-table)": 0.5844555161893368,
    "on-table(red-box-of-cereal,wood-table)": 0.31354690513884026,
    "on-table(red-box-of-cereal,black-table)": 0.3524568174810459,
    "on-table(red-box-of-cereal,white-table)": 0.12090005521895364,
    "on-table(red-can-of-soda,wood-table)": 0.1602593814265371,
    "on-table(red-can-of-soda,black-table)": 0.6906682401895523,
    "on-table(red-can-of-soda,white-table)": 0.06457508399762446,
    "robot-gripper-empty()": 0.6158706326774942,
    "robot-gripping(milk-carton)": 0.4011731209854285,
    "robot-gripping(lemon)": 0.1237518647685647,
    "robot-gripping(green-bottle)": 0.09804546014250566,
    "robot-gripping(loaf-of-bread)": 0.32000349648296833,
    "robot-gripping(red-box-of-cereal)": 0.6208996133257946,
    "robot-gripping(red-can-of-soda)": 0.5714770394066969
}