{
    "on-table(milk-carton,wood-table)": 0.7383735540012518,
    "on-table(milk-carton,black-table)": 0.010442684690739648,
    "on-table(milk-carton,white-table)": 0.2557411181430022,
    "on-table(lemon,wood-table)": 0.16089612258656416,
    "on-table(lemon,black-table)": 0.8375434000045061,
    "on-table(lemon,white-table)": 0.09939910564526144,
    "on-table(green-bottle,wood-table)": 0.8401180431246758,
    "on-table(green-bottle,black-table)": 0.17345841157884934,
    "on-table(green-bottle,white-table)": 0.015152627093736252,
    "on-table(loaf-of-bread,wood-table)": 0.7124069888765613,
    "on-table(loaf-of-bread,black-table)": 0.14353665838537685,
    "on-table(loaf-of-bread,white-table)": 0.14247691252239747,
    "on-table(red-box-of-cereal,wood-table)": 0.9890861610571543,
    "on-table(red-box-of-cereal,black-table)": 0.13452986739745634,
    "on-table(red-box-of-cereal,white-table)": 0.3314228675638636,
    "on-table(red-can-of-soda,wood-table)": 0.20135496624607185,
    "on-table(red-can-of-soda,black-table)": 0.001174593126658389,
    "on-table(red-can-of-soda,white-table)": 0.8424885341276726,
    "robot-gripper-empty()": 0.9696643650531769,
    "robot-gripping(milk-carton)": 0.10220676427707076,
    "robot-gripping(lemon)": 0.06343163930190106,
    "robot-gripping(green-bottle)": 0.1449231793715929,
    "robot-gripping(loaf-of-bread)": 0.07523160784815748,
    "robot-gripping(red-box-of-cereal)": 0.04063909865605334,
    "robot-gripping(red-can-of-soda)": 0.09101998728389542
}