{
    "on-table(milk-carton,wood-table)": 0.3414554107002914,
    "on-table(milk-carton,black-table)": 0.005170550352583329,
    "on-table(milk-carton,white-table)": 0.7084444873034954,
    "on-table(lemon,wood-table)": 0.16967696207939298,
    "on-table(lemon,black-table)": 0.9069077173868815,
    "on-table(lemon,white-table)": 0.0008567307161987022,
    "on-table(green-bottle,wood-table)": 0.316260306732147,
    "on-table(green-bottle,black-table)": 0.9932350615660349,
    "on-table(green-bottle,white-table)": 0.00795165134028745,
    "on-table(loaf-of-bread,wood-table)": 0.4628722456594308,
    "on-table(loaf-of-bread,black-table)": 0.13289986023058495,
    "on-table(loaf-of-bread,white-table)": 0.010825277965826293,
    "on-table(red-box-of-cereal,wood-table)": 0.7918665522593074,
    "on-table(red-box-of-cereal,black-table)": 0.13423331702203237,
    "on-table(red-box-of-cereal,white-table)": 0.003302882032130583,
    "on-table(red-can-of-soda,wood-table)": 0.8329743292803565,
    "on-table(red-can-of-soda,black-table)": 0.16834314084583943,
    "on-table(red-can-of-soda,white-table)": 0.0019187638003283307,
    "robot-gripper-empty()": 0.8474432975053787,
    "robot-gripping(milk-carton)": 0.19795905705541372,
    "robot-gripping(lemon)": 0.13069081601376334,
    "robot-gripping(green-bottle)": 0.13635368552058935,
    "robot-gripping(loaf-of-bread)": 0.1175692668184638,
    "robot-gripping(red-box-of-cereal)": 0.18122315251578888,
    "robot-gripping(red-can-of-soda)": 0.21049351477995515
}