{
    "on-table(milk-carton,wood-table)": 0.7487075130144755,
    "on-table(milk-carton,black-table)": 0.19501187482698393,
    "on-table(milk-carton,white-table)": 0.21483383121085353,
    "on-table(lemon,wood-table)": 0.1018096844976147,
    "on-table(lemon,black-table)": 0.37643817051624257,
    "on-table(lemon,white-table)": 0.13141813159745652,
    "on-table(green-bottle,wood-table)": 0.16835677546138564,
    "on-table(green-bottle,black-table)": 0.16905724976595593,
    "on-table(green-bottle,white-table)": 0.0009333570221012147,
    "on-table(loaf-of-bread,wood-table)": 0.3990361026177804,
    "on-table(loaf-of-bread,black-table)": 0.09000510145172787,
    "on-table(loaf-of-bread,white-table)": 0.19185650794437,
    "on-table(red-box-of-cereal,wood-table)": 0.9234135448932648,
    "on-table(red-box-of-cereal,black-table)": 0.29797383184647214,
    "on-table(red-box-of-cereal,white-table)": 0.2576396588161363,
    "on-table(red-can-of-soda,wood-table)": 0.9704914887746176,
    "on-table(red-can-of-soda,black-table)": 0.32105603459789717,
    "on-table(red-can-of-soda,white-table)": 0.15852186756531714,
    "robot-gripper-empty()": 0.4554168289954153,
    "robot-gripping(milk-carton)": 0.23992316455890736,
    "robot-gripping(lemon)": 0.38259435320893925,
    "robot-gripping(green-bottle)": 0.7096131755194316,
    "robot-gripping(loaf-of-bread)": 0.04823276881749431,
    "robot-gripping(red-box-of-cereal)": 0.034905723752065874,
    "robot-gripping(red-can-of-soda)": 0.053628423173601426
}