{
    "on-table(milk-carton,wood-table)": 0.427834065175072,
    "on-table(milk-carton,black-table)": 0.521703359981378,
    "on-table(milk-carton,white-table)": 0.19332192900280157,
    "on-table(lemon,wood-table)": 0.13463604714343091,
    "on-table(lemon,black-table)": 0.7547070696794739,
    "on-table(lemon,white-table)": 0.0038927142340980936,
    "on-table(green-bottle,wood-table)": 0.0010529640506623157,
    "on-table(green-bottle,black-table)": 0.163372871636966,
    "on-table(green-bottle,white-table)": 0.0006033039317117073,
    "on-table(loaf-of-bread,wood-table)": 0.4287669120046,
    "on-table(loaf-of-bread,black-table)": 0.15478088925980651,
    "on-table(loaf-of-bread,white-table)": 0.017057298549237505,
    "on-table(red-box-of-cereal,wood-table)": 0.9301187594731649,
    "on-table(red-box-of-cereal,black-table)": 0.012375056304942214,
    "on-table(red-box-of-cereal,white-table)": 0.3419246921069619,
    "on-table(red-can-of-soda,wood-table)": 0.36366463521214126,
    "on-table(red-can-of-soda,black-table)": 0.002944625190896962,
    "on-table(red-can-of-soda,white-table)": 0.8431868261347214,
    "robot-gripper-empty()": 0.8866338282823563,
    "robot-gripping(milk-carton)": 0.12676301908989748,
    "robot-gripping(lemon)": 0.05963693054703375,
    "robot-gripping(green-bottle)": 0.06539958928866933,
    "robot-gripping(loaf-of-bread)": 0.12443366646766663,
    "robot-gripping(red-box-of-cereal)": 0.1713270362233743,
    "robot-gripping(red-can-of-soda)": 0.06669760006479919
}