{
    "on-table(milk-carton,wood-table)": 0.1594965749051577,
    "on-table(milk-carton,black-table)": 0.7347462360436717,
    "on-table(milk-carton,white-table)": 0.18297127420373727,
    "on-table(lemon,wood-table)": 0.2028945810161531,
    "on-table(lemon,black-table)": 0.5013820677995682,
    "on-table(lemon,white-table)": 0.17083871026989073,
    "on-table(green-bottle,wood-table)": 0.8420798232158025,
    "on-table(green-bottle,black-table)": 0.33357279270175394,
    "on-table(green-bottle,white-table)": 0.0055891141347880575,
    "on-table(loaf-of-bread,wood-table)": 0.17982297716662288,
    "on-table(loaf-of-bread,black-table)": 0.5280692940965915,
    "on-table(loaf-of-bread,white-table)": 0.17427590047979416,
    "on-table(red-box-of-cereal,wood-table)": 0.07848934177309275,
    "on-table(red-box-of-cereal,black-table)": 0.8021338746572534,
    "on-table(red-box-of-cereal,white-table)": 0.026324479370183933,
    "on-table(red-can-of-soda,wood-table)": 0.8366768301154176,
    "on-table(red-can-of-soda,black-table)": 0.3370764913997846,
    "on-table(red-can-of-soda,white-table)": 0.002982807189861584,
    "robot-gripper-empty()": 0.828103149930636,
    "robot-gripping(milk-carton)": 0.23205842822790146,
    "robot-gripping(lemon)": 0.2502363572518031,
    "robot-gripping(green-bottle)": 0.14451968871677914,
    "robot-gripping(loaf-of-bread)": 0.20383584406226873,
    "robot-gripping(red-box-of-cereal)": 0.23845429718494415,
    "robot-gripping(red-can-of-soda)": 0.3555641487861673
}