{
    "on-table(milk-carton,wood-table)": 0.5646556781139225,
    "on-table(milk-carton,black-table)": 0.2522855148918097,
    "on-table(milk-carton,white-table)": 0.08380068341390749,
    "on-table(lemon,wood-table)": 0.17410330183338374,
    "on-table(lemon,black-table)": 0.004937631577301242,
    "on-table(lemon,white-table)": 0.9693862597147623,
    "on-table(green-bottle,wood-table)": 0.9993351797262827,
    "on-table(green-bottle,black-table)": 0.3332592957601908,
    "on-table(green-bottle,white-table)": 0.004568027728169,
    "on-table(loaf-of-bread,wood-table)": 0.22210567405757806,
    "on-table(loaf-of-bread,black-table)": 0.4920133138075471,
    "on-table(loaf-of-bread,white-table)": 0.2547604695428163,
    "on-table(red-box-of-cereal,wood-table)": 0.2398647740483284,
    "on-table(red-box-of-cereal,black-table)": 0.14935403047517562,
    "on-table(red-box-of-cereal,white-table)": 0.02080506215376469,
    "on-table(red-can-of-soda,wood-table)": 0.8822867224613825,
    "on-table(red-can-of-soda,black-table)": 0.24880790874946493,
    "on-table(red-can-of-soda,white-table)": 0.020015920459703313,
    "robot-gripper-empty()": 0.9130767484505972,
    "robot-gripping(milk-carton)": 0.1822503611134986,
    "robot-gripping(lemon)": 0.08952997320254023,
    "robot-gripping(green-bottle)": 0.051363889244385064,
    "robot-gripping(loaf-of-bread)": 0.10321151868750651,
    "robot-gripping(red-box-of-cereal)": 0.03950448427349329,
    "robot-gripping(red-can-of-soda)": 0.19423742343982062
}