{
    "on-table(milk-carton,wood-table)": 0.14630052680149674,
    "on-table(milk-carton,black-table)": 0.41108855977654457,
    "on-table(milk-carton,white-table)": 0.6381441791697094,
    "on-table(lemon,wood-table)": 0.09341404065101717,
    "on-table(lemon,black-table)": 0.6695170312499007,
    "on-table(lemon,white-table)": 0.022493184302372054,
    "on-table(green-bottle,wood-table)": 0.1941646796379549,
    "on-table(green-bottle,black-table)": 0.8610438530643781,
    "on-table(green-bottle,white-table)": 0.0032747915272466344,
    "on-table(loaf-of-bread,wood-table)": 0.1853687047647933,
    "on-table(loaf-of-bread,black-table)": 0.04427384264272405,
    "on-table(loaf-of-bread,white-table)": 0.6231139055453241,
    "on-table(red-box-of-cereal,wood-table)": 0.17738060432990702,
    "on-table(red-box-of-cereal,black-table)": 0.07141098598246269,
    "on-table(red-box-of-cereal,white-table)": 0.9992378751436869,
    "on-table(red-can-of-soda,wood-table)": 0.21162113579339348,
    "on-table(red-can-of-soda,black-table)": 0.03125549958046273,
    "on-table(red-can-of-soda,white-table)": 0.9995613296826681,
    "robot-gripper-empty()": 0.9420566856861115,
    "robot-gripping(milk-carton)": 0.23974764750649533,
    "robot-gripping(lemon)": 0.06749650028844674,
    "robot-gripping(green-bottle)": 0.13945112138753757,
    "robot-gripping(loaf-of-bread)": 0.12319301596532266,
    "robot-gripping(red-box-of-cereal)": 0.11021337277876835,
    "robot-gripping(red-can-of-soda)": 0.22653759464931986
}