{
    "on-table(milk-carton,wood-table)": 0.158367903282245,
    "on-table(milk-carton,black-table)": 0.03251808687734107,
    "on-table(milk-carton,white-table)": 0.6312505876024564,
    "on-table(lemon,wood-table)": 0.2528231755519907,
    "on-table(lemon,black-table)": 0.16608767069980482,
    "on-table(lemon,white-table)": 0.8243517226849993,
    "on-table(green-bottle,wood-table)": 0.3409012474391299,
    "on-table(green-bottle,black-table)": 0.9975739320119222,
    "on-table(green-bottle,white-table)": 0.13795372032473097,
    "on-table(loaf-of-bread,wood-table)": 0.2317992732860148,
    "on-table(loaf-of-bread,black-table)": 0.02634462639859218,
    "on-table(loaf-of-bread,white-table)": 0.5489180420214931,
    "on-table(red-box-of-cereal,wood-table)": 0.18918266057153232,
    "on-table(red-box-of-cereal,black-table)": 0.021340195899332077,
    "on-table(red-box-of-cereal,white-table)": 0.9119156301021576,
    "on-table(red-can-of-soda,wood-table)": 0.2827783163132456,
    "on-table(red-can-of-soda,black-table)": 0.02138456027690457,
    "on-table(red-can-of-soda,white-table)": 0.9782025615374247,
    "robot-gripper-empty()": 0.90788001815478,
    "robot-gripping(milk-carton)": 0.14973290947576365,
    "robot-gripping(lemon)": 0.08148042143632968,
    "robot-gripping(green-bottle)": 0.1626198351198885,
    "robot-gripping(loaf-of-bread)": 0.11662426311522722,
    "robot-gripping(red-box-of-cereal)": 0.08274142125931878,
    "robot-gripping(red-can-of-soda)": 0.19282964430749416
}