{
    "on-table(milk-carton,wood-table)": 0.7592310160398483,
    "on-table(milk-carton,black-table)": 0.2464923525966848,
    "on-table(milk-carton,white-table)": 0.2756665682766955,
    "on-table(lemon,wood-table)": 0.327955005702582,
    "on-table(lemon,black-table)": 0.9927093883355459,
    "on-table(lemon,white-table)": 0.00477648529772523,
    "on-table(green-bottle,wood-table)": 0.3335525769295297,
    "on-table(green-bottle,black-table)": 0.9997558494408926,
    "on-table(green-bottle,white-table)": 0.003918085810691234,
    "on-table(loaf-of-bread,wood-table)": 0.2358293862392505,
    "on-table(loaf-of-bread,black-table)": 0.2967012286535464,
    "on-table(loaf-of-bread,white-table)": 0.28988946636673063,
    "on-table(red-box-of-cereal,wood-table)": 0.05297245311764224,
    "on-table(red-box-of-cereal,black-table)": 0.0057954305172340055,
    "on-table(red-box-of-cereal,white-table)": 0.839282900094986,
    "on-table(red-can-of-soda,wood-table)": 0.005317153788079547,
    "on-table(red-can-of-soda,black-table)": 0.0038608086530681853,
    "on-table(red-can-of-soda,white-table)": 0.9535860816637675,
    "robot-gripper-empty()": 0.9507443805535635,
    "robot-gripping(milk-carton)": 0.20154397251705328,
    "robot-gripping(lemon)": 0.03516052021101738,
    "robot-gripping(green-bottle)": 0.021277202991768718,
    "robot-gripping(loaf-of-bread)": 0.08489849728842576,
    "robot-gripping(red-box-of-cereal)": 0.05018766922876239,
    "robot-gripping(red-can-of-soda)": 0.10635391091151784
}