{
    "on-table(milk-carton,wood-table)": 0.8889024754365286,
    "on-table(milk-carton,black-table)": 0.2752124781030337,
    "on-table(milk-carton,white-table)": 0.15365650906763526,
    "on-table(lemon,wood-table)": 0.21349081663811376,
    "on-table(lemon,black-table)": 0.08972583267222944,
    "on-table(lemon,white-table)": 0.15379929787741276,
    "on-table(green-bottle,wood-table)": 0.3336448777699843,
    "on-table(green-bottle,black-table)": 0.0772090323290892,
    "on-table(green-bottle,white-table)": 0.19057064654559022,
    "on-table(loaf-of-bread,wood-table)": 0.34499244888623554,
    "on-table(loaf-of-bread,black-table)": 0.32835400833088596,
    "on-table(loaf-of-bread,white-table)": 0.1888112739349405,
    "on-table(red-box-of-cereal,wood-table)": 0.8117231925328573,
    "on-table(red-box-of-cereal,black-table)": 0.3891416991997782,
    "on-table(red-box-of-cereal,white-table)": 0.1302908198995283,
    "on-table(red-can-of-soda,wood-table)": 0.9952648182710012,
    "on-table(red-can-of-soda,black-table)": 0.33147576063746936,
    "on-table(red-can-of-soda,white-table)": 0.0525580778183515,
    "robot-gripper-empty()": 0.7909657657146454,
    "robot-gripping(milk-carton)": 0.3814430646598339,
    "robot-gripping(lemon)": 0.14698501490056515,
    "robot-gripping(green-bottle)": 0.06980978387097518,
    "robot-gripping(loaf-of-bread)": 0.3377998111148675,
    "robot-gripping(red-box-of-cereal)": 0.3331929485624035,
    "robot-gripping(red-can-of-soda)": 0.44687120988965034
}