{
    "on-table(milk-carton,wood-table)": 0.2026758623930315,
    "on-table(milk-carton,black-table)": 0.11266562614400755,
    "on-table(milk-carton,white-table)": 0.7653784304857254,
    "on-table(lemon,wood-table)": 0.24430761424203715,
    "on-table(lemon,black-table)": 0.2797498833897407,
    "on-table(lemon,white-table)": 0.17834635835606605,
    "on-table(green-bottle,wood-table)": 0.1691148350655567,
    "on-table(green-bottle,black-table)": 0.8331510121352039,
    "on-table(green-bottle,white-table)": 0.009767886992070393,
    "on-table(loaf-of-bread,wood-table)": 0.2558617442846298,
    "on-table(loaf-of-bread,black-table)": 0.01712400452500636,
    "on-table(loaf-of-bread,white-table)": 0.5095506360133489,
    "on-table(red-box-of-cereal,wood-table)": 0.06382919374542932,
    "on-table(red-box-of-cereal,black-table)": 0.659752399350206,
    "on-table(red-box-of-cereal,white-table)": 0.16169737737315396,
    "on-table(red-can-of-soda,wood-table)": 0.09348272485658526,
    "on-table(red-can-of-soda,black-table)": 0.6574634177765498,
    "on-table(red-can-of-soda,white-table)": 0.13415661079246397,
    "robot-gripper-empty()": 0.8047369370857874,
    "robot-gripping(milk-carton)": 0.2663198004787167,
    "robot-gripping(lemon)": 0.07126456747452418,
    "robot-gripping(green-bottle)": 0.17961584559331337,
    "robot-gripping(loaf-of-bread)": 0.19323177790890136,
    "robot-gripping(red-box-of-cereal)": 0.25527190044522285,
    "robot-gripping(red-can-of-soda)": 0.5281556074817976
}