{
    "on-table(milk-carton,wood-table)": 0.8005824573338032,
    "on-table(milk-carton,black-table)": 0.4042024746498403,
    "on-table(milk-carton,white-table)": 0.008985058617933342,
    "on-table(lemon,wood-table)": 0.7756327676276366,
    "on-table(lemon,black-table)": 0.4409026360032537,
    "on-table(lemon,white-table)": 0.008054841489259465,
    "on-table(green-bottle,wood-table)": 0.02321600419478879,
    "on-table(green-bottle,black-table)": 0.002486223151890954,
    "on-table(green-bottle,white-table)": 0.9813275237878164,
    "on-table(loaf-of-bread,wood-table)": 0.254664470286419,
    "on-table(loaf-of-bread,black-table)": 0.7087816769878069,
    "on-table(loaf-of-bread,white-table)": 0.0038458965354948305,
    "on-table(red-box-of-cereal,wood-table)": 0.9656458000342051,
    "on-table(red-box-of-cereal,black-table)": 0.33343849085955907,
    "on-table(red-box-of-cereal,white-table)": 0.01149571720361564,
    "on-table(red-can-of-soda,wood-table)": 0.9986537794272105,
    "on-table(red-can-of-soda,black-table)": 0.33187781590682636,
    "on-table(red-can-of-soda,white-table)": 0.0013504368967005576,
    "robot-gripper-empty()": 0.9589021106561025,
    "robot-gripping(milk-carton)": 0.27548741673429805,
    "robot-gripping(lemon)": 0.0741461521635453,
    "robot-gripping(green-bottle)": 0.13307491930512091,
    "robot-gripping(loaf-of-bread)": 0.1432356188694636,
    "robot-gripping(red-box-of-cereal)": 0.0985084567995121,
    "robot-gripping(red-can-of-soda)": 0.17924745474010706
}