{
    "on-table(milk-carton,wood-table)": 0.8566019833087921,
    "on-table(milk-carton,black-table)": 0.2219002561881401,
    "on-table(milk-carton,white-table)": 0.009099426029327637,
    "on-table(lemon,wood-table)": 0.7451990038777391,
    "on-table(lemon,black-table)": 0.004378329479322929,
    "on-table(lemon,white-table)": 0.3242176068001754,
    "on-table(green-bottle,wood-table)": 0.16665809867117787,
    "on-table(green-bottle,black-table)": 0.0003745086928574892,
    "on-table(green-bottle,white-table)": 0.8337938991996149,
    "on-table(loaf-of-bread,wood-table)": 0.5071406592614949,
    "on-table(loaf-of-bread,black-table)": 0.0039552644836173085,
    "on-table(loaf-of-bread,white-table)": 0.3906827777779351,
    "on-table(red-box-of-cereal,wood-table)": 0.981744627157847,
    "on-table(red-box-of-cereal,black-table)": 0.3388601775562468,
    "on-table(red-box-of-cereal,white-table)": 0.01571859922114527,
    "on-table(red-can-of-soda,wood-table)": 0.5178342012998959,
    "on-table(red-can-of-soda,black-table)": 0.8514039206008116,
    "on-table(red-can-of-soda,white-table)": 0.007703597203847797,
    "robot-gripper-empty()": 0.9788128733634949,
    "robot-gripping(milk-carton)": 0.13652003711710373,
    "robot-gripping(lemon)": 0.1040506058682998,
    "robot-gripping(green-bottle)": 0.015194306247091541,
    "robot-gripping(loaf-of-bread)": 0.08138344778368871,
    "robot-gripping(red-box-of-cereal)": 0.06036369929400583,
    "robot-gripping(red-can-of-soda)": 0.1055977806293716
}