{
    "on-table(milk-carton,wood-table)": 0.6332508884370327,
    "on-table(milk-carton,black-table)": 0.023675040026622202,
    "on-table(milk-carton,white-table)": 0.018358059168046264,
    "on-table(lemon,wood-table)": 0.01862195002225538,
    "on-table(lemon,black-table)": 0.074708352862217,
    "on-table(lemon,white-table)": 0.00982438403783211,
    "on-table(green-bottle,wood-table)": 0.17054634893186935,
    "on-table(green-bottle,black-table)": 0.17123327034399458,
    "on-table(green-bottle,white-table)": 0.0015795119804048834,
    "on-table(loaf-of-bread,wood-table)": 0.1570303081146752,
    "on-table(loaf-of-bread,black-table)": 0.004839551346473551,
    "on-table(loaf-of-bread,white-table)": 0.004470952786505222,
    "on-table(red-box-of-cereal,wood-table)": 0.7060497201358279,
    "on-table(red-box-of-cereal,black-table)": 0.016951696646477405,
    "on-table(red-box-of-cereal,white-table)": 0.02030162119202335,
    "on-table(red-can-of-soda,wood-table)": 0.447904194450075,
    "on-table(red-can-of-soda,black-table)": 0.01489320303638427,
    "on-table(red-can-of-soda,white-table)": 0.8362019207949439,
    "robot-gripper-empty()": 0.36901525246018235,
    "robot-gripping(milk-carton)": 0.357278427730004,
    "robot-gripping(lemon)": 0.5962354922667146,
    "robot-gripping(green-bottle)": 0.7825205102562904,
    "robot-gripping(loaf-of-bread)": 0.054490811501940094,
    "robot-gripping(red-box-of-cereal)": 0.047987028277323894,
    "robot-gripping(red-can-of-soda)": 0.07252462710312102
}