{
    "on-table(milk-carton,wood-table)": 0.2593948783663412,
    "on-table(milk-carton,black-table)": 0.7752836793661118,
    "on-table(milk-carton,white-table)": 0.22915526334448563,
    "on-table(lemon,wood-table)": 0.024776459593946736,
    "on-table(lemon,black-table)": 0.2002820331545081,
    "on-table(lemon,white-table)": 0.02544371587767576,
    "on-table(green-bottle,wood-table)": 0.07148016733117402,
    "on-table(green-bottle,black-table)": 0.0016606500058173879,
    "on-table(green-bottle,white-table)": 0.8343542867029706,
    "on-table(loaf-of-bread,wood-table)": 0.26352383693059284,
    "on-table(loaf-of-bread,black-table)": 0.5111693140740196,
    "on-table(loaf-of-bread,white-table)": 0.06052153573303561,
    "on-table(red-box-of-cereal,wood-table)": 0.14952254832799858,
    "on-table(red-box-of-cereal,black-table)": 0.32756610531456926,
    "on-table(red-box-of-cereal,white-table)": 0.67362409690395,
    "on-table(red-can-of-soda,wood-table)": 0.14673819368181285,
    "on-table(red-can-of-soda,black-table)": 0.10384338587770496,
    "on-table(red-can-of-soda,white-table)": 0.9971964160601298,
    "robot-gripper-empty()": 0.9656864106655121,
    "robot-gripping(milk-carton)": 0.10637984238564968,
    "robot-gripping(lemon)": 0.044053932186216116,
    "robot-gripping(green-bottle)": 0.02445198754624774,
    "robot-gripping(loaf-of-bread)": 0.07643536726633708,
    "robot-gripping(red-box-of-cereal)": 0.11261091978910069,
    "robot-gripping(red-can-of-soda)": 0.120563554422309
}