{
    "on-table(milk-carton,wood-table)": 0.3745456716666619,
    "on-table(milk-carton,black-table)": 0.15044294646941125,
    "on-table(milk-carton,white-table)": 0.8192374842862288,
    "on-table(lemon,wood-table)": 0.17806117831135757,
    "on-table(lemon,black-table)": 0.0030515268673146543,
    "on-table(lemon,white-table)": 0.09121387135473924,
    "on-table(green-bottle,wood-table)": 0.05082198678671072,
    "on-table(green-bottle,black-table)": 0.0014809055123805592,
    "on-table(green-bottle,white-table)": 0.16851944763432888,
    "on-table(loaf-of-bread,wood-table)": 0.9560814003149668,
    "on-table(loaf-of-bread,black-table)": 0.16669679693101594,
    "on-table(loaf-of-bread,white-table)": 0.069355456008149,
    "on-table(red-box-of-cereal,wood-table)": 0.18727193392260233,
    "on-table(red-box-of-cereal,black-table)": 0.8410560718427101,
    "on-table(red-box-of-cereal,white-table)": 0.012009555184098039,
    "on-table(red-can-of-soda,wood-table)": 0.05858931999925213,
    "on-table(red-can-of-soda,black-table)": 0.7364614385490617,
    "on-table(red-can-of-soda,white-table)": 0.00415901139088722,
    "robot-gripper-empty()": 0.8003907154003779,
    "robot-gripping(milk-carton)": 0.2697371765971184,
    "robot-gripping(lemon)": 0.08475859137251973,
    "robot-gripping(green-bottle)": 0.0672170363056163,
    "robot-gripping(loaf-of-bread)": 0.15339847964545092,
    "robot-gripping(red-box-of-cereal)": 0.31357225961983204,
    "robot-gripping(red-can-of-soda)": 0.5338722225278616
}