{
    "on-table(milk-carton,wood-table)": 0.16809433315938804,
    "on-table(milk-carton,black-table)": 0.0066095970003819575,
    "on-table(milk-carton,white-table)": 0.9380164841810862,
    "on-table(lemon,wood-table)": 0.21928738100784054,
    "on-table(lemon,black-table)": 0.9143807739019394,
    "on-table(lemon,white-table)": 0.005924974464354212,
    "on-table(green-bottle,wood-table)": 0.855714867512385,
    "on-table(green-bottle,black-table)": 0.292757159429262,
    "on-table(green-bottle,white-table)": 0.0007125507261586487,
    "on-table(loaf-of-bread,wood-table)": 0.07080512546235695,
    "on-table(loaf-of-bread,black-table)": 0.11946617650877063,
    "on-table(loaf-of-bread,white-table)": 0.16787042057452103,
    "on-table(red-box-of-cereal,wood-table)": 0.18067689305947474,
    "on-table(red-box-of-cereal,black-table)": 0.16488278311165536,
    "on-table(red-box-of-cereal,white-table)": 0.9573555489381155,
    "on-table(red-can-of-soda,wood-table)": 0.16237801546958508,
    "on-table(red-can-of-soda,black-table)": 0.6764844191299441,
    "on-table(red-can-of-soda,white-table)": 0.4797270911367377,
    "robot-gripper-empty()": 0.9461782773335775,
    "robot-gripping(milk-carton)": 0.08794423534224431,
    "robot-gripping(lemon)": 0.03149105313544472,
    "robot-gripping(green-bottle)": 0.14534628408728167,
    "robot-gripping(loaf-of-bread)": 0.10319026885554194,
    "robot-gripping(red-box-of-cereal)": 0.07955792140758906,
    "robot-gripping(red-can-of-soda)": 0.17092359310481697
}