{
    "on-table(milk-carton,wood-table)": 0.22790120293696722,
    "on-table(milk-carton,black-table)": 0.6662905588746071,
    "on-table(milk-carton,white-table)": 0.2505958539707838,
    "on-table(lemon,wood-table)": 0.04798150708666071,
    "on-table(lemon,black-table)": 0.7160691358149052,
    "on-table(lemon,white-table)": 0.005005911031124318,
    "on-table(green-bottle,wood-table)": 0.1014587616470332,
    "on-table(green-bottle,black-table)": 0.8697774857282639,
    "on-table(green-bottle,white-table)": 0.016553774553813128,
    "on-table(loaf-of-bread,wood-table)": 0.2274203799509754,
    "on-table(loaf-of-bread,black-table)": 0.34092873102054,
    "on-table(loaf-of-bread,white-table)": 0.04415381815730749,
    "on-table(red-box-of-cereal,wood-table)": 0.38176465275076527,
    "on-table(red-box-of-cereal,black-table)": 0.8287595732448002,
    "on-table(red-box-of-cereal,white-table)": 0.2817327187670647,
    "on-table(red-can-of-soda,wood-table)": 0.18447001176658281,
    "on-table(red-can-of-soda,black-table)": 0.15056313931836485,
    "on-table(red-can-of-soda,white-table)": 0.8473081787427267,
    "robot-gripper-empty()": 0.9463532666365305,
    "robot-gripping(milk-carton)": 0.32088111620396376,
    "robot-gripping(lemon)": 0.05982610575544337,
    "robot-gripping(green-bottle)": 0.1545758001448121,
    "robot-gripping(loaf-of-bread)": 0.09263584048797686,
    "robot-gripping(red-box-of-cereal)": 0.06748849495003621,
    "robot-gripping(red-can-of-soda)": 0.13572507817298174
}