{
    "on-table(milk-carton,wood-table)": 0.2601189754592876,
    "on-table(milk-carton,black-table)": 0.6255612050493559,
    "on-table(milk-carton,white-table)": 0.021883041597902775,
    "on-table(lemon,wood-table)": 0.1561309382765709,
    "on-table(lemon,black-table)": 0.002470003067098029,
    "on-table(lemon,white-table)": 0.9936189353466034,
    "on-table(green-bottle,wood-table)": 0.16270592410728568,
    "on-table(green-bottle,black-table)": 0.0014988745368403518,
    "on-table(green-bottle,white-table)": 0.8362367485339443,
    "on-table(loaf-of-bread,wood-table)": 0.18936238892880888,
    "on-table(loaf-of-bread,black-table)": 0.6545391663676128,
    "on-table(loaf-of-bread,white-table)": 0.08274897606073257,
    "on-table(red-box-of-cereal,wood-table)": 0.3957655595149845,
    "on-table(red-box-of-cereal,black-table)": 0.7766126195589701,
    "on-table(red-box-of-cereal,white-table)": 0.008622388299651599,
    "on-table(red-can-of-soda,wood-table)": 0.8340712462862333,
    "on-table(red-can-of-soda,black-table)": 0.33617018182152,
    "on-table(red-can-of-soda,white-table)": 0.00400889959981517,
    "robot-gripper-empty()": 0.9882508913675944,
    "robot-gripping(milk-carton)": 0.20311651627222696,
    "robot-gripping(lemon)": 0.01770970590102176,
    "robot-gripping(green-bottle)": 0.015949929210667808,
    "robot-gripping(loaf-of-bread)": 0.05078659517069658,
    "robot-gripping(red-box-of-cereal)": 0.021568951041748125,
    "robot-gripping(red-can-of-soda)": 0.0980227671097964
}