{
    "on-table(milk-carton,wood-table)": 0.8422464281320572,
    "on-table(milk-carton,black-table)": 0.14924280756774047,
    "on-table(milk-carton,white-table)": 0.03415074426933037,
    "on-table(lemon,wood-table)": 0.19426674391919127,
    "on-table(lemon,black-table)": 0.009836120371498206,
    "on-table(lemon,white-table)": 0.831336016766727,
    "on-table(green-bottle,wood-table)": 0.1379768194613765,
    "on-table(green-bottle,black-table)": 0.8284209964137214,
    "on-table(green-bottle,white-table)": 0.04626988296725661,
    "on-table(loaf-of-bread,wood-table)": 0.4079095696409543,
    "on-table(loaf-of-bread,black-table)": 0.16133894408509755,
    "on-table(loaf-of-bread,white-table)": 0.4526357216139634,
    "on-table(red-box-of-cereal,wood-table)": 0.8336250521242619,
    "on-table(red-box-of-cereal,black-table)": 0.16816179415612473,
    "on-table(red-box-of-cereal,white-table)": 0.0019296425242221933,
    "on-table(red-can-of-soda,wood-table)": 0.8348998945827285,
    "on-table(red-can-of-soda,black-table)": 0.16812633545616032,
    "on-table(red-can-of-soda,white-table)": 0.0020635886105537793,
    "robot-gripper-empty()": 0.9620760778586069,
    "robot-gripping(milk-carton)": 0.09352745239933331,
    "robot-gripping(lemon)": 0.042349318197617926,
    "robot-gripping(green-bottle)": 0.163416699351122,
    "robot-gripping(loaf-of-bread)": 0.044752561332037054,
    "robot-gripping(red-box-of-cereal)": 0.03173803724348545,
    "robot-gripping(red-can-of-soda)": 0.08909617379928629
}