{
    "on-table(milk-carton,wood-table)": 0.21274261370611688,
    "on-table(milk-carton,black-table)": 0.01982468701498874,
    "on-table(milk-carton,white-table)": 0.8606470276912054,
    "on-table(lemon,wood-table)": 0.036134027711038165,
    "on-table(lemon,black-table)": 0.14049885944344473,
    "on-table(lemon,white-table)": 0.027984203523374163,
    "on-table(green-bottle,wood-table)": 0.3350568661893097,
    "on-table(green-bottle,black-table)": 0.9992921948432922,
    "on-table(green-bottle,white-table)": 0.01485580649568874,
    "on-table(loaf-of-bread,wood-table)": 0.12186449579894543,
    "on-table(loaf-of-bread,black-table)": 0.03823856349724034,
    "on-table(loaf-of-bread,white-table)": 0.2191407682839781,
    "on-table(red-box-of-cereal,wood-table)": 0.17424488547840156,
    "on-table(red-box-of-cereal,black-table)": 0.002796185455736122,
    "on-table(red-box-of-cereal,white-table)": 0.8334992280385146,
    "on-table(red-can-of-soda,wood-table)": 0.12679949255349734,
    "on-table(red-can-of-soda,black-table)": 0.005669154603917074,
    "on-table(red-can-of-soda,white-table)": 0.6647777674540217,
    "robot-gripper-empty()": 0.9721857110659281,
    "robot-gripping(milk-carton)": 0.10517068114131689,
    "robot-gripping(lemon)": 0.06111272017005831,
    "robot-gripping(green-bottle)": 0.05988274035432065,
    "robot-gripping(loaf-of-bread)": 0.09254622273147106,
    "robot-gripping(red-box-of-cereal)": 0.04954030457884073,
    "robot-gripping(red-can-of-soda)": 0.09646813540409009
}