{
    "on-table(milk-carton,wood-table)": 0.2534842596699794,
    "on-table(milk-carton,black-table)": 0.8014569332202276,
    "on-table(milk-carton,white-table)": 0.20946336386259645,
    "on-table(lemon,wood-table)": 0.2772838353509239,
    "on-table(lemon,black-table)": 0.8293204853932062,
    "on-table(lemon,white-table)": 0.22173953018788475,
    "on-table(green-bottle,wood-table)": 0.3235515623673564,
    "on-table(green-bottle,black-table)": 0.9965050915877024,
    "on-table(green-bottle,white-table)": 0.14882767707361685,
    "on-table(loaf-of-bread,wood-table)": 0.39904259828229743,
    "on-table(loaf-of-bread,black-table)": 0.3280550595372915,
    "on-table(loaf-of-bread,white-table)": 0.16538848836595813,
    "on-table(red-box-of-cereal,wood-table)": 0.12076487840386108,
    "on-table(red-box-of-cereal,black-table)": 0.8404555916786194,
    "on-table(red-box-of-cereal,white-table)": 0.055436553343800675,
    "on-table(red-can-of-soda,wood-table)": 0.23123113787733018,
    "on-table(red-can-of-soda,black-table)": 0.7248619770010313,
    "on-table(red-can-of-soda,white-table)": 0.020768530914210714,
    "robot-gripper-empty()": 0.8499075373013815,
    "robot-gripping(milk-carton)": 0.3598703518509865,
    "robot-gripping(lemon)": 0.07756214216351509,
    "robot-gripping(green-bottle)": 0.07210593872393171,
    "robot-gripping(loaf-of-bread)": 0.1519894233594338,
    "robot-gripping(red-box-of-cereal)": 0.28722600390513736,
    "robot-gripping(red-can-of-soda)": 0.5563218370079994
}