{
    "on-table(milk-carton,wood-table)": 0.3409931662802895,
    "on-table(milk-carton,black-table)": 0.6572637120261788,
    "on-table(milk-carton,white-table)": 0.05564202450720283,
    "on-table(lemon,wood-table)": 0.19474494431051426,
    "on-table(lemon,black-table)": 0.3405165716227809,
    "on-table(lemon,white-table)": 0.023945014903802075,
    "on-table(green-bottle,wood-table)": 0.005089714308875652,
    "on-table(green-bottle,black-table)": 0.8341227108612657,
    "on-table(green-bottle,white-table)": 0.0015045090149214957,
    "on-table(loaf-of-bread,wood-table)": 0.6806990951299667,
    "on-table(loaf-of-bread,black-table)": 0.07325374882202595,
    "on-table(loaf-of-bread,white-table)": 0.17451818916015327,
    "on-table(red-box-of-cereal,wood-table)": 0.07207140666044627,
    "on-table(red-box-of-cereal,black-table)": 0.823371467490991,
    "on-table(red-box-of-cereal,white-table)": 0.011296752495885206,
    "on-table(red-can-of-soda,wood-table)": 0.04567147602210753,
    "on-table(red-can-of-soda,black-table)": 0.8478977642953396,
    "on-table(red-can-of-soda,white-table)": 0.001940501105612687,
    "robot-gripper-empty()": 0.7373325352867445,
    "robot-gripping(milk-carton)": 0.21969260151187578,
    "robot-gripping(lemon)": 0.04756581038236618,
    "robot-gripping(green-bottle)": 0.17390098345155516,
    "robot-gripping(loaf-of-bread)": 0.20963631244376302,
    "robot-gripping(red-box-of-cereal)": 0.17838314020385346,
    "robot-gripping(red-can-of-soda)": 0.19154397677630186
}