{
    "on-table(milk-carton,wood-table)": 0.16282678977101264,
    "on-table(milk-carton,black-table)": 0.7447619140148163,
    "on-table(milk-carton,white-table)": 0.18368339027559463,
    "on-table(lemon,wood-table)": 0.023259746132680448,
    "on-table(lemon,black-table)": 0.8358351228137811,
    "on-table(lemon,white-table)": 0.1656243684086197,
    "on-table(green-bottle,wood-table)": 0.8339193210316201,
    "on-table(green-bottle,black-table)": 0.17043105689108037,
    "on-table(green-bottle,white-table)": 0.003285091938854142,
    "on-table(loaf-of-bread,wood-table)": 0.13264230017860731,
    "on-table(loaf-of-bread,black-table)": 0.09025112505575332,
    "on-table(loaf-of-bread,white-table)": 0.5938940178602934,
    "on-table(red-box-of-cereal,wood-table)": 0.5074171839514747,
    "on-table(red-box-of-cereal,black-table)": 0.8686041285594305,
    "on-table(red-box-of-cereal,white-table)": 0.010337958112359047,
    "on-table(red-can-of-soda,wood-table)": 0.9340647161006927,
    "on-table(red-can-of-soda,black-table)": 0.373936982219675,
    "on-table(red-can-of-soda,white-table)": 0.004024578687449321,
    "robot-gripper-empty()": 0.8533655032515526,
    "robot-gripping(milk-carton)": 0.16534642262073854,
    "robot-gripping(lemon)": 0.031823191015670695,
    "robot-gripping(green-bottle)": 0.1790889820549637,
    "robot-gripping(loaf-of-bread)": 0.0712541655326883,
    "robot-gripping(red-box-of-cereal)": 0.10948401759378612,
    "robot-gripping(red-can-of-soda)": 0.18628593161702156
}