{
    "on-table(milk-carton,wood-table)": 0.5767212083252767,
    "on-table(milk-carton,black-table)": 0.38431415664187324,
    "on-table(milk-carton,white-table)": 0.07227045916564141,
    "on-table(lemon,wood-table)": 0.20135328138470263,
    "on-table(lemon,black-table)": 0.8847649693489075,
    "on-table(lemon,white-table)": 0.0008218807849213287,
    "on-table(green-bottle,wood-table)": 0.3337108996687069,
    "on-table(green-bottle,black-table)": 0.8508183310429255,
    "on-table(green-bottle,white-table)": 0.0015618345443044745,
    "on-table(loaf-of-bread,wood-table)": 0.21220710186753422,
    "on-table(loaf-of-bread,black-table)": 0.7908452164847404,
    "on-table(loaf-of-bread,white-table)": 0.005476538955311601,
    "on-table(red-box-of-cereal,wood-table)": 0.15482639153682007,
    "on-table(red-box-of-cereal,black-table)": 0.18371672396703312,
    "on-table(red-box-of-cereal,white-table)": 0.24757750308102308,
    "on-table(red-can-of-soda,wood-table)": 0.09355059693189105,
    "on-table(red-can-of-soda,black-table)": 0.0034758653099136914,
    "on-table(red-can-of-soda,white-table)": 0.8818221340576807,
    "robot-gripper-empty()": 0.30417971972686547,
    "robot-gripping(milk-carton)": 0.6226375680416822,
    "robot-gripping(lemon)": 0.18559999286662787,
    "robot-gripping(green-bottle)": 0.1859786701000606,
    "robot-gripping(loaf-of-bread)": 0.3215346960350871,
    "robot-gripping(red-box-of-cereal)": 0.8012896763781706,
    "robot-gripping(red-can-of-soda)": 0.4885932755811761
}