{
    "on-table(milk-carton,wood-table)": 0.27633388231818873,
    "on-table(milk-carton,black-table)": 0.1259954290941702,
    "on-table(milk-carton,white-table)": 0.8076993624369303,
    "on-table(lemon,wood-table)": 0.2649960935668787,
    "on-table(lemon,black-table)": 0.049370916923104836,
    "on-table(lemon,white-table)": 0.7055558860301971,
    "on-table(green-bottle,wood-table)": 0.16958156322167875,
    "on-table(green-bottle,black-table)": 0.17129259295749458,
    "on-table(green-bottle,white-table)": 0.0027119190975402794,
    "on-table(loaf-of-bread,wood-table)": 0.6527658502260844,
    "on-table(loaf-of-bread,black-table)": 0.2938315494939161,
    "on-table(loaf-of-bread,white-table)": 0.025993590399593813,
    "on-table(red-box-of-cereal,wood-table)": 0.252031425285774,
    "on-table(red-box-of-cereal,black-table)": 0.8785521139701208,
    "on-table(red-box-of-cereal,white-table)": 0.015231020537612494,
    "on-table(red-can-of-soda,wood-table)": 0.05689037556294352,
    "on-table(red-can-of-soda,black-table)": 0.154638203792274,
    "on-table(red-can-of-soda,white-table)": 0.6682540811598301,
    "robot-gripper-empty()": 0.5354072891447382,
    "robot-gripping(milk-carton)": 0.1617981109302491,
    "robot-gripping(lemon)": 0.15597946755588055,
    "robot-gripping(green-bottle)": 0.765980730454127,
    "robot-gripping(loaf-of-bread)": 0.08934241983418663,
    "robot-gripping(red-box-of-cereal)": 0.08979282520400982,
    "robot-gripping(red-can-of-soda)": 0.2145803620417913
}