{
    "on-table(milk-carton,wood-table)": 0.15490636854277304,
    "on-table(milk-carton,black-table)": 0.5722326046476761,
    "on-table(milk-carton,white-table)": 0.4205417383927852,
    "on-table(lemon,wood-table)": 0.2587734963162802,
    "on-table(lemon,black-table)": 0.17261895021268478,
    "on-table(lemon,white-table)": 0.11706409614998847,
    "on-table(green-bottle,wood-table)": 0.7864113262233635,
    "on-table(green-bottle,black-table)": 0.1686245881311379,
    "on-table(green-bottle,white-table)": 0.002598349637916423,
    "on-table(loaf-of-bread,wood-table)": 0.10411631194680619,
    "on-table(loaf-of-bread,black-table)": 0.02853990991449488,
    "on-table(loaf-of-bread,white-table)": 0.6550442241132259,
    "on-table(red-box-of-cereal,wood-table)": 0.21997598138599037,
    "on-table(red-box-of-cereal,black-table)": 0.010996912283493051,
    "on-table(red-box-of-cereal,white-table)": 0.9296774566173553,
    "on-table(red-can-of-soda,wood-table)": 0.17209956894415276,
    "on-table(red-can-of-soda,black-table)": 0.007286071495097228,
    "on-table(red-can-of-soda,white-table)": 0.9884165128072103,
    "robot-gripper-empty()": 0.6157688357246419,
    "robot-gripping(milk-carton)": 0.3040389468272527,
    "robot-gripping(lemon)": 0.42888652347028255,
    "robot-gripping(green-bottle)": 0.174764882249292,
    "robot-gripping(loaf-of-bread)": 0.19471728025625148,
    "robot-gripping(red-box-of-cereal)": 0.08848051171905051,
    "robot-gripping(red-can-of-soda)": 0.14580183336511254
}