{
    "on-table(milk-carton,wood-table)": 0.12638860208486827,
    "on-table(milk-carton,black-table)": 0.7300838449349006,
    "on-table(milk-carton,white-table)": 0.19022250243961025,
    "on-table(lemon,wood-table)": 0.1539164307517543,
    "on-table(lemon,black-table)": 0.8344174136097232,
    "on-table(lemon,white-table)": 0.1482141037608926,
    "on-table(green-bottle,wood-table)": 0.8795041888952255,
    "on-table(green-bottle,black-table)": 0.3337401597891964,
    "on-table(green-bottle,white-table)": 0.01071794301041488,
    "on-table(loaf-of-bread,wood-table)": 0.1802089320650945,
    "on-table(loaf-of-bread,black-table)": 0.4539457634867479,
    "on-table(loaf-of-bread,white-table)": 0.18173088209490137,
    "on-table(red-box-of-cereal,wood-table)": 0.08492046097914378,
    "on-table(red-box-of-cereal,black-table)": 0.8064145293707649,
    "on-table(red-box-of-cereal,white-table)": 0.04701932681685624,
    "on-table(red-can-of-soda,wood-table)": 0.84163488385578,
    "on-table(red-can-of-soda,black-table)": 0.34189153096758673,
    "on-table(red-can-of-soda,white-table)": 0.00396697247318419,
    "robot-gripper-empty()": 0.7657403772075971,
    "robot-gripping(milk-carton)": 0.20293864514678717,
    "robot-gripping(lemon)": 0.10207177263995011,
    "robot-gripping(green-bottle)": 0.1770815406149874,
    "robot-gripping(loaf-of-bread)": 0.17230893345549703,
    "robot-gripping(red-box-of-cereal)": 0.1956492078024894,
    "robot-gripping(red-can-of-soda)": 0.36124753719195724
}