{
    "on-table(milk-carton,wood-table)": 0.23869249825171815,
    "on-table(milk-carton,black-table)": 0.6847042581066489,
    "on-table(milk-carton,white-table)": 0.01427226121207544,
    "on-table(lemon,wood-table)": 0.2057238159904955,
    "on-table(lemon,black-table)": 0.0016046146392151666,
    "on-table(lemon,white-table)": 0.959256778160731,
    "on-table(green-bottle,wood-table)": 0.17125575054402967,
    "on-table(green-bottle,black-table)": 0.0005056667538762364,
    "on-table(green-bottle,white-table)": 0.833881290590701,
    "on-table(loaf-of-bread,wood-table)": 0.12679298928317925,
    "on-table(loaf-of-bread,black-table)": 0.2946496766526252,
    "on-table(loaf-of-bread,white-table)": 0.023616088612470776,
    "on-table(red-box-of-cereal,wood-table)": 0.21777976830101883,
    "on-table(red-box-of-cereal,black-table)": 0.18362111283446816,
    "on-table(red-box-of-cereal,white-table)": 0.0035343940932458886,
    "on-table(red-can-of-soda,wood-table)": 0.838709776600202,
    "on-table(red-can-of-soda,black-table)": 0.17313565908026854,
    "on-table(red-can-of-soda,white-table)": 0.004637390157502826,
    "robot-gripper-empty()": 0.5678648666168252,
    "robot-gripping(milk-carton)": 0.5492611912389597,
    "robot-gripping(lemon)": 0.034018812351860106,
    "robot-gripping(green-bottle)": 0.027485807659104466,
    "robot-gripping(loaf-of-bread)": 0.2607770885030429,
    "robot-gripping(red-box-of-cereal)": 0.6256930083036423,
    "robot-gripping(red-can-of-soda)": 0.6542740923662981
}