{
    "on-table(milk-carton,wood-table)": 0.6826366831858953,
    "on-table(milk-carton,black-table)": 0.2349509636272463,
    "on-table(milk-carton,white-table)": 0.2724723373733771,
    "on-table(lemon,wood-table)": 0.2170649468753254,
    "on-table(lemon,black-table)": 0.018889007495658916,
    "on-table(lemon,white-table)": 0.9021784861882528,
    "on-table(green-bottle,wood-table)": 0.015270762300739685,
    "on-table(green-bottle,black-table)": 0.017432881334874157,
    "on-table(green-bottle,white-table)": 0.009698846765483419,
    "on-table(loaf-of-bread,wood-table)": 0.2650882136076689,
    "on-table(loaf-of-bread,black-table)": 0.7319521742562453,
    "on-table(loaf-of-bread,white-table)": 0.17262172487971839,
    "on-table(red-box-of-cereal,wood-table)": 0.22712617531457605,
    "on-table(red-box-of-cereal,black-table)": 0.7802665655811628,
    "on-table(red-box-of-cereal,white-table)": 0.19210195762085883,
    "on-table(red-can-of-soda,wood-table)": 0.1639713944059622,
    "on-table(red-can-of-soda,black-table)": 0.02129660391623626,
    "on-table(red-can-of-soda,white-table)": 0.8352607631434997,
    "robot-gripper-empty()": 0.8653471171855927,
    "robot-gripping(milk-carton)": 0.22511121723800898,
    "robot-gripping(lemon)": 0.07975918923815091,
    "robot-gripping(green-bottle)": 0.051464616476247706,
    "robot-gripping(loaf-of-bread)": 0.17550709269319972,
    "robot-gripping(red-box-of-cereal)": 0.07129664036134879,
    "robot-gripping(red-can-of-soda)": 0.06258635750661294
}