{
    "on-table(milk-carton,wood-table)": 0.27193212481991696,
    "on-table(milk-carton,black-table)": 0.6757214702665806,
    "on-table(milk-carton,white-table)": 0.25763244332605,
    "on-table(lemon,wood-table)": 0.8368760552257299,
    "on-table(lemon,black-table)": 0.3327802050401563,
    "on-table(lemon,white-table)": 0.0007296287258213852,
    "on-table(green-bottle,wood-table)": 0.017877472809535295,
    "on-table(green-bottle,black-table)": 0.8133021413814276,
    "on-table(green-bottle,white-table)": 0.003594119426755545,
    "on-table(loaf-of-bread,wood-table)": 0.5670681248108546,
    "on-table(loaf-of-bread,black-table)": 0.18881414275771627,
    "on-table(loaf-of-bread,white-table)": 0.15638474268780556,
    "on-table(red-box-of-cereal,wood-table)": 0.03373521274382559,
    "on-table(red-box-of-cereal,black-table)": 0.6278620037871102,
    "on-table(red-box-of-cereal,white-table)": 0.5585857902963957,
    "on-table(red-can-of-soda,wood-table)": 0.16769160960878557,
    "on-table(red-can-of-soda,black-table)": 0.16239149380332188,
    "on-table(red-can-of-soda,white-table)": 0.8355296367468933,
    "robot-gripper-empty()": 0.8579394718011221,
    "robot-gripping(milk-carton)": 0.20000302946815887,
    "robot-gripping(lemon)": 0.17050941614434123,
    "robot-gripping(green-bottle)": 0.08005267195403576,
    "robot-gripping(loaf-of-bread)": 0.13429687063520154,
    "robot-gripping(red-box-of-cereal)": 0.09566426591482013,
    "robot-gripping(red-can-of-soda)": 0.10074218250034998
}