{
    "on-table(milk-carton,wood-table)": 0.025999935731912654,
    "on-table(milk-carton,black-table)": 0.6034747849528989,
    "on-table(milk-carton,white-table)": 0.33715796208707616,
    "on-table(lemon,wood-table)": 0.837031852764388,
    "on-table(lemon,black-table)": 0.17966078597388938,
    "on-table(lemon,white-table)": 0.004223315405549026,
    "on-table(green-bottle,wood-table)": 0.1837977440833735,
    "on-table(green-bottle,black-table)": 0.9838216801484426,
    "on-table(green-bottle,white-table)": 0.032128161938468715,
    "on-table(loaf-of-bread,wood-table)": 0.19014971028082073,
    "on-table(loaf-of-bread,black-table)": 0.13470404494243363,
    "on-table(loaf-of-bread,white-table)": 0.31873677293090924,
    "on-table(red-box-of-cereal,wood-table)": 0.07197280476490657,
    "on-table(red-box-of-cereal,black-table)": 0.0029319756649783812,
    "on-table(red-box-of-cereal,white-table)": 0.8335460949068269,
    "on-table(red-can-of-soda,wood-table)": 0.09824373882293003,
    "on-table(red-can-of-soda,black-table)": 0.011968096859466945,
    "on-table(red-can-of-soda,white-table)": 0.8560703744490942,
    "robot-gripper-empty()": 0.9342840512593588,
    "robot-gripping(milk-carton)": 0.10578793815026681,
    "robot-gripping(lemon)": 0.14947446365840733,
    "robot-gripping(green-bottle)": 0.055669267235013344,
    "robot-gripping(loaf-of-bread)": 0.09376225853338838,
    "robot-gripping(red-box-of-cereal)": 0.0618276142825683,
    "robot-gripping(red-can-of-soda)": 0.09403128495129447
}