{
    "on-table(milk-carton,wood-table)": 0.44807538093300536,
    "on-table(milk-carton,black-table)": 0.6013602421153337,
    "on-table(milk-carton,white-table)": 0.018125811619635595,
    "on-table(lemon,wood-table)": 0.17270508503618962,
    "on-table(lemon,black-table)": 0.00345694748701438,
    "on-table(lemon,white-table)": 0.8344361115402231,
    "on-table(green-bottle,wood-table)": 0.2407618763500068,
    "on-table(green-bottle,black-table)": 0.9998406867186228,
    "on-table(green-bottle,white-table)": 0.005101110663948323,
    "on-table(loaf-of-bread,wood-table)": 0.46810411972304183,
    "on-table(loaf-of-bread,black-table)": 0.18834892285910124,
    "on-table(loaf-of-bread,white-table)": 0.060027660666188844,
    "on-table(red-box-of-cereal,wood-table)": 0.9609061777591705,
    "on-table(red-box-of-cereal,black-table)": 0.33442029012197355,
    "on-table(red-box-of-cereal,white-table)": 0.016270116937751784,
    "on-table(red-can-of-soda,wood-table)": 0.2875780391235215,
    "on-table(red-can-of-soda,black-table)": 0.9144733001788458,
    "on-table(red-can-of-soda,white-table)": 0.002293950709524021,
    "robot-gripper-empty()": 0.9456946651140848,
    "robot-gripping(milk-carton)": 0.14585394381235042,
    "robot-gripping(lemon)": 0.05923579175335666,
    "robot-gripping(green-bottle)": 0.057433374769364796,
    "robot-gripping(loaf-of-bread)": 0.13506186939775944,
    "robot-gripping(red-box-of-cereal)": 0.15480179463823637,
    "robot-gripping(red-can-of-soda)": 0.18720524137218794
}