{
    "on-table(milk-carton,wood-table)": 0.28585162572562695,
    "on-table(milk-carton,black-table)": 0.13291938703817627,
    "on-table(milk-carton,white-table)": 0.5757911897574862,
    "on-table(lemon,wood-table)": 0.08311473871193205,
    "on-table(lemon,black-table)": 0.04503700230149358,
    "on-table(lemon,white-table)": 0.08163844852242619,
    "on-table(green-bottle,wood-table)": 0.1802608128831101,
    "on-table(green-bottle,black-table)": 0.17986114702701647,
    "on-table(green-bottle,white-table)": 0.011959037468235087,
    "on-table(loaf-of-bread,wood-table)": 0.3838049708865583,
    "on-table(loaf-of-bread,black-table)": 0.01598030449046443,
    "on-table(loaf-of-bread,white-table)": 0.08546917282122497,
    "on-table(red-box-of-cereal,wood-table)": 0.19554173386616944,
    "on-table(red-box-of-cereal,black-table)": 0.00427970036920063,
    "on-table(red-box-of-cereal,white-table)": 0.7965609688932697,
    "on-table(red-can-of-soda,wood-table)": 0.20211766106755627,
    "on-table(red-can-of-soda,black-table)": 0.00033820722334591363,
    "on-table(red-can-of-soda,white-table)": 0.8303792221704498,
    "robot-gripper-empty()": 0.284951422305312,
    "robot-gripping(milk-carton)": 0.5022309546669325,
    "robot-gripping(lemon)": 0.19385396565000215,
    "robot-gripping(green-bottle)": 0.8260226075847944,
    "robot-gripping(loaf-of-bread)": 0.12788293976336718,
    "robot-gripping(red-box-of-cereal)": 0.016217138690990396,
    "robot-gripping(red-can-of-soda)": 0.1872517904897298
}