{
    "on-table(milk-carton,wood-table)": 0.14051608893593462,
    "on-table(milk-carton,black-table)": 0.6445042475437125,
    "on-table(milk-carton,white-table)": 0.0520476737201534,
    "on-table(lemon,wood-table)": 0.005387273946932207,
    "on-table(lemon,black-table)": 0.005328082052680354,
    "on-table(lemon,white-table)": 0.003927493293303996,
    "on-table(green-bottle,wood-table)": 0.1647641100207693,
    "on-table(green-bottle,black-table)": 0.00045690677878459,
    "on-table(green-bottle,white-table)": 0.8334682741939711,
    "on-table(loaf-of-bread,wood-table)": 0.11227782200633858,
    "on-table(loaf-of-bread,black-table)": 0.5060106096789241,
    "on-table(loaf-of-bread,white-table)": 0.014609995632781647,
    "on-table(red-box-of-cereal,wood-table)": 0.34611175558529794,
    "on-table(red-box-of-cereal,black-table)": 0.7467722712705532,
    "on-table(red-box-of-cereal,white-table)": 0.05347951501486629,
    "on-table(red-can-of-soda,wood-table)": 0.9073117176691691,
    "on-table(red-can-of-soda,black-table)": 0.3192111918057587,
    "on-table(red-can-of-soda,white-table)": 0.011577776594094757,
    "robot-gripper-empty()": 0.926285574833552,
    "robot-gripping(milk-carton)": 0.08458479369680087,
    "robot-gripping(lemon)": 0.02563396072946489,
    "robot-gripping(green-bottle)": 0.003158977391043057,
    "robot-gripping(loaf-of-bread)": 0.06977224446988355,
    "robot-gripping(red-box-of-cereal)": 0.10014600364957005,
    "robot-gripping(red-can-of-soda)": 0.19280420946112523
}