{
    "on-table(milk-carton,wood-table)": 0.797333263423449,
    "on-table(milk-carton,black-table)": 0.4605080655868126,
    "on-table(milk-carton,white-table)": 0.015777025130470673,
    "on-table(lemon,wood-table)": 0.9987151523431143,
    "on-table(lemon,black-table)": 0.32706326458416396,
    "on-table(lemon,white-table)": 0.0010688446322243788,
    "on-table(green-bottle,wood-table)": 0.05620656780229183,
    "on-table(green-bottle,black-table)": 0.018652811312828515,
    "on-table(green-bottle,white-table)": 0.9916072289148966,
    "on-table(loaf-of-bread,wood-table)": 0.9196258087952932,
    "on-table(loaf-of-bread,black-table)": 0.21392363306949846,
    "on-table(loaf-of-bread,white-table)": 0.003131557440913942,
    "on-table(red-box-of-cereal,wood-table)": 0.2893644134552839,
    "on-table(red-box-of-cereal,black-table)": 0.21773931339460736,
    "on-table(red-box-of-cereal,white-table)": 0.05066342605277896,
    "on-table(red-can-of-soda,wood-table)": 0.8424056302756071,
    "on-table(red-can-of-soda,black-table)": 0.17401883075395594,
    "on-table(red-can-of-soda,white-table)": 0.005868414457457523,
    "robot-gripper-empty()": 0.561521259175303,
    "robot-gripping(milk-carton)": 0.37680727026114863,
    "robot-gripping(lemon)": 0.05685597192496061,
    "robot-gripping(green-bottle)": 0.16776807594578713,
    "robot-gripping(loaf-of-bread)": 0.22411842830479145,
    "robot-gripping(red-box-of-cereal)": 0.49478037655353546,
    "robot-gripping(red-can-of-soda)": 0.4612308490710954
}