{
    "on-table(milk-carton,wood-table)": 0.5079922159202397,
    "on-table(milk-carton,black-table)": 0.15892502241662973,
    "on-table(milk-carton,white-table)": 0.16476207242279392,
    "on-table(lemon,wood-table)": 0.10778654853250676,
    "on-table(lemon,black-table)": 0.8365872455760837,
    "on-table(lemon,white-table)": 0.030536765307867125,
    "on-table(green-bottle,wood-table)": 0.9995395839214325,
    "on-table(green-bottle,black-table)": 0.3330339439139986,
    "on-table(green-bottle,white-table)": 0.04317185722766226,
    "on-table(loaf-of-bread,wood-table)": 0.17450812296010554,
    "on-table(loaf-of-bread,black-table)": 0.1446019404781206,
    "on-table(loaf-of-bread,white-table)": 0.16390382897710273,
    "on-table(red-box-of-cereal,wood-table)": 0.22250065257928023,
    "on-table(red-box-of-cereal,black-table)": 0.03781731045940736,
    "on-table(red-box-of-cereal,white-table)": 0.02677450036086763,
    "on-table(red-can-of-soda,wood-table)": 0.7066806176056465,
    "on-table(red-can-of-soda,black-table)": 0.1842007562203586,
    "on-table(red-can-of-soda,white-table)": 0.01715532609341608,
    "robot-gripper-empty()": 0.9194653133551279,
    "robot-gripping(milk-carton)": 0.15440523717552423,
    "robot-gripping(lemon)": 0.16551123031725487,
    "robot-gripping(green-bottle)": 0.07901270388780783,
    "robot-gripping(loaf-of-bread)": 0.07699865816781919,
    "robot-gripping(red-box-of-cereal)": 0.03204783075489104,
    "robot-gripping(red-can-of-soda)": 0.17954535208021602
}