{
    "on-table(milk-carton,wood-table)": 0.4654353242137101,
    "on-table(milk-carton,black-table)": 0.7454248014837503,
    "on-table(milk-carton,white-table)": 0.018817813593462535,
    "on-table(lemon,wood-table)": 0.25398088502697647,
    "on-table(lemon,black-table)": 0.010644402044514814,
    "on-table(lemon,white-table)": 0.1691139357862994,
    "on-table(green-bottle,wood-table)": 0.06544776661515546,
    "on-table(green-bottle,black-table)": 0.003884929288915373,
    "on-table(green-bottle,white-table)": 0.9964776237805685,
    "on-table(loaf-of-bread,wood-table)": 0.8249098509550095,
    "on-table(loaf-of-bread,black-table)": 0.12329612358735176,
    "on-table(loaf-of-bread,white-table)": 0.002996436168662816,
    "on-table(red-box-of-cereal,wood-table)": 0.9838806390762329,
    "on-table(red-box-of-cereal,black-table)": 0.329401353757324,
    "on-table(red-box-of-cereal,white-table)": 0.0057228510125545045,
    "on-table(red-can-of-soda,wood-table)": 0.8083592843468068,
    "on-table(red-can-of-soda,black-table)": 0.3282467789637546,
    "on-table(red-can-of-soda,white-table)": 0.002160913729312597,
    "robot-gripper-empty()": 0.9534947375456492,
    "robot-gripping(milk-carton)": 0.09819812405233581,
    "robot-gripping(lemon)": 0.05223375605419278,
    "robot-gripping(green-bottle)": 0.011001569524523802,
    "robot-gripping(loaf-of-bread)": 0.08592025648492078,
    "robot-gripping(red-box-of-cereal)": 0.12878003541845828,
    "robot-gripping(red-can-of-soda)": 0.1549358981040617
}