{
    "on-table(milk-carton,wood-table)": 0.423010990023613,
    "on-table(milk-carton,black-table)": 0.20496617367704553,
    "on-table(milk-carton,white-table)": 0.21584315842483193,
    "on-table(lemon,wood-table)": 0.7064874723243216,
    "on-table(lemon,black-table)": 0.002775710094738315,
    "on-table(lemon,white-table)": 0.20069933903929874,
    "on-table(green-bottle,wood-table)": 0.8345365441249063,
    "on-table(green-bottle,black-table)": 0.16853425970369548,
    "on-table(green-bottle,white-table)": 0.0011900310959542064,
    "on-table(loaf-of-bread,wood-table)": 0.7076176715393862,
    "on-table(loaf-of-bread,black-table)": 0.20875823101475058,
    "on-table(loaf-of-bread,white-table)": 0.33109156402254786,
    "on-table(red-box-of-cereal,wood-table)": 0.5786636462435126,
    "on-table(red-box-of-cereal,black-table)": 0.7161064095174273,
    "on-table(red-box-of-cereal,white-table)": 0.004401441610146624,
    "on-table(red-can-of-soda,wood-table)": 0.19836737945176233,
    "on-table(red-can-of-soda,black-table)": 0.7846801625564694,
    "on-table(red-can-of-soda,white-table)": 0.0901944345634244,
    "robot-gripper-empty()": 0.9387675722440084,
    "robot-gripping(milk-carton)": 0.10859424372514088,
    "robot-gripping(lemon)": 0.07240753356988232,
    "robot-gripping(green-bottle)": 0.08992221627462034,
    "robot-gripping(loaf-of-bread)": 0.10070042901982863,
    "robot-gripping(red-box-of-cereal)": 0.04163877720323702,
    "robot-gripping(red-can-of-soda)": 0.1271693853971859
}