{
    "on-table(milk-carton,wood-table)": 0.13313253625528887,
    "on-table(milk-carton,black-table)": 0.6338963899761438,
    "on-table(milk-carton,white-table)": 0.3267805944972982,
    "on-table(lemon,wood-table)": 0.23685700082326852,
    "on-table(lemon,black-table)": 0.0026589666854306415,
    "on-table(lemon,white-table)": 0.8162141881572703,
    "on-table(green-bottle,wood-table)": 0.833945645717904,
    "on-table(green-bottle,black-table)": 0.16780591411931786,
    "on-table(green-bottle,white-table)": 0.0009376509495950813,
    "on-table(loaf-of-bread,wood-table)": 0.12097030261065811,
    "on-table(loaf-of-bread,black-table)": 0.24080319690983742,
    "on-table(loaf-of-bread,white-table)": 0.39033761868874234,
    "on-table(red-box-of-cereal,wood-table)": 0.1473430002903721,
    "on-table(red-box-of-cereal,black-table)": 0.3416277238478263,
    "on-table(red-box-of-cereal,white-table)": 0.0332129073018829,
    "on-table(red-can-of-soda,wood-table)": 0.8464968179663023,
    "on-table(red-can-of-soda,black-table)": 0.1674077691786806,
    "on-table(red-can-of-soda,white-table)": 0.02563141551490844,
    "robot-gripper-empty()": 0.6202512960104892,
    "robot-gripping(milk-carton)": 0.5657429608205954,
    "robot-gripping(lemon)": 0.09891571011394262,
    "robot-gripping(green-bottle)": 0.15238202887121588,
    "robot-gripping(loaf-of-bread)": 0.22511853277683258,
    "robot-gripping(red-box-of-cereal)": 0.6731988601386547,
    "robot-gripping(red-can-of-soda)": 0.5858340288201968
}