{
    "on-table(milk-carton,wood-table)": 0.30136977850149077,
    "on-table(milk-carton,black-table)": 0.0070165338487034505,
    "on-table(milk-carton,white-table)": 0.8323257338876525,
    "on-table(lemon,wood-table)": 0.18025865154413623,
    "on-table(lemon,black-table)": 0.839589207743605,
    "on-table(lemon,white-table)": 0.00196445908992852,
    "on-table(green-bottle,wood-table)": 0.170274708114448,
    "on-table(green-bottle,black-table)": 0.16917037964230985,
    "on-table(green-bottle,white-table)": 0.0008637364556610313,
    "on-table(loaf-of-bread,wood-table)": 0.46598946357456345,
    "on-table(loaf-of-bread,black-table)": 0.18959222895500716,
    "on-table(loaf-of-bread,white-table)": 0.006504899904636356,
    "on-table(red-box-of-cereal,wood-table)": 0.88120370109876,
    "on-table(red-box-of-cereal,black-table)": 0.1926166883508813,
    "on-table(red-box-of-cereal,white-table)": 0.00565677042641255,
    "on-table(red-can-of-soda,wood-table)": 0.997599204381307,
    "on-table(red-can-of-soda,black-table)": 0.3327756495234553,
    "on-table(red-can-of-soda,white-table)": 0.0024529191819055995,
    "robot-gripper-empty()": 0.46968421747442335,
    "robot-gripping(milk-carton)": 0.10736636507014434,
    "robot-gripping(lemon)": 0.09423136812013884,
    "robot-gripping(green-bottle)": 0.7117784614674747,
    "robot-gripping(loaf-of-bread)": 0.05599788956654569,
    "robot-gripping(red-box-of-cereal)": 0.08867577463388443,
    "robot-gripping(red-can-of-soda)": 0.12271441953877608
}