{
    "on-table(milk-carton,wood-table)": 0.24517093614364663,
    "on-table(milk-carton,black-table)": 0.06419906516869862,
    "on-table(milk-carton,white-table)": 0.8149497161308924,
    "on-table(lemon,wood-table)": 0.8535582795739174,
    "on-table(lemon,black-table)": 0.1746458699562936,
    "on-table(lemon,white-table)": 0.11862258683549953,
    "on-table(green-bottle,wood-table)": 0.036117805514853295,
    "on-table(green-bottle,black-table)": 0.7142917923629284,
    "on-table(green-bottle,white-table)": 0.0022758568372106915,
    "on-table(loaf-of-bread,wood-table)": 0.23417739756405354,
    "on-table(loaf-of-bread,black-table)": 0.017004775213232886,
    "on-table(loaf-of-bread,white-table)": 0.7085737896462282,
    "on-table(red-box-of-cereal,wood-table)": 0.1812287549934505,
    "on-table(red-box-of-cereal,black-table)": 0.04172265172625581,
    "on-table(red-box-of-cereal,white-table)": 0.8393431653579077,
    "on-table(red-can-of-soda,wood-table)": 0.007793947109651829,
    "on-table(red-can-of-soda,black-table)": 0.740093615061293,
    "on-table(red-can-of-soda,white-table)": 0.16814149457817015,
    "robot-gripper-empty()": 0.9655564030011495,
    "robot-gripping(milk-carton)": 0.12426905644436677,
    "robot-gripping(lemon)": 0.1285647623396168,
    "robot-gripping(green-bottle)": 0.026350989472121,
    "robot-gripping(loaf-of-bread)": 0.0860293156777819,
    "robot-gripping(red-box-of-cereal)": 0.042714283374759056,
    "robot-gripping(red-can-of-soda)": 0.05824187700636685
}