{
    "on-table(milk-carton,wood-table)": 0.491452407091856,
    "on-table(milk-carton,black-table)": 0.41455222107470036,
    "on-table(milk-carton,white-table)": 0.389156481174723,
    "on-table(lemon,wood-table)": 0.1953745001422552,
    "on-table(lemon,black-table)": 0.0014244354482949955,
    "on-table(lemon,white-table)": 0.8192919318098575,
    "on-table(green-bottle,wood-table)": 0.6955523677170277,
    "on-table(green-bottle,black-table)": 0.1682999329195051,
    "on-table(green-bottle,white-table)": 0.001177800555884308,
    "on-table(loaf-of-bread,wood-table)": 0.25108381391813356,
    "on-table(loaf-of-bread,black-table)": 0.2718114251426111,
    "on-table(loaf-of-bread,white-table)": 0.22589874609063068,
    "on-table(red-box-of-cereal,wood-table)": 0.6663784723108014,
    "on-table(red-box-of-cereal,black-table)": 0.06293348094504836,
    "on-table(red-box-of-cereal,white-table)": 0.009724264784836123,
    "on-table(red-can-of-soda,wood-table)": 0.8353607874984542,
    "on-table(red-can-of-soda,black-table)": 0.15959883347795767,
    "on-table(red-can-of-soda,white-table)": 0.10156558291051472,
    "robot-gripper-empty()": 0.8714360147714615,
    "robot-gripping(milk-carton)": 0.16356540160874525,
    "robot-gripping(lemon)": 0.052400737923259534,
    "robot-gripping(green-bottle)": 0.13495156293114027,
    "robot-gripping(loaf-of-bread)": 0.08571144752204418,
    "robot-gripping(red-box-of-cereal)": 0.1408620800357312,
    "robot-gripping(red-can-of-soda)": 0.17100031254813075
}