{
    "on-table(milk-carton,wood-table)": 0.6699994131922722,
    "on-table(milk-carton,black-table)": 0.16347958880942315,
    "on-table(milk-carton,white-table)": 0.11545628379099071,
    "on-table(lemon,wood-table)": 0.17902067172447764,
    "on-table(lemon,black-table)": 0.1653634978535289,
    "on-table(lemon,white-table)": 0.8343968863288561,
    "on-table(green-bottle,wood-table)": 0.16681553839528837,
    "on-table(green-bottle,black-table)": 0.8339747295249254,
    "on-table(green-bottle,white-table)": 0.010673993478576449,
    "on-table(loaf-of-bread,wood-table)": 0.5754035369803508,
    "on-table(loaf-of-bread,black-table)": 0.0046578983892686665,
    "on-table(loaf-of-bread,white-table)": 0.1816523859949181,
    "on-table(red-box-of-cereal,wood-table)": 0.38299196866864804,
    "on-table(red-box-of-cereal,black-table)": 0.0020953868552169297,
    "on-table(red-box-of-cereal,white-table)": 0.67357440929239,
    "on-table(red-can-of-soda,wood-table)": 0.9992239773273468,
    "on-table(red-can-of-soda,black-table)": 0.16697735931105248,
    "on-table(red-can-of-soda,white-table)": 0.1685881987493,
    "robot-gripper-empty()": 0.9421267012755076,
    "robot-gripping(milk-carton)": 0.22899079571167627,
    "robot-gripping(lemon)": 0.09402186656370759,
    "robot-gripping(green-bottle)": 0.16968636338909468,
    "robot-gripping(loaf-of-bread)": 0.10604684567078948,
    "robot-gripping(red-box-of-cereal)": 0.10431539713560294,
    "robot-gripping(red-can-of-soda)": 0.1753141243631641
}