{
    "on-table(milk-carton,wood-table)": 0.6213567306598028,
    "on-table(milk-carton,black-table)": 0.108544815525723,
    "on-table(milk-carton,white-table)": 0.20342755405969606,
    "on-table(lemon,wood-table)": 0.2761435349966632,
    "on-table(lemon,black-table)": 0.8989520370960236,
    "on-table(lemon,white-table)": 0.0006816042931253227,
    "on-table(green-bottle,wood-table)": 0.32800441097545746,
    "on-table(green-bottle,black-table)": 0.9759284754594167,
    "on-table(green-bottle,white-table)": 0.0009617740529392904,
    "on-table(loaf-of-bread,wood-table)": 0.35735618982774514,
    "on-table(loaf-of-bread,black-table)": 0.30318758469851065,
    "on-table(loaf-of-bread,white-table)": 0.009683308370161589,
    "on-table(red-box-of-cereal,wood-table)": 0.7428548162182173,
    "on-table(red-box-of-cereal,black-table)": 0.15838352301004002,
    "on-table(red-box-of-cereal,white-table)": 0.2767519577922333,
    "on-table(red-can-of-soda,wood-table)": 0.3659592118774526,
    "on-table(red-can-of-soda,black-table)": 0.010392719806380532,
    "on-table(red-can-of-soda,white-table)": 0.8369182758033276,
    "robot-gripper-empty()": 0.9829082687695821,
    "robot-gripping(milk-carton)": 0.2279043309390545,
    "robot-gripping(lemon)": 0.02692459898147111,
    "robot-gripping(green-bottle)": 0.02898489070745806,
    "robot-gripping(loaf-of-bread)": 0.06596896424889565,
    "robot-gripping(red-box-of-cereal)": 0.02928878498884539,
    "robot-gripping(red-can-of-soda)": 0.04535968384395043
}