{
    "on-table(milk-carton,wood-table)": 0.22756027282836536,
    "on-table(milk-carton,black-table)": 0.8487497493624687,
    "on-table(milk-carton,white-table)": 0.017450547840174597,
    "on-table(lemon,wood-table)": 0.20018634271400515,
    "on-table(lemon,black-table)": 0.0033365186545021666,
    "on-table(lemon,white-table)": 0.9543957610925039,
    "on-table(green-bottle,wood-table)": 0.16907114391506184,
    "on-table(green-bottle,black-table)": 0.17057572411613364,
    "on-table(green-bottle,white-table)": 0.0011408962488227796,
    "on-table(loaf-of-bread,wood-table)": 0.26441767361635965,
    "on-table(loaf-of-bread,black-table)": 0.5683402343808363,
    "on-table(loaf-of-bread,white-table)": 0.017640009570944432,
    "on-table(red-box-of-cereal,wood-table)": 0.5205392824330678,
    "on-table(red-box-of-cereal,black-table)": 0.9345618188381195,
    "on-table(red-box-of-cereal,white-table)": 0.02795235694308455,
    "on-table(red-can-of-soda,wood-table)": 0.9613083998362223,
    "on-table(red-can-of-soda,black-table)": 0.33587882926713064,
    "on-table(red-can-of-soda,white-table)": 0.003930241245446571,
    "robot-gripper-empty()": 0.5148550630935157,
    "robot-gripping(milk-carton)": 0.20985884359106421,
    "robot-gripping(lemon)": 0.03353705482246975,
    "robot-gripping(green-bottle)": 0.7742520774093767,
    "robot-gripping(loaf-of-bread)": 0.1071593085071072,
    "robot-gripping(red-box-of-cereal)": 0.09716039123789717,
    "robot-gripping(red-can-of-soda)": 0.15973869557880485
}