{
    "on-table(milk-carton,wood-table)": 0.44805699043596786,
    "on-table(milk-carton,black-table)": 0.04235104211450865,
    "on-table(milk-carton,white-table)": 0.6110999599720041,
    "on-table(lemon,wood-table)": 0.3721642846552034,
    "on-table(lemon,black-table)": 0.0037489988517336315,
    "on-table(lemon,white-table)": 0.6970060983051857,
    "on-table(green-bottle,wood-table)": 0.1720227657030288,
    "on-table(green-bottle,black-table)": 0.00403963424438795,
    "on-table(green-bottle,white-table)": 0.8257046105961005,
    "on-table(loaf-of-bread,wood-table)": 0.6643992650012175,
    "on-table(loaf-of-bread,black-table)": 0.02556299406569451,
    "on-table(loaf-of-bread,white-table)": 0.1871758750154792,
    "on-table(red-box-of-cereal,wood-table)": 0.1686454134566399,
    "on-table(red-box-of-cereal,black-table)": 0.01398523119253999,
    "on-table(red-box-of-cereal,white-table)": 0.6787857498663167,
    "on-table(red-can-of-soda,wood-table)": 0.019237367770983838,
    "on-table(red-can-of-soda,black-table)": 0.00605548353875444,
    "on-table(red-can-of-soda,white-table)": 0.5119826458394527,
    "robot-gripper-empty()": 0.9550640185674032,
    "robot-gripping(milk-carton)": 0.2951367683708668,
    "robot-gripping(lemon)": 0.05416077856595317,
    "robot-gripping(green-bottle)": 0.03910655900835991,
    "robot-gripping(loaf-of-bread)": 0.2047346072892348,
    "robot-gripping(red-box-of-cereal)": 0.06396102936317523,
    "robot-gripping(red-can-of-soda)": 0.11956602986901999
}