{
    "on-table(milk-carton,wood-table)": 0.2773859320829312,
    "on-table(milk-carton,black-table)": 0.058510095796312576,
    "on-table(milk-carton,white-table)": 0.9729840854803721,
    "on-table(lemon,wood-table)": 0.18719767750008032,
    "on-table(lemon,black-table)": 0.03125238050938606,
    "on-table(lemon,white-table)": 0.9998146096865336,
    "on-table(green-bottle,wood-table)": 0.15358998733184612,
    "on-table(green-bottle,black-table)": 0.0749202556265421,
    "on-table(green-bottle,white-table)": 0.9997536738713583,
    "on-table(loaf-of-bread,wood-table)": 0.32708653442872065,
    "on-table(loaf-of-bread,black-table)": 0.008453021194630614,
    "on-table(loaf-of-bread,white-table)": 0.38525924117614824,
    "on-table(red-box-of-cereal,wood-table)": 0.2932801752661665,
    "on-table(red-box-of-cereal,black-table)": 0.17212563171536507,
    "on-table(red-box-of-cereal,white-table)": 0.49696649610996246,
    "on-table(red-can-of-soda,wood-table)": 0.1384024512274967,
    "on-table(red-can-of-soda,black-table)": 0.6934734471142292,
    "on-table(red-can-of-soda,white-table)": 0.2706042547958229,
    "robot-gripper-empty()": 0.9386898577213287,
    "robot-gripping(milk-carton)": 0.14843083235124746,
    "robot-gripping(lemon)": 0.06050424921947221,
    "robot-gripping(green-bottle)": 0.05762323869081835,
    "robot-gripping(loaf-of-bread)": 0.11973180156201124,
    "robot-gripping(red-box-of-cereal)": 0.10966557691184182,
    "robot-gripping(red-can-of-soda)": 0.16681740114775798
}