{
    "on-table(milk-carton,wood-table)": 0.30262982336959493,
    "on-table(milk-carton,black-table)": 0.4918296045313279,
    "on-table(milk-carton,white-table)": 0.12764939127130978,
    "on-table(lemon,wood-table)": 0.047277918626302075,
    "on-table(lemon,black-table)": 0.7953006823857626,
    "on-table(lemon,white-table)": 0.01950218590748894,
    "on-table(green-bottle,wood-table)": 0.001500634146699061,
    "on-table(green-bottle,black-table)": 0.15458835708159313,
    "on-table(green-bottle,white-table)": 0.002560610316625874,
    "on-table(loaf-of-bread,wood-table)": 0.8147620861418545,
    "on-table(loaf-of-bread,black-table)": 0.10949081027259429,
    "on-table(loaf-of-bread,white-table)": 0.16595162197578853,
    "on-table(red-box-of-cereal,wood-table)": 0.8399805488685766,
    "on-table(red-box-of-cereal,black-table)": 0.06364409388940355,
    "on-table(red-box-of-cereal,white-table)": 0.009962385973418956,
    "on-table(red-can-of-soda,wood-table)": 0.5070223102035621,
    "on-table(red-can-of-soda,black-table)": 0.19146695443851058,
    "on-table(red-can-of-soda,white-table)": 0.005981060910926317,
    "robot-gripper-empty()": 0.9156929949919382,
    "robot-gripping(milk-carton)": 0.16176924606164297,
    "robot-gripping(lemon)": 0.05846337399755915,
    "robot-gripping(green-bottle)": 0.052221880216772355,
    "robot-gripping(loaf-of-bread)": 0.1356187703398367,
    "robot-gripping(red-box-of-cereal)": 0.18169481369356313,
    "robot-gripping(red-can-of-soda)": 0.3988730814307928
}