{
    "on-table(milk-carton,wood-table)": 0.06503869437923034,
    "on-table(milk-carton,black-table)": 0.3947467563363413,
    "on-table(milk-carton,white-table)": 0.09944920249593754,
    "on-table(lemon,wood-table)": 0.6762003626984855,
    "on-table(lemon,black-table)": 0.006329881216439996,
    "on-table(lemon,white-table)": 0.021512085892633575,
    "on-table(green-bottle,wood-table)": 0.1690472549914072,
    "on-table(green-bottle,black-table)": 0.1708243147891153,
    "on-table(green-bottle,white-table)": 0.00333296968437935,
    "on-table(loaf-of-bread,wood-table)": 0.1353209662095954,
    "on-table(loaf-of-bread,black-table)": 0.2681943797894443,
    "on-table(loaf-of-bread,white-table)": 0.13327502139145508,
    "on-table(red-box-of-cereal,wood-table)": 0.18299003772942038,
    "on-table(red-box-of-cereal,black-table)": 0.7503662947565317,
    "on-table(red-box-of-cereal,white-table)": 0.1805345004007298,
    "on-table(red-can-of-soda,wood-table)": 0.9024236450592676,
    "on-table(red-can-of-soda,black-table)": 0.33638906144976016,
    "on-table(red-can-of-soda,white-table)": 0.16818963162571285,
    "robot-gripper-empty()": 0.43638414512194384,
    "robot-gripping(milk-carton)": 0.2993630198761821,
    "robot-gripping(lemon)": 0.33259833852450055,
    "robot-gripping(green-bottle)": 0.7411422384902835,
    "robot-gripping(loaf-of-bread)": 0.06048627019238969,
    "robot-gripping(red-box-of-cereal)": 0.032384664741888024,
    "robot-gripping(red-can-of-soda)": 0.1059853043310189
}