{
    "on-table(milk-carton,wood-table)": 0.30289491079747677,
    "on-table(milk-carton,black-table)": 0.020678575926770765,
    "on-table(milk-carton,white-table)": 0.2021127591530482,
    "on-table(lemon,wood-table)": 0.13901387548927838,
    "on-table(lemon,black-table)": 0.3466449671735366,
    "on-table(lemon,white-table)": 0.01541635581331017,
    "on-table(green-bottle,wood-table)": 0.035277536478436865,
    "on-table(green-bottle,black-table)": 0.24821924810142568,
    "on-table(green-bottle,white-table)": 0.08602890104521066,
    "on-table(loaf-of-bread,wood-table)": 0.3569367580736677,
    "on-table(loaf-of-bread,black-table)": 0.00885087352071423,
    "on-table(loaf-of-bread,white-table)": 0.18958642287179828,
    "on-table(red-box-of-cereal,wood-table)": 0.5908478925315043,
    "on-table(red-box-of-cereal,black-table)": 0.06768305953422289,
    "on-table(red-box-of-cereal,white-table)": 0.923634926478068,
    "on-table(red-can-of-soda,wood-table)": 0.9982467095057169,
    "on-table(red-can-of-soda,black-table)": 0.16552511277556428,
    "on-table(red-can-of-soda,white-table)": 0.1985151086021991,
    "robot-gripper-empty()": 0.81586621205012,
    "robot-gripping(milk-carton)": 0.2809762867788474,
    "robot-gripping(lemon)": 0.35335111307601136,
    "robot-gripping(green-bottle)": 0.2144407513551414,
    "robot-gripping(loaf-of-bread)": 0.16738125511134663,
    "robot-gripping(red-box-of-cereal)": 0.178437723700578,
    "robot-gripping(red-can-of-soda)": 0.2668881489274402
}