{
    "on-table(milk-carton,wood-table)": 0.18919454088124135,
    "on-table(milk-carton,black-table)": 0.1533883922335614,
    "on-table(milk-carton,white-table)": 0.7672866409023603,
    "on-table(lemon,wood-table)": 0.9341927766799927,
    "on-table(lemon,black-table)": 0.17354257874815934,
    "on-table(lemon,white-table)": 0.15897953896880304,
    "on-table(green-bottle,wood-table)": 0.2299531973306633,
    "on-table(green-bottle,black-table)": 0.8413248571256796,
    "on-table(green-bottle,white-table)": 0.00382249229627026,
    "on-table(loaf-of-bread,wood-table)": 0.22669545359288654,
    "on-table(loaf-of-bread,black-table)": 0.015493018358635405,
    "on-table(loaf-of-bread,white-table)": 0.4551564979677399,
    "on-table(red-box-of-cereal,wood-table)": 0.052128068152039,
    "on-table(red-box-of-cereal,black-table)": 0.2124565679114312,
    "on-table(red-box-of-cereal,white-table)": 0.1147788017988205,
    "on-table(red-can-of-soda,wood-table)": 0.036311790347099304,
    "on-table(red-can-of-soda,black-table)": 0.6923735576371352,
    "on-table(red-can-of-soda,white-table)": 0.011262198546319269,
    "robot-gripper-empty()": 0.594397095264867,
    "robot-gripping(milk-carton)": 0.4176099896430969,
    "robot-gripping(lemon)": 0.20808787969872355,
    "robot-gripping(green-bottle)": 0.10096025723032653,
    "robot-gripping(loaf-of-bread)": 0.2695175378272931,
    "robot-gripping(red-box-of-cereal)": 0.5871241188918551,
    "robot-gripping(red-can-of-soda)": 0.4402122739702463
}