{
    "on-table(milk-carton,wood-table)": 0.2034972485853359,
    "on-table(milk-carton,black-table)": 0.032810751746486254,
    "on-table(milk-carton,white-table)": 0.8483257989088694,
    "on-table(lemon,wood-table)": 0.05513869472391283,
    "on-table(lemon,black-table)": 0.15880626405002354,
    "on-table(lemon,white-table)": 0.016985553035434958,
    "on-table(green-bottle,wood-table)": 0.3398903066893884,
    "on-table(green-bottle,black-table)": 0.9969333310921987,
    "on-table(green-bottle,white-table)": 0.040124540603301284,
    "on-table(loaf-of-bread,wood-table)": 0.15963640064001083,
    "on-table(loaf-of-bread,black-table)": 0.14438439172226936,
    "on-table(loaf-of-bread,white-table)": 0.09347090062995751,
    "on-table(red-box-of-cereal,wood-table)": 0.18248070095432922,
    "on-table(red-box-of-cereal,black-table)": 0.1789888574470145,
    "on-table(red-box-of-cereal,white-table)": 0.010766060227372995,
    "on-table(red-can-of-soda,wood-table)": 0.18391813827717365,
    "on-table(red-can-of-soda,black-table)": 0.18916502902235757,
    "on-table(red-can-of-soda,white-table)": 0.00601270234377201,
    "robot-gripper-empty()": 0.4720191900851205,
    "robot-gripping(milk-carton)": 0.4940432341148456,
    "robot-gripping(lemon)": 0.09187466115690768,
    "robot-gripping(green-bottle)": 0.19041191485788053,
    "robot-gripping(loaf-of-bread)": 0.3010295449445645,
    "robot-gripping(red-box-of-cereal)": 0.7440444842601815,
    "robot-gripping(red-can-of-soda)": 0.8212864740441242
}