{
    "on-table(milk-carton,wood-table)": 0.21346156518363082,
    "on-table(milk-carton,black-table)": 0.11672037806571704,
    "on-table(milk-carton,white-table)": 0.8111108255883058,
    "on-table(lemon,wood-table)": 0.1750806246806557,
    "on-table(lemon,black-table)": 0.14046551292047602,
    "on-table(lemon,white-table)": 0.8767159134149551,
    "on-table(green-bottle,wood-table)": 0.14329348402194833,
    "on-table(green-bottle,black-table)": 0.3521700183773646,
    "on-table(green-bottle,white-table)": 0.13599675192623786,
    "on-table(loaf-of-bread,wood-table)": 0.22744804224930704,
    "on-table(loaf-of-bread,black-table)": 0.5081710992380977,
    "on-table(loaf-of-bread,white-table)": 0.33407024109813693,
    "on-table(red-box-of-cereal,wood-table)": 0.4745866567827761,
    "on-table(red-box-of-cereal,black-table)": 0.8025641068816185,
    "on-table(red-box-of-cereal,white-table)": 0.0036196470755385235,
    "on-table(red-can-of-soda,wood-table)": 0.9631867706775665,
    "on-table(red-can-of-soda,black-table)": 0.3401798436027927,
    "on-table(red-can-of-soda,white-table)": 0.005463064563211144,
    "robot-gripper-empty()": 0.882345994313558,
    "robot-gripping(milk-carton)": 0.1172492077263693,
    "robot-gripping(lemon)": 0.09828427558143933,
    "robot-gripping(green-bottle)": 0.1335218003951013,
    "robot-gripping(loaf-of-bread)": 0.07561615280186136,
    "robot-gripping(red-box-of-cereal)": 0.09041009952003758,
    "robot-gripping(red-can-of-soda)": 0.19353032872701684
}