{
    "on-table(milk-carton,wood-table)": 0.215510851451351,
    "on-table(milk-carton,black-table)": 0.05388737997661034,
    "on-table(milk-carton,white-table)": 0.004465823575931911,
    "on-table(lemon,wood-table)": 0.832517009616519,
    "on-table(lemon,black-table)": 0.1662293520389729,
    "on-table(lemon,white-table)": 0.002155306533268231,
    "on-table(green-bottle,wood-table)": 0.16763484391776728,
    "on-table(green-bottle,black-table)": 0.0012952851821713314,
    "on-table(green-bottle,white-table)": 0.8351488459544877,
    "on-table(loaf-of-bread,wood-table)": 0.232721859375791,
    "on-table(loaf-of-bread,black-table)": 0.033457559756546594,
    "on-table(loaf-of-bread,white-table)": 0.015542090201051906,
    "on-table(red-box-of-cereal,wood-table)": 0.3745424999700238,
    "on-table(red-box-of-cereal,black-table)": 0.030455518848611973,
    "on-table(red-box-of-cereal,white-table)": 0.0010749401092956152,
    "on-table(red-can-of-soda,wood-table)": 0.8324319818808968,
    "on-table(red-can-of-soda,black-table)": 0.16708533732401065,
    "on-table(red-can-of-soda,white-table)": 0.005834983564833844,
    "robot-gripper-empty()": 0.8972490479548773,
    "robot-gripping(milk-carton)": 0.13038569781929255,
    "robot-gripping(lemon)": 0.14885366339391717,
    "robot-gripping(green-bottle)": 0.011940108059206977,
    "robot-gripping(loaf-of-bread)": 0.13109803015443808,
    "robot-gripping(red-box-of-cereal)": 0.05472390901801797,
    "robot-gripping(red-can-of-soda)": 0.18653298316833875
}