{
    "on-table(milk-carton,wood-table)": 0.35171945424129564,
    "on-table(milk-carton,black-table)": 0.007467739473213442,
    "on-table(milk-carton,white-table)": 0.7730134256804982,
    "on-table(lemon,wood-table)": 0.06371387822825152,
    "on-table(lemon,black-table)": 0.005704709653703806,
    "on-table(lemon,white-table)": 0.791274283391734,
    "on-table(green-bottle,wood-table)": 0.013714057985149944,
    "on-table(green-bottle,black-table)": 0.003981470372915889,
    "on-table(green-bottle,white-table)": 0.016480393096571788,
    "on-table(loaf-of-bread,wood-table)": 0.40301610218981904,
    "on-table(loaf-of-bread,black-table)": 0.03775515017332509,
    "on-table(loaf-of-bread,white-table)": 0.47711836991948076,
    "on-table(red-box-of-cereal,wood-table)": 0.9933549563090006,
    "on-table(red-box-of-cereal,black-table)": 0.1668181505786682,
    "on-table(red-box-of-cereal,white-table)": 0.16755037412743454,
    "on-table(red-can-of-soda,wood-table)": 0.3380732666870851,
    "on-table(red-can-of-soda,black-table)": 0.017645411825166473,
    "on-table(red-can-of-soda,white-table)": 0.8338408474810421,
    "robot-gripper-empty()": 0.85784629235665,
    "robot-gripping(milk-carton)": 0.09835192933678627,
    "robot-gripping(lemon)": 0.0721366882013778,
    "robot-gripping(green-bottle)": 0.0778566284570843,
    "robot-gripping(loaf-of-bread)": 0.14693722920492291,
    "robot-gripping(red-box-of-cereal)": 0.15837309261163077,
    "robot-gripping(red-can-of-soda)": 0.128900574054569
}