{
    "on-table(milk-carton,wood-table)": 0.05414809593154738,
    "on-table(milk-carton,black-table)": 0.5839888167877992,
    "on-table(milk-carton,white-table)": 0.20998494576876206,
    "on-table(lemon,wood-table)": 0.9945897658665975,
    "on-table(lemon,black-table)": 0.3139374812735696,
    "on-table(lemon,white-table)": 0.16500388786910966,
    "on-table(green-bottle,wood-table)": 0.16209942961965376,
    "on-table(green-bottle,black-table)": 0.9745673934618632,
    "on-table(green-bottle,white-table)": 0.008261147662172638,
    "on-table(loaf-of-bread,wood-table)": 0.27003617951413617,
    "on-table(loaf-of-bread,black-table)": 0.5524817536691747,
    "on-table(loaf-of-bread,white-table)": 0.29512361428836204,
    "on-table(red-box-of-cereal,wood-table)": 0.016800013909232803,
    "on-table(red-box-of-cereal,black-table)": 0.3159593896804533,
    "on-table(red-box-of-cereal,white-table)": 0.21587008751521353,
    "on-table(red-can-of-soda,wood-table)": 0.021099501294277918,
    "on-table(red-can-of-soda,black-table)": 0.8341830387556305,
    "on-table(red-can-of-soda,white-table)": 0.014005616353036507,
    "robot-gripper-empty()": 0.8332974016666412,
    "robot-gripping(milk-carton)": 0.11179981815318267,
    "robot-gripping(lemon)": 0.18567972785482803,
    "robot-gripping(green-bottle)": 0.05861286104967197,
    "robot-gripping(loaf-of-bread)": 0.1148848239487658,
    "robot-gripping(red-box-of-cereal)": 0.04938898227798442,
    "robot-gripping(red-can-of-soda)": 0.07227474055252969
}