{
    "on-table(milk-carton,wood-table)": 0.729671376834934,
    "on-table(milk-carton,black-table)": 0.4332176855996295,
    "on-table(milk-carton,white-table)": 0.00699320240543481,
    "on-table(lemon,wood-table)": 0.22471923772294153,
    "on-table(lemon,black-table)": 0.038575883409976086,
    "on-table(lemon,white-table)": 0.8526312919954459,
    "on-table(green-bottle,wood-table)": 0.17294769444561098,
    "on-table(green-bottle,black-table)": 0.43907070458711434,
    "on-table(green-bottle,white-table)": 0.056945188662211876,
    "on-table(loaf-of-bread,wood-table)": 0.16539926920086145,
    "on-table(loaf-of-bread,black-table)": 0.6514383250226577,
    "on-table(loaf-of-bread,white-table)": 0.031060739602253307,
    "on-table(red-box-of-cereal,wood-table)": 0.5129734808191037,
    "on-table(red-box-of-cereal,black-table)": 0.6927559530983368,
    "on-table(red-box-of-cereal,white-table)": 0.002854771058385571,
    "on-table(red-can-of-soda,wood-table)": 0.9971893827120463,
    "on-table(red-can-of-soda,black-table)": 0.337160002300872,
    "on-table(red-can-of-soda,white-table)": 0.0038660734564928134,
    "robot-gripper-empty()": 0.9095865786075592,
    "robot-gripping(milk-carton)": 0.1558462871859471,
    "robot-gripping(lemon)": 0.12752625870052725,
    "robot-gripping(green-bottle)": 0.12748131904906282,
    "robot-gripping(loaf-of-bread)": 0.07917392098655303,
    "robot-gripping(red-box-of-cereal)": 0.07789339303659897,
    "robot-gripping(red-can-of-soda)": 0.18440510381090766
}