{
    "on-table(milk-carton,wood-table)": 0.8551745712757111,
    "on-table(milk-carton,black-table)": 0.3481942603896944,
    "on-table(milk-carton,white-table)": 0.0991281804050838,
    "on-table(lemon,wood-table)": 0.024554612706803407,
    "on-table(lemon,black-table)": 0.3312797712084527,
    "on-table(lemon,white-table)": 0.1707342189620249,
    "on-table(green-bottle,wood-table)": 0.16009396187049182,
    "on-table(green-bottle,black-table)": 0.8373666719223062,
    "on-table(green-bottle,white-table)": 0.01022517329670336,
    "on-table(loaf-of-bread,wood-table)": 0.47473507343480986,
    "on-table(loaf-of-bread,black-table)": 0.4742968969512731,
    "on-table(loaf-of-bread,white-table)": 0.06822108882867421,
    "on-table(red-box-of-cereal,wood-table)": 0.9923801720142365,
    "on-table(red-box-of-cereal,black-table)": 0.16933648749363783,
    "on-table(red-box-of-cereal,white-table)": 0.17510547583212124,
    "on-table(red-can-of-soda,wood-table)": 0.3186399064409973,
    "on-table(red-can-of-soda,black-table)": 0.006666932363259548,
    "on-table(red-can-of-soda,white-table)": 0.8384319404140115,
    "robot-gripper-empty()": 0.905888964732488,
    "robot-gripping(milk-carton)": 0.2036865521222353,
    "robot-gripping(lemon)": 0.04940589237958193,
    "robot-gripping(green-bottle)": 0.11449994115779798,
    "robot-gripping(loaf-of-bread)": 0.13232214003801346,
    "robot-gripping(red-box-of-cereal)": 0.11761453716705243,
    "robot-gripping(red-can-of-soda)": 0.11071619267265002
}