{
    "on-table(milk-carton,wood-table)": 0.8158794827759266,
    "on-table(milk-carton,black-table)": 0.35585694917244837,
    "on-table(milk-carton,white-table)": 0.11110986924419801,
    "on-table(lemon,wood-table)": 0.2906296544582195,
    "on-table(lemon,black-table)": 0.8895241916179657,
    "on-table(lemon,white-table)": 0.0012844681114074774,
    "on-table(green-bottle,wood-table)": 0.2863341421871155,
    "on-table(green-bottle,black-table)": 0.8903315365314484,
    "on-table(green-bottle,white-table)": 0.036285853021581715,
    "on-table(loaf-of-bread,wood-table)": 0.24871828165244855,
    "on-table(loaf-of-bread,black-table)": 0.4567053803863625,
    "on-table(loaf-of-bread,white-table)": 0.11466500980145611,
    "on-table(red-box-of-cereal,wood-table)": 0.14871984160951493,
    "on-table(red-box-of-cereal,black-table)": 0.005974168383545475,
    "on-table(red-box-of-cereal,white-table)": 0.8274966327783962,
    "on-table(red-can-of-soda,wood-table)": 0.1490685060901645,
    "on-table(red-can-of-soda,black-table)": 0.0031823901441991134,
    "on-table(red-can-of-soda,white-table)": 0.8420432365188996,
    "robot-gripper-empty()": 0.941802054643631,
    "robot-gripping(milk-carton)": 0.18233324525256953,
    "robot-gripping(lemon)": 0.04185074924801787,
    "robot-gripping(green-bottle)": 0.18554125008328506,
    "robot-gripping(loaf-of-bread)": 0.06381337717175484,
    "robot-gripping(red-box-of-cereal)": 0.03141472589535018,
    "robot-gripping(red-can-of-soda)": 0.07346257524720083
}