{
    "on-table(milk-carton,wood-table)": 0.19134484621463344,
    "on-table(milk-carton,black-table)": 0.4371048090979457,
    "on-table(milk-carton,white-table)": 0.6369574355970448,
    "on-table(lemon,wood-table)": 0.10514720224697764,
    "on-table(lemon,black-table)": 0.5161309246905148,
    "on-table(lemon,white-table)": 0.29347154869901715,
    "on-table(green-bottle,wood-table)": 0.14992679882683055,
    "on-table(green-bottle,black-table)": 0.8322759250101323,
    "on-table(green-bottle,white-table)": 0.0014256545543200143,
    "on-table(loaf-of-bread,wood-table)": 0.2283073963286976,
    "on-table(loaf-of-bread,black-table)": 0.1212229608790949,
    "on-table(loaf-of-bread,white-table)": 0.5619019586592913,
    "on-table(red-box-of-cereal,wood-table)": 0.4076986435199312,
    "on-table(red-box-of-cereal,black-table)": 0.00669381223936701,
    "on-table(red-box-of-cereal,white-table)": 0.8645492891470591,
    "on-table(red-can-of-soda,wood-table)": 0.9928784271081289,
    "on-table(red-can-of-soda,black-table)": 0.16699795204325105,
    "on-table(red-can-of-soda,white-table)": 0.17638360686714805,
    "robot-gripper-empty()": 0.7849690491954485,
    "robot-gripping(milk-carton)": 0.29086387654145557,
    "robot-gripping(lemon)": 0.2949216980487108,
    "robot-gripping(green-bottle)": 0.14954320263738433,
    "robot-gripping(loaf-of-bread)": 0.2365256684521834,
    "robot-gripping(red-box-of-cereal)": 0.06687791521350543,
    "robot-gripping(red-can-of-soda)": 0.14702182480444512
}