{
    "on-table(milk-carton,wood-table)": 0.26874961411037174,
    "on-table(milk-carton,black-table)": 0.8688548853000005,
    "on-table(milk-carton,white-table)": 0.01708275909428873,
    "on-table(lemon,wood-table)": 0.2017982406008135,
    "on-table(lemon,black-table)": 0.0016543260677129485,
    "on-table(lemon,white-table)": 0.9887336790561676,
    "on-table(green-bottle,wood-table)": 0.8304940701442926,
    "on-table(green-bottle,black-table)": 0.16782342552323826,
    "on-table(green-bottle,white-table)": 0.0013867443753573145,
    "on-table(loaf-of-bread,wood-table)": 0.17939874675357714,
    "on-table(loaf-of-bread,black-table)": 0.5495241812895983,
    "on-table(loaf-of-bread,white-table)": 0.02520689187804237,
    "on-table(red-box-of-cereal,wood-table)": 0.3668235742273585,
    "on-table(red-box-of-cereal,black-table)": 0.9881911476453146,
    "on-table(red-box-of-cereal,white-table)": 0.05867886054814638,
    "on-table(red-can-of-soda,wood-table)": 0.9784786601861318,
    "on-table(red-can-of-soda,black-table)": 0.41180777560596954,
    "on-table(red-can-of-soda,white-table)": 0.003984996587102311,
    "robot-gripper-empty()": 0.8730343927939733,
    "robot-gripping(milk-carton)": 0.20957673247903585,
    "robot-gripping(lemon)": 0.037149813336630665,
    "robot-gripping(green-bottle)": 0.17755431530531496,
    "robot-gripping(loaf-of-bread)": 0.13835181295871735,
    "robot-gripping(red-box-of-cereal)": 0.17941463591220477,
    "robot-gripping(red-can-of-soda)": 0.25357423489913344
}