{
    "on-table(milk-carton,wood-table)": 0.49507557849089306,
    "on-table(milk-carton,black-table)": 0.05155300676900273,
    "on-table(milk-carton,white-table)": 0.03912292898166925,
    "on-table(lemon,wood-table)": 0.3584063358333272,
    "on-table(lemon,black-table)": 9.22759481909452e-05,
    "on-table(lemon,white-table)": 0.8351207124069333,
    "on-table(green-bottle,wood-table)": 0.08311120710277464,
    "on-table(green-bottle,black-table)": 0.0033100667933467776,
    "on-table(green-bottle,white-table)": 0.13219330152287512,
    "on-table(loaf-of-bread,wood-table)": 0.19766620453447104,
    "on-table(loaf-of-bread,black-table)": 0.010731383032786349,
    "on-table(loaf-of-bread,white-table)": 0.1207871432416141,
    "on-table(red-box-of-cereal,wood-table)": 0.16545747554240128,
    "on-table(red-box-of-cereal,black-table)": 0.04447385744424537,
    "on-table(red-box-of-cereal,white-table)": 0.15361011526935422,
    "on-table(red-can-of-soda,wood-table)": 0.8337708407392105,
    "on-table(red-can-of-soda,black-table)": 0.16590012708093127,
    "on-table(red-can-of-soda,white-table)": 0.0038577620866817597,
    "robot-gripper-empty()": 0.6350092440843582,
    "robot-gripping(milk-carton)": 0.5822867279251417,
    "robot-gripping(lemon)": 0.08752897009253502,
    "robot-gripping(green-bottle)": 0.04236352164298296,
    "robot-gripping(loaf-of-bread)": 0.1825941689312458,
    "robot-gripping(red-box-of-cereal)": 0.24045477528125048,
    "robot-gripping(red-can-of-soda)": 0.3516445718705654
}