{
    "on-table(milk-carton,wood-table)": 0.560291783263286,
    "on-table(milk-carton,black-table)": 0.15718119052083543,
    "on-table(milk-carton,white-table)": 0.05996131132997107,
    "on-table(lemon,wood-table)": 0.11126353628545378,
    "on-table(lemon,black-table)": 0.7899950863405442,
    "on-table(lemon,white-table)": 0.0870625113159349,
    "on-table(green-bottle,wood-table)": 0.0008815363253233954,
    "on-table(green-bottle,black-table)": 0.0015335183240191934,
    "on-table(green-bottle,white-table)": 0.1848183269570048,
    "on-table(loaf-of-bread,wood-table)": 0.4644984994083643,
    "on-table(loaf-of-bread,black-table)": 0.5527038568009933,
    "on-table(loaf-of-bread,white-table)": 0.09789337588396545,
    "on-table(red-box-of-cereal,wood-table)": 0.9908190468947092,
    "on-table(red-box-of-cereal,black-table)": 0.3147868677697261,
    "on-table(red-box-of-cereal,white-table)": 0.21755374351232604,
    "on-table(red-can-of-soda,wood-table)": 0.98794357975324,
    "on-table(red-can-of-soda,black-table)": 0.387374202934249,
    "on-table(red-can-of-soda,white-table)": 0.18823457076344616,
    "robot-gripper-empty()": 0.9346708754698435,
    "robot-gripping(milk-carton)": 0.1622456597785155,
    "robot-gripping(lemon)": 0.05505489429924637,
    "robot-gripping(green-bottle)": 0.03166197678850343,
    "robot-gripping(loaf-of-bread)": 0.13683489989489317,
    "robot-gripping(red-box-of-cereal)": 0.14945220303100845,
    "robot-gripping(red-can-of-soda)": 0.19256450003013015
}