{
    "on-table(milk-carton,wood-table)": 0.08559757106316586,
    "on-table(milk-carton,black-table)": 0.04448665146871159,
    "on-table(milk-carton,white-table)": 0.46007033266747993,
    "on-table(lemon,wood-table)": 0.17900984208002532,
    "on-table(lemon,black-table)": 0.00038222788953135023,
    "on-table(lemon,white-table)": 0.8337084703768293,
    "on-table(green-bottle,wood-table)": 0.0030541754443523437,
    "on-table(green-bottle,black-table)": 0.04468885646914108,
    "on-table(green-bottle,white-table)": 0.004606407409482927,
    "on-table(loaf-of-bread,wood-table)": 0.17495479032125635,
    "on-table(loaf-of-bread,black-table)": 0.026280083223052014,
    "on-table(loaf-of-bread,white-table)": 0.1511133027379401,
    "on-table(red-box-of-cereal,wood-table)": 0.20869352614196637,
    "on-table(red-box-of-cereal,black-table)": 0.16648153407732025,
    "on-table(red-box-of-cereal,white-table)": 0.002925895489170216,
    "on-table(red-can-of-soda,wood-table)": 0.8333511052284545,
    "on-table(red-can-of-soda,black-table)": 0.1674960898857686,
    "on-table(red-can-of-soda,white-table)": 0.018982451941269574,
    "robot-gripper-empty()": 0.8593909293413162,
    "robot-gripping(milk-carton)": 0.12746363133192062,
    "robot-gripping(lemon)": 0.03229063043060402,
    "robot-gripping(green-bottle)": 0.021738397675411154,
    "robot-gripping(loaf-of-bread)": 0.03788304732491573,
    "robot-gripping(red-box-of-cereal)": 0.054741846048273146,
    "robot-gripping(red-can-of-soda)": 0.19048600061796606
}