{
    "on-table(milk-carton,wood-table)": 0.5024706958017001,
    "on-table(milk-carton,black-table)": 0.03916287889902984,
    "on-table(milk-carton,white-table)": 0.6596985160916423,
    "on-table(lemon,wood-table)": 0.31022444382930797,
    "on-table(lemon,black-table)": 0.9184714655081431,
    "on-table(lemon,white-table)": 0.0011636323868818483,
    "on-table(green-bottle,wood-table)": 0.00026476989114598837,
    "on-table(green-bottle,black-table)": 0.00018665499237613403,
    "on-table(green-bottle,white-table)": 0.010315644377063412,
    "on-table(loaf-of-bread,wood-table)": 0.7425758764147758,
    "on-table(loaf-of-bread,black-table)": 0.17648203985466657,
    "on-table(loaf-of-bread,white-table)": 0.010583714808793351,
    "on-table(red-box-of-cereal,wood-table)": 0.9921728273232778,
    "on-table(red-box-of-cereal,black-table)": 0.3284840594066433,
    "on-table(red-box-of-cereal,white-table)": 0.004889299560697206,
    "on-table(red-can-of-soda,wood-table)": 0.8308117340008417,
    "on-table(red-can-of-soda,black-table)": 0.03167312528989896,
    "on-table(red-can-of-soda,white-table)": 0.0022019213605138552,
    "robot-gripper-empty()": 0.8652037084102631,
    "robot-gripping(milk-carton)": 0.13753522435824075,
    "robot-gripping(lemon)": 0.149625098798424,
    "robot-gripping(green-bottle)": 0.014073939450706044,
    "robot-gripping(loaf-of-bread)": 0.10932869588335355,
    "robot-gripping(red-box-of-cereal)": 0.18462852978458008,
    "robot-gripping(red-can-of-soda)": 0.5045574313650528
}