{
    "on-table(milk-carton,wood-table)": 0.1647395740049736,
    "on-table(milk-carton,black-table)": 0.06959447523498359,
    "on-table(milk-carton,white-table)": 0.9403303861618042,
    "on-table(lemon,wood-table)": 0.19589202562444066,
    "on-table(lemon,black-table)": 0.012755582433631693,
    "on-table(lemon,white-table)": 0.9987305998802185,
    "on-table(green-bottle,wood-table)": 0.19762869060893232,
    "on-table(green-bottle,black-table)": 0.018314783891052382,
    "on-table(green-bottle,white-table)": 0.8842761019865671,
    "on-table(loaf-of-bread,wood-table)": 0.2037545897377034,
    "on-table(loaf-of-bread,black-table)": 0.2524934954320391,
    "on-table(loaf-of-bread,white-table)": 0.19479846017202362,
    "on-table(red-box-of-cereal,wood-table)": 0.01929854091334467,
    "on-table(red-box-of-cereal,black-table)": 0.6656652901632091,
    "on-table(red-box-of-cereal,white-table)": 0.11424242283343726,
    "on-table(red-can-of-soda,wood-table)": 0.0556305711894917,
    "on-table(red-can-of-soda,black-table)": 0.7276341735074917,
    "on-table(red-can-of-soda,white-table)": 0.02850630630928208,
    "robot-gripper-empty()": 0.8795476257801056,
    "robot-gripping(milk-carton)": 0.1772597680489222,
    "robot-gripping(lemon)": 0.05775033845566213,
    "robot-gripping(green-bottle)": 0.04871059251793971,
    "robot-gripping(loaf-of-bread)": 0.21274409194787344,
    "robot-gripping(red-box-of-cereal)": 0.23979890967408815,
    "robot-gripping(red-can-of-soda)": 0.5170670114457607
}