{
    "on-table(milk-carton,wood-table)": 0.18461593054234982,
    "on-table(milk-carton,black-table)": 0.304292490084966,
    "on-table(milk-carton,white-table)": 0.4262240206201871,
    "on-table(lemon,wood-table)": 0.03802251048424902,
    "on-table(lemon,black-table)": 0.004427359407903471,
    "on-table(lemon,white-table)": 0.004875155489571625,
    "on-table(green-bottle,wood-table)": 0.16887484594675092,
    "on-table(green-bottle,black-table)": 0.1705190063560925,
    "on-table(green-bottle,white-table)": 0.0032999797452551625,
    "on-table(loaf-of-bread,wood-table)": 0.5425347095976273,
    "on-table(loaf-of-bread,black-table)": 0.03620456574814549,
    "on-table(loaf-of-bread,white-table)": 0.12379674788098782,
    "on-table(red-box-of-cereal,wood-table)": 0.17759641179873142,
    "on-table(red-box-of-cereal,black-table)": 0.01303322202390215,
    "on-table(red-box-of-cereal,white-table)": 0.8655452902118365,
    "on-table(red-can-of-soda,wood-table)": 0.16261643396198147,
    "on-table(red-can-of-soda,black-table)": 0.011096749346582632,
    "on-table(red-can-of-soda,white-table)": 0.9983317951361338,
    "robot-gripper-empty()": 0.40912104782182723,
    "robot-gripping(milk-carton)": 0.5141676707814137,
    "robot-gripping(lemon)": 0.09368916159534517,
    "robot-gripping(green-bottle)": 0.8055509574090441,
    "robot-gripping(loaf-of-bread)": 0.12178898300044239,
    "robot-gripping(red-box-of-cereal)": 0.06638409328297712,
    "robot-gripping(red-can-of-soda)": 0.12385143535114669
}