{
    "on-table(milk-carton,wood-table)": 0.7233091319600741,
    "on-table(milk-carton,black-table)": 0.14346547746875635,
    "on-table(milk-carton,white-table)": 0.009936043556081131,
    "on-table(lemon,wood-table)": 0.22160670810747737,
    "on-table(lemon,black-table)": 0.152550860205641,
    "on-table(lemon,white-table)": 0.84705567608277,
    "on-table(green-bottle,wood-table)": 0.32695395704649854,
    "on-table(green-bottle,black-table)": 0.9986889660358429,
    "on-table(green-bottle,white-table)": 0.1582605988968074,
    "on-table(loaf-of-bread,wood-table)": 0.22646238965292773,
    "on-table(loaf-of-bread,black-table)": 0.14247690925064185,
    "on-table(loaf-of-bread,white-table)": 0.058007484612365566,
    "on-table(red-box-of-cereal,wood-table)": 0.832785794181594,
    "on-table(red-box-of-cereal,black-table)": 0.16644005190414646,
    "on-table(red-box-of-cereal,white-table)": 0.005028839012500915,
    "on-table(red-can-of-soda,wood-table)": 0.830053121666424,
    "on-table(red-can-of-soda,black-table)": 0.16710385705709996,
    "on-table(red-can-of-soda,white-table)": 0.0018207181507439902,
    "robot-gripper-empty()": 0.8134260326623917,
    "robot-gripping(milk-carton)": 0.2996310157080491,
    "robot-gripping(lemon)": 0.09693454966569941,
    "robot-gripping(green-bottle)": 0.1853636473727723,
    "robot-gripping(loaf-of-bread)": 0.12407500358919303,
    "robot-gripping(red-box-of-cereal)": 0.06503760286917289,
    "robot-gripping(red-can-of-soda)": 0.14546480836967626
}