{
    "on-table(milk-carton,wood-table)": 0.7276364912589391,
    "on-table(milk-carton,black-table)": 0.24217507498049903,
    "on-table(milk-carton,white-table)": 0.2812988947055904,
    "on-table(lemon,wood-table)": 0.3363407974635872,
    "on-table(lemon,black-table)": 0.8405570238828659,
    "on-table(lemon,white-table)": 0.004689288361305444,
    "on-table(green-bottle,wood-table)": 0.3334970712251864,
    "on-table(green-bottle,black-table)": 0.9995371699333191,
    "on-table(green-bottle,white-table)": 0.001048832076681568,
    "on-table(loaf-of-bread,wood-table)": 0.161216476932168,
    "on-table(loaf-of-bread,black-table)": 0.4135304297087714,
    "on-table(loaf-of-bread,white-table)": 0.1878629319544416,
    "on-table(red-box-of-cereal,wood-table)": 0.02874103406308374,
    "on-table(red-box-of-cereal,black-table)": 0.006726834139954008,
    "on-table(red-box-of-cereal,white-table)": 0.7799068026555082,
    "on-table(red-can-of-soda,wood-table)": 0.0029445470181599376,
    "on-table(red-can-of-soda,black-table)": 0.002448132055330158,
    "on-table(red-can-of-soda,white-table)": 0.8448864705860615,
    "robot-gripper-empty()": 0.8989090472459793,
    "robot-gripping(milk-carton)": 0.21262971963733435,
    "robot-gripping(lemon)": 0.04610138153657317,
    "robot-gripping(green-bottle)": 0.08772646963673954,
    "robot-gripping(loaf-of-bread)": 0.09674277901649475,
    "robot-gripping(red-box-of-cereal)": 0.03521513116235534,
    "robot-gripping(red-can-of-soda)": 0.06632428336888552
}