{
    "on-table(milk-carton,wood-table)": 0.42946958569033694,
    "on-table(milk-carton,black-table)": 0.01794610632835732,
    "on-table(milk-carton,white-table)": 0.6540282141262045,
    "on-table(lemon,wood-table)": 0.17565437448744584,
    "on-table(lemon,black-table)": 0.8344451400140921,
    "on-table(lemon,white-table)": 0.1559553820502515,
    "on-table(green-bottle,wood-table)": 0.16911043049549335,
    "on-table(green-bottle,black-table)": 0.8335074819624424,
    "on-table(green-bottle,white-table)": 0.003027107226444059,
    "on-table(loaf-of-bread,wood-table)": 0.20308376150205731,
    "on-table(loaf-of-bread,black-table)": 0.086246387475209,
    "on-table(loaf-of-bread,white-table)": 0.5837056804448366,
    "on-table(red-box-of-cereal,wood-table)": 0.9713542759418488,
    "on-table(red-box-of-cereal,black-table)": 0.3080858734914121,
    "on-table(red-box-of-cereal,white-table)": 0.04797555981425224,
    "on-table(red-can-of-soda,wood-table)": 0.9588770667711893,
    "on-table(red-can-of-soda,black-table)": 0.31909576869096173,
    "on-table(red-can-of-soda,white-table)": 0.015796111193670487,
    "robot-gripper-empty()": 0.9604621032873789,
    "robot-gripping(milk-carton)": 0.10764044305930535,
    "robot-gripping(lemon)": 0.054684835175673165,
    "robot-gripping(green-bottle)": 0.08867497895456229,
    "robot-gripping(loaf-of-bread)": 0.06735324036950867,
    "robot-gripping(red-box-of-cereal)": 0.08636084711179137,
    "robot-gripping(red-can-of-soda)": 0.15742196701467037
}