{
    "on-table(milk-carton,wood-table)": 0.0789918275938059,
    "on-table(milk-carton,black-table)": 0.8240774782995383,
    "on-table(milk-carton,white-table)": 0.041272150349565585,
    "on-table(lemon,wood-table)": 0.09734896682978918,
    "on-table(lemon,black-table)": 0.6599467380438,
    "on-table(lemon,white-table)": 0.02190132936812006,
    "on-table(green-bottle,wood-table)": 0.1871128926286474,
    "on-table(green-bottle,black-table)": 0.019557545494838752,
    "on-table(green-bottle,white-table)": 0.9964398245016733,
    "on-table(loaf-of-bread,wood-table)": 0.3728304396693905,
    "on-table(loaf-of-bread,black-table)": 0.2523774508833109,
    "on-table(loaf-of-bread,white-table)": 0.2826814412061746,
    "on-table(red-box-of-cereal,wood-table)": 0.2163702366136325,
    "on-table(red-box-of-cereal,black-table)": 0.7799371505777041,
    "on-table(red-box-of-cereal,white-table)": 0.015254991008987417,
    "on-table(red-can-of-soda,wood-table)": 0.13801232681847372,
    "on-table(red-can-of-soda,black-table)": 0.8337198812514544,
    "on-table(red-can-of-soda,white-table)": 0.008896783979101505,
    "robot-gripper-empty()": 0.7835353463888168,
    "robot-gripping(milk-carton)": 0.12136330944485962,
    "robot-gripping(lemon)": 0.06602628509669255,
    "robot-gripping(green-bottle)": 0.25807349124806933,
    "robot-gripping(loaf-of-bread)": 0.08487947471439838,
    "robot-gripping(red-box-of-cereal)": 0.1012997859409855,
    "robot-gripping(red-can-of-soda)": 0.11839303746819496
}