{
    "on-table(milk-carton,wood-table)": 0.8151313439011574,
    "on-table(milk-carton,black-table)": 0.016769392338270944,
    "on-table(milk-carton,white-table)": 0.24086537305265665,
    "on-table(lemon,wood-table)": 0.15717838302225573,
    "on-table(lemon,black-table)": 0.8257308235236754,
    "on-table(lemon,white-table)": 0.004475949031984783,
    "on-table(green-bottle,wood-table)": 0.16494395475213727,
    "on-table(green-bottle,black-table)": 0.810765540227294,
    "on-table(green-bottle,white-table)": 0.013167257708497951,
    "on-table(loaf-of-bread,wood-table)": 0.8845618516206741,
    "on-table(loaf-of-bread,black-table)": 0.20518711921310265,
    "on-table(loaf-of-bread,white-table)": 0.14879233883402776,
    "on-table(red-box-of-cereal,wood-table)": 0.9980537096659342,
    "on-table(red-box-of-cereal,black-table)": 0.16298210087309903,
    "on-table(red-box-of-cereal,white-table)": 0.17705019344187653,
    "on-table(red-can-of-soda,wood-table)": 0.32778723379366664,
    "on-table(red-can-of-soda,black-table)": 0.0011439550836106112,
    "on-table(red-can-of-soda,white-table)": 0.8380454030508796,
    "robot-gripper-empty()": 0.7565190593401591,
    "robot-gripping(milk-carton)": 0.21876641331861416,
    "robot-gripping(lemon)": 0.05724270005399982,
    "robot-gripping(green-bottle)": 0.17328713768317053,
    "robot-gripping(loaf-of-bread)": 0.18370669893920422,
    "robot-gripping(red-box-of-cereal)": 0.10661914998975892,
    "robot-gripping(red-can-of-soda)": 0.12607100264479718
}