{
    "on-table(milk-carton,wood-table)": 0.3789968003014413,
    "on-table(milk-carton,black-table)": 0.804763238877058,
    "on-table(milk-carton,white-table)": 0.013120664857221223,
    "on-table(lemon,wood-table)": 0.13968215878897658,
    "on-table(lemon,black-table)": 0.6733917067758739,
    "on-table(lemon,white-table)": 0.0028279753143275834,
    "on-table(green-bottle,wood-table)": 0.16677268928227326,
    "on-table(green-bottle,black-table)": 0.0010190366522995948,
    "on-table(green-bottle,white-table)": 0.9986744821071625,
    "on-table(loaf-of-bread,wood-table)": 0.7627498830358187,
    "on-table(loaf-of-bread,black-table)": 0.2159771534400837,
    "on-table(loaf-of-bread,white-table)": 0.013301907175446104,
    "on-table(red-box-of-cereal,wood-table)": 0.4892417266576861,
    "on-table(red-box-of-cereal,black-table)": 0.2981137911750314,
    "on-table(red-box-of-cereal,white-table)": 0.0037405976036097854,
    "on-table(red-can-of-soda,wood-table)": 0.8412468234697977,
    "on-table(red-can-of-soda,black-table)": 0.16986558475465094,
    "on-table(red-can-of-soda,white-table)": 0.0024857795980324227,
    "robot-gripper-empty()": 0.6666312549690095,
    "robot-gripping(milk-carton)": 0.32244255766272545,
    "robot-gripping(lemon)": 0.030608619873722393,
    "robot-gripping(green-bottle)": 0.012060585761598,
    "robot-gripping(loaf-of-bread)": 0.14660735490421453,
    "robot-gripping(red-box-of-cereal)": 0.545909454425176,
    "robot-gripping(red-can-of-soda)": 0.45539912829796475
}