{
    "on-table(milk-carton,wood-table)": 0.30794293743868667,
    "on-table(milk-carton,black-table)": 0.48011381799976033,
    "on-table(milk-carton,white-table)": 0.20206241713215908,
    "on-table(lemon,wood-table)": 0.04949024740684157,
    "on-table(lemon,black-table)": 0.18941802977739522,
    "on-table(lemon,white-table)": 0.22639522480312735,
    "on-table(green-bottle,wood-table)": 0.0020623310265364125,
    "on-table(green-bottle,black-table)": 0.06781373155778662,
    "on-table(green-bottle,white-table)": 0.32520944152687054,
    "on-table(loaf-of-bread,wood-table)": 0.33377930025259656,
    "on-table(loaf-of-bread,black-table)": 0.6287327079723278,
    "on-table(loaf-of-bread,white-table)": 0.2210912020333732,
    "on-table(red-box-of-cereal,wood-table)": 0.2759911245472419,
    "on-table(red-box-of-cereal,black-table)": 0.4632320410261552,
    "on-table(red-box-of-cereal,white-table)": 0.032150031419102255,
    "on-table(red-can-of-soda,wood-table)": 0.04982982436195016,
    "on-table(red-can-of-soda,black-table)": 0.7611385015770793,
    "on-table(red-can-of-soda,white-table)": 0.01184984577139403,
    "robot-gripper-empty()": 0.5378805491685247,
    "robot-gripping(milk-carton)": 0.6034124294916788,
    "robot-gripping(lemon)": 0.07140363426879048,
    "robot-gripping(green-bottle)": 0.02323649125173688,
    "robot-gripping(loaf-of-bread)": 0.2619369449093938,
    "robot-gripping(red-box-of-cereal)": 0.6984840544561545,
    "robot-gripping(red-can-of-soda)": 0.6296739289537072
}