{
    "on-table(milk-carton,wood-table)": 0.22639475669711828,
    "on-table(milk-carton,black-table)": 0.23876325235081217,
    "on-table(milk-carton,white-table)": 0.2643559264057937,
    "on-table(lemon,wood-table)": 0.18979497164643058,
    "on-table(lemon,black-table)": 0.6423082401355108,
    "on-table(lemon,white-table)": 0.023294917670379316,
    "on-table(green-bottle,wood-table)": 0.3211895408894634,
    "on-table(green-bottle,black-table)": 0.9975659052530924,
    "on-table(green-bottle,white-table)": 0.00402224813963888,
    "on-table(loaf-of-bread,wood-table)": 0.16241278644884005,
    "on-table(loaf-of-bread,black-table)": 0.18246563613259545,
    "on-table(loaf-of-bread,white-table)": 0.2396525904914597,
    "on-table(red-box-of-cereal,wood-table)": 0.30424595562120277,
    "on-table(red-box-of-cereal,black-table)": 0.03490012805317141,
    "on-table(red-box-of-cereal,white-table)": 0.03462077216924323,
    "on-table(red-can-of-soda,wood-table)": 0.9980084796746572,
    "on-table(red-can-of-soda,black-table)": 0.33246289874498797,
    "on-table(red-can-of-soda,white-table)": 0.26126054598747334,
    "robot-gripper-empty()": 0.9572770992914835,
    "robot-gripping(milk-carton)": 0.34033739815155667,
    "robot-gripping(lemon)": 0.07191839317480724,
    "robot-gripping(green-bottle)": 0.07415308725709717,
    "robot-gripping(loaf-of-bread)": 0.10434038812915485,
    "robot-gripping(red-box-of-cereal)": 0.04780449842413267,
    "robot-gripping(red-can-of-soda)": 0.13056057039648294
}