{
    "on-table(milk-carton,wood-table)": 0.906581828991572,
    "on-table(milk-carton,black-table)": 0.2722241236366851,
    "on-table(milk-carton,white-table)": 0.07479490013065515,
    "on-table(lemon,wood-table)": 0.17510408600476998,
    "on-table(lemon,black-table)": 0.8344022543169558,
    "on-table(lemon,white-table)": 0.027756077795705398,
    "on-table(green-bottle,wood-table)": 0.17146717922393387,
    "on-table(green-bottle,black-table)": 0.17264655054138225,
    "on-table(green-bottle,white-table)": 0.0008486584280641788,
    "on-table(loaf-of-bread,wood-table)": 0.22203959532392523,
    "on-table(loaf-of-bread,black-table)": 0.0031285992687723287,
    "on-table(loaf-of-bread,white-table)": 0.6242477491032332,
    "on-table(red-box-of-cereal,wood-table)": 0.9484296043713888,
    "on-table(red-box-of-cereal,black-table)": 0.3336969355854838,
    "on-table(red-box-of-cereal,white-table)": 0.006878765401173344,
    "on-table(red-can-of-soda,wood-table)": 0.9946421980857849,
    "on-table(red-can-of-soda,black-table)": 0.3306848639994655,
    "on-table(red-can-of-soda,white-table)": 0.004442720541343685,
    "robot-gripper-empty()": 0.46663563246450696,
    "robot-gripping(milk-carton)": 0.10057720588520169,
    "robot-gripping(lemon)": 0.15858066671838364,
    "robot-gripping(green-bottle)": 0.7319248644635081,
    "robot-gripping(loaf-of-bread)": 0.04858450389777621,
    "robot-gripping(red-box-of-cereal)": 0.038905514986254275,
    "robot-gripping(red-can-of-soda)": 0.06884543219348416
}