{
    "on-table(milk-carton,wood-table)": 0.17962365948672718,
    "on-table(milk-carton,black-table)": 0.0640927444207288,
    "on-table(milk-carton,white-table)": 0.7295068229238192,
    "on-table(lemon,wood-table)": 0.8493281627694765,
    "on-table(lemon,black-table)": 0.11822136193300518,
    "on-table(lemon,white-table)": 0.02000153833182594,
    "on-table(green-bottle,wood-table)": 0.6919379931253692,
    "on-table(green-bottle,black-table)": 0.16838042072014522,
    "on-table(green-bottle,white-table)": 0.0016638237180662447,
    "on-table(loaf-of-bread,wood-table)": 0.29560871818102896,
    "on-table(loaf-of-bread,black-table)": 0.42191936789701384,
    "on-table(loaf-of-bread,white-table)": 0.14622612794240317,
    "on-table(red-box-of-cereal,wood-table)": 0.07468400538588564,
    "on-table(red-box-of-cereal,black-table)": 0.0822431602452222,
    "on-table(red-box-of-cereal,white-table)": 0.6474039951184144,
    "on-table(red-can-of-soda,wood-table)": 0.10867422468436416,
    "on-table(red-can-of-soda,black-table)": 0.008080190047659622,
    "on-table(red-can-of-soda,white-table)": 0.8234359566122293,
    "robot-gripper-empty()": 0.8225719121595224,
    "robot-gripping(milk-carton)": 0.1367981464912494,
    "robot-gripping(lemon)": 0.05430727320102354,
    "robot-gripping(green-bottle)": 0.17654767847852781,
    "robot-gripping(loaf-of-bread)": 0.13055642989153662,
    "robot-gripping(red-box-of-cereal)": 0.04520758970951041,
    "robot-gripping(red-can-of-soda)": 0.07863400372055669
}