{
    "on-table(milk-carton,wood-table)": 0.104784789456365,
    "on-table(milk-carton,black-table)": 0.340145595682164,
    "on-table(milk-carton,white-table)": 0.16821050494278703,
    "on-table(lemon,wood-table)": 0.06305246276315302,
    "on-table(lemon,black-table)": 0.2139462656729544,
    "on-table(lemon,white-table)": 0.10527400401770137,
    "on-table(green-bottle,wood-table)": 0.1846427971322555,
    "on-table(green-bottle,black-table)": 0.014405122385520977,
    "on-table(green-bottle,white-table)": 0.8434202640006939,
    "on-table(loaf-of-bread,wood-table)": 0.251989983022213,
    "on-table(loaf-of-bread,black-table)": 0.009035225356152901,
    "on-table(loaf-of-bread,white-table)": 0.10041986321448348,
    "on-table(red-box-of-cereal,wood-table)": 0.05385739021100259,
    "on-table(red-box-of-cereal,black-table)": 0.12708533343175077,
    "on-table(red-box-of-cereal,white-table)": 0.19155409935410717,
    "on-table(red-can-of-soda,wood-table)": 0.10437052890968819,
    "on-table(red-can-of-soda,black-table)": 0.040330212842188,
    "on-table(red-can-of-soda,white-table)": 0.035335965038636154,
    "robot-gripper-empty()": 0.8959199587504069,
    "robot-gripping(milk-carton)": 0.11197988005975883,
    "robot-gripping(lemon)": 0.21658403798937798,
    "robot-gripping(green-bottle)": 0.015993806805151205,
    "robot-gripping(loaf-of-bread)": 0.0806566085278367,
    "robot-gripping(red-box-of-cereal)": 0.02755495300516486,
    "robot-gripping(red-can-of-soda)": 0.1076779068292429
}