{
    "on-table(milk-carton,wood-table)": 0.09651524211949436,
    "on-table(milk-carton,black-table)": 0.0669276802003272,
    "on-table(milk-carton,white-table)": 0.8561834345261256,
    "on-table(lemon,wood-table)": 0.09010432169937606,
    "on-table(lemon,black-table)": 0.0014180715437153897,
    "on-table(lemon,white-table)": 0.9981418748696645,
    "on-table(green-bottle,wood-table)": 0.15072291285468964,
    "on-table(green-bottle,black-table)": 0.0031956577705235154,
    "on-table(green-bottle,white-table)": 0.8603922029336294,
    "on-table(loaf-of-bread,wood-table)": 0.16132985573494807,
    "on-table(loaf-of-bread,black-table)": 0.643034123495454,
    "on-table(loaf-of-bread,white-table)": 0.08530453532390918,
    "on-table(red-box-of-cereal,wood-table)": 0.3451675793621689,
    "on-table(red-box-of-cereal,black-table)": 0.7790971249341965,
    "on-table(red-box-of-cereal,white-table)": 0.01079627514021316,
    "on-table(red-can-of-soda,wood-table)": 0.8103116055329641,
    "on-table(red-can-of-soda,black-table)": 0.33197597088413505,
    "on-table(red-can-of-soda,white-table)": 0.005407135890133456,
    "robot-gripper-empty()": 0.8914498388767242,
    "robot-gripping(milk-carton)": 0.13942584519584975,
    "robot-gripping(lemon)": 0.052935318769110985,
    "robot-gripping(green-bottle)": 0.04582566566144427,
    "robot-gripping(loaf-of-bread)": 0.20534273066247502,
    "robot-gripping(red-box-of-cereal)": 0.17857741607197872,
    "robot-gripping(red-can-of-soda)": 0.21717673951449493
}