{
    "on-table(milk-carton,wood-table)": 0.26085569165782846,
    "on-table(milk-carton,black-table)": 0.6552740396000445,
    "on-table(milk-carton,white-table)": 0.040565986239622966,
    "on-table(lemon,wood-table)": 0.19331978749566284,
    "on-table(lemon,black-table)": 0.0008641625618868906,
    "on-table(lemon,white-table)": 0.9933229883511862,
    "on-table(green-bottle,wood-table)": 0.16839847974066893,
    "on-table(green-bottle,black-table)": 0.0008225133305283331,
    "on-table(green-bottle,white-table)": 0.9661522209644318,
    "on-table(loaf-of-bread,wood-table)": 0.6201012870296836,
    "on-table(loaf-of-bread,black-table)": 0.08503378171978208,
    "on-table(loaf-of-bread,white-table)": 0.04858934286312433,
    "on-table(red-box-of-cereal,wood-table)": 0.6301522316061892,
    "on-table(red-box-of-cereal,black-table)": 0.016942208134272125,
    "on-table(red-box-of-cereal,white-table)": 0.001246998868737137,
    "on-table(red-can-of-soda,wood-table)": 0.8333491325126184,
    "on-table(red-can-of-soda,black-table)": 0.16642621400444568,
    "on-table(red-can-of-soda,white-table)": 0.0003967294257260316,
    "robot-gripper-empty()": 0.9736971457799276,
    "robot-gripping(milk-carton)": 0.14592719047019878,
    "robot-gripping(lemon)": 0.0479645014856942,
    "robot-gripping(green-bottle)": 0.032146370659271874,
    "robot-gripping(loaf-of-bread)": 0.04644046242659291,
    "robot-gripping(red-box-of-cereal)": 0.0510990833863616,
    "robot-gripping(red-can-of-soda)": 0.0799342180447032
}