{
    "on-table(milk-carton,wood-table)": 0.0879045919670413,
    "on-table(milk-carton,black-table)": 0.6321526825195178,
    "on-table(milk-carton,white-table)": 0.3108746706978612,
    "on-table(lemon,wood-table)": 0.5111998977760474,
    "on-table(lemon,black-table)": 0.494739704435536,
    "on-table(lemon,white-table)": 0.007829393071006052,
    "on-table(green-bottle,wood-table)": 0.712434195758154,
    "on-table(green-bottle,black-table)": 0.03077813899017201,
    "on-table(green-bottle,white-table)": 0.0009673998757383137,
    "on-table(loaf-of-bread,wood-table)": 0.16917483638583994,
    "on-table(loaf-of-bread,black-table)": 0.5653420976207902,
    "on-table(loaf-of-bread,white-table)": 0.061578036208326616,
    "on-table(red-box-of-cereal,wood-table)": 0.1352443483483512,
    "on-table(red-box-of-cereal,black-table)": 0.006103159539028032,
    "on-table(red-box-of-cereal,white-table)": 0.8337248286698014,
    "on-table(red-can-of-soda,wood-table)": 0.10556130773996604,
    "on-table(red-can-of-soda,black-table)": 0.0004002936566394055,
    "on-table(red-can-of-soda,white-table)": 0.833440073930736,
    "robot-gripper-empty()": 0.8325759023427963,
    "robot-gripping(milk-carton)": 0.07215592078864574,
    "robot-gripping(lemon)": 0.1319465801740686,
    "robot-gripping(green-bottle)": 0.17259387783512162,
    "robot-gripping(loaf-of-bread)": 0.09117219131439924,
    "robot-gripping(red-box-of-cereal)": 0.020479209303933505,
    "robot-gripping(red-can-of-soda)": 0.03472212696215138
}