{
    "on-table(milk-carton,wood-table)": 0.1821208317608883,
    "on-table(milk-carton,black-table)": 0.21547796419569445,
    "on-table(milk-carton,white-table)": 0.020400698151206598,
    "on-table(lemon,wood-table)": 0.1756357729124526,
    "on-table(lemon,black-table)": 0.027067013177050587,
    "on-table(lemon,white-table)": 0.16224641519753882,
    "on-table(green-bottle,wood-table)": 0.17072207992896438,
    "on-table(green-bottle,black-table)": 0.10039842465516813,
    "on-table(green-bottle,white-table)": 0.9954686065514883,
    "on-table(loaf-of-bread,wood-table)": 0.5002556606389893,
    "on-table(loaf-of-bread,black-table)": 0.0014117544521165353,
    "on-table(loaf-of-bread,white-table)": 0.011121470194969637,
    "on-table(red-box-of-cereal,wood-table)": 0.00828706745717985,
    "on-table(red-box-of-cereal,black-table)": 0.21075370150053155,
    "on-table(red-box-of-cereal,white-table)": 0.12097321158701864,
    "on-table(red-can-of-soda,wood-table)": 0.19099253575162342,
    "on-table(red-can-of-soda,black-table)": 0.9059137602647146,
    "on-table(red-can-of-soda,white-table)": 0.11924000949723752,
    "robot-gripper-empty()": 0.9650540550549825,
    "robot-gripping(milk-carton)": 0.07215002311083178,
    "robot-gripping(lemon)": 0.07642033991093437,
    "robot-gripping(green-bottle)": 0.019466439708291244,
    "robot-gripping(loaf-of-bread)": 0.13153615820920095,
    "robot-gripping(red-box-of-cereal)": 0.02781519300090925,
    "robot-gripping(red-can-of-soda)": 0.07915336607644956
}