{
    "on-table(milk-carton,wood-table)": 0.7570279113327464,
    "on-table(milk-carton,black-table)": 0.04468985303052856,
    "on-table(milk-carton,white-table)": 0.48252109079718747,
    "on-table(lemon,wood-table)": 0.1971158979692215,
    "on-table(lemon,black-table)": 0.002930066101422805,
    "on-table(lemon,white-table)": 0.9987994531790415,
    "on-table(green-bottle,wood-table)": 0.9965936740239462,
    "on-table(green-bottle,black-table)": 0.3311294737233463,
    "on-table(green-bottle,white-table)": 0.011655538439413249,
    "on-table(loaf-of-bread,wood-table)": 0.3264305397557716,
    "on-table(loaf-of-bread,black-table)": 0.12735655705910176,
    "on-table(loaf-of-bread,white-table)": 0.6841590280334154,
    "on-table(red-box-of-cereal,wood-table)": 0.8144637842973074,
    "on-table(red-box-of-cereal,black-table)": 0.19341756487392558,
    "on-table(red-box-of-cereal,white-table)": 0.024624253159496828,
    "on-table(red-can-of-soda,wood-table)": 0.9739831487337748,
    "on-table(red-can-of-soda,black-table)": 0.17486637671208882,
    "on-table(red-can-of-soda,white-table)": 0.13440081961713682,
    "robot-gripper-empty()": 0.9378174742062887,
    "robot-gripping(milk-carton)": 0.14807398586223522,
    "robot-gripping(lemon)": 0.053123480174690485,
    "robot-gripping(green-bottle)": 0.1258695376260827,
    "robot-gripping(loaf-of-bread)": 0.08198064379394054,
    "robot-gripping(red-box-of-cereal)": 0.09601989275931071,
    "robot-gripping(red-can-of-soda)": 0.14505431707948446
}