{
    "on-table(milk-carton,wood-table)": 0.4479008230070273,
    "on-table(milk-carton,black-table)": 0.02990475279511884,
    "on-table(milk-carton,white-table)": 0.4430220821717133,
    "on-table(lemon,wood-table)": 0.36022238310154836,
    "on-table(lemon,black-table)": 0.30275916430218786,
    "on-table(lemon,white-table)": 0.8305719591832409,
    "on-table(green-bottle,wood-table)": 0.1842517884603391,
    "on-table(green-bottle,black-table)": 0.8476682553688685,
    "on-table(green-bottle,white-table)": 0.003332135259976591,
    "on-table(loaf-of-bread,wood-table)": 0.5128813112775484,
    "on-table(loaf-of-bread,black-table)": 0.012109530757394774,
    "on-table(loaf-of-bread,white-table)": 0.09399776025141666,
    "on-table(red-box-of-cereal,wood-table)": 0.2690782594315048,
    "on-table(red-box-of-cereal,black-table)": 0.013491884183167713,
    "on-table(red-box-of-cereal,white-table)": 0.8026067713896433,
    "on-table(red-can-of-soda,wood-table)": 0.09970166551647708,
    "on-table(red-can-of-soda,black-table)": 0.04613595349655952,
    "on-table(red-can-of-soda,white-table)": 0.9735580285390218,
    "robot-gripper-empty()": 0.8903112610181173,
    "robot-gripping(milk-carton)": 0.26827081417044,
    "robot-gripping(lemon)": 0.05434197404732307,
    "robot-gripping(green-bottle)": 0.1614792988014718,
    "robot-gripping(loaf-of-bread)": 0.07162513708074887,
    "robot-gripping(red-box-of-cereal)": 0.21726776993212601,
    "robot-gripping(red-can-of-soda)": 0.4590919688344002
}