{
    "on-table(milk-carton,wood-table)": 0.3575807934491119,
    "on-table(milk-carton,black-table)": 0.6106425126393636,
    "on-table(milk-carton,white-table)": 0.14473350083911404,
    "on-table(lemon,wood-table)": 0.15625728521990823,
    "on-table(lemon,black-table)": 0.004208215256388333,
    "on-table(lemon,white-table)": 0.9400620758533478,
    "on-table(green-bottle,wood-table)": 0.166122232279425,
    "on-table(green-bottle,black-table)": 0.0008100771873008247,
    "on-table(green-bottle,white-table)": 0.8342873313619444,
    "on-table(loaf-of-bread,wood-table)": 0.17022061592433602,
    "on-table(loaf-of-bread,black-table)": 0.25039505325063754,
    "on-table(loaf-of-bread,white-table)": 0.29403740625033,
    "on-table(red-box-of-cereal,wood-table)": 0.3946476356892769,
    "on-table(red-box-of-cereal,black-table)": 0.944669504960378,
    "on-table(red-box-of-cereal,white-table)": 0.011241021854705954,
    "on-table(red-can-of-soda,wood-table)": 0.7964413695347806,
    "on-table(red-can-of-soda,black-table)": 0.5029275529959705,
    "on-table(red-can-of-soda,white-table)": 0.003421800640201885,
    "robot-gripper-empty()": 0.9470577538013458,
    "robot-gripping(milk-carton)": 0.20127830343941847,
    "robot-gripping(lemon)": 0.054433000196392335,
    "robot-gripping(green-bottle)": 0.022563466627616435,
    "robot-gripping(loaf-of-bread)": 0.07951844794054826,
    "robot-gripping(red-box-of-cereal)": 0.16101250293043753,
    "robot-gripping(red-can-of-soda)": 0.10034264142935474
}