{
    "on-table(milk-carton,wood-table)": 0.9863488972187042,
    "on-table(milk-carton,black-table)": 0.2982365412700953,
    "on-table(milk-carton,white-table)": 0.04916921967196686,
    "on-table(lemon,wood-table)": 0.957313189903895,
    "on-table(lemon,black-table)": 0.2328891035072047,
    "on-table(lemon,white-table)": 0.025239781906141918,
    "on-table(green-bottle,wood-table)": 0.1572809163638643,
    "on-table(green-bottle,black-table)": 0.0005527718668266365,
    "on-table(green-bottle,white-table)": 0.8338954469266658,
    "on-table(loaf-of-bread,wood-table)": 0.646236926317215,
    "on-table(loaf-of-bread,black-table)": 0.28242000740889733,
    "on-table(loaf-of-bread,white-table)": 0.15516014261811506,
    "on-table(red-box-of-cereal,wood-table)": 0.3214445434083852,
    "on-table(red-box-of-cereal,black-table)": 0.3256038222461939,
    "on-table(red-box-of-cereal,white-table)": 0.6104032871468613,
    "on-table(red-can-of-soda,wood-table)": 0.1833113284180096,
    "on-table(red-can-of-soda,black-table)": 0.7559541165828705,
    "on-table(red-can-of-soda,white-table)": 0.16967540231644307,
    "robot-gripper-empty()": 0.9396707812945048,
    "robot-gripping(milk-carton)": 0.17410271925230822,
    "robot-gripping(lemon)": 0.1142170171563824,
    "robot-gripping(green-bottle)": 0.011894348378215605,
    "robot-gripping(loaf-of-bread)": 0.1448826209331552,
    "robot-gripping(red-box-of-cereal)": 0.06172028315874437,
    "robot-gripping(red-can-of-soda)": 0.10056065709795803
}