{
    "on-table(milk-carton,wood-table)": 0.8106461316347122,
    "on-table(milk-carton,black-table)": 0.26380619391420623,
    "on-table(milk-carton,white-table)": 0.1493743245737278,
    "on-table(lemon,wood-table)": 0.8632270644108454,
    "on-table(lemon,black-table)": 0.0659560228277769,
    "on-table(lemon,white-table)": 0.10860093878909538,
    "on-table(green-bottle,wood-table)": 0.8359819942464431,
    "on-table(green-bottle,black-table)": 0.1798335193303918,
    "on-table(green-bottle,white-table)": 0.0017943404565698984,
    "on-table(loaf-of-bread,wood-table)": 0.7266134272019068,
    "on-table(loaf-of-bread,black-table)": 0.026670510732704617,
    "on-table(loaf-of-bread,white-table)": 0.18476017059219885,
    "on-table(red-box-of-cereal,wood-table)": 0.05911861251297523,
    "on-table(red-box-of-cereal,black-table)": 0.8185786671626071,
    "on-table(red-box-of-cereal,white-table)": 0.02765474839664724,
    "on-table(red-can-of-soda,wood-table)": 0.04911576990828811,
    "on-table(red-can-of-soda,black-table)": 0.8367576307306687,
    "on-table(red-can-of-soda,white-table)": 0.01578672376732963,
    "robot-gripper-empty()": 0.9557090004285177,
    "robot-gripping(milk-carton)": 0.2325206163028876,
    "robot-gripping(lemon)": 0.07810128076622884,
    "robot-gripping(green-bottle)": 0.07744863311139245,
    "robot-gripping(loaf-of-bread)": 0.13679018376084665,
    "robot-gripping(red-box-of-cereal)": 0.16876443879057965,
    "robot-gripping(red-can-of-soda)": 0.2217587949708104
}