{
    "on-table(milk-carton,wood-table)": 0.6855460082491239,
    "on-table(milk-carton,black-table)": 0.08185596024911017,
    "on-table(milk-carton,white-table)": 0.33276989103251253,
    "on-table(lemon,wood-table)": 0.0845756234775763,
    "on-table(lemon,black-table)": 0.14372262627997165,
    "on-table(lemon,white-table)": 0.22619938126202518,
    "on-table(green-bottle,wood-table)": 0.12345611332784756,
    "on-table(green-bottle,black-table)": 0.8312736120812284,
    "on-table(green-bottle,white-table)": 0.0004577535490473868,
    "on-table(loaf-of-bread,wood-table)": 0.28907708063100773,
    "on-table(loaf-of-bread,black-table)": 0.31100803093674284,
    "on-table(loaf-of-bread,white-table)": 0.6049444247037172,
    "on-table(red-box-of-cereal,wood-table)": 0.16825514875138955,
    "on-table(red-box-of-cereal,black-table)": 0.006053983275705832,
    "on-table(red-box-of-cereal,white-table)": 0.8350551378292342,
    "on-table(red-can-of-soda,wood-table)": 0.16867200297565432,
    "on-table(red-can-of-soda,black-table)": 0.0022763788024349196,
    "on-table(red-can-of-soda,white-table)": 0.8360391504441699,
    "robot-gripper-empty()": 0.8561433653036753,
    "robot-gripping(milk-carton)": 0.19207825666914383,
    "robot-gripping(lemon)": 0.029896054649725556,
    "robot-gripping(green-bottle)": 0.12567785892557973,
    "robot-gripping(loaf-of-bread)": 0.11469901259988546,
    "robot-gripping(red-box-of-cereal)": 0.03868573506285126,
    "robot-gripping(red-can-of-soda)": 0.06357074744300917
}