{
    "on-table(milk-carton,wood-table)": 0.76627525066336,
    "on-table(milk-carton,black-table)": 0.13542937828363696,
    "on-table(milk-carton,white-table)": 0.005448565301776398,
    "on-table(lemon,wood-table)": 0.1729944518932219,
    "on-table(lemon,black-table)": 0.008472398160620287,
    "on-table(lemon,white-table)": 0.9655906856060028,
    "on-table(green-bottle,wood-table)": 0.16639653965103207,
    "on-table(green-bottle,black-table)": 0.0003395374500314574,
    "on-table(green-bottle,white-table)": 0.8335664658419167,
    "on-table(loaf-of-bread,wood-table)": 0.7450138553977013,
    "on-table(loaf-of-bread,black-table)": 0.131965403847668,
    "on-table(loaf-of-bread,white-table)": 0.16697485430025458,
    "on-table(red-box-of-cereal,wood-table)": 0.6878477602731436,
    "on-table(red-box-of-cereal,black-table)": 0.514862772077322,
    "on-table(red-box-of-cereal,white-table)": 0.009971642046972798,
    "on-table(red-can-of-soda,wood-table)": 0.7481479066191241,
    "on-table(red-can-of-soda,black-table)": 0.496761841182888,
    "on-table(red-can-of-soda,white-table)": 0.0033410348349131405,
    "robot-gripper-empty()": 0.9371940791606903,
    "robot-gripping(milk-carton)": 0.17866082986195883,
    "robot-gripping(lemon)": 0.03499060729518533,
    "robot-gripping(green-bottle)": 0.01893479573724714,
    "robot-gripping(loaf-of-bread)": 0.10643018549308181,
    "robot-gripping(red-box-of-cereal)": 0.1376002766774036,
    "robot-gripping(red-can-of-soda)": 0.14402917555222908
}