{
    "on-table(milk-carton,wood-table)": 0.13202733404856795,
    "on-table(milk-carton,black-table)": 0.7616291244824728,
    "on-table(milk-carton,white-table)": 0.1888323409766599,
    "on-table(lemon,wood-table)": 0.08163913868096036,
    "on-table(lemon,black-table)": 0.3484069554445644,
    "on-table(lemon,white-table)": 0.26572528432370746,
    "on-table(green-bottle,wood-table)": 0.005965278141957242,
    "on-table(green-bottle,black-table)": 0.831953616385969,
    "on-table(green-bottle,white-table)": 0.005047851304880169,
    "on-table(loaf-of-bread,wood-table)": 0.13769209427118767,
    "on-table(loaf-of-bread,black-table)": 0.1389207525595945,
    "on-table(loaf-of-bread,white-table)": 0.5608760605876645,
    "on-table(red-box-of-cereal,wood-table)": 0.3813469575252384,
    "on-table(red-box-of-cereal,black-table)": 0.921973447004954,
    "on-table(red-box-of-cereal,white-table)": 0.13259315005173752,
    "on-table(red-can-of-soda,wood-table)": 0.7617458030581474,
    "on-table(red-can-of-soda,black-table)": 0.3521829976371767,
    "on-table(red-can-of-soda,white-table)": 0.08769591831404948,
    "robot-gripper-empty()": 0.8614412595828375,
    "robot-gripping(milk-carton)": 0.12361474831899007,
    "robot-gripping(lemon)": 0.21370957233011723,
    "robot-gripping(green-bottle)": 0.04006929819782575,
    "robot-gripping(loaf-of-bread)": 0.07751411525532603,
    "robot-gripping(red-box-of-cereal)": 0.07136580316970746,
    "robot-gripping(red-can-of-soda)": 0.16141288510213295
}