{
    "on-table(milk-carton,wood-table)": 0.2785076579699914,
    "on-table(milk-carton,black-table)": 0.7912360429763794,
    "on-table(milk-carton,white-table)": 0.08782568056146071,
    "on-table(lemon,wood-table)": 0.13458071637433022,
    "on-table(lemon,black-table)": 0.24699586010926092,
    "on-table(lemon,white-table)": 0.03761195682454854,
    "on-table(green-bottle,wood-table)": 0.17063007717661094,
    "on-table(green-bottle,black-table)": 0.0013474938403608878,
    "on-table(green-bottle,white-table)": 0.8350669893746575,
    "on-table(loaf-of-bread,wood-table)": 0.3227310906319569,
    "on-table(loaf-of-bread,black-table)": 0.48722882646446425,
    "on-table(loaf-of-bread,white-table)": 0.05067663988544761,
    "on-table(red-box-of-cereal,wood-table)": 0.30518018330136937,
    "on-table(red-box-of-cereal,black-table)": 0.3962359175202437,
    "on-table(red-box-of-cereal,white-table)": 0.08338940378356104,
    "on-table(red-can-of-soda,wood-table)": 0.21040631376672536,
    "on-table(red-can-of-soda,black-table)": 0.27841097568489204,
    "on-table(red-can-of-soda,white-table)": 0.013154493744271653,
    "robot-gripper-empty()": 0.9203400909900665,
    "robot-gripping(milk-carton)": 0.11470102844759822,
    "robot-gripping(lemon)": 0.058709106563280024,
    "robot-gripping(green-bottle)": 0.015810895866403978,
    "robot-gripping(loaf-of-bread)": 0.12630688422359526,
    "robot-gripping(red-box-of-cereal)": 0.0652058512205258,
    "robot-gripping(red-can-of-soda)": 0.09115080849733204
}