{
    "on-table(milk-carton,wood-table)": 0.6325327400118113,
    "on-table(milk-carton,black-table)": 0.5625409340342836,
    "on-table(milk-carton,white-table)": 0.12115112324075501,
    "on-table(lemon,wood-table)": 0.7341834583009282,
    "on-table(lemon,black-table)": 0.37162837668680976,
    "on-table(lemon,white-table)": 0.00598902408334349,
    "on-table(green-bottle,wood-table)": 0.1779593480944944,
    "on-table(green-bottle,black-table)": 0.8420441094785929,
    "on-table(green-bottle,white-table)": 0.004265519956409965,
    "on-table(loaf-of-bread,wood-table)": 0.6296564197788636,
    "on-table(loaf-of-bread,black-table)": 0.31543203761490685,
    "on-table(loaf-of-bread,white-table)": 0.16912688699327796,
    "on-table(red-box-of-cereal,wood-table)": 0.3417776459173183,
    "on-table(red-box-of-cereal,black-table)": 0.7717670556157827,
    "on-table(red-box-of-cereal,white-table)": 0.13445711007686137,
    "on-table(red-can-of-soda,wood-table)": 0.9726321796576182,
    "on-table(red-can-of-soda,black-table)": 0.317963368037302,
    "on-table(red-can-of-soda,white-table)": 0.009006321086872049,
    "robot-gripper-empty()": 0.7505960340301195,
    "robot-gripping(milk-carton)": 0.2601662489275138,
    "robot-gripping(lemon)": 0.08222667748729388,
    "robot-gripping(green-bottle)": 0.14491965419923267,
    "robot-gripping(loaf-of-bread)": 0.18140318586180607,
    "robot-gripping(red-box-of-cereal)": 0.16742718716462454,
    "robot-gripping(red-can-of-soda)": 0.17764870543032885
}