{
    "on-table(milk-carton,wood-table)": 0.3515319294917087,
    "on-table(milk-carton,black-table)": 0.055595141680290304,
    "on-table(milk-carton,white-table)": 0.3154132707665364,
    "on-table(lemon,wood-table)": 0.1581455347550218,
    "on-table(lemon,black-table)": 0.8463993581632773,
    "on-table(lemon,white-table)": 0.0022166826117124097,
    "on-table(green-bottle,wood-table)": 0.01945853996585356,
    "on-table(green-bottle,black-table)": 0.2316507787666827,
    "on-table(green-bottle,white-table)": 0.06173209655995985,
    "on-table(loaf-of-bread,wood-table)": 0.3941030691688259,
    "on-table(loaf-of-bread,black-table)": 0.03459385707780408,
    "on-table(loaf-of-bread,white-table)": 0.20961537941669425,
    "on-table(red-box-of-cereal,wood-table)": 0.5581834843227019,
    "on-table(red-box-of-cereal,black-table)": 0.02706177493018913,
    "on-table(red-box-of-cereal,white-table)": 0.8932888557513555,
    "on-table(red-can-of-soda,wood-table)": 0.9995216329892477,
    "on-table(red-can-of-soda,black-table)": 0.16571445855701464,
    "on-table(red-can-of-soda,white-table)": 0.17273208443202748,
    "robot-gripper-empty()": 0.849699800213178,
    "robot-gripping(milk-carton)": 0.14763566541175047,
    "robot-gripping(lemon)": 0.12985015229787678,
    "robot-gripping(green-bottle)": 0.09581857190156977,
    "robot-gripping(loaf-of-bread)": 0.1085172036352257,
    "robot-gripping(red-box-of-cereal)": 0.08331119913297395,
    "robot-gripping(red-can-of-soda)": 0.1929467535810545
}