{
    "on-table(milk-carton,wood-table)": 0.8288202087084452,
    "on-table(milk-carton,black-table)": 0.07463141668510313,
    "on-table(milk-carton,white-table)": 0.20137101442863545,
    "on-table(lemon,wood-table)": 0.18930236263258848,
    "on-table(lemon,black-table)": 0.16560362058347286,
    "on-table(lemon,white-table)": 0.8296394571273898,
    "on-table(green-bottle,wood-table)": 0.16434222860577088,
    "on-table(green-bottle,black-table)": 0.8341617920280745,
    "on-table(green-bottle,white-table)": 0.0023016227435922096,
    "on-table(loaf-of-bread,wood-table)": 0.547385573387146,
    "on-table(loaf-of-bread,black-table)": 0.04235190012695966,
    "on-table(loaf-of-bread,white-table)": 0.14212950294798551,
    "on-table(red-box-of-cereal,wood-table)": 0.9936192433039347,
    "on-table(red-box-of-cereal,black-table)": 0.12259229833459055,
    "on-table(red-box-of-cereal,white-table)": 0.20716460034994574,
    "on-table(red-can-of-soda,wood-table)": 0.3321803538383392,
    "on-table(red-can-of-soda,black-table)": 0.0009413680554644088,
    "on-table(red-can-of-soda,white-table)": 0.84800927216808,
    "robot-gripper-empty()": 0.7372536609570185,
    "robot-gripping(milk-carton)": 0.5320854025582472,
    "robot-gripping(lemon)": 0.05477718481173118,
    "robot-gripping(green-bottle)": 0.20087563432753086,
    "robot-gripping(loaf-of-bread)": 0.2579950963457425,
    "robot-gripping(red-box-of-cereal)": 0.3852308901647727,
    "robot-gripping(red-can-of-soda)": 0.34613096714019775
}