{
    "on-table(milk-carton,wood-table)": 0.09107900915356974,
    "on-table(milk-carton,black-table)": 0.4963504553306848,
    "on-table(milk-carton,white-table)": 0.4201088675035862,
    "on-table(lemon,wood-table)": 0.090745011465818,
    "on-table(lemon,black-table)": 0.8346152151934803,
    "on-table(lemon,white-table)": 0.04551176219748262,
    "on-table(green-bottle,wood-table)": 0.16644451819108022,
    "on-table(green-bottle,black-table)": 0.8337008068338037,
    "on-table(green-bottle,white-table)": 0.02756800034596078,
    "on-table(loaf-of-bread,wood-table)": 0.23032741211742783,
    "on-table(loaf-of-bread,black-table)": 0.08702259041092475,
    "on-table(loaf-of-bread,white-table)": 0.5208096342782179,
    "on-table(red-box-of-cereal,wood-table)": 0.1653706799261272,
    "on-table(red-box-of-cereal,black-table)": 0.003610509113059379,
    "on-table(red-box-of-cereal,white-table)": 0.8349152930701772,
    "on-table(red-can-of-soda,wood-table)": 0.16411708191177846,
    "on-table(red-can-of-soda,black-table)": 0.01085574021423478,
    "on-table(red-can-of-soda,white-table)": 0.9876031676928202,
    "robot-gripper-empty()": 0.9242553611596426,
    "robot-gripping(milk-carton)": 0.16273479660352072,
    "robot-gripping(lemon)": 0.11884753072323899,
    "robot-gripping(green-bottle)": 0.14598583701687554,
    "robot-gripping(loaf-of-bread)": 0.14101875138779482,
    "robot-gripping(red-box-of-cereal)": 0.1144402064771081,
    "robot-gripping(red-can-of-soda)": 0.20179991881983975
}