{
    "on-table(milk-carton,wood-table)": 0.18826755555346608,
    "on-table(milk-carton,black-table)": 0.6422438147322586,
    "on-table(milk-carton,white-table)": 0.3695679622978787,
    "on-table(lemon,wood-table)": 0.17321247663736963,
    "on-table(lemon,black-table)": 0.8199675228291502,
    "on-table(lemon,white-table)": 0.00485449523864645,
    "on-table(green-bottle,wood-table)": 0.1735569507970164,
    "on-table(green-bottle,black-table)": 0.1735776535254748,
    "on-table(green-bottle,white-table)": 0.0033868962700580596,
    "on-table(loaf-of-bread,wood-table)": 0.12102589476853609,
    "on-table(loaf-of-bread,black-table)": 0.007183185817363362,
    "on-table(loaf-of-bread,white-table)": 0.4078861065208912,
    "on-table(red-box-of-cereal,wood-table)": 0.13070987512279922,
    "on-table(red-box-of-cereal,black-table)": 0.003099838554893116,
    "on-table(red-box-of-cereal,white-table)": 0.8355891602113843,
    "on-table(red-can-of-soda,wood-table)": 0.16746143150764206,
    "on-table(red-can-of-soda,black-table)": 0.016748942037186982,
    "on-table(red-can-of-soda,white-table)": 0.9746470252672831,
    "robot-gripper-empty()": 0.3710212596536924,
    "robot-gripping(milk-carton)": 0.2522200233458231,
    "robot-gripping(lemon)": 0.15183142957782061,
    "robot-gripping(green-bottle)": 0.8232874350311855,
    "robot-gripping(loaf-of-bread)": 0.05183178621033827,
    "robot-gripping(red-box-of-cereal)": 0.020976722458726726,
    "robot-gripping(red-can-of-soda)": 0.0812006432582469
}