{
    "on-table(milk-carton,wood-table)": 0.21298637074263146,
    "on-table(milk-carton,black-table)": 0.7265180597702662,
    "on-table(milk-carton,white-table)": 0.21962379085986564,
    "on-table(lemon,wood-table)": 0.9693004786968231,
    "on-table(lemon,black-table)": 0.32296642812567217,
    "on-table(lemon,white-table)": 0.015476824049301285,
    "on-table(green-bottle,wood-table)": 0.8469196024040381,
    "on-table(green-bottle,black-table)": 0.19498470819088234,
    "on-table(green-bottle,white-table)": 0.007582436076025563,
    "on-table(loaf-of-bread,wood-table)": 0.23562382301315665,
    "on-table(loaf-of-bread,black-table)": 0.5757383486876885,
    "on-table(loaf-of-bread,white-table)": 0.0282995769327196,
    "on-table(red-box-of-cereal,wood-table)": 0.17324808715299392,
    "on-table(red-box-of-cereal,black-table)": 0.032177845016121864,
    "on-table(red-box-of-cereal,white-table)": 0.9625170131524404,
    "on-table(red-can-of-soda,wood-table)": 0.15528022227226757,
    "on-table(red-can-of-soda,black-table)": 0.027057788055875182,
    "on-table(red-can-of-soda,white-table)": 0.9959572156270345,
    "robot-gripper-empty()": 0.8523371443152428,
    "robot-gripping(milk-carton)": 0.111610130717357,
    "robot-gripping(lemon)": 0.024131362908519804,
    "robot-gripping(green-bottle)": 0.18115844189499816,
    "robot-gripping(loaf-of-bread)": 0.0642300305577616,
    "robot-gripping(red-box-of-cereal)": 0.06113033594253162,
    "robot-gripping(red-can-of-soda)": 0.10381239860240991
}