{
    "on-table(milk-carton,wood-table)": 0.24362976191332564,
    "on-table(milk-carton,black-table)": 0.7039845188458761,
    "on-table(milk-carton,white-table)": 0.23737561929495618,
    "on-table(lemon,wood-table)": 0.1504507127101533,
    "on-table(lemon,black-table)": 0.45417256094515324,
    "on-table(lemon,white-table)": 0.19486589875305071,
    "on-table(green-bottle,wood-table)": 0.04817037999843402,
    "on-table(green-bottle,black-table)": 0.7579943891614676,
    "on-table(green-bottle,white-table)": 0.0034197379629101,
    "on-table(loaf-of-bread,wood-table)": 0.335346930155841,
    "on-table(loaf-of-bread,black-table)": 0.3775399935742219,
    "on-table(loaf-of-bread,white-table)": 0.2330453907197807,
    "on-table(red-box-of-cereal,wood-table)": 0.4047554610491109,
    "on-table(red-box-of-cereal,black-table)": 0.9142337739467621,
    "on-table(red-box-of-cereal,white-table)": 0.29600148264823173,
    "on-table(red-can-of-soda,wood-table)": 0.9364450871944427,
    "on-table(red-can-of-soda,black-table)": 0.32290292634828194,
    "on-table(red-can-of-soda,white-table)": 0.1993084154692042,
    "robot-gripper-empty()": 0.877981702486674,
    "robot-gripping(milk-carton)": 0.0829229239995281,
    "robot-gripping(lemon)": 0.03818462137132883,
    "robot-gripping(green-bottle)": 0.09062302180488284,
    "robot-gripping(loaf-of-bread)": 0.06348244744973879,
    "robot-gripping(red-box-of-cereal)": 0.044948687932143606,
    "robot-gripping(red-can-of-soda)": 0.1966034738967816
}