{
    "on-table(milk-carton,wood-table)": 0.44836961103525635,
    "on-table(milk-carton,black-table)": 0.0056178132848193245,
    "on-table(milk-carton,white-table)": 0.65340736710156,
    "on-table(lemon,wood-table)": 0.16886015422278433,
    "on-table(lemon,black-table)": 0.834720109278957,
    "on-table(lemon,white-table)": 0.0157912844187346,
    "on-table(green-bottle,wood-table)": 0.17008676566183567,
    "on-table(green-bottle,black-table)": 0.16912788139688928,
    "on-table(green-bottle,white-table)": 0.0009728031000122428,
    "on-table(loaf-of-bread,wood-table)": 0.19620214868336916,
    "on-table(loaf-of-bread,black-table)": 0.09705480960838031,
    "on-table(loaf-of-bread,white-table)": 0.40300029640396434,
    "on-table(red-box-of-cereal,wood-table)": 0.9336046973864237,
    "on-table(red-box-of-cereal,black-table)": 0.29689805829305743,
    "on-table(red-box-of-cereal,white-table)": 0.03321936010411264,
    "on-table(red-can-of-soda,wood-table)": 0.9726821084817251,
    "on-table(red-can-of-soda,black-table)": 0.32434405101499425,
    "on-table(red-can-of-soda,white-table)": 0.007621858174616136,
    "robot-gripper-empty()": 0.48920494338381104,
    "robot-gripping(milk-carton)": 0.12077780975960195,
    "robot-gripping(lemon)": 0.13572583611433706,
    "robot-gripping(green-bottle)": 0.7700735226583978,
    "robot-gripping(loaf-of-bread)": 0.07270716499382009,
    "robot-gripping(red-box-of-cereal)": 0.027038042026106268,
    "robot-gripping(red-can-of-soda)": 0.09444361228088383
}