{
    "on-table(milk-carton,wood-table)": 0.19968378896980235,
    "on-table(milk-carton,black-table)": 0.6992060914635658,
    "on-table(milk-carton,white-table)": 0.09296061029878426,
    "on-table(lemon,wood-table)": 0.16011272033210844,
    "on-table(lemon,black-table)": 0.05808052273156742,
    "on-table(lemon,white-table)": 0.12510231812484562,
    "on-table(green-bottle,wood-table)": 0.18931600840490623,
    "on-table(green-bottle,black-table)": 0.19052727252346813,
    "on-table(green-bottle,white-table)": 0.014629277078862893,
    "on-table(loaf-of-bread,wood-table)": 0.2888133668651183,
    "on-table(loaf-of-bread,black-table)": 0.15142394568344267,
    "on-table(loaf-of-bread,white-table)": 0.18249376446086293,
    "on-table(red-box-of-cereal,wood-table)": 0.05826684998949835,
    "on-table(red-box-of-cereal,black-table)": 0.16815047659232127,
    "on-table(red-box-of-cereal,white-table)": 0.3368321347127979,
    "on-table(red-can-of-soda,wood-table)": 0.174517738999081,
    "on-table(red-can-of-soda,black-table)": 0.0013242627766582398,
    "on-table(red-can-of-soda,white-table)": 0.8334341344695227,
    "robot-gripper-empty()": 0.36251924268435687,
    "robot-gripping(milk-carton)": 0.23222791558752456,
    "robot-gripping(lemon)": 0.5046092669169108,
    "robot-gripping(green-bottle)": 0.8163009987523159,
    "robot-gripping(loaf-of-bread)": 0.10072607007653762,
    "robot-gripping(red-box-of-cereal)": 0.038236500025959685,
    "robot-gripping(red-can-of-soda)": 0.10073291067965329
}