{
    "on-table(milk-carton,wood-table)": 0.07648817934871961,
    "on-table(milk-carton,black-table)": 0.7523332235092918,
    "on-table(milk-carton,white-table)": 0.11461403204521048,
    "on-table(lemon,wood-table)": 0.7000991165017089,
    "on-table(lemon,black-table)": 0.03680764529743404,
    "on-table(lemon,white-table)": 0.06791714629343915,
    "on-table(green-bottle,wood-table)": 0.1677271537046181,
    "on-table(green-bottle,black-table)": 0.16887000763927063,
    "on-table(green-bottle,white-table)": 0.0013198048213780567,
    "on-table(loaf-of-bread,wood-table)": 0.3242303479249434,
    "on-table(loaf-of-bread,black-table)": 0.5032102694773736,
    "on-table(loaf-of-bread,white-table)": 0.17045672496897168,
    "on-table(red-box-of-cereal,wood-table)": 0.2465316471643746,
    "on-table(red-box-of-cereal,black-table)": 0.8233618016044298,
    "on-table(red-box-of-cereal,white-table)": 0.02129420276226786,
    "on-table(red-can-of-soda,wood-table)": 0.6831533803294102,
    "on-table(red-can-of-soda,black-table)": 0.2415285365747574,
    "on-table(red-can-of-soda,white-table)": 0.0021832460583937063,
    "robot-gripper-empty()": 0.4656386016091953,
    "robot-gripping(milk-carton)": 0.12248316469291846,
    "robot-gripping(lemon)": 0.31371995581624407,
    "robot-gripping(green-bottle)": 0.6702651404775679,
    "robot-gripping(loaf-of-bread)": 0.08123634130849193,
    "robot-gripping(red-box-of-cereal)": 0.0479275613615755,
    "robot-gripping(red-can-of-soda)": 0.17402536501564705
}