{
    "on-table(milk-carton,wood-table)": 0.7215896099805832,
    "on-table(milk-carton,black-table)": 0.24353366342741842,
    "on-table(milk-carton,white-table)": 0.3694700611522421,
    "on-table(lemon,wood-table)": 0.04870010791152405,
    "on-table(lemon,black-table)": 0.18012596690338492,
    "on-table(lemon,white-table)": 0.21944984362926334,
    "on-table(green-bottle,wood-table)": 0.1753435627615545,
    "on-table(green-bottle,black-table)": 0.008456140823379124,
    "on-table(green-bottle,white-table)": 0.9635242521762848,
    "on-table(loaf-of-bread,wood-table)": 0.13210032430166999,
    "on-table(loaf-of-bread,black-table)": 0.022388806068192935,
    "on-table(loaf-of-bread,white-table)": 0.46455467818304896,
    "on-table(red-box-of-cereal,wood-table)": 0.23050846634335662,
    "on-table(red-box-of-cereal,black-table)": 0.05626345823839074,
    "on-table(red-box-of-cereal,white-table)": 0.9973918199539185,
    "on-table(red-can-of-soda,wood-table)": 0.17066158727175207,
    "on-table(red-can-of-soda,black-table)": 0.009971978223120459,
    "on-table(red-can-of-soda,white-table)": 0.9964980582396189,
    "robot-gripper-empty()": 0.7515555773085604,
    "robot-gripping(milk-carton)": 0.25793853340049583,
    "robot-gripping(lemon)": 0.36446368135511875,
    "robot-gripping(green-bottle)": 0.07194396054061751,
    "robot-gripping(loaf-of-bread)": 0.14241206428656975,
    "robot-gripping(red-box-of-cereal)": 0.08989616910306115,
    "robot-gripping(red-can-of-soda)": 0.2211820613592863
}