{
    "on-table(milk-carton,wood-table)": 0.1044548312202096,
    "on-table(milk-carton,black-table)": 0.039988511588793095,
    "on-table(milk-carton,white-table)": 0.7131931595504284,
    "on-table(lemon,wood-table)": 0.1809738406445831,
    "on-table(lemon,black-table)": 0.8346621993308266,
    "on-table(lemon,white-table)": 0.019422255764159974,
    "on-table(green-bottle,wood-table)": 0.1175051645647424,
    "on-table(green-bottle,black-table)": 0.0038505987643778403,
    "on-table(green-bottle,white-table)": 0.8357674504319826,
    "on-table(loaf-of-bread,wood-table)": 0.26780636647405726,
    "on-table(loaf-of-bread,black-table)": 0.00557628640672192,
    "on-table(loaf-of-bread,white-table)": 0.07737132834639245,
    "on-table(red-box-of-cereal,wood-table)": 0.04372073930911332,
    "on-table(red-box-of-cereal,black-table)": 0.09064063374050117,
    "on-table(red-box-of-cereal,white-table)": 0.26256621512341854,
    "on-table(red-can-of-soda,wood-table)": 0.02784955158131197,
    "on-table(red-can-of-soda,black-table)": 0.047437885577285975,
    "on-table(red-can-of-soda,white-table)": 0.0888804250425892,
    "robot-gripper-empty()": 0.9238198697566986,
    "robot-gripping(milk-carton)": 0.10416706651449203,
    "robot-gripping(lemon)": 0.13957879847536483,
    "robot-gripping(green-bottle)": 0.021422188146971166,
    "robot-gripping(loaf-of-bread)": 0.04152110424668839,
    "robot-gripping(red-box-of-cereal)": 0.027178495947737247,
    "robot-gripping(red-can-of-soda)": 0.06485774461179972
}