{
    "on-table(milk-carton,wood-table)": 0.14302027318626642,
    "on-table(milk-carton,black-table)": 0.5411414777239164,
    "on-table(milk-carton,white-table)": 0.1262023362966526,
    "on-table(lemon,wood-table)": 0.17575332014045367,
    "on-table(lemon,black-table)": 0.01587220139723892,
    "on-table(lemon,white-table)": 0.006479684573908647,
    "on-table(green-bottle,wood-table)": 0.16867852174618747,
    "on-table(green-bottle,black-table)": 0.000989900545770676,
    "on-table(green-bottle,white-table)": 0.8342142407006273,
    "on-table(loaf-of-bread,wood-table)": 0.19379609310999513,
    "on-table(loaf-of-bread,black-table)": 0.3695022811492284,
    "on-table(loaf-of-bread,white-table)": 0.014273255258255327,
    "on-table(red-box-of-cereal,wood-table)": 0.1995980960006515,
    "on-table(red-box-of-cereal,black-table)": 0.8334856698444734,
    "on-table(red-box-of-cereal,white-table)": 0.15065405469067628,
    "on-table(red-can-of-soda,wood-table)": 0.1705116947972177,
    "on-table(red-can-of-soda,black-table)": 0.39255561088145896,
    "on-table(red-can-of-soda,white-table)": 0.6497599023083845,
    "robot-gripper-empty()": 0.925204873085022,
    "robot-gripping(milk-carton)": 0.3425210813681285,
    "robot-gripping(lemon)": 0.05899228869626919,
    "robot-gripping(green-bottle)": 0.02190359161856274,
    "robot-gripping(loaf-of-bread)": 0.04512792887787024,
    "robot-gripping(red-box-of-cereal)": 0.0762065303667138,
    "robot-gripping(red-can-of-soda)": 0.1955559023966392
}