{
    "on-table(milk-carton,wood-table)": 0.1916031764849322,
    "on-table(milk-carton,black-table)": 0.005253262608675868,
    "on-table(milk-carton,white-table)": 0.90933229525884,
    "on-table(lemon,wood-table)": 0.23894026128012533,
    "on-table(lemon,black-table)": 0.9305138885974884,
    "on-table(lemon,white-table)": 0.0059159503844436285,
    "on-table(green-bottle,wood-table)": 0.9693317214647929,
    "on-table(green-bottle,black-table)": 0.30950289314208135,
    "on-table(green-bottle,white-table)": 0.0021443769857493558,
    "on-table(loaf-of-bread,wood-table)": 0.07876673243784656,
    "on-table(loaf-of-bread,black-table)": 0.11457542921804513,
    "on-table(loaf-of-bread,white-table)": 0.0377645967528224,
    "on-table(red-box-of-cereal,wood-table)": 0.20538081131720295,
    "on-table(red-box-of-cereal,black-table)": 0.0025509458616094585,
    "on-table(red-box-of-cereal,white-table)": 0.912568524479866,
    "on-table(red-can-of-soda,wood-table)": 0.17879963653103914,
    "on-table(red-can-of-soda,black-table)": 0.003514454615469731,
    "on-table(red-can-of-soda,white-table)": 0.9989826381206512,
    "robot-gripper-empty()": 0.9384269118309021,
    "robot-gripping(milk-carton)": 0.09458455381294091,
    "robot-gripping(lemon)": 0.11721902061253786,
    "robot-gripping(green-bottle)": 0.056366541888564825,
    "robot-gripping(loaf-of-bread)": 0.07114234163115422,
    "robot-gripping(red-box-of-cereal)": 0.1322157334846755,
    "robot-gripping(red-can-of-soda)": 0.40696413318316144
}