{
    "on-table(milk-carton,wood-table)": 0.3442729288362898,
    "on-table(milk-carton,black-table)": 0.7787660410006841,
    "on-table(milk-carton,white-table)": 0.025897693053896848,
    "on-table(lemon,wood-table)": 0.028420356141092878,
    "on-table(lemon,black-table)": 0.0023155665500477576,
    "on-table(lemon,white-table)": 0.01060399302029206,
    "on-table(green-bottle,wood-table)": 0.16907097285729833,
    "on-table(green-bottle,black-table)": 0.0031424094072084094,
    "on-table(green-bottle,white-table)": 0.8979461391766866,
    "on-table(loaf-of-bread,wood-table)": 0.7051930095379552,
    "on-table(loaf-of-bread,black-table)": 0.26300365798973263,
    "on-table(loaf-of-bread,white-table)": 0.005274250606513912,
    "on-table(red-box-of-cereal,wood-table)": 0.24073645488048592,
    "on-table(red-box-of-cereal,black-table)": 0.4459358289993058,
    "on-table(red-box-of-cereal,white-table)": 0.012873469473561272,
    "on-table(red-can-of-soda,wood-table)": 0.27291082286440843,
    "on-table(red-can-of-soda,black-table)": 0.8192916611830393,
    "on-table(red-can-of-soda,white-table)": 0.0035194041453602645,
    "robot-gripper-empty()": 0.6588823985463629,
    "robot-gripping(milk-carton)": 0.5069087781012058,
    "robot-gripping(lemon)": 0.05921031231991947,
    "robot-gripping(green-bottle)": 0.07456669488844152,
    "robot-gripping(loaf-of-bread)": 0.2006158127139012,
    "robot-gripping(red-box-of-cereal)": 0.49790279877682525,
    "robot-gripping(red-can-of-soda)": 0.6032821660240492
}