{
    "on-table(milk-carton,wood-table)": 0.7079738179842631,
    "on-table(milk-carton,black-table)": 0.39879016374470666,
    "on-table(milk-carton,white-table)": 0.14443976990878582,
    "on-table(lemon,wood-table)": 0.11642078192865786,
    "on-table(lemon,black-table)": 0.0058444874619757075,
    "on-table(lemon,white-table)": 0.9845209121704102,
    "on-table(green-bottle,wood-table)": 0.1660528934977871,
    "on-table(green-bottle,black-table)": 0.001698012727842979,
    "on-table(green-bottle,white-table)": 0.8350662641848127,
    "on-table(loaf-of-bread,wood-table)": 0.4822272372742494,
    "on-table(loaf-of-bread,black-table)": 0.22435039712581784,
    "on-table(loaf-of-bread,white-table)": 0.5620407471433282,
    "on-table(red-box-of-cereal,wood-table)": 0.16430758812930435,
    "on-table(red-box-of-cereal,black-table)": 0.8304853563507398,
    "on-table(red-box-of-cereal,white-table)": 0.23008695429598447,
    "on-table(red-can-of-soda,wood-table)": 0.1589980377999988,
    "on-table(red-can-of-soda,black-table)": 0.2253675315766183,
    "on-table(red-can-of-soda,white-table)": 0.8335641326848418,
    "robot-gripper-empty()": 0.8806023697058359,
    "robot-gripping(milk-carton)": 0.27541455378135044,
    "robot-gripping(lemon)": 0.06052454801586767,
    "robot-gripping(green-bottle)": 0.03516122594010085,
    "robot-gripping(loaf-of-bread)": 0.189617071300745,
    "robot-gripping(red-box-of-cereal)": 0.1801963079099854,
    "robot-gripping(red-can-of-soda)": 0.20935786530996361
}