{
    "on-table(milk-carton,wood-table)": 0.12358775010701113,
    "on-table(milk-carton,black-table)": 0.5299800677845875,
    "on-table(milk-carton,white-table)": 0.07435170276342735,
    "on-table(lemon,wood-table)": 0.8537288258473078,
    "on-table(lemon,black-table)": 0.17822166209559023,
    "on-table(lemon,white-table)": 0.026906247924974497,
    "on-table(green-bottle,wood-table)": 0.16713731496323211,
    "on-table(green-bottle,black-table)": 0.0009415694574575658,
    "on-table(green-bottle,white-table)": 0.833967469050549,
    "on-table(loaf-of-bread,wood-table)": 0.257183404173702,
    "on-table(loaf-of-bread,black-table)": 0.14426477808350077,
    "on-table(loaf-of-bread,white-table)": 0.2659452084529524,
    "on-table(red-box-of-cereal,wood-table)": 0.011705097131198272,
    "on-table(red-box-of-cereal,black-table)": 0.013003160211762102,
    "on-table(red-box-of-cereal,white-table)": 0.720941293053329,
    "on-table(red-can-of-soda,wood-table)": 0.1382733187468451,
    "on-table(red-can-of-soda,black-table)": 0.0095817217061267,
    "on-table(red-can-of-soda,white-table)": 0.9913439551989237,
    "robot-gripper-empty()": 0.6816116745273272,
    "robot-gripping(milk-carton)": 0.5543662024041017,
    "robot-gripping(lemon)": 0.2182430000975728,
    "robot-gripping(green-bottle)": 0.03854297179107865,
    "robot-gripping(loaf-of-bread)": 0.28720695960024994,
    "robot-gripping(red-box-of-cereal)": 0.10833748864630859,
    "robot-gripping(red-can-of-soda)": 0.3728893958032131
}