{
    "on-table(milk-carton,wood-table)": 0.21570062454945096,
    "on-table(milk-carton,black-table)": 0.562204785256957,
    "on-table(milk-carton,white-table)": 0.04949405346026955,
    "on-table(lemon,wood-table)": 0.22914616343041416,
    "on-table(lemon,black-table)": 0.745543283992447,
    "on-table(lemon,white-table)": 0.004696625090825061,
    "on-table(green-bottle,wood-table)": 0.8285045785208544,
    "on-table(green-bottle,black-table)": 0.33927491910177804,
    "on-table(green-bottle,white-table)": 0.06137078098178487,
    "on-table(loaf-of-bread,wood-table)": 0.693694576776276,
    "on-table(loaf-of-bread,black-table)": 0.23637556345541574,
    "on-table(loaf-of-bread,white-table)": 0.06286316923493966,
    "on-table(red-box-of-cereal,wood-table)": 0.03237006902539482,
    "on-table(red-box-of-cereal,black-table)": 0.020664298447021185,
    "on-table(red-box-of-cereal,white-table)": 0.2714790200176746,
    "on-table(red-can-of-soda,wood-table)": 0.015786617413141357,
    "on-table(red-can-of-soda,black-table)": 0.009916769788863652,
    "on-table(red-can-of-soda,white-table)": 0.2340427523437635,
    "robot-gripper-empty()": 0.8861975073814392,
    "robot-gripping(milk-carton)": 0.08517978402475516,
    "robot-gripping(lemon)": 0.07922074943780899,
    "robot-gripping(green-bottle)": 0.06766351064046223,
    "robot-gripping(loaf-of-bread)": 0.1283612105374535,
    "robot-gripping(red-box-of-cereal)": 0.014309384627267718,
    "robot-gripping(red-can-of-soda)": 0.025559228418084484
}