{
    "on-table(milk-carton,wood-table)": 0.1420712383793822,
    "on-table(milk-carton,black-table)": 0.5079609008195499,
    "on-table(milk-carton,white-table)": 0.18285586727627864,
    "on-table(lemon,wood-table)": 0.6183996051161861,
    "on-table(lemon,black-table)": 0.14562771616366868,
    "on-table(lemon,white-table)": 0.022433140446385853,
    "on-table(green-bottle,wood-table)": 0.9944122533003489,
    "on-table(green-bottle,black-table)": 0.31415230733582195,
    "on-table(green-bottle,white-table)": 0.054689922799298074,
    "on-table(loaf-of-bread,wood-table)": 0.16782921292663863,
    "on-table(loaf-of-bread,black-table)": 0.37925132166128606,
    "on-table(loaf-of-bread,white-table)": 0.1690085641651725,
    "on-table(red-box-of-cereal,wood-table)": 0.17657270002140044,
    "on-table(red-box-of-cereal,black-table)": 0.8231612665889164,
    "on-table(red-box-of-cereal,white-table)": 0.18562254437347292,
    "on-table(red-can-of-soda,wood-table)": 0.785559699870646,
    "on-table(red-can-of-soda,black-table)": 0.5222822725287793,
    "on-table(red-can-of-soda,white-table)": 0.17289292180066695,
    "robot-gripper-empty()": 0.8754863540331522,
    "robot-gripping(milk-carton)": 0.11980550332615773,
    "robot-gripping(lemon)": 0.07165974099189043,
    "robot-gripping(green-bottle)": 0.040390725868443646,
    "robot-gripping(loaf-of-bread)": 0.11023788743962844,
    "robot-gripping(red-box-of-cereal)": 0.047360564853685595,
    "robot-gripping(red-can-of-soda)": 0.20813785012190542
}