{
    "on-table(milk-carton,wood-table)": 0.3602057723328471,
    "on-table(milk-carton,black-table)": 0.006730168312060414,
    "on-table(milk-carton,white-table)": 0.8550846775372823,
    "on-table(lemon,wood-table)": 0.17390396980529962,
    "on-table(lemon,black-table)": 0.8403646120180687,
    "on-table(lemon,white-table)": 0.0013152566114816484,
    "on-table(green-bottle,wood-table)": 0.0003200519101180059,
    "on-table(green-bottle,black-table)": 0.0002757843058134313,
    "on-table(green-bottle,white-table)": 0.017671708980287804,
    "on-table(loaf-of-bread,wood-table)": 0.7581311042110125,
    "on-table(loaf-of-bread,black-table)": 0.20322808331805695,
    "on-table(loaf-of-bread,white-table)": 0.011532811074175697,
    "on-table(red-box-of-cereal,wood-table)": 0.9933721423149109,
    "on-table(red-box-of-cereal,black-table)": 0.3297751815801651,
    "on-table(red-box-of-cereal,white-table)": 0.03089144431335929,
    "on-table(red-can-of-soda,wood-table)": 0.4816242921612381,
    "on-table(red-can-of-soda,black-table)": 0.00055062816939729,
    "on-table(red-can-of-soda,white-table)": 0.8338444425025955,
    "robot-gripper-empty()": 0.9699860016504923,
    "robot-gripping(milk-carton)": 0.08752431844671567,
    "robot-gripping(lemon)": 0.11157956174186741,
    "robot-gripping(green-bottle)": 0.009335283112401763,
    "robot-gripping(loaf-of-bread)": 0.146391490008682,
    "robot-gripping(red-box-of-cereal)": 0.12287198457246025,
    "robot-gripping(red-can-of-soda)": 0.06051277702984711
}