{
    "on-table(milk-carton,wood-table)": 0.13775931919614473,
    "on-table(milk-carton,black-table)": 0.534858823598673,
    "on-table(milk-carton,white-table)": 0.2867832489743402,
    "on-table(lemon,wood-table)": 0.9358064730962118,
    "on-table(lemon,black-table)": 0.2620122535511958,
    "on-table(lemon,white-table)": 0.07957700712897046,
    "on-table(green-bottle,wood-table)": 0.16011930999229662,
    "on-table(green-bottle,black-table)": 0.05412700422759068,
    "on-table(green-bottle,white-table)": 0.9963107705116272,
    "on-table(loaf-of-bread,wood-table)": 0.2649057535842682,
    "on-table(loaf-of-bread,black-table)": 0.42020001388542977,
    "on-table(loaf-of-bread,white-table)": 0.2159299566022431,
    "on-table(red-box-of-cereal,wood-table)": 0.1249486439822552,
    "on-table(red-box-of-cereal,black-table)": 0.17500205687247217,
    "on-table(red-box-of-cereal,white-table)": 0.5585090929331878,
    "on-table(red-can-of-soda,wood-table)": 0.0811013318161713,
    "on-table(red-can-of-soda,black-table)": 0.6989851066221794,
    "on-table(red-can-of-soda,white-table)": 0.29183010437676177,
    "robot-gripper-empty()": 0.9609977106253306,
    "robot-gripping(milk-carton)": 0.10790828491250674,
    "robot-gripping(lemon)": 0.15667998131054142,
    "robot-gripping(green-bottle)": 0.02809674562498306,
    "robot-gripping(loaf-of-bread)": 0.09394803907101353,
    "robot-gripping(red-box-of-cereal)": 0.06242955134560665,
    "robot-gripping(red-can-of-soda)": 0.15634659751473615
}