{
    "on-table(milk-carton,wood-table)": 0.32107524273063365,
    "on-table(milk-carton,black-table)": 0.7760979905724525,
    "on-table(milk-carton,white-table)": 0.016851166164390936,
    "on-table(lemon,wood-table)": 0.21487306873314083,
    "on-table(lemon,black-table)": 0.7784865442663431,
    "on-table(lemon,white-table)": 0.003099868908160867,
    "on-table(green-bottle,wood-table)": 0.16739356238152445,
    "on-table(green-bottle,black-table)": 0.013711784901564291,
    "on-table(green-bottle,white-table)": 0.9991931617259979,
    "on-table(loaf-of-bread,wood-table)": 0.6414644629694521,
    "on-table(loaf-of-bread,black-table)": 0.1341832135755491,
    "on-table(loaf-of-bread,white-table)": 0.018217513780200534,
    "on-table(red-box-of-cereal,wood-table)": 0.179899212011757,
    "on-table(red-box-of-cereal,black-table)": 0.8333893003873527,
    "on-table(red-box-of-cereal,white-table)": 0.10103610494479653,
    "on-table(red-can-of-soda,wood-table)": 0.17217241751010684,
    "on-table(red-can-of-soda,black-table)": 0.8221784780422846,
    "on-table(red-can-of-soda,white-table)": 0.014591243787435815,
    "robot-gripper-empty()": 0.8445639610290527,
    "robot-gripping(milk-carton)": 0.2560434304177761,
    "robot-gripping(lemon)": 0.059744149601707854,
    "robot-gripping(green-bottle)": 0.019738480953189235,
    "robot-gripping(loaf-of-bread)": 0.14427970380832753,
    "robot-gripping(red-box-of-cereal)": 0.21895458673437437,
    "robot-gripping(red-can-of-soda)": 0.7077742591500282
}