{
    "on-table(milk-carton,wood-table)": 0.09108836956632634,
    "on-table(milk-carton,black-table)": 0.3197904541157186,
    "on-table(milk-carton,white-table)": 0.4903883798203121,
    "on-table(lemon,wood-table)": 0.16589345535612665,
    "on-table(lemon,black-table)": 0.8379635720824202,
    "on-table(lemon,white-table)": 0.011183099719573875,
    "on-table(green-bottle,wood-table)": 0.17001429364124002,
    "on-table(green-bottle,black-table)": 0.17241547030910928,
    "on-table(green-bottle,white-table)": 0.0019237683070514322,
    "on-table(loaf-of-bread,wood-table)": 0.23153918655589223,
    "on-table(loaf-of-bread,black-table)": 0.5243401620537043,
    "on-table(loaf-of-bread,white-table)": 0.015779370854640245,
    "on-table(red-box-of-cereal,wood-table)": 0.18402469926513731,
    "on-table(red-box-of-cereal,black-table)": 0.682650729160135,
    "on-table(red-box-of-cereal,white-table)": 0.1786686138366349,
    "on-table(red-can-of-soda,wood-table)": 0.17340149088704493,
    "on-table(red-can-of-soda,black-table)": 0.054914543927831495,
    "on-table(red-can-of-soda,white-table)": 0.8126197308301926,
    "robot-gripper-empty()": 0.4803964987319584,
    "robot-gripping(milk-carton)": 0.2828663944577177,
    "robot-gripping(lemon)": 0.10311697823150705,
    "robot-gripping(green-bottle)": 0.7123573708813637,
    "robot-gripping(loaf-of-bread)": 0.07100165877879287,
    "robot-gripping(red-box-of-cereal)": 0.09308565070386976,
    "robot-gripping(red-can-of-soda)": 0.14325862106246254
}