{
    "on-table(milk-carton,wood-table)": 0.41615688397238654,
    "on-table(milk-carton,black-table)": 0.6656226829315225,
    "on-table(milk-carton,white-table)": 0.18761206732112137,
    "on-table(lemon,wood-table)": 0.6236450965807308,
    "on-table(lemon,black-table)": 0.2526436487992214,
    "on-table(lemon,white-table)": 0.16564415977760896,
    "on-table(green-bottle,wood-table)": 0.8457613041003545,
    "on-table(green-bottle,black-table)": 0.17621489439159177,
    "on-table(green-bottle,white-table)": 0.023057625867503855,
    "on-table(loaf-of-bread,wood-table)": 0.8396444246172905,
    "on-table(loaf-of-bread,black-table)": 0.13010121289365392,
    "on-table(loaf-of-bread,white-table)": 0.17845764145507323,
    "on-table(red-box-of-cereal,wood-table)": 0.6901825750246644,
    "on-table(red-box-of-cereal,black-table)": 0.3181057814217638,
    "on-table(red-box-of-cereal,white-table)": 0.034787442484533436,
    "on-table(red-can-of-soda,wood-table)": 0.31914979980744346,
    "on-table(red-can-of-soda,black-table)": 0.8270371416583657,
    "on-table(red-can-of-soda,white-table)": 0.003364285282259516,
    "robot-gripper-empty()": 0.9529139300187429,
    "robot-gripping(milk-carton)": 0.15707820188254118,
    "robot-gripping(lemon)": 0.05384472540269295,
    "robot-gripping(green-bottle)": 0.13243613733599582,
    "robot-gripping(loaf-of-bread)": 0.0912533422621588,
    "robot-gripping(red-box-of-cereal)": 0.03401273597652713,
    "robot-gripping(red-can-of-soda)": 0.1456304636473457
}