{
    "on-table(milk-carton,wood-table)": 0.2641590896140163,
    "on-table(milk-carton,black-table)": 0.8616939882437388,
    "on-table(milk-carton,white-table)": 0.09841780019875539,
    "on-table(lemon,wood-table)": 0.1862515836643676,
    "on-table(lemon,black-table)": 0.6018960798780123,
    "on-table(lemon,white-table)": 0.02069326669637424,
    "on-table(green-bottle,wood-table)": 0.26753370579778374,
    "on-table(green-bottle,black-table)": 0.9959334929784139,
    "on-table(green-bottle,white-table)": 0.001947045384440571,
    "on-table(loaf-of-bread,wood-table)": 0.35330564714968204,
    "on-table(loaf-of-bread,black-table)": 0.3907139163153867,
    "on-table(loaf-of-bread,white-table)": 0.2645621983489643,
    "on-table(red-box-of-cereal,wood-table)": 0.5078679649159312,
    "on-table(red-box-of-cereal,black-table)": 0.36916512171349797,
    "on-table(red-box-of-cereal,white-table)": 0.28849995935646194,
    "on-table(red-can-of-soda,wood-table)": 0.998462071021398,
    "on-table(red-can-of-soda,black-table)": 0.21579469633384937,
    "on-table(red-can-of-soda,white-table)": 0.2617503309428078,
    "robot-gripper-empty()": 0.4885069095374395,
    "robot-gripping(milk-carton)": 0.4143996921678384,
    "robot-gripping(lemon)": 0.07980989944189787,
    "robot-gripping(green-bottle)": 0.17266133210311332,
    "robot-gripping(loaf-of-bread)": 0.33890666502217454,
    "robot-gripping(red-box-of-cereal)": 0.6528766114885608,
    "robot-gripping(red-can-of-soda)": 0.5028508687391877
}