{
    "on-table(milk-carton,wood-table)": 0.22159570106305182,
    "on-table(milk-carton,black-table)": 0.18308800273158946,
    "on-table(milk-carton,white-table)": 0.7077684327960014,
    "on-table(lemon,wood-table)": 0.08845443426010509,
    "on-table(lemon,black-table)": 0.005956997411582658,
    "on-table(lemon,white-table)": 0.8198388566573461,
    "on-table(green-bottle,wood-table)": 0.03980013413820416,
    "on-table(green-bottle,black-table)": 0.02309190737044749,
    "on-table(green-bottle,white-table)": 0.015272704583670324,
    "on-table(loaf-of-bread,wood-table)": 0.2675640086332957,
    "on-table(loaf-of-bread,black-table)": 0.09827983988604198,
    "on-table(loaf-of-bread,white-table)": 0.4707954089778165,
    "on-table(red-box-of-cereal,wood-table)": 0.2971938052699746,
    "on-table(red-box-of-cereal,black-table)": 0.17895148925405616,
    "on-table(red-box-of-cereal,white-table)": 0.48128336772788316,
    "on-table(red-can-of-soda,wood-table)": 0.1827732815994144,
    "on-table(red-can-of-soda,black-table)": 0.007390590175418765,
    "on-table(red-can-of-soda,white-table)": 0.8379091980556647,
    "robot-gripper-empty()": 0.22315305719772974,
    "robot-gripping(milk-carton)": 0.5230599101632833,
    "robot-gripping(lemon)": 0.2040445851162076,
    "robot-gripping(green-bottle)": 0.18030567575866976,
    "robot-gripping(loaf-of-bread)": 0.4436037528018157,
    "robot-gripping(red-box-of-cereal)": 0.8120958938573798,
    "robot-gripping(red-can-of-soda)": 0.709642014776667
}