{
    "on-table(milk-carton,wood-table)": 0.22651321262431642,
    "on-table(milk-carton,black-table)": 0.1934140969727499,
    "on-table(milk-carton,white-table)": 0.8418696522712708,
    "on-table(lemon,wood-table)": 0.13802417616170715,
    "on-table(lemon,black-table)": 0.2961871538885437,
    "on-table(lemon,white-table)": 0.11152005264223892,
    "on-table(green-bottle,wood-table)": 0.20180304133100435,
    "on-table(green-bottle,black-table)": 0.014265672277967193,
    "on-table(green-bottle,white-table)": 0.18106555482533318,
    "on-table(loaf-of-bread,wood-table)": 0.19709019642323256,
    "on-table(loaf-of-bread,black-table)": 0.6039424315094948,
    "on-table(loaf-of-bread,white-table)": 0.13413460394804133,
    "on-table(red-box-of-cereal,wood-table)": 0.6248679974426826,
    "on-table(red-box-of-cereal,black-table)": 0.5014892040635459,
    "on-table(red-box-of-cereal,white-table)": 0.05649241042556241,
    "on-table(red-can-of-soda,wood-table)": 0.9458476901054382,
    "on-table(red-can-of-soda,black-table)": 0.33311168858189905,
    "on-table(red-can-of-soda,white-table)": 0.008739826285515543,
    "robot-gripper-empty()": 0.8982409288485845,
    "robot-gripping(milk-carton)": 0.18481495107213655,
    "robot-gripping(lemon)": 0.07801774392525355,
    "robot-gripping(green-bottle)": 0.14942125417292118,
    "robot-gripping(loaf-of-bread)": 0.08562567674865325,
    "robot-gripping(red-box-of-cereal)": 0.14123344235122204,
    "robot-gripping(red-can-of-soda)": 0.18989446355650821
}