{
    "on-table(milk-carton,wood-table)": 0.5250430037267506,
    "on-table(milk-carton,black-table)": 0.3697474396709974,
    "on-table(milk-carton,white-table)": 0.20331157948142695,
    "on-table(lemon,wood-table)": 0.18422551952729313,
    "on-table(lemon,black-table)": 0.011229129847682392,
    "on-table(lemon,white-table)": 0.9973739981651306,
    "on-table(green-bottle,wood-table)": 0.3101713651170333,
    "on-table(green-bottle,black-table)": 0.8363736253231764,
    "on-table(green-bottle,white-table)": 0.001409365422356738,
    "on-table(loaf-of-bread,wood-table)": 0.1910637900388489,
    "on-table(loaf-of-bread,black-table)": 0.08144672401249409,
    "on-table(loaf-of-bread,white-table)": 0.7610759163896242,
    "on-table(red-box-of-cereal,wood-table)": 0.08828272715133305,
    "on-table(red-box-of-cereal,black-table)": 0.21243022056296468,
    "on-table(red-box-of-cereal,white-table)": 0.01513801678083837,
    "on-table(red-can-of-soda,wood-table)": 0.057560065790312365,
    "on-table(red-can-of-soda,black-table)": 0.6926462048043808,
    "on-table(red-can-of-soda,white-table)": 0.025970220253536052,
    "robot-gripper-empty()": 0.641129272369047,
    "robot-gripping(milk-carton)": 0.4972975676258405,
    "robot-gripping(lemon)": 0.11835908641417821,
    "robot-gripping(green-bottle)": 0.10183522978331894,
    "robot-gripping(loaf-of-bread)": 0.23663453478366137,
    "robot-gripping(red-box-of-cereal)": 0.539355338861545,
    "robot-gripping(red-can-of-soda)": 0.4368252431352933
}