{
    "on-table(milk-carton,wood-table)": 0.07830194453708827,
    "on-table(milk-carton,black-table)": 0.7398113086819649,
    "on-table(milk-carton,white-table)": 0.04611354523270469,
    "on-table(lemon,wood-table)": 0.168359772991001,
    "on-table(lemon,black-table)": 0.03228082684897041,
    "on-table(lemon,white-table)": 0.6691505538765341,
    "on-table(green-bottle,wood-table)": 0.1542520529280106,
    "on-table(green-bottle,black-table)": 0.7189552591880783,
    "on-table(green-bottle,white-table)": 0.0017518326937230693,
    "on-table(loaf-of-bread,wood-table)": 0.19495275562318662,
    "on-table(loaf-of-bread,black-table)": 0.6639647874981165,
    "on-table(loaf-of-bread,white-table)": 0.011092849328027418,
    "on-table(red-box-of-cereal,wood-table)": 0.1787778624954323,
    "on-table(red-box-of-cereal,black-table)": 0.6468078965942065,
    "on-table(red-box-of-cereal,white-table)": 0.2382194243837148,
    "on-table(red-can-of-soda,wood-table)": 0.19614949880148438,
    "on-table(red-can-of-soda,black-table)": 0.006201466097384885,
    "on-table(red-can-of-soda,white-table)": 0.8378610642006,
    "robot-gripper-empty()": 0.8439984420935313,
    "robot-gripping(milk-carton)": 0.12280533695593476,
    "robot-gripping(lemon)": 0.05999278494467338,
    "robot-gripping(green-bottle)": 0.16983599367085844,
    "robot-gripping(loaf-of-bread)": 0.1477000662125647,
    "robot-gripping(red-box-of-cereal)": 0.08285849549186726,
    "robot-gripping(red-can-of-soda)": 0.17800173431169242
}