{
    "on-table(milk-carton,wood-table)": 0.4019388439288984,
    "on-table(milk-carton,black-table)": 0.008833779927347981,
    "on-table(milk-carton,white-table)": 0.7383413426578045,
    "on-table(lemon,wood-table)": 0.11362254883473118,
    "on-table(lemon,black-table)": 0.00752896374372843,
    "on-table(lemon,white-table)": 0.026334362621128093,
    "on-table(green-bottle,wood-table)": 0.17109641599624106,
    "on-table(green-bottle,black-table)": 0.1719215668921,
    "on-table(green-bottle,white-table)": 0.0018713558987049812,
    "on-table(loaf-of-bread,wood-table)": 0.6523262622455755,
    "on-table(loaf-of-bread,black-table)": 0.03312739577722823,
    "on-table(loaf-of-bread,white-table)": 0.11663843497505393,
    "on-table(red-box-of-cereal,wood-table)": 0.6974838757887483,
    "on-table(red-box-of-cereal,black-table)": 0.09322483610837178,
    "on-table(red-box-of-cereal,white-table)": 0.003494400737357258,
    "on-table(red-can-of-soda,wood-table)": 0.877535397807757,
    "on-table(red-can-of-soda,black-table)": 0.27561992008031666,
    "on-table(red-can-of-soda,white-table)": 0.001687600462825382,
    "robot-gripper-empty()": 0.3608611476083752,
    "robot-gripping(milk-carton)": 0.1525275695603341,
    "robot-gripping(lemon)": 0.2086048931038628,
    "robot-gripping(green-bottle)": 0.7843214627355337,
    "robot-gripping(loaf-of-bread)": 0.09697504372646411,
    "robot-gripping(red-box-of-cereal)": 0.04362313435800994,
    "robot-gripping(red-can-of-soda)": 0.09932082192002174
}