{
    "on-table(milk-carton,wood-table)": 0.20995004781677076,
    "on-table(milk-carton,black-table)": 0.6816382370889187,
    "on-table(milk-carton,white-table)": 0.25580476819171355,
    "on-table(lemon,wood-table)": 0.06488873320631683,
    "on-table(lemon,black-table)": 0.8325491468422115,
    "on-table(lemon,white-table)": 0.011120281682451605,
    "on-table(green-bottle,wood-table)": 0.02552267429321849,
    "on-table(green-bottle,black-table)": 0.03268542608323818,
    "on-table(green-bottle,white-table)": 0.009597831609426066,
    "on-table(loaf-of-bread,wood-table)": 0.3728058934211731,
    "on-table(loaf-of-bread,black-table)": 0.02829874229306976,
    "on-table(loaf-of-bread,white-table)": 0.31458838866092265,
    "on-table(red-box-of-cereal,wood-table)": 0.17810092183450857,
    "on-table(red-box-of-cereal,black-table)": 0.007172554229327943,
    "on-table(red-box-of-cereal,white-table)": 0.014976928160346384,
    "on-table(red-can-of-soda,wood-table)": 0.18845326284645125,
    "on-table(red-can-of-soda,black-table)": 0.015507901488793626,
    "on-table(red-can-of-soda,white-table)": 0.19040513140983725,
    "robot-gripper-empty()": 0.8685773015022278,
    "robot-gripping(milk-carton)": 0.1031791012113293,
    "robot-gripping(lemon)": 0.08309774938970804,
    "robot-gripping(green-bottle)": 0.05134615736703078,
    "robot-gripping(loaf-of-bread)": 0.11054517639180024,
    "robot-gripping(red-box-of-cereal)": 0.0757726578740403,
    "robot-gripping(red-can-of-soda)": 0.16354109587458274
}