{
    "on-table(milk-carton,wood-table)": 0.8254279966155688,
    "on-table(milk-carton,black-table)": 0.15117665291230273,
    "on-table(milk-carton,white-table)": 0.16048677078409432,
    "on-table(lemon,wood-table)": 0.015729983647664387,
    "on-table(lemon,black-table)": 0.16367009816895006,
    "on-table(lemon,white-table)": 0.2858314705081284,
    "on-table(green-bottle,wood-table)": 0.17490524593449663,
    "on-table(green-bottle,black-table)": 0.004052167075466666,
    "on-table(green-bottle,white-table)": 0.8069509165361524,
    "on-table(loaf-of-bread,wood-table)": 0.15900375476727882,
    "on-table(loaf-of-bread,black-table)": 0.04924960253993049,
    "on-table(loaf-of-bread,white-table)": 0.36839430204903084,
    "on-table(red-box-of-cereal,wood-table)": 0.1716246617337068,
    "on-table(red-box-of-cereal,black-table)": 0.17830773781558187,
    "on-table(red-box-of-cereal,white-table)": 0.6648830268726064,
    "on-table(red-can-of-soda,wood-table)": 0.27489995409450785,
    "on-table(red-can-of-soda,black-table)": 0.8749604225158691,
    "on-table(red-can-of-soda,white-table)": 0.09169729737429104,
    "robot-gripper-empty()": 0.7829226386190081,
    "robot-gripping(milk-carton)": 0.24135625610748926,
    "robot-gripping(lemon)": 0.3141315154886494,
    "robot-gripping(green-bottle)": 0.010344377757670978,
    "robot-gripping(loaf-of-bread)": 0.1929145079726974,
    "robot-gripping(red-box-of-cereal)": 0.04043749440461397,
    "robot-gripping(red-can-of-soda)": 0.12992790240483978
}