{
    "on-table(milk-carton,wood-table)": 0.1506369145742307,
    "on-table(milk-carton,black-table)": 0.036034555019189916,
    "on-table(milk-carton,white-table)": 0.005842773253486182,
    "on-table(lemon,wood-table)": 0.8353110322107872,
    "on-table(lemon,black-table)": 0.04669773960692206,
    "on-table(lemon,white-table)": 0.002669979061996249,
    "on-table(green-bottle,wood-table)": 0.16812561537881265,
    "on-table(green-bottle,black-table)": 0.02245564764325536,
    "on-table(green-bottle,white-table)": 0.9317925969759623,
    "on-table(loaf-of-bread,wood-table)": 0.17984683032652052,
    "on-table(loaf-of-bread,black-table)": 0.018553916141778853,
    "on-table(loaf-of-bread,white-table)": 0.018208167860090423,
    "on-table(red-box-of-cereal,wood-table)": 0.2203352418388628,
    "on-table(red-box-of-cereal,black-table)": 0.05339936859672889,
    "on-table(red-box-of-cereal,white-table)": 0.0023011973789834883,
    "on-table(red-can-of-soda,wood-table)": 0.1745979312424121,
    "on-table(red-can-of-soda,black-table)": 0.1775992155307904,
    "on-table(red-can-of-soda,white-table)": 0.0022303457953967154,
    "robot-gripper-empty()": 0.8137140621741613,
    "robot-gripping(milk-carton)": 0.18006228655576706,
    "robot-gripping(lemon)": 0.12940651108510792,
    "robot-gripping(green-bottle)": 0.042360747271838285,
    "robot-gripping(loaf-of-bread)": 0.07771322503685951,
    "robot-gripping(red-box-of-cereal)": 0.13717314274981618,
    "robot-gripping(red-can-of-soda)": 0.5959191558261713
}