{
    "on-table(milk-carton,wood-table)": 0.5635260351312658,
    "on-table(milk-carton,black-table)": 0.11804195399357316,
    "on-table(milk-carton,white-table)": 0.4428773280233145,
    "on-table(lemon,wood-table)": 0.1631687624794722,
    "on-table(lemon,black-table)": 0.12681039878128786,
    "on-table(lemon,white-table)": 0.8339828268314401,
    "on-table(green-bottle,wood-table)": 0.33260110244737007,
    "on-table(green-bottle,black-table)": 0.9912594556808472,
    "on-table(green-bottle,white-table)": 0.010412090119113296,
    "on-table(loaf-of-bread,wood-table)": 0.7085548648610711,
    "on-table(loaf-of-bread,black-table)": 0.2977477701570024,
    "on-table(loaf-of-bread,white-table)": 0.13704332904793168,
    "on-table(red-box-of-cereal,wood-table)": 0.20264623913681135,
    "on-table(red-box-of-cereal,black-table)": 0.02629633035879427,
    "on-table(red-box-of-cereal,white-table)": 0.7360524768009782,
    "on-table(red-can-of-soda,wood-table)": 0.5312879909518718,
    "on-table(red-can-of-soda,black-table)": 0.10735317892643555,
    "on-table(red-can-of-soda,white-table)": 0.8394829841951529,
    "robot-gripper-empty()": 0.9740164577960968,
    "robot-gripping(milk-carton)": 0.2642298638820648,
    "robot-gripping(lemon)": 0.015509314214189848,
    "robot-gripping(green-bottle)": 0.017672096883567672,
    "robot-gripping(loaf-of-bread)": 0.08781075850129128,
    "robot-gripping(red-box-of-cereal)": 0.09095001500099897,
    "robot-gripping(red-can-of-soda)": 0.13602827427287897
}