{
    "on-table(milk-carton,wood-table)": 0.4448356142869064,
    "on-table(milk-carton,black-table)": 0.014315613002205888,
    "on-table(milk-carton,white-table)": 0.7402668762952089,
    "on-table(lemon,wood-table)": 0.18735076095132777,
    "on-table(lemon,black-table)": 0.016132502818720695,
    "on-table(lemon,white-table)": 0.8196958675980568,
    "on-table(green-bottle,wood-table)": 0.006826907648549725,
    "on-table(green-bottle,black-table)": 0.45607725125349435,
    "on-table(green-bottle,white-table)": 0.10955404474467893,
    "on-table(loaf-of-bread,wood-table)": 0.36216762688127346,
    "on-table(loaf-of-bread,black-table)": 0.007599433147333912,
    "on-table(loaf-of-bread,white-table)": 0.7124256885920962,
    "on-table(red-box-of-cereal,wood-table)": 0.997021327416102,
    "on-table(red-box-of-cereal,black-table)": 0.33543013991993575,
    "on-table(red-box-of-cereal,white-table)": 0.1713314879804481,
    "on-table(red-can-of-soda,wood-table)": 0.9960228800773621,
    "on-table(red-can-of-soda,black-table)": 0.33195123044193525,
    "on-table(red-can-of-soda,white-table)": 0.15494957363322706,
    "robot-gripper-empty()": 0.897203137477239,
    "robot-gripping(milk-carton)": 0.22489557011673847,
    "robot-gripping(lemon)": 0.09288366395048797,
    "robot-gripping(green-bottle)": 0.24865448172204196,
    "robot-gripping(loaf-of-bread)": 0.1266580307856202,
    "robot-gripping(red-box-of-cereal)": 0.08471485017798841,
    "robot-gripping(red-can-of-soda)": 0.116264163206021
}