{
    "on-table(milk-carton,wood-table)": 0.23099334596190602,
    "on-table(milk-carton,black-table)": 0.5701729773233334,
    "on-table(milk-carton,white-table)": 0.2721463027410209,
    "on-table(lemon,wood-table)": 0.1722833448147867,
    "on-table(lemon,black-table)": 0.8356171771883965,
    "on-table(lemon,white-table)": 0.0019014984360789338,
    "on-table(green-bottle,wood-table)": 0.18056701652434035,
    "on-table(green-bottle,black-table)": 0.004942871695978586,
    "on-table(green-bottle,white-table)": 0.8385620936751366,
    "on-table(loaf-of-bread,wood-table)": 0.2229438239398102,
    "on-table(loaf-of-bread,black-table)": 0.006173892436587873,
    "on-table(loaf-of-bread,white-table)": 0.049759689262524866,
    "on-table(red-box-of-cereal,wood-table)": 0.062054717054707,
    "on-table(red-box-of-cereal,black-table)": 0.1092735699488306,
    "on-table(red-box-of-cereal,white-table)": 0.23355089183072172,
    "on-table(red-can-of-soda,wood-table)": 0.06823019499036793,
    "on-table(red-can-of-soda,black-table)": 0.04882549345105266,
    "on-table(red-can-of-soda,white-table)": 0.08310442745399389,
    "robot-gripper-empty()": 0.9794310033321381,
    "robot-gripping(milk-carton)": 0.06374402064830065,
    "robot-gripping(lemon)": 0.04118424469682699,
    "robot-gripping(green-bottle)": 0.014478674769634381,
    "robot-gripping(loaf-of-bread)": 0.042300236566613116,
    "robot-gripping(red-box-of-cereal)": 0.026428576927476872,
    "robot-gripping(red-can-of-soda)": 0.0644674498277406
}