{
    "on-table(milk-carton,wood-table)": 0.7319516763091087,
    "on-table(milk-carton,black-table)": 0.02981146842709374,
    "on-table(milk-carton,white-table)": 0.2792028482602594,
    "on-table(lemon,wood-table)": 0.6930003290375074,
    "on-table(lemon,black-table)": 0.1638148740057659,
    "on-table(lemon,white-table)": 0.2377776950994909,
    "on-table(green-bottle,wood-table)": 0.8338777414367845,
    "on-table(green-bottle,black-table)": 0.16711849589430963,
    "on-table(green-bottle,white-table)": 0.0012936537991474022,
    "on-table(loaf-of-bread,wood-table)": 0.1500214635646747,
    "on-table(loaf-of-bread,black-table)": 0.0031000329084539167,
    "on-table(loaf-of-bread,white-table)": 0.7902579332391421,
    "on-table(red-box-of-cereal,wood-table)": 0.7415710557252169,
    "on-table(red-box-of-cereal,black-table)": 0.02359409005809236,
    "on-table(red-box-of-cereal,white-table)": 0.03548565487987313,
    "on-table(red-can-of-soda,wood-table)": 0.8500814648965994,
    "on-table(red-can-of-soda,black-table)": 0.17077663189843406,
    "on-table(red-can-of-soda,white-table)": 0.02905251373158535,
    "robot-gripper-empty()": 0.8544375995794932,
    "robot-gripping(milk-carton)": 0.21101449181636175,
    "robot-gripping(lemon)": 0.06636004770795505,
    "robot-gripping(green-bottle)": 0.05376139795407653,
    "robot-gripping(loaf-of-bread)": 0.05636891955509782,
    "robot-gripping(red-box-of-cereal)": 0.18824815967430672,
    "robot-gripping(red-can-of-soda)": 0.2628840071459611
}