{
    "on-table(milk-carton,wood-table)": 0.12615333223948255,
    "on-table(milk-carton,black-table)": 0.6853542729125669,
    "on-table(milk-carton,white-table)": 0.2428417066888263,
    "on-table(lemon,wood-table)": 0.834417130642881,
    "on-table(lemon,black-table)": 0.16903227207937258,
    "on-table(lemon,white-table)": 0.003930584055221213,
    "on-table(green-bottle,wood-table)": 0.16618056678756452,
    "on-table(green-bottle,black-table)": 0.009192447642741778,
    "on-table(green-bottle,white-table)": 0.8419054839760065,
    "on-table(loaf-of-bread,wood-table)": 0.15194108917300278,
    "on-table(loaf-of-bread,black-table)": 0.02823112518065803,
    "on-table(loaf-of-bread,white-table)": 0.4015618432313204,
    "on-table(red-box-of-cereal,wood-table)": 0.24996749566829143,
    "on-table(red-box-of-cereal,black-table)": 0.006124057996203192,
    "on-table(red-box-of-cereal,white-table)": 0.8523287797967593,
    "on-table(red-can-of-soda,wood-table)": 0.18154374272974869,
    "on-table(red-can-of-soda,black-table)": 0.007533831123964774,
    "on-table(red-can-of-soda,white-table)": 0.9594399829705557,
    "robot-gripper-empty()": 0.8606624553600947,
    "robot-gripping(milk-carton)": 0.19907257550706467,
    "robot-gripping(lemon)": 0.18018586894807717,
    "robot-gripping(green-bottle)": 0.024475371988955885,
    "robot-gripping(loaf-of-bread)": 0.11312462001418074,
    "robot-gripping(red-box-of-cereal)": 0.0686476215099295,
    "robot-gripping(red-can-of-soda)": 0.14773237068826953
}