{
    "on-table(milk-carton,wood-table)": 0.8770434757073721,
    "on-table(milk-carton,black-table)": 0.26324530760757625,
    "on-table(milk-carton,white-table)": 0.029269057011939974,
    "on-table(lemon,wood-table)": 0.1725915025017457,
    "on-table(lemon,black-table)": 0.0018559379354883276,
    "on-table(lemon,white-table)": 0.8672077978650728,
    "on-table(green-bottle,wood-table)": 0.17026424400683027,
    "on-table(green-bottle,black-table)": 0.002702038811548846,
    "on-table(green-bottle,white-table)": 0.6683957972951854,
    "on-table(loaf-of-bread,wood-table)": 0.5518029310430089,
    "on-table(loaf-of-bread,black-table)": 0.13221330453598057,
    "on-table(loaf-of-bread,white-table)": 0.09579523467042843,
    "on-table(red-box-of-cereal,wood-table)": 0.9897512396176656,
    "on-table(red-box-of-cereal,black-table)": 0.33412793454772327,
    "on-table(red-box-of-cereal,white-table)": 0.021254514029957743,
    "on-table(red-can-of-soda,wood-table)": 0.34605380201901426,
    "on-table(red-can-of-soda,black-table)": 0.8452214524149895,
    "on-table(red-can-of-soda,white-table)": 0.003653871146525489,
    "robot-gripper-empty()": 0.9690076410770416,
    "robot-gripping(milk-carton)": 0.13458682286242643,
    "robot-gripping(lemon)": 0.05365585004134724,
    "robot-gripping(green-bottle)": 0.02419111739921694,
    "robot-gripping(loaf-of-bread)": 0.08751668129116297,
    "robot-gripping(red-box-of-cereal)": 0.05981310596689582,
    "robot-gripping(red-can-of-soda)": 0.09574717188176389
}