{
    "on-table(milk-carton,wood-table)": 0.1283394230316238,
    "on-table(milk-carton,black-table)": 0.005493606578966137,
    "on-table(milk-carton,white-table)": 0.8405652406315008,
    "on-table(lemon,wood-table)": 0.14355327482917346,
    "on-table(lemon,black-table)": 0.23057385210419548,
    "on-table(lemon,white-table)": 0.979215015967687,
    "on-table(green-bottle,wood-table)": 0.9972039759159088,
    "on-table(green-bottle,black-table)": 0.3325707902617978,
    "on-table(green-bottle,white-table)": 0.0031044491275432997,
    "on-table(loaf-of-bread,wood-table)": 0.6637901672705387,
    "on-table(loaf-of-bread,black-table)": 0.6392212260592108,
    "on-table(loaf-of-bread,white-table)": 0.03728244954678909,
    "on-table(red-box-of-cereal,wood-table)": 0.6313529240918191,
    "on-table(red-box-of-cereal,black-table)": 0.2843862137378892,
    "on-table(red-box-of-cereal,white-table)": 0.44480583308419835,
    "on-table(red-can-of-soda,wood-table)": 0.16661457491863985,
    "on-table(red-can-of-soda,black-table)": 0.0018729962218155076,
    "on-table(red-can-of-soda,white-table)": 0.834514434216544,
    "robot-gripper-empty()": 0.9122514526049296,
    "robot-gripping(milk-carton)": 0.0829149332518379,
    "robot-gripping(lemon)": 0.04524275350073973,
    "robot-gripping(green-bottle)": 0.15655638933336982,
    "robot-gripping(loaf-of-bread)": 0.1790073971884946,
    "robot-gripping(red-box-of-cereal)": 0.04444546407709519,
    "robot-gripping(red-can-of-soda)": 0.07973591114083926
}