{
    "on-table(milk-carton,wood-table)": 0.3236104965083844,
    "on-table(milk-carton,black-table)": 0.009781574894077494,
    "on-table(milk-carton,white-table)": 0.6985969491215656,
    "on-table(lemon,wood-table)": 0.023485706148979563,
    "on-table(lemon,black-table)": 0.1936582512280438,
    "on-table(lemon,white-table)": 0.031127553433179855,
    "on-table(green-bottle,wood-table)": 0.08383188945056948,
    "on-table(green-bottle,black-table)": 0.003463985178010868,
    "on-table(green-bottle,white-table)": 0.8804927368958791,
    "on-table(loaf-of-bread,wood-table)": 0.3969045947305858,
    "on-table(loaf-of-bread,black-table)": 0.008164890634361655,
    "on-table(loaf-of-bread,white-table)": 0.0778694260904255,
    "on-table(red-box-of-cereal,wood-table)": 0.8334757583215833,
    "on-table(red-box-of-cereal,black-table)": 0.14872336133703357,
    "on-table(red-box-of-cereal,white-table)": 0.02206834058589872,
    "on-table(red-can-of-soda,wood-table)": 0.8317888259383229,
    "on-table(red-can-of-soda,black-table)": 0.16688282306631663,
    "on-table(red-can-of-soda,white-table)": 0.006630913426988627,
    "robot-gripper-empty()": 0.7077670838528624,
    "robot-gripping(milk-carton)": 0.0982973196854194,
    "robot-gripping(lemon)": 0.3628430149207513,
    "robot-gripping(green-bottle)": 0.016868724778760225,
    "robot-gripping(loaf-of-bread)": 0.23260666600738963,
    "robot-gripping(red-box-of-cereal)": 0.05446104293999573,
    "robot-gripping(red-can-of-soda)": 0.11067829746752977
}