{
    "on-table(milk-carton,wood-table)": 0.5446271673960533,
    "on-table(milk-carton,black-table)": 0.33929801351041533,
    "on-table(milk-carton,white-table)": 0.18636567983291266,
    "on-table(lemon,wood-table)": 0.9860032101472219,
    "on-table(lemon,black-table)": 0.15707245786870772,
    "on-table(lemon,white-table)": 0.3301648962951731,
    "on-table(green-bottle,wood-table)": 0.16614939125914438,
    "on-table(green-bottle,black-table)": 0.8334031026267136,
    "on-table(green-bottle,white-table)": 0.0020815881240802505,
    "on-table(loaf-of-bread,wood-table)": 0.3836202278422813,
    "on-table(loaf-of-bread,black-table)": 0.018726954226925347,
    "on-table(loaf-of-bread,white-table)": 0.4494614009745419,
    "on-table(red-box-of-cereal,wood-table)": 0.8445190464456876,
    "on-table(red-box-of-cereal,black-table)": 0.20258572946477216,
    "on-table(red-box-of-cereal,white-table)": 0.014541084390657488,
    "on-table(red-can-of-soda,wood-table)": 0.7541970676587274,
    "on-table(red-can-of-soda,black-table)": 0.5812038866182169,
    "on-table(red-can-of-soda,white-table)": 0.006374856860929867,
    "robot-gripper-empty()": 0.9790885746479034,
    "robot-gripping(milk-carton)": 0.10748284310102463,
    "robot-gripping(lemon)": 0.06488064055641492,
    "robot-gripping(green-bottle)": 0.021731411184494693,
    "robot-gripping(loaf-of-bread)": 0.07454876136034727,
    "robot-gripping(red-box-of-cereal)": 0.09172523894812912,
    "robot-gripping(red-can-of-soda)": 0.09963455097749829
}