{
    "on-table(milk-carton,wood-table)": 0.8847192625204722,
    "on-table(milk-carton,black-table)": 0.04764943735790439,
    "on-table(milk-carton,white-table)": 0.20417916786391288,
    "on-table(lemon,wood-table)": 0.20379433169728145,
    "on-table(lemon,black-table)": 0.16632324663805775,
    "on-table(lemon,white-table)": 0.43187443640393514,
    "on-table(green-bottle,wood-table)": 0.9998765488465627,
    "on-table(green-bottle,black-table)": 0.33304431651398164,
    "on-table(green-bottle,white-table)": 0.0030056776272052352,
    "on-table(loaf-of-bread,wood-table)": 0.20770117221400142,
    "on-table(loaf-of-bread,black-table)": 0.004695976721147114,
    "on-table(loaf-of-bread,white-table)": 0.5030470015481114,
    "on-table(red-box-of-cereal,wood-table)": 0.8427386557062467,
    "on-table(red-box-of-cereal,black-table)": 0.16717513325966138,
    "on-table(red-box-of-cereal,white-table)": 0.09055172172399277,
    "on-table(red-can-of-soda,wood-table)": 0.842348001897335,
    "on-table(red-can-of-soda,black-table)": 0.16583939646746634,
    "on-table(red-can-of-soda,white-table)": 0.13754407547310166,
    "robot-gripper-empty()": 0.9005663990974426,
    "robot-gripping(milk-carton)": 0.26492431697746116,
    "robot-gripping(lemon)": 0.29621170678486425,
    "robot-gripping(green-bottle)": 0.0490606757812202,
    "robot-gripping(loaf-of-bread)": 0.11744302076598008,
    "robot-gripping(red-box-of-cereal)": 0.08473214173379044,
    "robot-gripping(red-can-of-soda)": 0.12593351832280555
}