{
    "on-table(milk-carton,wood-table)": 0.22751881174432734,
    "on-table(milk-carton,black-table)": 0.5733748152852058,
    "on-table(milk-carton,white-table)": 0.24275347805814818,
    "on-table(lemon,wood-table)": 0.20248065619186187,
    "on-table(lemon,black-table)": 0.0014483936144339775,
    "on-table(lemon,white-table)": 0.836483210635682,
    "on-table(green-bottle,wood-table)": 0.16741353736748957,
    "on-table(green-bottle,black-table)": 0.001225426361997961,
    "on-table(green-bottle,white-table)": 0.8341110740633061,
    "on-table(loaf-of-bread,wood-table)": 0.7765124623353282,
    "on-table(loaf-of-bread,black-table)": 0.14594968883951273,
    "on-table(loaf-of-bread,white-table)": 0.1294692569590552,
    "on-table(red-box-of-cereal,wood-table)": 0.2459248922217133,
    "on-table(red-box-of-cereal,black-table)": 0.9077204863230387,
    "on-table(red-box-of-cereal,white-table)": 0.02753600214297573,
    "on-table(red-can-of-soda,wood-table)": 0.07281004275622156,
    "on-table(red-can-of-soda,black-table)": 0.4994863278819442,
    "on-table(red-can-of-soda,white-table)": 0.506919853457172,
    "robot-gripper-empty()": 0.8114083235462507,
    "robot-gripping(milk-carton)": 0.2569894703725974,
    "robot-gripping(lemon)": 0.06663885600088786,
    "robot-gripping(green-bottle)": 0.02180753052622701,
    "robot-gripping(loaf-of-bread)": 0.21353994713475308,
    "robot-gripping(red-box-of-cereal)": 0.18489073147065938,
    "robot-gripping(red-can-of-soda)": 0.23718050448223948
}