{
    "on-table(milk-carton,wood-table)": 0.24809237100028744,
    "on-table(milk-carton,black-table)": 0.13022693991661072,
    "on-table(milk-carton,white-table)": 0.18282664481860897,
    "on-table(lemon,wood-table)": 0.8424044270068407,
    "on-table(lemon,black-table)": 0.16510013956728167,
    "on-table(lemon,white-table)": 0.014058347505851998,
    "on-table(green-bottle,wood-table)": 0.14942874797755698,
    "on-table(green-bottle,black-table)": 0.7844851918828984,
    "on-table(green-bottle,white-table)": 0.006467811530304364,
    "on-table(loaf-of-bread,wood-table)": 0.22556148479149365,
    "on-table(loaf-of-bread,black-table)": 0.00916506794601446,
    "on-table(loaf-of-bread,white-table)": 0.17680368314419562,
    "on-table(red-box-of-cereal,wood-table)": 0.16558911631485293,
    "on-table(red-box-of-cereal,black-table)": 0.34231920515109476,
    "on-table(red-box-of-cereal,white-table)": 0.16899391821546791,
    "on-table(red-can-of-soda,wood-table)": 0.16682813496299786,
    "on-table(red-can-of-soda,black-table)": 0.704875081195496,
    "on-table(red-can-of-soda,white-table)": 0.16981736464011496,
    "robot-gripper-empty()": 0.8132872246205807,
    "robot-gripping(milk-carton)": 0.10174568338940541,
    "robot-gripping(lemon)": 0.17943524033762515,
    "robot-gripping(green-bottle)": 0.08862292700602363,
    "robot-gripping(loaf-of-bread)": 0.1039392170496285,
    "robot-gripping(red-box-of-cereal)": 0.017997417715378106,
    "robot-gripping(red-can-of-soda)": 0.027565153626104195
}