{
    "on-table(milk-carton,wood-table)": 0.2747177032288164,
    "on-table(milk-carton,black-table)": 0.32623615317667526,
    "on-table(milk-carton,white-table)": 0.10814553988166153,
    "on-table(lemon,wood-table)": 0.3314331524064376,
    "on-table(lemon,black-table)": 0.9732043544451395,
    "on-table(lemon,white-table)": 0.19095147642929078,
    "on-table(green-bottle,wood-table)": 0.8369611445814371,
    "on-table(green-bottle,black-table)": 0.17286415112978185,
    "on-table(green-bottle,white-table)": 0.005218498275477638,
    "on-table(loaf-of-bread,wood-table)": 0.2359681577848581,
    "on-table(loaf-of-bread,black-table)": 0.2126007848419249,
    "on-table(loaf-of-bread,white-table)": 0.03216087928740308,
    "on-table(red-box-of-cereal,wood-table)": 0.36888375925870304,
    "on-table(red-box-of-cereal,black-table)": 0.29846075261108734,
    "on-table(red-box-of-cereal,white-table)": 0.037482169287007615,
    "on-table(red-can-of-soda,wood-table)": 0.833088747584649,
    "on-table(red-can-of-soda,black-table)": 0.1670618224403976,
    "on-table(red-can-of-soda,white-table)": 0.0009890385384399754,
    "robot-gripper-empty()": 0.718599334359169,
    "robot-gripping(milk-carton)": 0.44824955860773724,
    "robot-gripping(lemon)": 0.247428676734368,
    "robot-gripping(green-bottle)": 0.061033625776569046,
    "robot-gripping(loaf-of-bread)": 0.1940375156700611,
    "robot-gripping(red-box-of-cereal)": 0.17011818615719676,
    "robot-gripping(red-can-of-soda)": 0.3549941647797823
}