{
    "on-table(milk-carton,wood-table)": 0.7557929903268814,
    "on-table(milk-carton,black-table)": 0.34552006354594295,
    "on-table(milk-carton,white-table)": 0.038036560957455855,
    "on-table(lemon,wood-table)": 0.0672349965510269,
    "on-table(lemon,black-table)": 0.12104142228296648,
    "on-table(lemon,white-table)": 0.03332768755111223,
    "on-table(green-bottle,wood-table)": 0.16907393361422388,
    "on-table(green-bottle,black-table)": 0.006794412940735128,
    "on-table(green-bottle,white-table)": 0.8390584203104178,
    "on-table(loaf-of-bread,wood-table)": 0.18458119158943495,
    "on-table(loaf-of-bread,black-table)": 0.24027376277081203,
    "on-table(loaf-of-bread,white-table)": 0.034916868122915425,
    "on-table(red-box-of-cereal,wood-table)": 0.05924967161263339,
    "on-table(red-box-of-cereal,black-table)": 0.6997213400900364,
    "on-table(red-box-of-cereal,white-table)": 0.03523970709647983,
    "on-table(red-can-of-soda,wood-table)": 0.16897506868644996,
    "on-table(red-can-of-soda,black-table)": 0.7373151505986849,
    "on-table(red-can-of-soda,white-table)": 0.006508777753424511,
    "robot-gripper-empty()": 0.7332013497749964,
    "robot-gripping(milk-carton)": 0.5078916636606058,
    "robot-gripping(lemon)": 0.1943660962084929,
    "robot-gripping(green-bottle)": 0.018680362147279084,
    "robot-gripping(loaf-of-bread)": 0.13594732681910196,
    "robot-gripping(red-box-of-cereal)": 0.19496162328869104,
    "robot-gripping(red-can-of-soda)": 0.3077673688530922
}