{
    "on-table(milk-carton,wood-table)": 0.20072904064242417,
    "on-table(milk-carton,black-table)": 0.21649561046312252,
    "on-table(milk-carton,white-table)": 0.6029068492352962,
    "on-table(lemon,wood-table)": 0.005704468415994294,
    "on-table(lemon,black-table)": 0.0010721892158471746,
    "on-table(lemon,white-table)": 0.004867555824603187,
    "on-table(green-bottle,wood-table)": 0.8333418311667629,
    "on-table(green-bottle,black-table)": 0.16725077657031306,
    "on-table(green-bottle,white-table)": 0.00259305321477162,
    "on-table(loaf-of-bread,wood-table)": 0.09033853801277776,
    "on-table(loaf-of-bread,black-table)": 0.0444619741125886,
    "on-table(loaf-of-bread,white-table)": 0.6230026048918565,
    "on-table(red-box-of-cereal,wood-table)": 0.3645037632668391,
    "on-table(red-box-of-cereal,black-table)": 0.05518399559756896,
    "on-table(red-box-of-cereal,white-table)": 0.8303539309029778,
    "on-table(red-can-of-soda,wood-table)": 0.8330617062747478,
    "on-table(red-can-of-soda,black-table)": 0.13968608709061905,
    "on-table(red-can-of-soda,white-table)": 0.5182894386428719,
    "robot-gripper-empty()": 0.8573949759205183,
    "robot-gripping(milk-carton)": 0.12994543245683113,
    "robot-gripping(lemon)": 0.012197638279758394,
    "robot-gripping(green-bottle)": 0.18833795364480466,
    "robot-gripping(loaf-of-bread)": 0.07603071288516124,
    "robot-gripping(red-box-of-cereal)": 0.04069423855010731,
    "robot-gripping(red-can-of-soda)": 0.09701567672891542
}