{
    "on-table(milk-carton,wood-table)": 0.6183462217450142,
    "on-table(milk-carton,black-table)": 0.4262035625676314,
    "on-table(milk-carton,white-table)": 0.22236159485570775,
    "on-table(lemon,wood-table)": 0.08193328241274382,
    "on-table(lemon,black-table)": 0.06036801263689995,
    "on-table(lemon,white-table)": 0.10213740503725906,
    "on-table(green-bottle,wood-table)": 0.9995191792647043,
    "on-table(green-bottle,black-table)": 0.3324246181351403,
    "on-table(green-bottle,white-table)": 0.03531678650813319,
    "on-table(loaf-of-bread,wood-table)": 0.2920642174625148,
    "on-table(loaf-of-bread,black-table)": 0.4605638541591664,
    "on-table(loaf-of-bread,white-table)": 0.0759232234704541,
    "on-table(red-box-of-cereal,wood-table)": 0.6741817236567537,
    "on-table(red-box-of-cereal,black-table)": 0.005154468279215507,
    "on-table(red-box-of-cereal,white-table)": 0.02321857199664616,
    "on-table(red-can-of-soda,wood-table)": 0.34098370448070153,
    "on-table(red-can-of-soda,black-table)": 0.0022230402287277684,
    "on-table(red-can-of-soda,white-table)": 0.833757942270798,
    "robot-gripper-empty()": 0.7533471435308456,
    "robot-gripping(milk-carton)": 0.5375626310706139,
    "robot-gripping(lemon)": 0.09718309404949348,
    "robot-gripping(green-bottle)": 0.04500087614481648,
    "robot-gripping(loaf-of-bread)": 0.21929300390183926,
    "robot-gripping(red-box-of-cereal)": 0.2278476425757011,
    "robot-gripping(red-can-of-soda)": 0.2791202987233798
}