{
    "on-table(milk-carton,wood-table)": 0.14414317156479228,
    "on-table(milk-carton,black-table)": 0.47961691953241825,
    "on-table(milk-carton,white-table)": 0.5023563318730643,
    "on-table(lemon,wood-table)": 0.9576178789138794,
    "on-table(lemon,black-table)": 0.1457154090927967,
    "on-table(lemon,white-table)": 0.16306294232511695,
    "on-table(green-bottle,wood-table)": 0.16829332759759077,
    "on-table(green-bottle,black-table)": 0.04046064441142031,
    "on-table(green-bottle,white-table)": 0.9959582587083181,
    "on-table(loaf-of-bread,wood-table)": 0.24780109212345755,
    "on-table(loaf-of-bread,black-table)": 0.0067572495026979595,
    "on-table(loaf-of-bread,white-table)": 0.6763500248392423,
    "on-table(red-box-of-cereal,wood-table)": 0.0765402610025679,
    "on-table(red-box-of-cereal,black-table)": 0.14162145547258356,
    "on-table(red-box-of-cereal,white-table)": 0.5372965335845947,
    "on-table(red-can-of-soda,wood-table)": 0.07196791445070023,
    "on-table(red-can-of-soda,black-table)": 0.6843629818564901,
    "on-table(red-can-of-soda,white-table)": 0.2540014311222573,
    "robot-gripper-empty()": 0.9341436624526978,
    "robot-gripping(milk-carton)": 0.11897679325193167,
    "robot-gripping(lemon)": 0.1705786291665087,
    "robot-gripping(green-bottle)": 0.02828023871794964,
    "robot-gripping(loaf-of-bread)": 0.10788191420336564,
    "robot-gripping(red-box-of-cereal)": 0.05550748691894114,
    "robot-gripping(red-can-of-soda)": 0.1589894664939493
}