{
    "on-table(milk-carton,wood-table)": 0.14654862174453834,
    "on-table(milk-carton,black-table)": 0.6162491315626539,
    "on-table(milk-carton,white-table)": 0.3066077854600735,
    "on-table(lemon,wood-table)": 0.8395816696186861,
    "on-table(lemon,black-table)": 0.16801263838647174,
    "on-table(lemon,white-table)": 0.04526514850355549,
    "on-table(green-bottle,wood-table)": 0.17211767260111324,
    "on-table(green-bottle,black-table)": 0.18215777142783432,
    "on-table(green-bottle,white-table)": 0.011992970201390563,
    "on-table(loaf-of-bread,wood-table)": 0.09957227114743243,
    "on-table(loaf-of-bread,black-table)": 0.009165713751523677,
    "on-table(loaf-of-bread,white-table)": 0.5992917977273464,
    "on-table(red-box-of-cereal,wood-table)": 0.18279195600189269,
    "on-table(red-box-of-cereal,black-table)": 0.008691847325583998,
    "on-table(red-box-of-cereal,white-table)": 0.8876464714606603,
    "on-table(red-can-of-soda,wood-table)": 0.16905851622868795,
    "on-table(red-can-of-soda,black-table)": 0.008614889608907106,
    "on-table(red-can-of-soda,white-table)": 0.9904709259668986,
    "robot-gripper-empty()": 0.4546219056743818,
    "robot-gripping(milk-carton)": 0.22322434792295098,
    "robot-gripping(lemon)": 0.20404656592290848,
    "robot-gripping(green-bottle)": 0.7367562400177121,
    "robot-gripping(loaf-of-bread)": 0.06822727853432298,
    "robot-gripping(red-box-of-cereal)": 0.04430699671017161,
    "robot-gripping(red-can-of-soda)": 0.10620980748111226
}