{
    "on-table(milk-carton,wood-table)": 0.4415628538020731,
    "on-table(milk-carton,black-table)": 0.742076492557923,
    "on-table(milk-carton,white-table)": 0.014101596304196088,
    "on-table(lemon,wood-table)": 0.16410354598338017,
    "on-table(lemon,black-table)": 0.6709642599647244,
    "on-table(lemon,white-table)": 0.008865706513802252,
    "on-table(green-bottle,wood-table)": 0.1645963976831505,
    "on-table(green-bottle,black-table)": 0.001935592485097004,
    "on-table(green-bottle,white-table)": 0.9982356230417887,
    "on-table(loaf-of-bread,wood-table)": 0.587008846613268,
    "on-table(loaf-of-bread,black-table)": 0.14406505916122114,
    "on-table(loaf-of-bread,white-table)": 0.007076164585669176,
    "on-table(red-box-of-cereal,wood-table)": 0.45070932630915195,
    "on-table(red-box-of-cereal,black-table)": 0.24515019491082057,
    "on-table(red-box-of-cereal,white-table)": 0.004510132789922257,
    "on-table(red-can-of-soda,wood-table)": 0.8408284901330868,
    "on-table(red-can-of-soda,black-table)": 0.16460649423159643,
    "on-table(red-can-of-soda,white-table)": 0.0023894529665540176,
    "robot-gripper-empty()": 0.7377295245726904,
    "robot-gripping(milk-carton)": 0.32081763943036395,
    "robot-gripping(lemon)": 0.027393900575892378,
    "robot-gripping(green-bottle)": 0.015026945271529257,
    "robot-gripping(loaf-of-bread)": 0.1318218568339944,
    "robot-gripping(red-box-of-cereal)": 0.4955158270895481,
    "robot-gripping(red-can-of-soda)": 0.4624570623661081
}