{
    "on-table(milk-carton,wood-table)": 0.38729113120158826,
    "on-table(milk-carton,black-table)": 0.8022590388233463,
    "on-table(milk-carton,white-table)": 0.09475896974254283,
    "on-table(lemon,wood-table)": 0.20982496495222827,
    "on-table(lemon,black-table)": 0.8778845965862274,
    "on-table(lemon,white-table)": 0.008562110976830203,
    "on-table(green-bottle,wood-table)": 0.8022357995311419,
    "on-table(green-bottle,black-table)": 0.18581998687598875,
    "on-table(green-bottle,white-table)": 0.014032748773426343,
    "on-table(loaf-of-bread,wood-table)": 0.7921472241481146,
    "on-table(loaf-of-bread,black-table)": 0.16114157366003687,
    "on-table(loaf-of-bread,white-table)": 0.1698242231165447,
    "on-table(red-box-of-cereal,wood-table)": 0.855383629600207,
    "on-table(red-box-of-cereal,black-table)": 0.14856920450559605,
    "on-table(red-box-of-cereal,white-table)": 0.0421124977430433,
    "on-table(red-can-of-soda,wood-table)": 0.8129165098071098,
    "on-table(red-can-of-soda,black-table)": 0.20714948148209564,
    "on-table(red-can-of-soda,white-table)": 0.010268979717693583,
    "robot-gripper-empty()": 0.9344622294108073,
    "robot-gripping(milk-carton)": 0.16454323257009187,
    "robot-gripping(lemon)": 0.059966401352236666,
    "robot-gripping(green-bottle)": 0.07264040193210046,
    "robot-gripping(loaf-of-bread)": 0.08976564928889275,
    "robot-gripping(red-box-of-cereal)": 0.19748290441930294,
    "robot-gripping(red-can-of-soda)": 0.4782155901193619
}