{
    "on-table(milk-carton,wood-table)": 0.34286083832072717,
    "on-table(milk-carton,black-table)": 0.04797688914307704,
    "on-table(milk-carton,white-table)": 0.8302221068491539,
    "on-table(lemon,wood-table)": 0.12317118786935073,
    "on-table(lemon,black-table)": 0.0021403761804018964,
    "on-table(lemon,white-table)": 0.012771064886086,
    "on-table(green-bottle,wood-table)": 0.02876241320821767,
    "on-table(green-bottle,black-table)": 0.0008529597874561053,
    "on-table(green-bottle,white-table)": 0.16671395050161664,
    "on-table(loaf-of-bread,wood-table)": 0.8705517053604126,
    "on-table(loaf-of-bread,black-table)": 0.1545877136910955,
    "on-table(loaf-of-bread,white-table)": 0.008720607972160602,
    "on-table(red-box-of-cereal,wood-table)": 0.16727826042915694,
    "on-table(red-box-of-cereal,black-table)": 0.8327507263359925,
    "on-table(red-box-of-cereal,white-table)": 0.3309957787908691,
    "on-table(red-can-of-soda,wood-table)": 0.1645718854148678,
    "on-table(red-can-of-soda,black-table)": 0.19022895567680584,
    "on-table(red-can-of-soda,white-table)": 0.834725301557531,
    "robot-gripper-empty()": 0.8933305740356445,
    "robot-gripping(milk-carton)": 0.16843691809723774,
    "robot-gripping(lemon)": 0.06099623984967669,
    "robot-gripping(green-bottle)": 0.06664685827369492,
    "robot-gripping(loaf-of-bread)": 0.19795692774156728,
    "robot-gripping(red-box-of-cereal)": 0.18268736824393272,
    "robot-gripping(red-can-of-soda)": 0.13624096588076404
}