{
    "on-table(milk-carton,wood-table)": 0.6696855078140894,
    "on-table(milk-carton,black-table)": 0.4215599885986497,
    "on-table(milk-carton,white-table)": 0.012486366390173012,
    "on-table(lemon,wood-table)": 0.3345139933444443,
    "on-table(lemon,black-table)": 5.996505880527062e-05,
    "on-table(lemon,white-table)": 0.8334376555770481,
    "on-table(green-bottle,wood-table)": 0.8350402565362552,
    "on-table(green-bottle,black-table)": 0.17290452328878322,
    "on-table(green-bottle,white-table)": 0.0010657669508115457,
    "on-table(loaf-of-bread,wood-table)": 0.5771480570547283,
    "on-table(loaf-of-bread,black-table)": 0.1615772750665201,
    "on-table(loaf-of-bread,white-table)": 0.023681724512546982,
    "on-table(red-box-of-cereal,wood-table)": 0.8127360045909882,
    "on-table(red-box-of-cereal,black-table)": 0.1773953448088529,
    "on-table(red-box-of-cereal,white-table)": 0.006570938189876567,
    "on-table(red-can-of-soda,wood-table)": 0.3948086262583577,
    "on-table(red-can-of-soda,black-table)": 0.8341767261736095,
    "on-table(red-can-of-soda,white-table)": 0.0024565373175088703,
    "robot-gripper-empty()": 0.9512936671574911,
    "robot-gripping(milk-carton)": 0.14393019303679466,
    "robot-gripping(lemon)": 0.033533754448095955,
    "robot-gripping(green-bottle)": 0.14397814536156753,
    "robot-gripping(loaf-of-bread)": 0.0636846082440267,
    "robot-gripping(red-box-of-cereal)": 0.0799294002354145,
    "robot-gripping(red-can-of-soda)": 0.15388674413164458
}