{
    "on-table(milk-carton,wood-table)": 0.74453038473924,
    "on-table(milk-carton,black-table)": 0.043288971835863777,
    "on-table(milk-carton,white-table)": 0.0833882035658462,
    "on-table(lemon,wood-table)": 0.3235414247707619,
    "on-table(lemon,black-table)": 0.001288863594822942,
    "on-table(lemon,white-table)": 0.834055402316153,
    "on-table(green-bottle,wood-table)": 0.9998582303524017,
    "on-table(green-bottle,black-table)": 0.33270908968510565,
    "on-table(green-bottle,white-table)": 0.027384457886872344,
    "on-table(loaf-of-bread,wood-table)": 0.3641490427156289,
    "on-table(loaf-of-bread,black-table)": 0.004532129450429541,
    "on-table(loaf-of-bread,white-table)": 0.4320278698578477,
    "on-table(red-box-of-cereal,wood-table)": 0.8314722806680948,
    "on-table(red-box-of-cereal,black-table)": 0.16827193856624945,
    "on-table(red-box-of-cereal,white-table)": 0.006688178026403572,
    "on-table(red-can-of-soda,wood-table)": 0.8349408491825064,
    "on-table(red-can-of-soda,black-table)": 0.16782647127827963,
    "on-table(red-can-of-soda,white-table)": 0.006207461691928984,
    "robot-gripper-empty()": 0.9677073061466217,
    "robot-gripping(milk-carton)": 0.14000180177390575,
    "robot-gripping(lemon)": 0.059826860670000315,
    "robot-gripping(green-bottle)": 0.04903197113890201,
    "robot-gripping(loaf-of-bread)": 0.08291616733185947,
    "robot-gripping(red-box-of-cereal)": 0.08977456150266032,
    "robot-gripping(red-can-of-soda)": 0.1615344095043838
}