{
    "on-table(milk-carton,wood-table)": 0.22029803566692863,
    "on-table(milk-carton,black-table)": 0.5840737253117064,
    "on-table(milk-carton,white-table)": 0.22716878250745745,
    "on-table(lemon,wood-table)": 0.8334112858477359,
    "on-table(lemon,black-table)": 0.1644858637277101,
    "on-table(lemon,white-table)": 0.0016175514147865517,
    "on-table(green-bottle,wood-table)": 0.7909787880877653,
    "on-table(green-bottle,black-table)": 0.17089078766639432,
    "on-table(green-bottle,white-table)": 0.0008173803880329918,
    "on-table(loaf-of-bread,wood-table)": 0.6136036838094393,
    "on-table(loaf-of-bread,black-table)": 0.008897219352851002,
    "on-table(loaf-of-bread,white-table)": 0.028136703045068618,
    "on-table(red-box-of-cereal,wood-table)": 0.1631443452424719,
    "on-table(red-box-of-cereal,black-table)": 0.0011160138904718526,
    "on-table(red-box-of-cereal,white-table)": 0.8335056184635808,
    "on-table(red-can-of-soda,wood-table)": 0.15384129971365232,
    "on-table(red-can-of-soda,black-table)": 0.00181744352160725,
    "on-table(red-can-of-soda,white-table)": 0.8334210796359306,
    "robot-gripper-empty()": 0.8424218607445558,
    "robot-gripping(milk-carton)": 0.0690547376871109,
    "robot-gripping(lemon)": 0.13964208700538924,
    "robot-gripping(green-bottle)": 0.17717219710660478,
    "robot-gripping(loaf-of-bread)": 0.10832326828191678,
    "robot-gripping(red-box-of-cereal)": 0.027788970017960917,
    "robot-gripping(red-can-of-soda)": 0.02962694561574608
}