{
    "on-table(milk-carton,wood-table)": 0.33063656397765345,
    "on-table(milk-carton,black-table)": 0.03046850823739078,
    "on-table(milk-carton,white-table)": 0.8274930637950698,
    "on-table(lemon,wood-table)": 0.0010413132852894098,
    "on-table(lemon,black-table)": 0.01068493051934638,
    "on-table(lemon,white-table)": 0.039764773164885504,
    "on-table(green-bottle,wood-table)": 0.27079618304742326,
    "on-table(green-bottle,black-table)": 0.9306075672308604,
    "on-table(green-bottle,white-table)": 0.001266716563842844,
    "on-table(loaf-of-bread,wood-table)": 0.2411812161638712,
    "on-table(loaf-of-bread,black-table)": 0.029566757380962372,
    "on-table(loaf-of-bread,white-table)": 0.6278295200318098,
    "on-table(red-box-of-cereal,wood-table)": 0.7871106782307228,
    "on-table(red-box-of-cereal,black-table)": 0.6767179454812625,
    "on-table(red-box-of-cereal,white-table)": 0.0018653285903080057,
    "on-table(red-can-of-soda,wood-table)": 0.9865805804729462,
    "on-table(red-can-of-soda,black-table)": 0.3393682425391186,
    "on-table(red-can-of-soda,white-table)": 0.0005164075397866933,
    "robot-gripper-empty()": 0.7758896748224894,
    "robot-gripping(milk-carton)": 0.19564432449017963,
    "robot-gripping(lemon)": 0.021445680564890306,
    "robot-gripping(green-bottle)": 0.17073409305885434,
    "robot-gripping(loaf-of-bread)": 0.10212979294980566,
    "robot-gripping(red-box-of-cereal)": 0.17617745581083,
    "robot-gripping(red-can-of-soda)": 0.2953472111063699
}