{
    "on-table(milk-carton,wood-table)": 0.4117873049496363,
    "on-table(milk-carton,black-table)": 0.1058165724389255,
    "on-table(milk-carton,white-table)": 0.5856074616312981,
    "on-table(lemon,wood-table)": 0.2894318664427071,
    "on-table(lemon,black-table)": 0.8932953973611196,
    "on-table(lemon,white-table)": 0.005219514648691377,
    "on-table(green-bottle,wood-table)": 0.003527342367306119,
    "on-table(green-bottle,black-table)": 0.004498636245746941,
    "on-table(green-bottle,white-table)": 0.00013486410383241795,
    "on-table(loaf-of-bread,wood-table)": 0.5198769842584928,
    "on-table(loaf-of-bread,black-table)": 0.15213854832109064,
    "on-table(loaf-of-bread,white-table)": 0.29569545260164887,
    "on-table(red-box-of-cereal,wood-table)": 0.4673883662132236,
    "on-table(red-box-of-cereal,black-table)": 0.016294441774031537,
    "on-table(red-box-of-cereal,white-table)": 0.8374332484478751,
    "on-table(red-can-of-soda,wood-table)": 0.966774970293045,
    "on-table(red-can-of-soda,black-table)": 0.009877664031212893,
    "on-table(red-can-of-soda,white-table)": 0.33569879369925576,
    "robot-gripper-empty()": 0.8405147939920425,
    "robot-gripping(milk-carton)": 0.15645522500077882,
    "robot-gripping(lemon)": 0.08943061895358066,
    "robot-gripping(green-bottle)": 0.02337082270726872,
    "robot-gripping(loaf-of-bread)": 0.08897298264006774,
    "robot-gripping(red-box-of-cereal)": 0.04222082839502642,
    "robot-gripping(red-can-of-soda)": 0.19653890846529976
}