{
    "on-table(milk-carton,wood-table)": 0.20746722600112358,
    "on-table(milk-carton,black-table)": 0.14441286857860783,
    "on-table(milk-carton,white-table)": 0.5829757414758205,
    "on-table(lemon,wood-table)": 0.8375126905739307,
    "on-table(lemon,black-table)": 0.17279756545849523,
    "on-table(lemon,white-table)": 0.002945303048666877,
    "on-table(green-bottle,wood-table)": 0.24369111730872342,
    "on-table(green-bottle,black-table)": 0.9594833850860596,
    "on-table(green-bottle,white-table)": 0.02585913286300941,
    "on-table(loaf-of-bread,wood-table)": 0.1834595314382265,
    "on-table(loaf-of-bread,black-table)": 0.11904667312531576,
    "on-table(loaf-of-bread,white-table)": 0.14288722523876154,
    "on-table(red-box-of-cereal,wood-table)": 0.07338664027823445,
    "on-table(red-box-of-cereal,black-table)": 0.001914842615709252,
    "on-table(red-box-of-cereal,white-table)": 0.839112309118112,
    "on-table(red-can-of-soda,wood-table)": 0.024708479315753113,
    "on-table(red-can-of-soda,black-table)": 0.012146262046674869,
    "on-table(red-can-of-soda,white-table)": 0.9574191570281982,
    "robot-gripper-empty()": 0.9227827489376068,
    "robot-gripping(milk-carton)": 0.40571930011113483,
    "robot-gripping(lemon)": 0.10927823387707274,
    "robot-gripping(green-bottle)": 0.10351225112875302,
    "robot-gripping(loaf-of-bread)": 0.10936871978143851,
    "robot-gripping(red-box-of-cereal)": 0.056134136859327555,
    "robot-gripping(red-can-of-soda)": 0.12543744842211405
}