{
    "on-table(milk-carton,wood-table)": 0.04524383142900964,
    "on-table(milk-carton,black-table)": 0.6535896708567938,
    "on-table(milk-carton,white-table)": 0.03208272398236053,
    "on-table(lemon,wood-table)": 0.7354325276489059,
    "on-table(lemon,black-table)": 0.17691264665002868,
    "on-table(lemon,white-table)": 0.10620599151692052,
    "on-table(green-bottle,wood-table)": 0.16931169727467932,
    "on-table(green-bottle,black-table)": 0.1721153218022664,
    "on-table(green-bottle,white-table)": 0.0012020130640545783,
    "on-table(loaf-of-bread,wood-table)": 0.19335975150655335,
    "on-table(loaf-of-bread,black-table)": 0.34207539225462824,
    "on-table(loaf-of-bread,white-table)": 0.17045806034487518,
    "on-table(red-box-of-cereal,wood-table)": 0.5019333100256821,
    "on-table(red-box-of-cereal,black-table)": 0.6765831882754961,
    "on-table(red-box-of-cereal,white-table)": 0.16453252144371314,
    "on-table(red-can-of-soda,wood-table)": 0.970609317223231,
    "on-table(red-can-of-soda,black-table)": 0.3316384789930756,
    "on-table(red-can-of-soda,white-table)": 0.0876846730714836,
    "robot-gripper-empty()": 0.39657775227290887,
    "robot-gripping(milk-carton)": 0.1439674450084567,
    "robot-gripping(lemon)": 0.20419450580569296,
    "robot-gripping(green-bottle)": 0.7809344246828308,
    "robot-gripping(loaf-of-bread)": 0.051879730463648834,
    "robot-gripping(red-box-of-cereal)": 0.040639772914194815,
    "robot-gripping(red-can-of-soda)": 0.050885732557314135
}