{
    "on-table(milk-carton,wood-table)": 0.6484353306392828,
    "on-table(milk-carton,black-table)": 0.21020745987455788,
    "on-table(milk-carton,white-table)": 0.47684624268246506,
    "on-table(lemon,wood-table)": 0.14396011516995108,
    "on-table(lemon,black-table)": 0.834430270207425,
    "on-table(lemon,white-table)": 0.0034858376790604475,
    "on-table(green-bottle,wood-table)": 0.20162912921902412,
    "on-table(green-bottle,black-table)": 0.005193863263381597,
    "on-table(green-bottle,white-table)": 0.9722159306208292,
    "on-table(loaf-of-bread,wood-table)": 0.23558883392252028,
    "on-table(loaf-of-bread,black-table)": 0.13125026572379284,
    "on-table(loaf-of-bread,white-table)": 0.5000241842741767,
    "on-table(red-box-of-cereal,wood-table)": 0.1913303759865812,
    "on-table(red-box-of-cereal,black-table)": 0.023376372784393123,
    "on-table(red-box-of-cereal,white-table)": 0.9942108790079752,
    "on-table(red-can-of-soda,wood-table)": 0.1677902788699915,
    "on-table(red-can-of-soda,black-table)": 0.00755919674929828,
    "on-table(red-can-of-soda,white-table)": 0.9994326829910278,
    "robot-gripper-empty()": 0.9617592295010885,
    "robot-gripping(milk-carton)": 0.14407146334027252,
    "robot-gripping(lemon)": 0.0918285387257735,
    "robot-gripping(green-bottle)": 0.03641796327428892,
    "robot-gripping(loaf-of-bread)": 0.06204593554139137,
    "robot-gripping(red-box-of-cereal)": 0.057400732999667525,
    "robot-gripping(red-can-of-soda)": 0.12148346942073356
}