{
    "on-table(milk-carton,wood-table)": 0.2937928723792235,
    "on-table(milk-carton,black-table)": 0.34655740422507125,
    "on-table(milk-carton,white-table)": 0.5245371504764383,
    "on-table(lemon,wood-table)": 0.019574695790652186,
    "on-table(lemon,black-table)": 0.016836407536175102,
    "on-table(lemon,white-table)": 0.0539421635621693,
    "on-table(green-bottle,wood-table)": 0.00325467370566912,
    "on-table(green-bottle,black-table)": 0.11357139580892787,
    "on-table(green-bottle,white-table)": 0.3085242602949923,
    "on-table(loaf-of-bread,wood-table)": 0.22079884711032113,
    "on-table(loaf-of-bread,black-table)": 0.22089836080461586,
    "on-table(loaf-of-bread,white-table)": 0.6147486778597037,
    "on-table(red-box-of-cereal,wood-table)": 0.2018077657558024,
    "on-table(red-box-of-cereal,black-table)": 0.13212127791484818,
    "on-table(red-box-of-cereal,white-table)": 0.708768347899119,
    "on-table(red-can-of-soda,wood-table)": 0.1433878222014755,
    "on-table(red-can-of-soda,black-table)": 0.8282442004807914,
    "on-table(red-can-of-soda,white-table)": 0.1951616257808079,
    "robot-gripper-empty()": 0.9180998603502909,
    "robot-gripping(milk-carton)": 0.3367446002860864,
    "robot-gripping(lemon)": 0.04116618229697148,
    "robot-gripping(green-bottle)": 0.023497696888322633,
    "robot-gripping(loaf-of-bread)": 0.07324359379708767,
    "robot-gripping(red-box-of-cereal)": 0.09270834201015532,
    "robot-gripping(red-can-of-soda)": 0.19575147330760956
}