{
    "on-table(milk-carton,wood-table)": 0.18965802512442073,
    "on-table(milk-carton,black-table)": 0.7512420763572057,
    "on-table(milk-carton,white-table)": 0.1467780441259189,
    "on-table(lemon,wood-table)": 0.9658685723940531,
    "on-table(lemon,black-table)": 0.2625333800679073,
    "on-table(lemon,white-table)": 0.28529830151819624,
    "on-table(green-bottle,wood-table)": 0.051325330953356264,
    "on-table(green-bottle,black-table)": 0.8356221979483962,
    "on-table(green-bottle,white-table)": 0.0031410253942188624,
    "on-table(loaf-of-bread,wood-table)": 0.17708316359979412,
    "on-table(loaf-of-bread,black-table)": 0.11604236335066768,
    "on-table(loaf-of-bread,white-table)": 0.640256967395544,
    "on-table(red-box-of-cereal,wood-table)": 0.38049998801822466,
    "on-table(red-box-of-cereal,black-table)": 0.9681258002916971,
    "on-table(red-box-of-cereal,white-table)": 0.028097278637384687,
    "on-table(red-can-of-soda,wood-table)": 0.8666509290536245,
    "on-table(red-can-of-soda,black-table)": 0.3608956170091157,
    "on-table(red-can-of-soda,white-table)": 0.02302080127761504,
    "robot-gripper-empty()": 0.8978862961133321,
    "robot-gripping(milk-carton)": 0.17230954642097154,
    "robot-gripping(lemon)": 0.0752948010340333,
    "robot-gripping(green-bottle)": 0.16272126621333882,
    "robot-gripping(loaf-of-bread)": 0.06592449313029647,
    "robot-gripping(red-box-of-cereal)": 0.09385239821858704,
    "robot-gripping(red-can-of-soda)": 0.22423598379828036
}