{
    "on-table(milk-carton,wood-table)": 0.8947236637274424,
    "on-table(milk-carton,black-table)": 0.27212823814716103,
    "on-table(milk-carton,white-table)": 0.20284094374558967,
    "on-table(lemon,wood-table)": 0.1488356331756222,
    "on-table(lemon,black-table)": 0.8339517518567542,
    "on-table(lemon,white-table)": 0.002272991585603753,
    "on-table(green-bottle,wood-table)": 0.16601598539394521,
    "on-table(green-bottle,black-table)": 0.8333547977381386,
    "on-table(green-bottle,white-table)": 0.00301806961958088,
    "on-table(loaf-of-bread,wood-table)": 0.26148530417898047,
    "on-table(loaf-of-bread,black-table)": 0.27521673174730193,
    "on-table(loaf-of-bread,white-table)": 0.2673710746069749,
    "on-table(red-box-of-cereal,wood-table)": 0.10916739386448171,
    "on-table(red-box-of-cereal,black-table)": 0.004618192151004526,
    "on-table(red-box-of-cereal,white-table)": 0.825260358552138,
    "on-table(red-can-of-soda,wood-table)": 0.13929947632762682,
    "on-table(red-can-of-soda,black-table)": 0.003573504206845731,
    "on-table(red-can-of-soda,white-table)": 0.9815404415130615,
    "robot-gripper-empty()": 0.9540824194749197,
    "robot-gripping(milk-carton)": 0.17313141228320697,
    "robot-gripping(lemon)": 0.029564738098997623,
    "robot-gripping(green-bottle)": 0.02255009169069429,
    "robot-gripping(loaf-of-bread)": 0.08118086913600564,
    "robot-gripping(red-box-of-cereal)": 0.04762434974933664,
    "robot-gripping(red-can-of-soda)": 0.1124208418186754
}