{
    "on-table(milk-carton,wood-table)": 0.4562211441807449,
    "on-table(milk-carton,black-table)": 0.4601861412326495,
    "on-table(milk-carton,white-table)": 0.13632316982451206,
    "on-table(lemon,wood-table)": 0.7302779493232568,
    "on-table(lemon,black-table)": 0.1548748884175287,
    "on-table(lemon,white-table)": 0.05650594033219628,
    "on-table(green-bottle,wood-table)": 0.06133803016564343,
    "on-table(green-bottle,black-table)": 0.24499762984729992,
    "on-table(green-bottle,white-table)": 0.2968579022951114,
    "on-table(loaf-of-bread,wood-table)": 0.30161633517127484,
    "on-table(loaf-of-bread,black-table)": 0.29453890677541494,
    "on-table(loaf-of-bread,white-table)": 0.1808513869473245,
    "on-table(red-box-of-cereal,wood-table)": 0.5397260494840642,
    "on-table(red-box-of-cereal,black-table)": 0.8901017010211945,
    "on-table(red-box-of-cereal,white-table)": 0.037186465837294236,
    "on-table(red-can-of-soda,wood-table)": 0.8921553244193395,
    "on-table(red-can-of-soda,black-table)": 0.3950582089019008,
    "on-table(red-can-of-soda,white-table)": 0.0060120246795728844,
    "robot-gripper-empty()": 0.826803853114446,
    "robot-gripping(milk-carton)": 0.21188439087321362,
    "robot-gripping(lemon)": 0.10134338727220893,
    "robot-gripping(green-bottle)": 0.1436364280913646,
    "robot-gripping(loaf-of-bread)": 0.18151516374200583,
    "robot-gripping(red-box-of-cereal)": 0.222169787545378,
    "robot-gripping(red-can-of-soda)": 0.24100714875385165
}