{
    "on-table(milk-carton,wood-table)": 0.7835468587776026,
    "on-table(milk-carton,black-table)": 0.13420834154067052,
    "on-table(milk-carton,white-table)": 0.3205200308399678,
    "on-table(lemon,wood-table)": 0.6757993870414793,
    "on-table(lemon,black-table)": 0.16466153587350618,
    "on-table(lemon,white-table)": 0.005191662817651377,
    "on-table(green-bottle,wood-table)": 0.8249191291785488,
    "on-table(green-bottle,black-table)": 0.16778530587066598,
    "on-table(green-bottle,white-table)": 0.0028573899398528133,
    "on-table(loaf-of-bread,wood-table)": 0.19697904555747905,
    "on-table(loaf-of-bread,black-table)": 0.010534395696595311,
    "on-table(loaf-of-bread,white-table)": 0.10734458764394124,
    "on-table(red-box-of-cereal,wood-table)": 0.177027390304526,
    "on-table(red-box-of-cereal,black-table)": 0.01269733531929281,
    "on-table(red-box-of-cereal,white-table)": 0.9964131514231364,
    "on-table(red-can-of-soda,wood-table)": 0.16687776871428164,
    "on-table(red-can-of-soda,black-table)": 0.009253388178725194,
    "on-table(red-can-of-soda,white-table)": 0.995968888203303,
    "robot-gripper-empty()": 0.8871626953283945,
    "robot-gripping(milk-carton)": 0.14750566147267818,
    "robot-gripping(lemon)": 0.05847103831668695,
    "robot-gripping(green-bottle)": 0.1830659833891938,
    "robot-gripping(loaf-of-bread)": 0.131318306705604,
    "robot-gripping(red-box-of-cereal)": 0.07296278746798635,
    "robot-gripping(red-can-of-soda)": 0.12558042091162255
}