{
    "on-table(milk-carton,wood-table)": 0.31698628701269627,
    "on-table(milk-carton,black-table)": 0.42068398154030245,
    "on-table(milk-carton,white-table)": 0.18409410264575854,
    "on-table(lemon,wood-table)": 0.010063960100524127,
    "on-table(lemon,black-table)": 0.22763838932345,
    "on-table(lemon,white-table)": 0.005918621818030563,
    "on-table(green-bottle,wood-table)": 0.0009136849754819801,
    "on-table(green-bottle,black-table)": 0.017868507979680242,
    "on-table(green-bottle,white-table)": 0.0007595405243894978,
    "on-table(loaf-of-bread,wood-table)": 0.7929058546821276,
    "on-table(loaf-of-bread,black-table)": 0.1433265820366311,
    "on-table(loaf-of-bread,white-table)": 0.11465918760950444,
    "on-table(red-box-of-cereal,wood-table)": 0.9981169899304708,
    "on-table(red-box-of-cereal,black-table)": 0.04605398610874545,
    "on-table(red-box-of-cereal,white-table)": 0.17007475045344714,
    "on-table(red-can-of-soda,wood-table)": 0.21470614485951955,
    "on-table(red-can-of-soda,black-table)": 0.0002506343838225196,
    "on-table(red-can-of-soda,white-table)": 0.8349090898409486,
    "robot-gripper-empty()": 0.7620628476142883,
    "robot-gripping(milk-carton)": 0.2715877912317713,
    "robot-gripping(lemon)": 0.22526496501329044,
    "robot-gripping(green-bottle)": 0.1125621263248225,
    "robot-gripping(loaf-of-bread)": 0.2459780901360015,
    "robot-gripping(red-box-of-cereal)": 0.182749405503273,
    "robot-gripping(red-can-of-soda)": 0.038733955938369036
}