{
    "on-table(milk-carton,wood-table)": 0.5575606599450111,
    "on-table(milk-carton,black-table)": 0.10553355394343573,
    "on-table(milk-carton,white-table)": 0.32525002760909655,
    "on-table(lemon,wood-table)": 0.1718094256381543,
    "on-table(lemon,black-table)": 0.8306896352830032,
    "on-table(lemon,white-table)": 0.0016665273157438303,
    "on-table(green-bottle,wood-table)": 0.16822642867919058,
    "on-table(green-bottle,black-table)": 0.17318619187911585,
    "on-table(green-bottle,white-table)": 0.0018472732548010147,
    "on-table(loaf-of-bread,wood-table)": 0.1652372859728833,
    "on-table(loaf-of-bread,black-table)": 0.022199132246896625,
    "on-table(loaf-of-bread,white-table)": 0.22096901084296405,
    "on-table(red-box-of-cereal,wood-table)": 0.20124070899570748,
    "on-table(red-box-of-cereal,black-table)": 0.00832854851372152,
    "on-table(red-box-of-cereal,white-table)": 0.8726360450188319,
    "on-table(red-can-of-soda,wood-table)": 0.1658935728889143,
    "on-table(red-can-of-soda,black-table)": 0.016994049192968912,
    "on-table(red-can-of-soda,white-table)": 0.9966287910938263,
    "robot-gripper-empty()": 0.44418983803673956,
    "robot-gripping(milk-carton)": 0.2903413266564409,
    "robot-gripping(lemon)": 0.15441686819152287,
    "robot-gripping(green-bottle)": 0.8081125460254649,
    "robot-gripping(loaf-of-bread)": 0.1286167378226916,
    "robot-gripping(red-box-of-cereal)": 0.05984563516782752,
    "robot-gripping(red-can-of-soda)": 0.1462232160192798
}