{
    "on-table(milk-carton,wood-table)": 0.8159023448824883,
    "on-table(milk-carton,black-table)": 0.1315215561965791,
    "on-table(milk-carton,white-table)": 0.08936201298881012,
    "on-table(lemon,wood-table)": 0.1564598728728015,
    "on-table(lemon,black-table)": 0.003620957926917375,
    "on-table(lemon,white-table)": 0.956154982248942,
    "on-table(green-bottle,wood-table)": 0.16432645159511594,
    "on-table(green-bottle,black-table)": 0.0006280491192001136,
    "on-table(green-bottle,white-table)": 0.8338023253406087,
    "on-table(loaf-of-bread,wood-table)": 0.23101475516644618,
    "on-table(loaf-of-bread,black-table)": 0.14701103558763862,
    "on-table(loaf-of-bread,white-table)": 0.3228835924528539,
    "on-table(red-box-of-cereal,wood-table)": 0.6375641368407136,
    "on-table(red-box-of-cereal,black-table)": 0.5825784298746536,
    "on-table(red-box-of-cereal,white-table)": 0.011764854797850907,
    "on-table(red-can-of-soda,wood-table)": 0.6952622170598867,
    "on-table(red-can-of-soda,black-table)": 0.44228035288051615,
    "on-table(red-can-of-soda,white-table)": 0.005768356520623759,
    "robot-gripper-empty()": 0.8864369988441467,
    "robot-gripping(milk-carton)": 0.23849186735848585,
    "robot-gripping(lemon)": 0.054641918667281665,
    "robot-gripping(green-bottle)": 0.04367412714054808,
    "robot-gripping(loaf-of-bread)": 0.14157217632358274,
    "robot-gripping(red-box-of-cereal)": 0.07937435638935615,
    "robot-gripping(red-can-of-soda)": 0.1379449745096887
}