{
    "on-table(milk-carton,wood-table)": 0.3328820013751586,
    "on-table(milk-carton,black-table)": 0.018965884337376337,
    "on-table(milk-carton,white-table)": 0.8418260316054026,
    "on-table(lemon,wood-table)": 0.048611850632975497,
    "on-table(lemon,black-table)": 0.17387555495952256,
    "on-table(lemon,white-table)": 0.04229054871636132,
    "on-table(green-bottle,wood-table)": 0.0002919421155335537,
    "on-table(green-bottle,black-table)": 0.0003381922638254764,
    "on-table(green-bottle,white-table)": 0.008692244546485503,
    "on-table(loaf-of-bread,wood-table)": 0.7945662289857864,
    "on-table(loaf-of-bread,black-table)": 0.21101634860800308,
    "on-table(loaf-of-bread,white-table)": 0.03201739969851284,
    "on-table(red-box-of-cereal,wood-table)": 0.9956022600332896,
    "on-table(red-box-of-cereal,black-table)": 0.32904963804503495,
    "on-table(red-box-of-cereal,white-table)": 0.07905673777107343,
    "on-table(red-can-of-soda,wood-table)": 0.47049740731017664,
    "on-table(red-can-of-soda,black-table)": 0.0008326894456634667,
    "on-table(red-can-of-soda,white-table)": 0.8341752307799956,
    "robot-gripper-empty()": 0.8747432033220927,
    "robot-gripping(milk-carton)": 0.28138388817509014,
    "robot-gripping(lemon)": 0.26372914481908083,
    "robot-gripping(green-bottle)": 0.05595849681412801,
    "robot-gripping(loaf-of-bread)": 0.16443106966714063,
    "robot-gripping(red-box-of-cereal)": 0.18347953104724488,
    "robot-gripping(red-can-of-soda)": 0.2811795238715907
}