{
    "on-table(milk-carton,wood-table)": 0.15467344950108478,
    "on-table(milk-carton,black-table)": 0.7170264733334383,
    "on-table(milk-carton,white-table)": 0.33109755364663823,
    "on-table(lemon,wood-table)": 0.2913741042187515,
    "on-table(lemon,black-table)": 0.003598377274215636,
    "on-table(lemon,white-table)": 0.8250505056542655,
    "on-table(green-bottle,wood-table)": 0.8332151778546782,
    "on-table(green-bottle,black-table)": 0.16727601141928972,
    "on-table(green-bottle,white-table)": 0.0006444265427110926,
    "on-table(loaf-of-bread,wood-table)": 0.11565545930837591,
    "on-table(loaf-of-bread,black-table)": 0.42017166091439623,
    "on-table(loaf-of-bread,white-table)": 0.19173043954651803,
    "on-table(red-box-of-cereal,wood-table)": 0.3067155771132093,
    "on-table(red-box-of-cereal,black-table)": 0.8603603715697924,
    "on-table(red-box-of-cereal,white-table)": 0.10695695918184356,
    "on-table(red-can-of-soda,wood-table)": 0.9107987384001414,
    "on-table(red-can-of-soda,black-table)": 0.32541302909885417,
    "on-table(red-can-of-soda,white-table)": 0.03242040402316585,
    "robot-gripper-empty()": 0.8626100718975067,
    "robot-gripping(milk-carton)": 0.11221493144209187,
    "robot-gripping(lemon)": 0.053682779582838215,
    "robot-gripping(green-bottle)": 0.1735269227453197,
    "robot-gripping(loaf-of-bread)": 0.08875419362448156,
    "robot-gripping(red-box-of-cereal)": 0.06894022009025018,
    "robot-gripping(red-can-of-soda)": 0.19137536765386662
}