{
    "on-table(milk-carton,wood-table)": 0.526859587058425,
    "on-table(milk-carton,black-table)": 0.5599226311702902,
    "on-table(milk-carton,white-table)": 0.017368796281516552,
    "on-table(lemon,wood-table)": 0.16814582132792566,
    "on-table(lemon,black-table)": 0.16302716852108765,
    "on-table(lemon,white-table)": 0.8343389981115857,
    "on-table(green-bottle,wood-table)": 0.16488531001111065,
    "on-table(green-bottle,black-table)": 0.833959538800021,
    "on-table(green-bottle,white-table)": 0.002173510651421869,
    "on-table(loaf-of-bread,wood-table)": 0.28477964860697585,
    "on-table(loaf-of-bread,black-table)": 0.27384277805685997,
    "on-table(loaf-of-bread,white-table)": 0.0906260523358166,
    "on-table(red-box-of-cereal,wood-table)": 0.45734896083983284,
    "on-table(red-box-of-cereal,black-table)": 0.9481275876363119,
    "on-table(red-box-of-cereal,white-table)": 0.170886131178122,
    "on-table(red-can-of-soda,wood-table)": 0.9986788233121237,
    "on-table(red-can-of-soda,black-table)": 0.33375902959793774,
    "on-table(red-can-of-soda,white-table)": 0.15777500709828018,
    "robot-gripper-empty()": 0.9216607411702474,
    "robot-gripping(milk-carton)": 0.2035935123761495,
    "robot-gripping(lemon)": 0.06401968402011941,
    "robot-gripping(green-bottle)": 0.04943541375299295,
    "robot-gripping(loaf-of-bread)": 0.06258132386331756,
    "robot-gripping(red-box-of-cereal)": 0.07412399266225596,
    "robot-gripping(red-can-of-soda)": 0.1774790755007416
}