{
    "on-table(milk-carton,wood-table)": 0.23679331814249358,
    "on-table(milk-carton,black-table)": 0.5260616835827628,
    "on-table(milk-carton,white-table)": 0.3369080601260066,
    "on-table(lemon,wood-table)": 0.2279890848779663,
    "on-table(lemon,black-table)": 0.019759707540591382,
    "on-table(lemon,white-table)": 0.8840189278125763,
    "on-table(green-bottle,wood-table)": 0.018479243852198124,
    "on-table(green-bottle,black-table)": 0.023130615620175377,
    "on-table(green-bottle,white-table)": 0.013758278146269731,
    "on-table(loaf-of-bread,wood-table)": 0.2373452737616996,
    "on-table(loaf-of-bread,black-table)": 0.6807846377293268,
    "on-table(loaf-of-bread,white-table)": 0.22275985988865918,
    "on-table(red-box-of-cereal,wood-table)": 0.2715208755495648,
    "on-table(red-box-of-cereal,black-table)": 0.7572310191268722,
    "on-table(red-box-of-cereal,white-table)": 0.19014091201825067,
    "on-table(red-can-of-soda,wood-table)": 0.16930530852793405,
    "on-table(red-can-of-soda,black-table)": 0.019905453799234845,
    "on-table(red-can-of-soda,white-table)": 0.8447461252411207,
    "robot-gripper-empty()": 0.9648436109224955,
    "robot-gripping(milk-carton)": 0.3689298095802466,
    "robot-gripping(lemon)": 0.0644227849940459,
    "robot-gripping(green-bottle)": 0.059762238059192896,
    "robot-gripping(loaf-of-bread)": 0.11645740115394194,
    "robot-gripping(red-box-of-cereal)": 0.05787441103408734,
    "robot-gripping(red-can-of-soda)": 0.11349211633205414
}