{
    "on-table(milk-carton,wood-table)": 0.5580618552242717,
    "on-table(milk-carton,black-table)": 0.3170350796232621,
    "on-table(milk-carton,white-table)": 0.13287823600694537,
    "on-table(lemon,wood-table)": 0.07939434649476122,
    "on-table(lemon,black-table)": 0.8157117410252491,
    "on-table(lemon,white-table)": 0.020763874633303203,
    "on-table(green-bottle,wood-table)": 0.1924534822028363,
    "on-table(green-bottle,black-table)": 0.9837237497170767,
    "on-table(green-bottle,white-table)": 0.00904572505358677,
    "on-table(loaf-of-bread,wood-table)": 0.3216642675300439,
    "on-table(loaf-of-bread,black-table)": 0.2085467770618076,
    "on-table(loaf-of-bread,white-table)": 0.013863483041253252,
    "on-table(red-box-of-cereal,wood-table)": 0.822338342666626,
    "on-table(red-box-of-cereal,black-table)": 0.004927448530300656,
    "on-table(red-box-of-cereal,white-table)": 0.17393919251086723,
    "on-table(red-can-of-soda,wood-table)": 0.3338783740910003,
    "on-table(red-can-of-soda,black-table)": 0.00046539246962614317,
    "on-table(red-can-of-soda,white-table)": 0.8370054041345915,
    "robot-gripper-empty()": 0.870111217101415,
    "robot-gripping(milk-carton)": 0.2066058957328399,
    "robot-gripping(lemon)": 0.026365906038942438,
    "robot-gripping(green-bottle)": 0.040406900826686375,
    "robot-gripping(loaf-of-bread)": 0.1308923466131091,
    "robot-gripping(red-box-of-cereal)": 0.18111216789111495,
    "robot-gripping(red-can-of-soda)": 0.12907452958946428
}