{
    "on-table(milk-carton,wood-table)": 0.4268152530615528,
    "on-table(milk-carton,black-table)": 0.046990527184486076,
    "on-table(milk-carton,white-table)": 0.7882177531719208,
    "on-table(lemon,wood-table)": 0.10797988245030865,
    "on-table(lemon,black-table)": 0.8325252312545975,
    "on-table(lemon,white-table)": 0.003805859482175341,
    "on-table(green-bottle,wood-table)": 0.00028791505489304353,
    "on-table(green-bottle,black-table)": 0.00035309037510463287,
    "on-table(green-bottle,white-table)": 0.050883481439389776,
    "on-table(loaf-of-bread,wood-table)": 0.5310519007810702,
    "on-table(loaf-of-bread,black-table)": 0.14808611850215433,
    "on-table(loaf-of-bread,white-table)": 0.4300508290762082,
    "on-table(red-box-of-cereal,wood-table)": 0.9834945201873779,
    "on-table(red-box-of-cereal,black-table)": 0.5049139188940899,
    "on-table(red-box-of-cereal,white-table)": 0.008204861301540708,
    "on-table(red-can-of-soda,wood-table)": 0.5806485510062581,
    "on-table(red-can-of-soda,black-table)": 0.874653215209643,
    "on-table(red-can-of-soda,white-table)": 0.00794487634395106,
    "robot-gripper-empty()": 0.9829365313053131,
    "robot-gripping(milk-carton)": 0.08986189030110836,
    "robot-gripping(lemon)": 0.03533479670295492,
    "robot-gripping(green-bottle)": 0.01035444182343781,
    "robot-gripping(loaf-of-bread)": 0.07984286469096939,
    "robot-gripping(red-box-of-cereal)": 0.12691950565204024,
    "robot-gripping(red-can-of-soda)": 0.06964042906959851
}