{
    "on-table(milk-carton,wood-table)": 0.3687424411376317,
    "on-table(milk-carton,black-table)": 0.020806362152143265,
    "on-table(milk-carton,white-table)": 0.7581324105461439,
    "on-table(lemon,wood-table)": 0.0354931999463588,
    "on-table(lemon,black-table)": 0.1736540251877159,
    "on-table(lemon,white-table)": 0.01910355279687792,
    "on-table(green-bottle,wood-table)": 0.00035210510941396933,
    "on-table(green-bottle,black-table)": 0.00036041483296382165,
    "on-table(green-bottle,white-table)": 0.0022301154619223476,
    "on-table(loaf-of-bread,wood-table)": 0.8015803347031275,
    "on-table(loaf-of-bread,black-table)": 0.20575111222024134,
    "on-table(loaf-of-bread,white-table)": 0.028480518613529664,
    "on-table(red-box-of-cereal,wood-table)": 0.9933398067951202,
    "on-table(red-box-of-cereal,black-table)": 0.3206128772556743,
    "on-table(red-box-of-cereal,white-table)": 0.09534391192210023,
    "on-table(red-can-of-soda,wood-table)": 0.46875133344049874,
    "on-table(red-can-of-soda,black-table)": 0.000783915653907267,
    "on-table(red-can-of-soda,white-table)": 0.8341557458043098,
    "robot-gripper-empty()": 0.7898701081673304,
    "robot-gripping(milk-carton)": 0.29659142593542737,
    "robot-gripping(lemon)": 0.32416966278105974,
    "robot-gripping(green-bottle)": 0.06819523298569645,
    "robot-gripping(loaf-of-bread)": 0.143162302672863,
    "robot-gripping(red-box-of-cereal)": 0.151414072761933,
    "robot-gripping(red-can-of-soda)": 0.255502809304744
}