{
    "on-table(milk-carton,wood-table)": 0.4135453936954339,
    "on-table(milk-carton,black-table)": 0.09206110052764416,
    "on-table(milk-carton,white-table)": 0.6222240566276014,
    "on-table(lemon,wood-table)": 0.8797401487827301,
    "on-table(lemon,black-table)": 0.29991456917628057,
    "on-table(lemon,white-table)": 0.00882585141865396,
    "on-table(green-bottle,wood-table)": 0.13891215955785205,
    "on-table(green-bottle,black-table)": 0.6758309410264095,
    "on-table(green-bottle,white-table)": 0.008418078149285671,
    "on-table(loaf-of-bread,wood-table)": 0.4417304591430972,
    "on-table(loaf-of-bread,black-table)": 0.1706870195848751,
    "on-table(loaf-of-bread,white-table)": 0.20232715482416097,
    "on-table(red-box-of-cereal,wood-table)": 0.16846591850238232,
    "on-table(red-box-of-cereal,black-table)": 0.009799603859088771,
    "on-table(red-box-of-cereal,white-table)": 0.8299509097511569,
    "on-table(red-can-of-soda,wood-table)": 0.04639348899945617,
    "on-table(red-can-of-soda,black-table)": 0.5132724171514079,
    "on-table(red-can-of-soda,white-table)": 0.49612954957410693,
    "robot-gripper-empty()": 0.5678806478778521,
    "robot-gripping(milk-carton)": 0.5853481640418371,
    "robot-gripping(lemon)": 0.18203550297766924,
    "robot-gripping(green-bottle)": 0.18557723922034106,
    "robot-gripping(loaf-of-bread)": 0.25920741135875386,
    "robot-gripping(red-box-of-cereal)": 0.40538888486723107,
    "robot-gripping(red-can-of-soda)": 0.6273737239340941
}