{
    "on-table(milk-carton,wood-table)": 0.17984849866479635,
    "on-table(milk-carton,black-table)": 0.01893545625110467,
    "on-table(milk-carton,white-table)": 0.7740383222699165,
    "on-table(lemon,wood-table)": 0.7061703192691008,
    "on-table(lemon,black-table)": 0.1675017525636425,
    "on-table(lemon,white-table)": 0.008111895246808368,
    "on-table(green-bottle,wood-table)": 0.1723288653884083,
    "on-table(green-bottle,black-table)": 0.17153403003915932,
    "on-table(green-bottle,white-table)": 0.0036153415670317677,
    "on-table(loaf-of-bread,wood-table)": 0.20334732276387513,
    "on-table(loaf-of-bread,black-table)": 0.06085216864448739,
    "on-table(loaf-of-bread,white-table)": 0.6450546123087406,
    "on-table(red-box-of-cereal,wood-table)": 0.17809626405748227,
    "on-table(red-box-of-cereal,black-table)": 0.018998984018253395,
    "on-table(red-box-of-cereal,white-table)": 0.8504127748310566,
    "on-table(red-can-of-soda,wood-table)": 0.08972706194617786,
    "on-table(red-can-of-soda,black-table)": 0.8239604399738406,
    "on-table(red-can-of-soda,white-table)": 0.19339832312046687,
    "robot-gripper-empty()": 0.3601470948002922,
    "robot-gripping(milk-carton)": 0.4675471279770136,
    "robot-gripping(lemon)": 0.2661501815309748,
    "robot-gripping(green-bottle)": 0.6881634180123607,
    "robot-gripping(loaf-of-bread)": 0.07263192280273263,
    "robot-gripping(red-box-of-cereal)": 0.03907805214112159,
    "robot-gripping(red-can-of-soda)": 0.06815269658303198
}