{
    "on-table(milk-carton,wood-table)": 0.3497239804516236,
    "on-table(milk-carton,black-table)": 0.19444333428206542,
    "on-table(milk-carton,white-table)": 0.31106959500660497,
    "on-table(lemon,wood-table)": 0.15755217180412728,
    "on-table(lemon,black-table)": 0.8340945274879535,
    "on-table(lemon,white-table)": 0.004437945590628563,
    "on-table(green-bottle,wood-table)": 0.18292373820440844,
    "on-table(green-bottle,black-table)": 0.020641888855834623,
    "on-table(green-bottle,white-table)": 0.8815594365199407,
    "on-table(loaf-of-bread,wood-table)": 0.6669570409382383,
    "on-table(loaf-of-bread,black-table)": 0.2849023493666512,
    "on-table(loaf-of-bread,white-table)": 0.24796747944007316,
    "on-table(red-box-of-cereal,wood-table)": 0.17979327253609276,
    "on-table(red-box-of-cereal,black-table)": 0.222230388057748,
    "on-table(red-box-of-cereal,white-table)": 0.040472367579544276,
    "on-table(red-can-of-soda,wood-table)": 0.07517183875703874,
    "on-table(red-can-of-soda,black-table)": 0.15999352620201535,
    "on-table(red-can-of-soda,white-table)": 0.0150981769044544,
    "robot-gripper-empty()": 0.7966819802920023,
    "robot-gripping(milk-carton)": 0.516687735915184,
    "robot-gripping(lemon)": 0.18575487510922054,
    "robot-gripping(green-bottle)": 0.04047427683447798,
    "robot-gripping(loaf-of-bread)": 0.1905035898089409,
    "robot-gripping(red-box-of-cereal)": 0.09118367452174425,
    "robot-gripping(red-can-of-soda)": 0.14566876087337732
}