{
    "on-table(milk-carton,wood-table)": 0.2800541720353067,
    "on-table(milk-carton,black-table)": 0.0247683289150397,
    "on-table(milk-carton,white-table)": 0.6483683610955874,
    "on-table(lemon,wood-table)": 0.13508214979083277,
    "on-table(lemon,black-table)": 0.832325145136565,
    "on-table(lemon,white-table)": 0.0031252973354109295,
    "on-table(green-bottle,wood-table)": 0.8325325809031104,
    "on-table(green-bottle,black-table)": 0.16762604516248794,
    "on-table(green-bottle,white-table)": 0.00048310505104609547,
    "on-table(loaf-of-bread,wood-table)": 0.6639758018427528,
    "on-table(loaf-of-bread,black-table)": 0.015679468526892986,
    "on-table(loaf-of-bread,white-table)": 0.01340564496058505,
    "on-table(red-box-of-cereal,wood-table)": 0.0820476720109582,
    "on-table(red-box-of-cereal,black-table)": 0.009324121221046274,
    "on-table(red-box-of-cereal,white-table)": 0.8277275998455783,
    "on-table(red-can-of-soda,wood-table)": 0.15283602301133214,
    "on-table(red-can-of-soda,black-table)": 0.8297980692526229,
    "on-table(red-can-of-soda,white-table)": 0.3380796984274639,
    "robot-gripper-empty()": 0.9848012427488962,
    "robot-gripping(milk-carton)": 0.1530586580435435,
    "robot-gripping(lemon)": 0.01559651728409032,
    "robot-gripping(green-bottle)": 0.0226375910860952,
    "robot-gripping(loaf-of-bread)": 0.0667231207092603,
    "robot-gripping(red-box-of-cereal)": 0.03606110262141252,
    "robot-gripping(red-can-of-soda)": 0.035518508637323976
}