{
    "on-table(milk-carton,wood-table)": 0.33148345892550424,
    "on-table(milk-carton,black-table)": 0.2332187546417117,
    "on-table(milk-carton,white-table)": 0.41575851158510585,
    "on-table(lemon,wood-table)": 0.05953779372309024,
    "on-table(lemon,black-table)": 0.69227477380385,
    "on-table(lemon,white-table)": 0.023695424230406086,
    "on-table(green-bottle,wood-table)": 0.15720068988351463,
    "on-table(green-bottle,black-table)": 0.7721034000472476,
    "on-table(green-bottle,white-table)": 0.021288946930932678,
    "on-table(loaf-of-bread,wood-table)": 0.35576110480663675,
    "on-table(loaf-of-bread,black-table)": 0.14746260042496337,
    "on-table(loaf-of-bread,white-table)": 0.19794251172182462,
    "on-table(red-box-of-cereal,wood-table)": 0.29067473795536597,
    "on-table(red-box-of-cereal,black-table)": 0.18194369529373944,
    "on-table(red-box-of-cereal,white-table)": 0.34523755913445103,
    "on-table(red-can-of-soda,wood-table)": 0.18795620208644928,
    "on-table(red-can-of-soda,black-table)": 0.023797536538950226,
    "on-table(red-can-of-soda,white-table)": 0.8089494754870733,
    "robot-gripper-empty()": 0.497633506495428,
    "robot-gripping(milk-carton)": 0.5414809783299764,
    "robot-gripping(lemon)": 0.05606184605858289,
    "robot-gripping(green-bottle)": 0.12077130639227107,
    "robot-gripping(loaf-of-bread)": 0.27375388890504837,
    "robot-gripping(red-box-of-cereal)": 0.6115942851950725,
    "robot-gripping(red-can-of-soda)": 0.5079715236400565
}