{
    "on-table(milk-carton,wood-table)": 0.8017369657754898,
    "on-table(milk-carton,black-table)": 0.22545858416318273,
    "on-table(milk-carton,white-table)": 0.2781635026525085,
    "on-table(lemon,wood-table)": 0.17385954992641928,
    "on-table(lemon,black-table)": 0.0034684899268692484,
    "on-table(lemon,white-table)": 0.9997857213020325,
    "on-table(green-bottle,wood-table)": 0.18540091207250953,
    "on-table(green-bottle,black-table)": 0.04573654827739423,
    "on-table(green-bottle,white-table)": 0.993464340766271,
    "on-table(loaf-of-bread,wood-table)": 0.19088181744640073,
    "on-table(loaf-of-bread,black-table)": 0.009967828945567211,
    "on-table(loaf-of-bread,white-table)": 0.6991844723622004,
    "on-table(red-box-of-cereal,wood-table)": 0.9993041257063547,
    "on-table(red-box-of-cereal,black-table)": 0.3345155232883978,
    "on-table(red-box-of-cereal,white-table)": 0.15980291637197297,
    "on-table(red-can-of-soda,wood-table)": 0.9852358102798462,
    "on-table(red-can-of-soda,black-table)": 0.1900354787891653,
    "on-table(red-can-of-soda,white-table)": 0.1134226754214372,
    "robot-gripper-empty()": 0.8924380441506704,
    "robot-gripping(milk-carton)": 0.2410320962468783,
    "robot-gripping(lemon)": 0.06632074325655897,
    "robot-gripping(green-bottle)": 0.1523767812177539,
    "robot-gripping(loaf-of-bread)": 0.10128006152808666,
    "robot-gripping(red-box-of-cereal)": 0.12695754583304128,
    "robot-gripping(red-can-of-soda)": 0.3720792159438133
}