{
    "on-table(milk-carton,wood-table)": 0.05797992772810782,
    "on-table(milk-carton,black-table)": 0.016668817746297766,
    "on-table(milk-carton,white-table)": 0.09218332249050339,
    "on-table(lemon,wood-table)": 0.02272881839113931,
    "on-table(lemon,black-table)": 0.3351170680252835,
    "on-table(lemon,white-table)": 0.03857089478697162,
    "on-table(green-bottle,wood-table)": 0.014528328412173627,
    "on-table(green-bottle,black-table)": 0.8326745807232024,
    "on-table(green-bottle,white-table)": 0.0008720374759529174,
    "on-table(loaf-of-bread,wood-table)": 0.18065851267116764,
    "on-table(loaf-of-bread,black-table)": 0.09288194091156281,
    "on-table(loaf-of-bread,white-table)": 0.18890856951475143,
    "on-table(red-box-of-cereal,wood-table)": 0.23093832328837985,
    "on-table(red-box-of-cereal,black-table)": 0.005330535532266367,
    "on-table(red-box-of-cereal,white-table)": 0.029106152263314772,
    "on-table(red-can-of-soda,wood-table)": 0.6674202773234962,
    "on-table(red-can-of-soda,black-table)": 0.16568265398950643,
    "on-table(red-can-of-soda,white-table)": 0.00411379382906792,
    "robot-gripper-empty()": 0.7044851249083877,
    "robot-gripping(milk-carton)": 0.23792455283304056,
    "robot-gripping(lemon)": 0.283595541647325,
    "robot-gripping(green-bottle)": 0.19568301097024232,
    "robot-gripping(loaf-of-bread)": 0.043368516489863396,
    "robot-gripping(red-box-of-cereal)": 0.02604579097048069,
    "robot-gripping(red-can-of-soda)": 0.16276194873110703
}