{
    "on-table(milk-carton,wood-table)": 0.1933181580825476,
    "on-table(milk-carton,black-table)": 0.14809965480026221,
    "on-table(milk-carton,white-table)": 0.8934745887915293,
    "on-table(lemon,wood-table)": 0.16482354630352347,
    "on-table(lemon,black-table)": 0.001432695001957048,
    "on-table(lemon,white-table)": 0.9984342654546102,
    "on-table(green-bottle,wood-table)": 0.165991460395162,
    "on-table(green-bottle,black-table)": 0.005398029326859917,
    "on-table(green-bottle,white-table)": 0.9417835573355356,
    "on-table(loaf-of-bread,wood-table)": 0.10295425762888044,
    "on-table(loaf-of-bread,black-table)": 0.15253094858295904,
    "on-table(loaf-of-bread,white-table)": 0.1412345475012747,
    "on-table(red-box-of-cereal,wood-table)": 0.308363200747408,
    "on-table(red-box-of-cereal,black-table)": 0.21387840098759625,
    "on-table(red-box-of-cereal,white-table)": 0.03708971778784568,
    "on-table(red-can-of-soda,wood-table)": 0.846273347735405,
    "on-table(red-can-of-soda,black-table)": 0.1688511464798618,
    "on-table(red-can-of-soda,white-table)": 0.03766400713535253,
    "robot-gripper-empty()": 0.6049623229773715,
    "robot-gripping(milk-carton)": 0.2756675739462177,
    "robot-gripping(lemon)": 0.03329212230164558,
    "robot-gripping(green-bottle)": 0.028838253657643993,
    "robot-gripping(loaf-of-bread)": 0.17008520445475975,
    "robot-gripping(red-box-of-cereal)": 0.6750668523212274,
    "robot-gripping(red-can-of-soda)": 0.4894245007696251
}