{
    "on-table(milk-carton,wood-table)": 0.22059845823484162,
    "on-table(milk-carton,black-table)": 0.04251867037964985,
    "on-table(milk-carton,white-table)": 0.8203348728517691,
    "on-table(lemon,wood-table)": 0.47093540206939605,
    "on-table(lemon,black-table)": 0.7818020805716515,
    "on-table(lemon,white-table)": 0.004279390069617269,
    "on-table(green-bottle,wood-table)": 0.1696037287086559,
    "on-table(green-bottle,black-table)": 0.1695831375624645,
    "on-table(green-bottle,white-table)": 0.003364003699668198,
    "on-table(loaf-of-bread,wood-table)": 0.5513533094587425,
    "on-table(loaf-of-bread,black-table)": 0.11802453551596652,
    "on-table(loaf-of-bread,white-table)": 0.1333934561237887,
    "on-table(red-box-of-cereal,wood-table)": 0.012862932354134196,
    "on-table(red-box-of-cereal,black-table)": 0.00924555207893718,
    "on-table(red-box-of-cereal,white-table)": 0.6477429745718837,
    "on-table(red-can-of-soda,wood-table)": 0.15012098557296363,
    "on-table(red-can-of-soda,black-table)": 0.8247982948341814,
    "on-table(red-can-of-soda,white-table)": 0.3469841921796615,
    "robot-gripper-empty()": 0.4606415873082976,
    "robot-gripping(milk-carton)": 0.18720628305648765,
    "robot-gripping(lemon)": 0.13085620532122752,
    "robot-gripping(green-bottle)": 0.6550863299829265,
    "robot-gripping(loaf-of-bread)": 0.05663577218850454,
    "robot-gripping(red-box-of-cereal)": 0.0574636370195852,
    "robot-gripping(red-can-of-soda)": 0.05439509718659489
}