{
    "on-table(milk-carton,wood-table)": 0.3998453092450897,
    "on-table(milk-carton,black-table)": 0.5130593279997507,
    "on-table(milk-carton,white-table)": 0.1343319125007838,
    "on-table(lemon,wood-table)": 0.09498369340629627,
    "on-table(lemon,black-table)": 0.4764197274732093,
    "on-table(lemon,white-table)": 0.0523961275369705,
    "on-table(green-bottle,wood-table)": 0.03694471532071475,
    "on-table(green-bottle,black-table)": 0.2336181925056735,
    "on-table(green-bottle,white-table)": 0.23554565419908613,
    "on-table(loaf-of-bread,wood-table)": 0.246770361593614,
    "on-table(loaf-of-bread,black-table)": 0.3400422915195425,
    "on-table(loaf-of-bread,white-table)": 0.1830615810273836,
    "on-table(red-box-of-cereal,wood-table)": 0.585511191127201,
    "on-table(red-box-of-cereal,black-table)": 0.862148197988669,
    "on-table(red-box-of-cereal,white-table)": 0.027030498143479537,
    "on-table(red-can-of-soda,wood-table)": 0.8737691765030225,
    "on-table(red-can-of-soda,black-table)": 0.3394462994716984,
    "on-table(red-can-of-soda,white-table)": 0.004917576630608285,
    "robot-gripper-empty()": 0.7103500950615853,
    "robot-gripping(milk-carton)": 0.2118689672400554,
    "robot-gripping(lemon)": 0.26496550006171066,
    "robot-gripping(green-bottle)": 0.07944302588778858,
    "robot-gripping(loaf-of-bread)": 0.24822167043263713,
    "robot-gripping(red-box-of-cereal)": 0.15280393487773836,
    "robot-gripping(red-can-of-soda)": 0.09325350952955584
}