{
    "on-table(milk-carton,wood-table)": 0.6271177503901223,
    "on-table(milk-carton,black-table)": 0.46214760380886827,
    "on-table(milk-carton,white-table)": 0.08495235185212853,
    "on-table(lemon,wood-table)": 0.14717304322402924,
    "on-table(lemon,black-table)": 0.0011587467964394211,
    "on-table(lemon,white-table)": 0.9473468760649363,
    "on-table(green-bottle,wood-table)": 0.14661587626081504,
    "on-table(green-bottle,black-table)": 0.0010356868741231058,
    "on-table(green-bottle,white-table)": 0.834613696206361,
    "on-table(loaf-of-bread,wood-table)": 0.19990240293554962,
    "on-table(loaf-of-bread,black-table)": 0.5654533269504706,
    "on-table(loaf-of-bread,white-table)": 0.06834476285924514,
    "on-table(red-box-of-cereal,wood-table)": 0.33080488799896557,
    "on-table(red-box-of-cereal,black-table)": 0.9076129893461863,
    "on-table(red-box-of-cereal,white-table)": 0.039038742574727316,
    "on-table(red-can-of-soda,wood-table)": 0.8839720487594604,
    "on-table(red-can-of-soda,black-table)": 0.3495508828092018,
    "on-table(red-can-of-soda,white-table)": 0.004289551108892435,
    "robot-gripper-empty()": 0.8766970137755076,
    "robot-gripping(milk-carton)": 0.25728682925303775,
    "robot-gripping(lemon)": 0.04918845663390433,
    "robot-gripping(green-bottle)": 0.016623637687492494,
    "robot-gripping(loaf-of-bread)": 0.15178553946316242,
    "robot-gripping(red-box-of-cereal)": 0.17786964991440377,
    "robot-gripping(red-can-of-soda)": 0.25699064469275373
}