{
    "on-table(milk-carton,wood-table)": 0.8654999732971191,
    "on-table(milk-carton,black-table)": 0.17652331681953606,
    "on-table(milk-carton,white-table)": 0.010532910217686245,
    "on-table(lemon,wood-table)": 0.04217935912311077,
    "on-table(lemon,black-table)": 0.17782883373244354,
    "on-table(lemon,white-table)": 0.16932421408516043,
    "on-table(green-bottle,wood-table)": 0.03656854014843702,
    "on-table(green-bottle,black-table)": 0.00485093506525421,
    "on-table(green-bottle,white-table)": 0.980402946472168,
    "on-table(loaf-of-bread,wood-table)": 0.21843598037958145,
    "on-table(loaf-of-bread,black-table)": 0.09298701117101398,
    "on-table(loaf-of-bread,white-table)": 0.005540673582193752,
    "on-table(red-box-of-cereal,wood-table)": 0.5944441397344539,
    "on-table(red-box-of-cereal,black-table)": 0.2657723370563569,
    "on-table(red-box-of-cereal,white-table)": 0.006284443973224067,
    "on-table(red-can-of-soda,wood-table)": 0.9989319245020548,
    "on-table(red-can-of-soda,black-table)": 0.33304077374740854,
    "on-table(red-can-of-soda,white-table)": 0.0008891480821375808,
    "robot-gripper-empty()": 0.9381689727306366,
    "robot-gripping(milk-carton)": 0.14522811522086462,
    "robot-gripping(lemon)": 0.304259128558139,
    "robot-gripping(green-bottle)": 0.04637229069097278,
    "robot-gripping(loaf-of-bread)": 0.06250819641475876,
    "robot-gripping(red-box-of-cereal)": 0.022717860837777454,
    "robot-gripping(red-can-of-soda)": 0.100419113257279
}