{
    "on-table(milk-carton,wood-table)": 0.8022123376528422,
    "on-table(milk-carton,black-table)": 0.27072501625904505,
    "on-table(milk-carton,white-table)": 0.013485141297375472,
    "on-table(lemon,wood-table)": 0.062160559910504766,
    "on-table(lemon,black-table)": 0.8028959581424715,
    "on-table(lemon,white-table)": 0.1675327893223463,
    "on-table(green-bottle,wood-table)": 0.17931885861980845,
    "on-table(green-bottle,black-table)": 0.004223704945388818,
    "on-table(green-bottle,white-table)": 0.7732107115443796,
    "on-table(loaf-of-bread,wood-table)": 0.32594854353616637,
    "on-table(loaf-of-bread,black-table)": 0.12388494572951458,
    "on-table(loaf-of-bread,white-table)": 0.03835351579861405,
    "on-table(red-box-of-cereal,wood-table)": 0.995666891336441,
    "on-table(red-box-of-cereal,black-table)": 0.33907854509258567,
    "on-table(red-box-of-cereal,white-table)": 0.014861549140126348,
    "on-table(red-can-of-soda,wood-table)": 0.4905493953701807,
    "on-table(red-can-of-soda,black-table)": 0.8387295280893644,
    "on-table(red-can-of-soda,white-table)": 0.00933442368705073,
    "robot-gripper-empty()": 0.8552874028682709,
    "robot-gripping(milk-carton)": 0.44069325799743336,
    "robot-gripping(lemon)": 0.0893755458916227,
    "robot-gripping(green-bottle)": 0.0784564179678758,
    "robot-gripping(loaf-of-bread)": 0.13035480305552483,
    "robot-gripping(red-box-of-cereal)": 0.09975051072736581,
    "robot-gripping(red-can-of-soda)": 0.25764815881848335
}