{
    "on-table(milk-carton,wood-table)": 0.2613865329573552,
    "on-table(milk-carton,black-table)": 0.7345308313767115,
    "on-table(milk-carton,white-table)": 0.29579811124131083,
    "on-table(lemon,wood-table)": 0.03270156239159405,
    "on-table(lemon,black-table)": 0.02430353486124659,
    "on-table(lemon,white-table)": 0.049187077791430056,
    "on-table(green-bottle,wood-table)": 0.17112738009139625,
    "on-table(green-bottle,black-table)": 0.0033738771665336267,
    "on-table(green-bottle,white-table)": 0.8360020766655604,
    "on-table(loaf-of-bread,wood-table)": 0.3254185473391165,
    "on-table(loaf-of-bread,black-table)": 0.12350055389106274,
    "on-table(loaf-of-bread,white-table)": 0.061767718056216836,
    "on-table(red-box-of-cereal,wood-table)": 0.14342190065265945,
    "on-table(red-box-of-cereal,black-table)": 0.1925563482357878,
    "on-table(red-box-of-cereal,white-table)": 0.6662138625979424,
    "on-table(red-can-of-soda,wood-table)": 0.19916216147006102,
    "on-table(red-can-of-soda,black-table)": 0.12350605667537214,
    "on-table(red-can-of-soda,white-table)": 0.9980820914109548,
    "robot-gripper-empty()": 0.7841538886229197,
    "robot-gripping(milk-carton)": 0.5152139961719513,
    "robot-gripping(lemon)": 0.15466725826263428,
    "robot-gripping(green-bottle)": 0.11383470334112644,
    "robot-gripping(loaf-of-bread)": 0.2435366827994585,
    "robot-gripping(red-box-of-cereal)": 0.3292296410848697,
    "robot-gripping(red-can-of-soda)": 0.4426818663875262
}