{
    "on-table(milk-carton,wood-table)": 0.49725134946250665,
    "on-table(milk-carton,black-table)": 0.021670393323195942,
    "on-table(milk-carton,white-table)": 0.6479860442923382,
    "on-table(lemon,wood-table)": 0.17707579940664195,
    "on-table(lemon,black-table)": 0.834562816657126,
    "on-table(lemon,white-table)": 0.15460995149730175,
    "on-table(green-bottle,wood-table)": 0.16759902240301017,
    "on-table(green-bottle,black-table)": 0.8323718240717426,
    "on-table(green-bottle,white-table)": 0.006622107219982354,
    "on-table(loaf-of-bread,wood-table)": 0.23287247540429235,
    "on-table(loaf-of-bread,black-table)": 0.0844998720373648,
    "on-table(loaf-of-bread,white-table)": 0.5503635883020858,
    "on-table(red-box-of-cereal,wood-table)": 0.9658903777599335,
    "on-table(red-box-of-cereal,black-table)": 0.30990393095392693,
    "on-table(red-box-of-cereal,white-table)": 0.0429434179461623,
    "on-table(red-can-of-soda,wood-table)": 0.9569679796695709,
    "on-table(red-can-of-soda,black-table)": 0.314980971227025,
    "on-table(red-can-of-soda,white-table)": 0.01632807541962696,
    "robot-gripper-empty()": 0.9208099544048309,
    "robot-gripping(milk-carton)": 0.14628455663720766,
    "robot-gripping(lemon)": 0.10683162836357951,
    "robot-gripping(green-bottle)": 0.1800445390981622,
    "robot-gripping(loaf-of-bread)": 0.08965157546723883,
    "robot-gripping(red-box-of-cereal)": 0.1036487704453369,
    "robot-gripping(red-can-of-soda)": 0.17405877681449056
}