{
    "on-table(milk-carton,wood-table)": 0.3308616916959484,
    "on-table(milk-carton,black-table)": 0.045789042041481785,
    "on-table(milk-carton,white-table)": 0.16215083800004018,
    "on-table(lemon,wood-table)": 0.17234939884898873,
    "on-table(lemon,black-table)": 0.011217061942867682,
    "on-table(lemon,white-table)": 0.8669087017575899,
    "on-table(green-bottle,wood-table)": 0.16800369707440646,
    "on-table(green-bottle,black-table)": 0.16951494225031638,
    "on-table(green-bottle,white-table)": 0.0016866113225357064,
    "on-table(loaf-of-bread,wood-table)": 0.029216893153109897,
    "on-table(loaf-of-bread,black-table)": 0.003250680480050505,
    "on-table(loaf-of-bread,white-table)": 0.09791201128731093,
    "on-table(red-box-of-cereal,wood-table)": 0.011316893292435756,
    "on-table(red-box-of-cereal,black-table)": 0.04585892683826387,
    "on-table(red-box-of-cereal,white-table)": 0.18526785490757902,
    "on-table(red-can-of-soda,wood-table)": 0.16423698424478061,
    "on-table(red-can-of-soda,black-table)": 0.6881282950441042,
    "on-table(red-can-of-soda,white-table)": 0.050105599222054785,
    "robot-gripper-empty()": 0.4155913495051209,
    "robot-gripping(milk-carton)": 0.3517179304423432,
    "robot-gripping(lemon)": 0.05571161027182825,
    "robot-gripping(green-bottle)": 0.8029112632696828,
    "robot-gripping(loaf-of-bread)": 0.0736569066842397,
    "robot-gripping(red-box-of-cereal)": 0.04026905359933153,
    "robot-gripping(red-can-of-soda)": 0.1558795669892182
}