{
    "on-table(milk-carton,wood-table)": 0.2794798420121272,
    "on-table(milk-carton,black-table)": 0.11221506260335445,
    "on-table(milk-carton,white-table)": 0.2491541306177775,
    "on-table(lemon,wood-table)": 0.07060737279243767,
    "on-table(lemon,black-table)": 0.20383566904153363,
    "on-table(lemon,white-table)": 0.07746111834421754,
    "on-table(green-bottle,wood-table)": 0.0010984686911494161,
    "on-table(green-bottle,black-table)": 0.004168624591936047,
    "on-table(green-bottle,white-table)": 0.049527189706471596,
    "on-table(loaf-of-bread,wood-table)": 0.476516046289665,
    "on-table(loaf-of-bread,black-table)": 0.11411088441188137,
    "on-table(loaf-of-bread,white-table)": 0.3075497534979756,
    "on-table(red-box-of-cereal,wood-table)": 0.035012541202983506,
    "on-table(red-box-of-cereal,black-table)": 0.03603129405140256,
    "on-table(red-box-of-cereal,white-table)": 0.019852133865545813,
    "on-table(red-can-of-soda,wood-table)": 0.02535422469372861,
    "on-table(red-can-of-soda,black-table)": 0.06281834231049288,
    "on-table(red-can-of-soda,white-table)": 0.00899919748674923,
    "robot-gripper-empty()": 0.5919397434142107,
    "robot-gripping(milk-carton)": 0.4368818439543247,
    "robot-gripping(lemon)": 0.40113681616882485,
    "robot-gripping(green-bottle)": 0.09742193960119039,
    "robot-gripping(loaf-of-bread)": 0.3501482709155728,
    "robot-gripping(red-box-of-cereal)": 0.10265317105222493,
    "robot-gripping(red-can-of-soda)": 0.2716570033226162
}