{
    "on-table(milk-carton,wood-table)": 0.2590800461669763,
    "on-table(milk-carton,black-table)": 0.09756469788650672,
    "on-table(milk-carton,white-table)": 0.24122249397138754,
    "on-table(lemon,wood-table)": 0.08022579517758761,
    "on-table(lemon,black-table)": 0.22129265201510862,
    "on-table(lemon,white-table)": 0.1915796478278935,
    "on-table(green-bottle,wood-table)": 0.0012340713801677339,
    "on-table(green-bottle,black-table)": 0.0019929214540752582,
    "on-table(green-bottle,white-table)": 0.018282901274991065,
    "on-table(loaf-of-bread,wood-table)": 0.4949560135913392,
    "on-table(loaf-of-bread,black-table)": 0.15627140644937754,
    "on-table(loaf-of-bread,white-table)": 0.30106525648928556,
    "on-table(red-box-of-cereal,wood-table)": 0.03171878704840007,
    "on-table(red-box-of-cereal,black-table)": 0.04261528004523522,
    "on-table(red-box-of-cereal,white-table)": 0.025259252108905155,
    "on-table(red-can-of-soda,wood-table)": 0.01762749199406244,
    "on-table(red-can-of-soda,black-table)": 0.06580133997582986,
    "on-table(red-can-of-soda,white-table)": 0.008105995156559706,
    "robot-gripper-empty()": 0.6934023052453995,
    "robot-gripping(milk-carton)": 0.35419488946596783,
    "robot-gripping(lemon)": 0.3302707451706131,
    "robot-gripping(green-bottle)": 0.0854566846974194,
    "robot-gripping(loaf-of-bread)": 0.2733128663773338,
    "robot-gripping(red-box-of-cereal)": 0.1331437436165288,
    "robot-gripping(red-can-of-soda)": 0.28475597062303376
}