{
    "on-table(milk-carton,wood-table)": 0.1983741713144506,
    "on-table(milk-carton,black-table)": 0.040743227931670845,
    "on-table(milk-carton,white-table)": 0.7650195236007372,
    "on-table(lemon,wood-table)": 0.8378116814419627,
    "on-table(lemon,black-table)": 0.17787175190990942,
    "on-table(lemon,white-table)": 0.011340262436230356,
    "on-table(green-bottle,wood-table)": 0.23998586682622167,
    "on-table(green-bottle,black-table)": 0.995294839143753,
    "on-table(green-bottle,white-table)": 0.018593148828889145,
    "on-table(loaf-of-bread,wood-table)": 0.18105693627148867,
    "on-table(loaf-of-bread,black-table)": 0.1422385713182545,
    "on-table(loaf-of-bread,white-table)": 0.3999025874460737,
    "on-table(red-box-of-cereal,wood-table)": 0.15870178997283801,
    "on-table(red-box-of-cereal,black-table)": 0.13470254273852333,
    "on-table(red-box-of-cereal,white-table)": 0.8795348803202311,
    "on-table(red-can-of-soda,wood-table)": 0.10223127280187327,
    "on-table(red-can-of-soda,black-table)": 0.5428788699719007,
    "on-table(red-can-of-soda,white-table)": 0.5753170866664732,
    "robot-gripper-empty()": 0.9694324632485708,
    "robot-gripping(milk-carton)": 0.09721809004743893,
    "robot-gripping(lemon)": 0.16910397183770934,
    "robot-gripping(green-bottle)": 0.017470834505123396,
    "robot-gripping(loaf-of-bread)": 0.07551453510920207,
    "robot-gripping(red-box-of-cereal)": 0.05450690285457919,
    "robot-gripping(red-can-of-soda)": 0.07205839199014008
}