{
    "on-table(milk-carton,wood-table)": 0.5099869791107873,
    "on-table(milk-carton,black-table)": 0.5399063892352084,
    "on-table(milk-carton,white-table)": 0.19124015028743693,
    "on-table(lemon,wood-table)": 0.1919298093416728,
    "on-table(lemon,black-table)": 0.7880181620518366,
    "on-table(lemon,white-table)": 0.07114088160369647,
    "on-table(green-bottle,wood-table)": 0.1772307192950393,
    "on-table(green-bottle,black-table)": 0.8522419879833857,
    "on-table(green-bottle,white-table)": 0.010994554981910673,
    "on-table(loaf-of-bread,wood-table)": 0.22677170167056224,
    "on-table(loaf-of-bread,black-table)": 0.1441626213490963,
    "on-table(loaf-of-bread,white-table)": 0.20287338449270464,
    "on-table(red-box-of-cereal,wood-table)": 0.20337459691412127,
    "on-table(red-box-of-cereal,black-table)": 0.8949235280354818,
    "on-table(red-box-of-cereal,white-table)": 0.16861969795718323,
    "on-table(red-can-of-soda,wood-table)": 0.390263767830523,
    "on-table(red-can-of-soda,black-table)": 0.575706923918915,
    "on-table(red-can-of-soda,white-table)": 0.16125558549538255,
    "robot-gripper-empty()": 0.8944487671057383,
    "robot-gripping(milk-carton)": 0.31148460196952027,
    "robot-gripping(lemon)": 0.05573098827153444,
    "robot-gripping(green-bottle)": 0.04888230562210083,
    "robot-gripping(loaf-of-bread)": 0.0783448393146197,
    "robot-gripping(red-box-of-cereal)": 0.20189772375548878,
    "robot-gripping(red-can-of-soda)": 0.5786488140001893
}