{
    "on-table(milk-carton,wood-table)": 0.18086259797564708,
    "on-table(milk-carton,black-table)": 0.004061470148371882,
    "on-table(milk-carton,white-table)": 0.7299108250687519,
    "on-table(lemon,wood-table)": 0.4824728184030391,
    "on-table(lemon,black-table)": 0.8668790136774381,
    "on-table(lemon,white-table)": 0.001440149849865217,
    "on-table(green-bottle,wood-table)": 0.9969583948453268,
    "on-table(green-bottle,black-table)": 0.33276216108828294,
    "on-table(green-bottle,white-table)": 0.000800760284713912,
    "on-table(loaf-of-bread,wood-table)": 0.5993823939934373,
    "on-table(loaf-of-bread,black-table)": 0.07390542045322945,
    "on-table(loaf-of-bread,white-table)": 0.14901877011046358,
    "on-table(red-box-of-cereal,wood-table)": 0.1763224563910626,
    "on-table(red-box-of-cereal,black-table)": 0.01131156452659828,
    "on-table(red-box-of-cereal,white-table)": 0.8133867221573988,
    "on-table(red-can-of-soda,wood-table)": 0.1671829508850351,
    "on-table(red-can-of-soda,black-table)": 0.8295451168281337,
    "on-table(red-can-of-soda,white-table)": 0.16940336599054717,
    "robot-gripper-empty()": 0.8259270638227463,
    "robot-gripping(milk-carton)": 0.11314768390730023,
    "robot-gripping(lemon)": 0.029845741111785173,
    "robot-gripping(green-bottle)": 0.17237617834083116,
    "robot-gripping(loaf-of-bread)": 0.18649690955256423,
    "robot-gripping(red-box-of-cereal)": 0.07381982395600062,
    "robot-gripping(red-can-of-soda)": 0.15589672127195323
}