{
    "on-table(milk-carton,wood-table)": 0.27974655479192734,
    "on-table(milk-carton,black-table)": 0.18487571751878326,
    "on-table(milk-carton,white-table)": 0.6192267434671521,
    "on-table(lemon,wood-table)": 0.83737913860629,
    "on-table(lemon,black-table)": 0.16695494909769573,
    "on-table(lemon,white-table)": 0.013678475112707625,
    "on-table(green-bottle,wood-table)": 0.16291462640462365,
    "on-table(green-bottle,black-table)": 0.006047744652410832,
    "on-table(green-bottle,white-table)": 0.9833029309908549,
    "on-table(loaf-of-bread,wood-table)": 0.15261188141691187,
    "on-table(loaf-of-bread,black-table)": 0.007780629869860907,
    "on-table(loaf-of-bread,white-table)": 0.2734129493474029,
    "on-table(red-box-of-cereal,wood-table)": 0.3060940729919821,
    "on-table(red-box-of-cereal,black-table)": 0.18174506585637573,
    "on-table(red-box-of-cereal,white-table)": 0.7707930523126075,
    "on-table(red-can-of-soda,wood-table)": 0.17881136244007698,
    "on-table(red-can-of-soda,black-table)": 0.7743598620096842,
    "on-table(red-can-of-soda,white-table)": 0.33637196658279817,
    "robot-gripper-empty()": 0.9694402019182841,
    "robot-gripping(milk-carton)": 0.11741834071775277,
    "robot-gripping(lemon)": 0.1665725358761847,
    "robot-gripping(green-bottle)": 0.009696543536847457,
    "robot-gripping(loaf-of-bread)": 0.09358329372480512,
    "robot-gripping(red-box-of-cereal)": 0.03638584583920116,
    "robot-gripping(red-can-of-soda)": 0.05364458484109491
}