{
    "on-table(milk-carton,wood-table)": 0.40337954958279926,
    "on-table(milk-carton,black-table)": 0.5449716016106928,
    "on-table(milk-carton,white-table)": 0.17142934086344516,
    "on-table(lemon,wood-table)": 0.16994652867045565,
    "on-table(lemon,black-table)": 0.6425307310904221,
    "on-table(lemon,white-table)": 0.18576571071268214,
    "on-table(green-bottle,wood-table)": 0.0008900653568465108,
    "on-table(green-bottle,black-table)": 0.013146940425940556,
    "on-table(green-bottle,white-table)": 0.32192113472531975,
    "on-table(loaf-of-bread,wood-table)": 0.49888100381940603,
    "on-table(loaf-of-bread,black-table)": 0.0034063329997782907,
    "on-table(loaf-of-bread,white-table)": 0.5132007834812006,
    "on-table(red-box-of-cereal,wood-table)": 0.9268101751804352,
    "on-table(red-box-of-cereal,black-table)": 0.2110662789594547,
    "on-table(red-box-of-cereal,white-table)": 0.15647933771257763,
    "on-table(red-can-of-soda,wood-table)": 0.6672776489479778,
    "on-table(red-can-of-soda,black-table)": 0.6623965840990422,
    "on-table(red-can-of-soda,white-table)": 0.10792339465266802,
    "robot-gripper-empty()": 0.9333834648132324,
    "robot-gripping(milk-carton)": 0.12301996909081936,
    "robot-gripping(lemon)": 0.045018298900686204,
    "robot-gripping(green-bottle)": 0.02712995553156361,
    "robot-gripping(loaf-of-bread)": 0.12537599184239903,
    "robot-gripping(red-box-of-cereal)": 0.13971129564257959,
    "robot-gripping(red-can-of-soda)": 0.17164173861965537
}