{
    "on-table(milk-carton,wood-table)": 0.7841146290302277,
    "on-table(milk-carton,black-table)": 0.17281075251109237,
    "on-table(milk-carton,white-table)": 0.06156074168757186,
    "on-table(lemon,wood-table)": 0.8344184554492434,
    "on-table(lemon,black-table)": 0.16718556049191116,
    "on-table(lemon,white-table)": 0.0015263328642163287,
    "on-table(green-bottle,wood-table)": 0.8338238908133159,
    "on-table(green-bottle,black-table)": 0.16771649510049733,
    "on-table(green-bottle,white-table)": 0.0014890623381991948,
    "on-table(loaf-of-bread,wood-table)": 0.36649860969434184,
    "on-table(loaf-of-bread,black-table)": 0.03306839822713906,
    "on-table(loaf-of-bread,white-table)": 0.01800808823706272,
    "on-table(red-box-of-cereal,wood-table)": 0.7824674670894941,
    "on-table(red-box-of-cereal,black-table)": 0.012538599551286703,
    "on-table(red-box-of-cereal,white-table)": 0.1939156042850906,
    "on-table(red-can-of-soda,wood-table)": 0.33724072819707845,
    "on-table(red-can-of-soda,black-table)": 0.0010233327254051499,
    "on-table(red-can-of-soda,white-table)": 0.8390914077560107,
    "robot-gripper-empty()": 0.9583017230033875,
    "robot-gripping(milk-carton)": 0.14742766817410788,
    "robot-gripping(lemon)": 0.04287078115157783,
    "robot-gripping(green-bottle)": 0.12347436366447558,
    "robot-gripping(loaf-of-bread)": 0.09237323561683297,
    "robot-gripping(red-box-of-cereal)": 0.07825262208158772,
    "robot-gripping(red-can-of-soda)": 0.12347569801689436
}