{
    "on-table(milk-carton,wood-table)": 0.7855858740707239,
    "on-table(milk-carton,black-table)": 0.17429968123178696,
    "on-table(milk-carton,white-table)": 0.13781662024363564,
    "on-table(lemon,wood-table)": 0.13546838431890743,
    "on-table(lemon,black-table)": 0.8233529622618031,
    "on-table(lemon,white-table)": 0.16715391657392806,
    "on-table(green-bottle,wood-table)": 0.1681019058645082,
    "on-table(green-bottle,black-table)": 0.001568783711566842,
    "on-table(green-bottle,white-table)": 0.8345572298082212,
    "on-table(loaf-of-bread,wood-table)": 0.11690586588035028,
    "on-table(loaf-of-bread,black-table)": 0.04809209855739027,
    "on-table(loaf-of-bread,white-table)": 0.352320824827378,
    "on-table(red-box-of-cereal,wood-table)": 0.19127498722324768,
    "on-table(red-box-of-cereal,black-table)": 0.1747577112497917,
    "on-table(red-box-of-cereal,white-table)": 0.7118442965050539,
    "on-table(red-can-of-soda,wood-table)": 0.28842078771898133,
    "on-table(red-can-of-soda,black-table)": 0.7600359966357549,
    "on-table(red-can-of-soda,white-table)": 0.12252644194086315,
    "robot-gripper-empty()": 0.9654596944650015,
    "robot-gripping(milk-carton)": 0.1571898190304637,
    "robot-gripping(lemon)": 0.03431471790342281,
    "robot-gripping(green-bottle)": 0.01438509055878967,
    "robot-gripping(loaf-of-bread)": 0.061412340961396694,
    "robot-gripping(red-box-of-cereal)": 0.03981951163344396,
    "robot-gripping(red-can-of-soda)": 0.11287819826975465
}