{
    "on-table(milk-carton,wood-table)": 0.19330564929744773,
    "on-table(milk-carton,black-table)": 0.25358157442133233,
    "on-table(milk-carton,white-table)": 0.7069584739704927,
    "on-table(lemon,wood-table)": 0.2833842110509674,
    "on-table(lemon,black-table)": 0.0773674464397421,
    "on-table(lemon,white-table)": 0.8310566817720731,
    "on-table(green-bottle,wood-table)": 0.28553202457987936,
    "on-table(green-bottle,black-table)": 0.4939415691551403,
    "on-table(green-bottle,white-table)": 0.12993837331911587,
    "on-table(loaf-of-bread,wood-table)": 0.11893975668742011,
    "on-table(loaf-of-bread,black-table)": 0.3584525821909968,
    "on-table(loaf-of-bread,white-table)": 0.3316511091349336,
    "on-table(red-box-of-cereal,wood-table)": 0.1924680920007328,
    "on-table(red-box-of-cereal,black-table)": 0.7092362362891436,
    "on-table(red-box-of-cereal,white-table)": 0.03534688922324373,
    "on-table(red-can-of-soda,wood-table)": 0.9938610990842184,
    "on-table(red-can-of-soda,black-table)": 0.33319863595700855,
    "on-table(red-can-of-soda,white-table)": 0.00633028957050404,
    "robot-gripper-empty()": 0.9095173180103302,
    "robot-gripping(milk-carton)": 0.12973943368221322,
    "robot-gripping(lemon)": 0.10535163308183353,
    "robot-gripping(green-bottle)": 0.11838307542105515,
    "robot-gripping(loaf-of-bread)": 0.07416393049061298,
    "robot-gripping(red-box-of-cereal)": 0.06330757029354572,
    "robot-gripping(red-can-of-soda)": 0.19474598222101727
}