{
    "on-table(milk-carton,wood-table)": 0.3516178779439845,
    "on-table(milk-carton,black-table)": 0.6666493966865042,
    "on-table(milk-carton,white-table)": 0.14059957617791952,
    "on-table(lemon,wood-table)": 0.027727053500711918,
    "on-table(lemon,black-table)": 0.00743480344923834,
    "on-table(lemon,white-table)": 0.036391383793670684,
    "on-table(green-bottle,wood-table)": 0.16981625509894607,
    "on-table(green-bottle,black-table)": 0.172136219155315,
    "on-table(green-bottle,white-table)": 0.0019933953299187124,
    "on-table(loaf-of-bread,wood-table)": 0.3744200144622785,
    "on-table(loaf-of-bread,black-table)": 0.0031881907088973094,
    "on-table(loaf-of-bread,white-table)": 0.6525950341795882,
    "on-table(red-box-of-cereal,wood-table)": 0.18303326944442233,
    "on-table(red-box-of-cereal,black-table)": 0.017273857087275246,
    "on-table(red-box-of-cereal,white-table)": 0.9161166896422704,
    "on-table(red-can-of-soda,wood-table)": 0.34926825508106657,
    "on-table(red-can-of-soda,black-table)": 0.0624639993893652,
    "on-table(red-can-of-soda,white-table)": 0.6350354739006434,
    "robot-gripper-empty()": 0.3711431251819401,
    "robot-gripping(milk-carton)": 0.19552124928062162,
    "robot-gripping(lemon)": 0.3897504949321349,
    "robot-gripping(green-bottle)": 0.7994789090007544,
    "robot-gripping(loaf-of-bread)": 0.04666572425048798,
    "robot-gripping(red-box-of-cereal)": 0.025429648002803635,
    "robot-gripping(red-can-of-soda)": 0.21176288067363203
}