{
    "on-table(milk-carton,wood-table)": 0.18147455093761286,
    "on-table(milk-carton,black-table)": 0.41425022669136524,
    "on-table(milk-carton,white-table)": 0.04842781315286023,
    "on-table(lemon,wood-table)": 0.22493521281285211,
    "on-table(lemon,black-table)": 0.00930944895291456,
    "on-table(lemon,white-table)": 0.6724560339159021,
    "on-table(green-bottle,wood-table)": 0.17327695691104358,
    "on-table(green-bottle,black-table)": 0.002217024271203627,
    "on-table(green-bottle,white-table)": 0.8348170993849635,
    "on-table(loaf-of-bread,wood-table)": 0.31875534107287723,
    "on-table(loaf-of-bread,black-table)": 0.6170819091300169,
    "on-table(loaf-of-bread,white-table)": 0.05669980607975352,
    "on-table(red-box-of-cereal,wood-table)": 0.18792198427642384,
    "on-table(red-box-of-cereal,black-table)": 0.20622260496020317,
    "on-table(red-box-of-cereal,white-table)": 0.17761828507840013,
    "on-table(red-can-of-soda,wood-table)": 0.14162765387057638,
    "on-table(red-can-of-soda,black-table)": 0.19698661381577645,
    "on-table(red-can-of-soda,white-table)": 0.6360743818804622,
    "robot-gripper-empty()": 0.634261755233941,
    "robot-gripping(milk-carton)": 0.597398596505324,
    "robot-gripping(lemon)": 0.06554362379635374,
    "robot-gripping(green-bottle)": 0.03142901549775464,
    "robot-gripping(loaf-of-bread)": 0.21362738218158484,
    "robot-gripping(red-box-of-cereal)": 0.5744160497561097,
    "robot-gripping(red-can-of-soda)": 0.600139943882823
}