{
    "on-table(milk-carton,wood-table)": 0.2531655269364516,
    "on-table(milk-carton,black-table)": 0.11018783537050088,
    "on-table(milk-carton,white-table)": 0.2513427635033925,
    "on-table(lemon,wood-table)": 0.09881230005218337,
    "on-table(lemon,black-table)": 0.23189062339952216,
    "on-table(lemon,white-table)": 0.19848035648465157,
    "on-table(green-bottle,wood-table)": 0.00141555684482834,
    "on-table(green-bottle,black-table)": 0.00538628846576709,
    "on-table(green-bottle,white-table)": 0.06989371064022028,
    "on-table(loaf-of-bread,wood-table)": 0.5094288811863711,
    "on-table(loaf-of-bread,black-table)": 0.16391258093062788,
    "on-table(loaf-of-bread,white-table)": 0.3479079448346359,
    "on-table(red-box-of-cereal,wood-table)": 0.05250586875869582,
    "on-table(red-box-of-cereal,black-table)": 0.058130037922334545,
    "on-table(red-box-of-cereal,white-table)": 0.03501523372445566,
    "on-table(red-can-of-soda,wood-table)": 0.02944720354086409,
    "on-table(red-can-of-soda,black-table)": 0.11126071068671688,
    "on-table(red-can-of-soda,white-table)": 0.012184707525496682,
    "robot-gripper-empty()": 0.6082173908750216,
    "robot-gripping(milk-carton)": 0.3692827820777893,
    "robot-gripping(lemon)": 0.37201617285609245,
    "robot-gripping(green-bottle)": 0.11511502176290378,
    "robot-gripping(loaf-of-bread)": 0.3134934538199256,
    "robot-gripping(red-box-of-cereal)": 0.14392192826683944,
    "robot-gripping(red-can-of-soda)": 0.3415727958005543
}