{
    "on-table(milk-carton,wood-table)": 0.7982241163651148,
    "on-table(milk-carton,black-table)": 0.21240305267171303,
    "on-table(milk-carton,white-table)": 0.1634350981633664,
    "on-table(lemon,wood-table)": 0.1691410094887639,
    "on-table(lemon,black-table)": 0.16258594745515134,
    "on-table(lemon,white-table)": 0.7461933875456452,
    "on-table(green-bottle,wood-table)": 0.15742104916716926,
    "on-table(green-bottle,black-table)": 0.8333710333293615,
    "on-table(green-bottle,white-table)": 0.007140847839157989,
    "on-table(loaf-of-bread,wood-table)": 0.3960091240393619,
    "on-table(loaf-of-bread,black-table)": 0.055026594132262595,
    "on-table(loaf-of-bread,white-table)": 0.3815002404153347,
    "on-table(red-box-of-cereal,wood-table)": 0.9953560928503672,
    "on-table(red-box-of-cereal,black-table)": 0.16957918234281047,
    "on-table(red-box-of-cereal,white-table)": 0.17139060770932701,
    "on-table(red-can-of-soda,wood-table)": 0.5056333942096293,
    "on-table(red-can-of-soda,black-table)": 0.0023066238700266695,
    "on-table(red-can-of-soda,white-table)": 0.8363451485832533,
    "robot-gripper-empty()": 0.9520350098609924,
    "robot-gripping(milk-carton)": 0.17748084602256617,
    "robot-gripping(lemon)": 0.08126087052126725,
    "robot-gripping(green-bottle)": 0.23101382656022906,
    "robot-gripping(loaf-of-bread)": 0.09704067371785641,
    "robot-gripping(red-box-of-cereal)": 0.07810301535452406,
    "robot-gripping(red-can-of-soda)": 0.13797373433286944
}