{
    "on-table(milk-carton,wood-table)": 0.14671741658821702,
    "on-table(milk-carton,black-table)": 0.7846377963821093,
    "on-table(milk-carton,white-table)": 0.19274055345643623,
    "on-table(lemon,wood-table)": 0.0007248774882100406,
    "on-table(lemon,black-table)": 0.0006272994202542274,
    "on-table(lemon,white-table)": 0.0017792737295773502,
    "on-table(green-bottle,wood-table)": 0.16797198728212,
    "on-table(green-bottle,black-table)": 0.16979951039805505,
    "on-table(green-bottle,white-table)": 0.00084862974229812,
    "on-table(loaf-of-bread,wood-table)": 0.20155287673696876,
    "on-table(loaf-of-bread,black-table)": 0.19261026328119138,
    "on-table(loaf-of-bread,white-table)": 0.528705260095497,
    "on-table(red-box-of-cereal,wood-table)": 0.7023157813431075,
    "on-table(red-box-of-cereal,black-table)": 0.6784852858011922,
    "on-table(red-box-of-cereal,white-table)": 0.0022355331275321078,
    "on-table(red-can-of-soda,wood-table)": 0.9430409570535024,
    "on-table(red-can-of-soda,black-table)": 0.3398289648251496,
    "on-table(red-can-of-soda,white-table)": 0.00047887102467332926,
    "robot-gripper-empty()": 0.5229063230217434,
    "robot-gripping(milk-carton)": 0.28890542561809224,
    "robot-gripping(lemon)": 0.09111781410562496,
    "robot-gripping(green-bottle)": 0.6966632615464429,
    "robot-gripping(loaf-of-bread)": 0.06585350368792812,
    "robot-gripping(red-box-of-cereal)": 0.04646678419279245,
    "robot-gripping(red-can-of-soda)": 0.1855208869674243
}