{
    "on-table(milk-carton,wood-table)": 0.12062729708850384,
    "on-table(milk-carton,black-table)": 0.02192122350243153,
    "on-table(milk-carton,white-table)": 0.606422575811545,
    "on-table(lemon,wood-table)": 0.5025706131515714,
    "on-table(lemon,black-table)": 0.18447738243829312,
    "on-table(lemon,white-table)": 0.8355813007801771,
    "on-table(green-bottle,wood-table)": 0.3274222656036727,
    "on-table(green-bottle,black-table)": 0.9977514843146006,
    "on-table(green-bottle,white-table)": 0.0664293810352774,
    "on-table(loaf-of-bread,wood-table)": 0.27889991986254853,
    "on-table(loaf-of-bread,black-table)": 0.02449904675207411,
    "on-table(loaf-of-bread,white-table)": 0.5743724506658813,
    "on-table(red-box-of-cereal,wood-table)": 0.13547108877295008,
    "on-table(red-box-of-cereal,black-table)": 0.010490823039466099,
    "on-table(red-box-of-cereal,white-table)": 0.9342938661575317,
    "on-table(red-can-of-soda,wood-table)": 0.19707844260847196,
    "on-table(red-can-of-soda,black-table)": 0.007143034271697009,
    "on-table(red-can-of-soda,white-table)": 0.976196825504303,
    "robot-gripper-empty()": 0.9371903538703918,
    "robot-gripping(milk-carton)": 0.1313815408696731,
    "robot-gripping(lemon)": 0.07445689310164501,
    "robot-gripping(green-bottle)": 0.07997401063039433,
    "robot-gripping(loaf-of-bread)": 0.125917909356455,
    "robot-gripping(red-box-of-cereal)": 0.07809463430506487,
    "robot-gripping(red-can-of-soda)": 0.15938111767172813
}