{
    "on-table(milk-carton,wood-table)": 0.6359535406033198,
    "on-table(milk-carton,black-table)": 0.13736498918539533,
    "on-table(milk-carton,white-table)": 0.05249188051190382,
    "on-table(lemon,wood-table)": 0.1697433911516176,
    "on-table(lemon,black-table)": 0.011430661563053945,
    "on-table(lemon,white-table)": 0.9878876904646555,
    "on-table(green-bottle,wood-table)": 0.1657566848322555,
    "on-table(green-bottle,black-table)": 0.005595614643728671,
    "on-table(green-bottle,white-table)": 0.95890740553538,
    "on-table(loaf-of-bread,wood-table)": 0.38003656291402876,
    "on-table(loaf-of-bread,black-table)": 0.16765833031968214,
    "on-table(loaf-of-bread,white-table)": 0.09932867899381866,
    "on-table(red-box-of-cereal,wood-table)": 0.8901004244883856,
    "on-table(red-box-of-cereal,black-table)": 0.3316817807256787,
    "on-table(red-box-of-cereal,white-table)": 0.030522960194502957,
    "on-table(red-can-of-soda,wood-table)": 0.44605249135080766,
    "on-table(red-can-of-soda,black-table)": 0.8458867197235426,
    "on-table(red-can-of-soda,white-table)": 0.011084259668677987,
    "robot-gripper-empty()": 0.7900839000940323,
    "robot-gripping(milk-carton)": 0.469804372638464,
    "robot-gripping(lemon)": 0.026133278540025156,
    "robot-gripping(green-bottle)": 0.030615882637600105,
    "robot-gripping(loaf-of-bread)": 0.19294466947515806,
    "robot-gripping(red-box-of-cereal)": 0.20747534092515707,
    "robot-gripping(red-can-of-soda)": 0.34580234810709953
}