{
    "on-table(milk-carton,wood-table)": 0.8803756634394327,
    "on-table(milk-carton,black-table)": 0.287615221721353,
    "on-table(milk-carton,white-table)": 0.0554325859460126,
    "on-table(lemon,wood-table)": 0.0694346649106592,
    "on-table(lemon,black-table)": 0.3991407154438396,
    "on-table(lemon,white-table)": 0.02841159404973344,
    "on-table(green-bottle,wood-table)": 0.1677165466195826,
    "on-table(green-bottle,black-table)": 0.002113600155022747,
    "on-table(green-bottle,white-table)": 0.8347071195021272,
    "on-table(loaf-of-bread,wood-table)": 0.19093062356114388,
    "on-table(loaf-of-bread,black-table)": 0.6458908868953586,
    "on-table(loaf-of-bread,white-table)": 0.012354224609831968,
    "on-table(red-box-of-cereal,wood-table)": 0.23146035561027625,
    "on-table(red-box-of-cereal,black-table)": 0.5061809972782308,
    "on-table(red-box-of-cereal,white-table)": 0.05513370372743035,
    "on-table(red-can-of-soda,wood-table)": 0.18591885286635565,
    "on-table(red-can-of-soda,black-table)": 0.20233175853354624,
    "on-table(red-can-of-soda,white-table)": 0.004974434734322131,
    "robot-gripper-empty()": 0.8343258400758108,
    "robot-gripping(milk-carton)": 0.21595877998818955,
    "robot-gripping(lemon)": 0.08720606891438365,
    "robot-gripping(green-bottle)": 0.014462727607072642,
    "robot-gripping(loaf-of-bread)": 0.0998244397342205,
    "robot-gripping(red-box-of-cereal)": 0.27912686990263563,
    "robot-gripping(red-can-of-soda)": 0.6228908561170101
}