{
    "on-table(milk-carton,wood-table)": 0.155277782275031,
    "on-table(milk-carton,black-table)": 0.7229225523769855,
    "on-table(milk-carton,white-table)": 0.040086663907762464,
    "on-table(lemon,wood-table)": 0.1998202585382387,
    "on-table(lemon,black-table)": 0.007140420738020718,
    "on-table(lemon,white-table)": 0.8475623428821564,
    "on-table(green-bottle,wood-table)": 0.17172253411263227,
    "on-table(green-bottle,black-table)": 0.006628037466877383,
    "on-table(green-bottle,white-table)": 0.8386405197282633,
    "on-table(loaf-of-bread,wood-table)": 0.2879331571360429,
    "on-table(loaf-of-bread,black-table)": 0.6124324481934309,
    "on-table(loaf-of-bread,white-table)": 0.04077437927480787,
    "on-table(red-box-of-cereal,wood-table)": 0.18264393233888163,
    "on-table(red-box-of-cereal,black-table)": 0.8296857997775078,
    "on-table(red-box-of-cereal,white-table)": 0.010294692904911548,
    "on-table(red-can-of-soda,wood-table)": 0.17881472889954844,
    "on-table(red-can-of-soda,black-table)": 0.8311682442824045,
    "on-table(red-can-of-soda,white-table)": 0.00602791523730654,
    "robot-gripper-empty()": 0.9301457206408182,
    "robot-gripping(milk-carton)": 0.2709315282603105,
    "robot-gripping(lemon)": 0.05496052745729685,
    "robot-gripping(green-bottle)": 0.023632643511518836,
    "robot-gripping(loaf-of-bread)": 0.11223272917171319,
    "robot-gripping(red-box-of-cereal)": 0.20181072472284237,
    "robot-gripping(red-can-of-soda)": 0.5770598196734985
}