{
    "on-table(milk-carton,wood-table)": 0.38421528906716657,
    "on-table(milk-carton,black-table)": 0.8253884613513947,
    "on-table(milk-carton,white-table)": 0.02110848894274871,
    "on-table(lemon,wood-table)": 0.1039330019945434,
    "on-table(lemon,black-table)": 0.9347523152828217,
    "on-table(lemon,white-table)": 0.0036691986984654554,
    "on-table(green-bottle,wood-table)": 0.16462910550520368,
    "on-table(green-bottle,black-table)": 0.007094563359563229,
    "on-table(green-bottle,white-table)": 0.9631051023801168,
    "on-table(loaf-of-bread,wood-table)": 0.6839372579318782,
    "on-table(loaf-of-bread,black-table)": 0.11777655454352498,
    "on-table(loaf-of-bread,white-table)": 0.028909958465798507,
    "on-table(red-box-of-cereal,wood-table)": 0.052618387523883335,
    "on-table(red-box-of-cereal,black-table)": 0.6998858703300357,
    "on-table(red-box-of-cereal,white-table)": 0.0778416891892751,
    "on-table(red-can-of-soda,wood-table)": 0.16772440442582592,
    "on-table(red-can-of-soda,black-table)": 0.13102418906540456,
    "on-table(red-can-of-soda,white-table)": 0.6712662281158069,
    "robot-gripper-empty()": 0.9277955591678619,
    "robot-gripping(milk-carton)": 0.19037327791253725,
    "robot-gripping(lemon)": 0.10377194356018056,
    "robot-gripping(green-bottle)": 0.037833898328244686,
    "robot-gripping(loaf-of-bread)": 0.20268909074366093,
    "robot-gripping(red-box-of-cereal)": 0.14870453455174962,
    "robot-gripping(red-can-of-soda)": 0.23917545351044586
}