{
    "on-table(milk-carton,wood-table)": 0.3094431277907764,
    "on-table(milk-carton,black-table)": 0.13556187278967022,
    "on-table(milk-carton,white-table)": 0.8046028564373652,
    "on-table(lemon,wood-table)": 0.056061972049064934,
    "on-table(lemon,black-table)": 0.18971489257819485,
    "on-table(lemon,white-table)": 0.11241683387197554,
    "on-table(green-bottle,wood-table)": 0.13004730278044008,
    "on-table(green-bottle,black-table)": 0.011787885183215016,
    "on-table(green-bottle,white-table)": 0.8437961253027121,
    "on-table(loaf-of-bread,wood-table)": 0.2863712503264348,
    "on-table(loaf-of-bread,black-table)": 0.014758683779897789,
    "on-table(loaf-of-bread,white-table)": 0.1396641528214483,
    "on-table(red-box-of-cereal,wood-table)": 0.25550449430011213,
    "on-table(red-box-of-cereal,black-table)": 0.030378223656953196,
    "on-table(red-box-of-cereal,white-table)": 0.6594414903471867,
    "on-table(red-can-of-soda,wood-table)": 0.3645408564868073,
    "on-table(red-can-of-soda,black-table)": 0.027394031054730778,
    "on-table(red-can-of-soda,white-table)": 0.9949453175067902,
    "robot-gripper-empty()": 0.6970822128932923,
    "robot-gripping(milk-carton)": 0.24154097152252993,
    "robot-gripping(lemon)": 0.36458056295911473,
    "robot-gripping(green-bottle)": 0.03170030090647439,
    "robot-gripping(loaf-of-bread)": 0.25893088802695274,
    "robot-gripping(red-box-of-cereal)": 0.226230225370576,
    "robot-gripping(red-can-of-soda)": 0.2673695341994365
}