{
    "on-table(milk-carton,wood-table)": 0.20125122275203466,
    "on-table(milk-carton,black-table)": 0.0700088357552886,
    "on-table(milk-carton,white-table)": 0.007086088434637834,
    "on-table(lemon,wood-table)": 0.8341542601895829,
    "on-table(lemon,black-table)": 0.16429688215646365,
    "on-table(lemon,white-table)": 0.00419358482865088,
    "on-table(green-bottle,wood-table)": 0.16883216359080203,
    "on-table(green-bottle,black-table)": 0.015672308154838294,
    "on-table(green-bottle,white-table)": 0.9716698229312897,
    "on-table(loaf-of-bread,wood-table)": 0.26805783338689554,
    "on-table(loaf-of-bread,black-table)": 0.04007266874153478,
    "on-table(loaf-of-bread,white-table)": 0.01602225031577594,
    "on-table(red-box-of-cereal,wood-table)": 0.3231944563255335,
    "on-table(red-box-of-cereal,black-table)": 0.03252288510945315,
    "on-table(red-box-of-cereal,white-table)": 0.0021075860859127715,
    "on-table(red-can-of-soda,wood-table)": 0.832812212446394,
    "on-table(red-can-of-soda,black-table)": 0.16747836002351355,
    "on-table(red-can-of-soda,white-table)": 0.015573966651383367,
    "robot-gripper-empty()": 0.966612716515859,
    "robot-gripping(milk-carton)": 0.11254856052498023,
    "robot-gripping(lemon)": 0.11690757408117254,
    "robot-gripping(green-bottle)": 0.04366498014618022,
    "robot-gripping(loaf-of-bread)": 0.10917405073026505,
    "robot-gripping(red-box-of-cereal)": 0.03826090367025851,
    "robot-gripping(red-can-of-soda)": 0.15896767330317138
}