{
    "on-table(milk-carton,wood-table)": 0.12297934606128062,
    "on-table(milk-carton,black-table)": 0.008379240275795988,
    "on-table(milk-carton,white-table)": 0.8889090617497762,
    "on-table(lemon,wood-table)": 0.3011066084933797,
    "on-table(lemon,black-table)": 0.9466346502304077,
    "on-table(lemon,white-table)": 0.011285279721922356,
    "on-table(green-bottle,wood-table)": 0.9768967429796854,
    "on-table(green-bottle,black-table)": 0.3158089898543892,
    "on-table(green-bottle,white-table)": 0.0023158783647735013,
    "on-table(loaf-of-bread,wood-table)": 0.08318491089933862,
    "on-table(loaf-of-bread,black-table)": 0.10569630518633251,
    "on-table(loaf-of-bread,white-table)": 0.061805877524117626,
    "on-table(red-box-of-cereal,wood-table)": 0.1461090299320252,
    "on-table(red-box-of-cereal,black-table)": 0.003584287950767854,
    "on-table(red-box-of-cereal,white-table)": 0.8707171430190405,
    "on-table(red-can-of-soda,wood-table)": 0.14057560082922768,
    "on-table(red-can-of-soda,black-table)": 0.0017643376138494204,
    "on-table(red-can-of-soda,white-table)": 0.9968118667602539,
    "robot-gripper-empty()": 0.9164431591828665,
    "robot-gripping(milk-carton)": 0.10135347675532103,
    "robot-gripping(lemon)": 0.053405667305924,
    "robot-gripping(green-bottle)": 0.08178952778689563,
    "robot-gripping(loaf-of-bread)": 0.1298069885621468,
    "robot-gripping(red-box-of-cereal)": 0.07467770149620871,
    "robot-gripping(red-can-of-soda)": 0.1484379870040963
}