{
    "on-table(milk-carton,wood-table)": 0.23131297475386722,
    "on-table(milk-carton,black-table)": 0.7106631609300772,
    "on-table(milk-carton,white-table)": 0.04648242851787169,
    "on-table(lemon,wood-table)": 0.2916276551647267,
    "on-table(lemon,black-table)": 0.8151513816944013,
    "on-table(lemon,white-table)": 0.003205155961040873,
    "on-table(green-bottle,wood-table)": 0.842039235557119,
    "on-table(green-bottle,black-table)": 0.3329849257324895,
    "on-table(green-bottle,white-table)": 0.0034899066822617897,
    "on-table(loaf-of-bread,wood-table)": 0.6138552092791846,
    "on-table(loaf-of-bread,black-table)": 0.21726898911098638,
    "on-table(loaf-of-bread,white-table)": 0.17683621169514177,
    "on-table(red-box-of-cereal,wood-table)": 0.4869730999829092,
    "on-table(red-box-of-cereal,black-table)": 0.38096446043346077,
    "on-table(red-box-of-cereal,white-table)": 0.17771994264330715,
    "on-table(red-can-of-soda,wood-table)": 0.955339233080546,
    "on-table(red-can-of-soda,black-table)": 0.31281860920845855,
    "on-table(red-can-of-soda,white-table)": 0.15530759650990453,
    "robot-gripper-empty()": 0.47492764752435807,
    "robot-gripping(milk-carton)": 0.3143574260175228,
    "robot-gripping(lemon)": 0.0615129618284603,
    "robot-gripping(green-bottle)": 0.1762735371788343,
    "robot-gripping(loaf-of-bread)": 0.2553175048281749,
    "robot-gripping(red-box-of-cereal)": 0.6603222573176026,
    "robot-gripping(red-can-of-soda)": 0.39878912394245464
}