{
    "on-table(milk-carton,wood-table)": 0.06517530166699241,
    "on-table(milk-carton,black-table)": 0.03271101776044816,
    "on-table(milk-carton,white-table)": 0.11094249179586768,
    "on-table(lemon,wood-table)": 0.9373051424821218,
    "on-table(lemon,black-table)": 0.31656851701063715,
    "on-table(lemon,white-table)": 0.05993171002228337,
    "on-table(green-bottle,wood-table)": 0.31307878602456185,
    "on-table(green-bottle,black-table)": 0.992921511332194,
    "on-table(green-bottle,white-table)": 0.023189901219969517,
    "on-table(loaf-of-bread,wood-table)": 0.2980117212670545,
    "on-table(loaf-of-bread,black-table)": 0.05272090951136003,
    "on-table(loaf-of-bread,white-table)": 0.17246687388978899,
    "on-table(red-box-of-cereal,wood-table)": 0.0027721619092820524,
    "on-table(red-box-of-cereal,black-table)": 0.0020982233424244137,
    "on-table(red-box-of-cereal,white-table)": 0.010333664579472194,
    "on-table(red-can-of-soda,wood-table)": 0.10407732427484007,
    "on-table(red-can-of-soda,black-table)": 0.02550672328410049,
    "on-table(red-can-of-soda,white-table)": 0.02832239893420289,
    "robot-gripper-empty()": 0.6746198696394762,
    "robot-gripping(milk-carton)": 0.24816732108592987,
    "robot-gripping(lemon)": 0.16004663612693548,
    "robot-gripping(green-bottle)": 0.20807286848624548,
    "robot-gripping(loaf-of-bread)": 0.14681637162963548,
    "robot-gripping(red-box-of-cereal)": 0.08144597879921396,
    "robot-gripping(red-can-of-soda)": 0.6792273830311993
}