{
    "on-table(milk-carton,wood-table)": 0.5069729221674303,
    "on-table(milk-carton,black-table)": 0.16234251085764603,
    "on-table(milk-carton,white-table)": 0.1616702736012788,
    "on-table(lemon,wood-table)": 0.17715815386812514,
    "on-table(lemon,black-table)": 0.3010906719913085,
    "on-table(lemon,white-table)": 0.13753249674725035,
    "on-table(green-bottle,wood-table)": 0.9996597568194071,
    "on-table(green-bottle,black-table)": 0.3328317115844281,
    "on-table(green-bottle,white-table)": 0.06518146388596809,
    "on-table(loaf-of-bread,wood-table)": 0.1776041922469934,
    "on-table(loaf-of-bread,black-table)": 0.0804366897015522,
    "on-table(loaf-of-bread,white-table)": 0.16571344813564792,
    "on-table(red-box-of-cereal,wood-table)": 0.020886916240366798,
    "on-table(red-box-of-cereal,black-table)": 0.015940749110692803,
    "on-table(red-box-of-cereal,white-table)": 0.005948056942240025,
    "on-table(red-can-of-soda,wood-table)": 0.7604739125818014,
    "on-table(red-can-of-soda,black-table)": 0.16784420079435827,
    "on-table(red-can-of-soda,white-table)": 0.004413732520333724,
    "robot-gripper-empty()": 0.7410672716796398,
    "robot-gripping(milk-carton)": 0.2199729842444261,
    "robot-gripping(lemon)": 0.406855051095287,
    "robot-gripping(green-bottle)": 0.05953792599029839,
    "robot-gripping(loaf-of-bread)": 0.2445240868255496,
    "robot-gripping(red-box-of-cereal)": 0.08613968772503237,
    "robot-gripping(red-can-of-soda)": 0.26971356105059385
}