{
    "on-table(milk-carton,wood-table)": 0.05501107301097363,
    "on-table(milk-carton,black-table)": 0.008856142793471614,
    "on-table(milk-carton,white-table)": 0.058685143322994314,
    "on-table(lemon,wood-table)": 0.6718099853023887,
    "on-table(lemon,black-table)": 0.005537354665875682,
    "on-table(lemon,white-table)": 0.013095530462427027,
    "on-table(green-bottle,wood-table)": 0.16752418100319724,
    "on-table(green-bottle,black-table)": 0.16822744392569197,
    "on-table(green-bottle,white-table)": 0.001053974299187151,
    "on-table(loaf-of-bread,wood-table)": 0.0487777270997564,
    "on-table(loaf-of-bread,black-table)": 0.0022112550893022367,
    "on-table(loaf-of-bread,white-table)": 0.0253160383241872,
    "on-table(red-box-of-cereal,wood-table)": 0.1743090378343671,
    "on-table(red-box-of-cereal,black-table)": 0.002842198435246246,
    "on-table(red-box-of-cereal,white-table)": 0.03538831950572785,
    "on-table(red-can-of-soda,wood-table)": 0.6668458741235858,
    "on-table(red-can-of-soda,black-table)": 0.16603269147030156,
    "on-table(red-can-of-soda,white-table)": 0.00170996866055854,
    "robot-gripper-empty()": 0.358858027573054,
    "robot-gripping(milk-carton)": 0.29435879240433377,
    "robot-gripping(lemon)": 0.3485247880841295,
    "robot-gripping(green-bottle)": 0.8087763025735816,
    "robot-gripping(loaf-of-bread)": 0.0696253075147979,
    "robot-gripping(red-box-of-cereal)": 0.01796684699365869,
    "robot-gripping(red-can-of-soda)": 0.1026024506718386
}