{
    "on-table(milk-carton,wood-table)": 0.7218742296099663,
    "on-table(milk-carton,black-table)": 0.09003722008007269,
    "on-table(milk-carton,white-table)": 0.19394651722783843,
    "on-table(lemon,wood-table)": 0.10564396968887498,
    "on-table(lemon,black-table)": 0.8272463626538714,
    "on-table(lemon,white-table)": 0.057803339419327436,
    "on-table(green-bottle,wood-table)": 0.1635835044853593,
    "on-table(green-bottle,black-table)": 0.8329898087152591,
    "on-table(green-bottle,white-table)": 0.016664380294514558,
    "on-table(loaf-of-bread,wood-table)": 0.8000135496258736,
    "on-table(loaf-of-bread,black-table)": 0.10753461115382379,
    "on-table(loaf-of-bread,white-table)": 0.39801041233052575,
    "on-table(red-box-of-cereal,wood-table)": 0.8906919409831365,
    "on-table(red-box-of-cereal,black-table)": 0.23320068689645268,
    "on-table(red-box-of-cereal,white-table)": 0.06334912790074061,
    "on-table(red-can-of-soda,wood-table)": 0.33276690333696024,
    "on-table(red-can-of-soda,black-table)": 0.9318235516548157,
    "on-table(red-can-of-soda,white-table)": 0.003249836392190749,
    "robot-gripper-empty()": 0.9597916603088379,
    "robot-gripping(milk-carton)": 0.261294674128294,
    "robot-gripping(lemon)": 0.037461523432284594,
    "robot-gripping(green-bottle)": 0.027700394780064624,
    "robot-gripping(loaf-of-bread)": 0.100591697730124,
    "robot-gripping(red-box-of-cereal)": 0.05037302430719137,
    "robot-gripping(red-can-of-soda)": 0.03727689695854982
}