{
    "on-table(milk-carton,wood-table)": 0.20193579845363274,
    "on-table(milk-carton,black-table)": 0.01997985461760739,
    "on-table(milk-carton,white-table)": 0.85223238915205,
    "on-table(lemon,wood-table)": 0.002688685194395172,
    "on-table(lemon,black-table)": 0.006942917939037822,
    "on-table(lemon,white-table)": 0.018400712714840967,
    "on-table(green-bottle,wood-table)": 0.281712322391589,
    "on-table(green-bottle,black-table)": 0.95173446337382,
    "on-table(green-bottle,white-table)": 0.01347764496919505,
    "on-table(loaf-of-bread,wood-table)": 0.281409931058685,
    "on-table(loaf-of-bread,black-table)": 0.07384583627572283,
    "on-table(loaf-of-bread,white-table)": 0.562667191028595,
    "on-table(red-box-of-cereal,wood-table)": 0.240897597046569,
    "on-table(red-box-of-cereal,black-table)": 0.634107802140837,
    "on-table(red-box-of-cereal,white-table)": 0.18363697341798493,
    "on-table(red-can-of-soda,wood-table)": 0.1539695286822583,
    "on-table(red-can-of-soda,black-table)": 0.7789284399089714,
    "on-table(red-can-of-soda,white-table)": 0.15321890069738706,
    "robot-gripper-empty()": 0.8888513346513113,
    "robot-gripping(milk-carton)": 0.17902496348445615,
    "robot-gripping(lemon)": 0.04957709484733641,
    "robot-gripping(green-bottle)": 0.1580556157665948,
    "robot-gripping(loaf-of-bread)": 0.1782317173977693,
    "robot-gripping(red-box-of-cereal)": 0.09472030277053516,
    "robot-gripping(red-can-of-soda)": 0.18034323956817389
}