{
    "on-table(milk-carton,wood-table)": 0.0901327604369726,
    "on-table(milk-carton,black-table)": 0.7613910986110568,
    "on-table(milk-carton,white-table)": 0.06674034295914073,
    "on-table(lemon,wood-table)": 0.07580899705256645,
    "on-table(lemon,black-table)": 0.6671979099822541,
    "on-table(lemon,white-table)": 0.033001972128355796,
    "on-table(green-bottle,wood-table)": 0.16481728813960217,
    "on-table(green-bottle,black-table)": 0.0017331346560543655,
    "on-table(green-bottle,white-table)": 0.8345252286332349,
    "on-table(loaf-of-bread,wood-table)": 0.21353233279660344,
    "on-table(loaf-of-bread,black-table)": 0.17972704254013175,
    "on-table(loaf-of-bread,white-table)": 0.3899174234829843,
    "on-table(red-box-of-cereal,wood-table)": 0.24287443204472461,
    "on-table(red-box-of-cereal,black-table)": 0.7233123605449995,
    "on-table(red-box-of-cereal,white-table)": 0.01179275312460959,
    "on-table(red-can-of-soda,wood-table)": 0.668080056241403,
    "on-table(red-can-of-soda,black-table)": 0.5016923343091548,
    "on-table(red-can-of-soda,white-table)": 0.006031498816279661,
    "robot-gripper-empty()": 0.9324267109235128,
    "robot-gripping(milk-carton)": 0.155184226265798,
    "robot-gripping(lemon)": 0.05440701559806863,
    "robot-gripping(green-bottle)": 0.00918818412659069,
    "robot-gripping(loaf-of-bread)": 0.09952289906019966,
    "robot-gripping(red-box-of-cereal)": 0.1531500540052851,
    "robot-gripping(red-can-of-soda)": 0.061706135127072535
}