{
    "on-table(milk-carton,wood-table)": 0.755875047451506,
    "on-table(milk-carton,black-table)": 0.3829637863003275,
    "on-table(milk-carton,white-table)": 0.15218825633686114,
    "on-table(lemon,wood-table)": 0.16674408267378263,
    "on-table(lemon,black-table)": 0.8578135545055071,
    "on-table(lemon,white-table)": 0.006141509832559677,
    "on-table(green-bottle,wood-table)": 0.17108360744653814,
    "on-table(green-bottle,black-table)": 0.1703022709685532,
    "on-table(green-bottle,white-table)": 0.0008162158984911608,
    "on-table(loaf-of-bread,wood-table)": 0.6515748932336768,
    "on-table(loaf-of-bread,black-table)": 0.32982909099276486,
    "on-table(loaf-of-bread,white-table)": 0.16048795449508665,
    "on-table(red-box-of-cereal,wood-table)": 0.3683819209691137,
    "on-table(red-box-of-cereal,black-table)": 0.7689117466410001,
    "on-table(red-box-of-cereal,white-table)": 0.18284786081252,
    "on-table(red-can-of-soda,wood-table)": 0.9950626293818156,
    "on-table(red-can-of-soda,black-table)": 0.3363688793330842,
    "on-table(red-can-of-soda,white-table)": 0.1792152623874396,
    "robot-gripper-empty()": 0.4809354598110076,
    "robot-gripping(milk-carton)": 0.141003418325757,
    "robot-gripping(lemon)": 0.11493952225040023,
    "robot-gripping(green-bottle)": 0.6698557612641404,
    "robot-gripping(loaf-of-bread)": 0.061753675884877644,
    "robot-gripping(red-box-of-cereal)": 0.028737167672564585,
    "robot-gripping(red-can-of-soda)": 0.04703938320744783
}