{
    "on-table(milk-carton,wood-table)": 0.21203242405317724,
    "on-table(milk-carton,black-table)": 0.8281605740388235,
    "on-table(milk-carton,white-table)": 0.09953045405563898,
    "on-table(lemon,wood-table)": 0.23413740645628422,
    "on-table(lemon,black-table)": 0.9788543283939362,
    "on-table(lemon,white-table)": 0.015332731149101164,
    "on-table(green-bottle,wood-table)": 0.196366185079872,
    "on-table(green-bottle,black-table)": 0.9981839954853058,
    "on-table(green-bottle,white-table)": 0.08160914618383686,
    "on-table(loaf-of-bread,wood-table)": 0.4861053458104531,
    "on-table(loaf-of-bread,black-table)": 0.5680264787903676,
    "on-table(loaf-of-bread,white-table)": 0.24180976084123054,
    "on-table(red-box-of-cereal,wood-table)": 0.3467148599253657,
    "on-table(red-box-of-cereal,black-table)": 0.8315368847300609,
    "on-table(red-box-of-cereal,white-table)": 0.1566260743420571,
    "on-table(red-can-of-soda,wood-table)": 0.18722201840137132,
    "on-table(red-can-of-soda,black-table)": 0.9944539964199066,
    "on-table(red-can-of-soda,white-table)": 0.01949317216470566,
    "robot-gripper-empty()": 0.9523489475250244,
    "robot-gripping(milk-carton)": 0.1268989648669958,
    "robot-gripping(lemon)": 0.0819015105565389,
    "robot-gripping(green-bottle)": 0.03779759452057382,
    "robot-gripping(loaf-of-bread)": 0.11335756722837687,
    "robot-gripping(red-box-of-cereal)": 0.05736987308288614,
    "robot-gripping(red-can-of-soda)": 0.09889647853560746
}