{
    "on-table(milk-carton,wood-table)": 0.30041857715696096,
    "on-table(milk-carton,black-table)": 0.061546659640346967,
    "on-table(milk-carton,white-table)": 0.6378336225946745,
    "on-table(lemon,wood-table)": 0.8412104491144419,
    "on-table(lemon,black-table)": 0.19014164142129175,
    "on-table(lemon,white-table)": 0.003599106035077663,
    "on-table(green-bottle,wood-table)": 0.3257869695626141,
    "on-table(green-bottle,black-table)": 0.9997239112854004,
    "on-table(green-bottle,white-table)": 0.005046733123966381,
    "on-table(loaf-of-bread,wood-table)": 0.8485899865627289,
    "on-table(loaf-of-bread,black-table)": 0.29492792964295705,
    "on-table(loaf-of-bread,white-table)": 0.1633220879448345,
    "on-table(red-box-of-cereal,wood-table)": 0.11687196065516521,
    "on-table(red-box-of-cereal,black-table)": 0.037813152361195534,
    "on-table(red-box-of-cereal,white-table)": 0.9770228862762451,
    "on-table(red-can-of-soda,wood-table)": 0.1483865192343122,
    "on-table(red-can-of-soda,black-table)": 0.48327637440524995,
    "on-table(red-can-of-soda,white-table)": 0.6205008399715553,
    "robot-gripper-empty()": 0.9235415856043497,
    "robot-gripping(milk-carton)": 0.3873026942213376,
    "robot-gripping(lemon)": 0.08819699520245194,
    "robot-gripping(green-bottle)": 0.1641354903113097,
    "robot-gripping(loaf-of-bread)": 0.13455055095255375,
    "robot-gripping(red-box-of-cereal)": 0.09949595294892788,
    "robot-gripping(red-can-of-soda)": 0.1734009605521957
}