{
    "on-table(milk-carton,wood-table)": 0.37638768478063866,
    "on-table(milk-carton,black-table)": 0.6069862579655213,
    "on-table(milk-carton,white-table)": 0.01531170416274108,
    "on-table(lemon,wood-table)": 0.0073397010176753,
    "on-table(lemon,black-table)": 0.06184165110607864,
    "on-table(lemon,white-table)": 0.016715491850239534,
    "on-table(green-bottle,wood-table)": 0.16789216829662715,
    "on-table(green-bottle,black-table)": 0.00025901870408991573,
    "on-table(green-bottle,white-table)": 0.8335315771012878,
    "on-table(loaf-of-bread,wood-table)": 0.39334575172203284,
    "on-table(loaf-of-bread,black-table)": 0.12427989630183826,
    "on-table(loaf-of-bread,white-table)": 0.005394776077688827,
    "on-table(red-box-of-cereal,wood-table)": 0.8390281846125921,
    "on-table(red-box-of-cereal,black-table)": 0.2977990963336197,
    "on-table(red-box-of-cereal,white-table)": 0.009640415714178138,
    "on-table(red-can-of-soda,wood-table)": 0.5338675464736298,
    "on-table(red-can-of-soda,black-table)": 0.718810826074332,
    "on-table(red-can-of-soda,white-table)": 0.00296074560295286,
    "robot-gripper-empty()": 0.8423387308915457,
    "robot-gripping(milk-carton)": 0.08871276956051588,
    "robot-gripping(lemon)": 0.040592544013634324,
    "robot-gripping(green-bottle)": 0.002082308075235536,
    "robot-gripping(loaf-of-bread)": 0.11417509755119681,
    "robot-gripping(red-box-of-cereal)": 0.17306584507847825,
    "robot-gripping(red-can-of-soda)": 0.1919558277974526
}