{
    "on-table(milk-carton,wood-table)": 0.3629619344137609,
    "on-table(milk-carton,black-table)": 0.1292093714485721,
    "on-table(milk-carton,white-table)": 0.49251992627978325,
    "on-table(lemon,wood-table)": 0.2038157012333007,
    "on-table(lemon,black-table)": 0.001188160813550591,
    "on-table(lemon,white-table)": 0.8602854460477829,
    "on-table(green-bottle,wood-table)": 0.16443275795366694,
    "on-table(green-bottle,black-table)": 0.0012038805665118464,
    "on-table(green-bottle,white-table)": 0.8362153815105557,
    "on-table(loaf-of-bread,wood-table)": 0.22619778655158976,
    "on-table(loaf-of-bread,black-table)": 0.13358997824252583,
    "on-table(loaf-of-bread,white-table)": 0.5425228425301611,
    "on-table(red-box-of-cereal,wood-table)": 0.10676158346662608,
    "on-table(red-box-of-cereal,black-table)": 0.023287682984422037,
    "on-table(red-box-of-cereal,white-table)": 0.6526090495754033,
    "on-table(red-can-of-soda,wood-table)": 0.3014870974875521,
    "on-table(red-can-of-soda,black-table)": 0.0010258786617972266,
    "on-table(red-can-of-soda,white-table)": 0.651322221790906,
    "robot-gripper-empty()": 0.9571065704027811,
    "robot-gripping(milk-carton)": 0.16600602120161057,
    "robot-gripping(lemon)": 0.08008530697164436,
    "robot-gripping(green-bottle)": 0.04670259067400669,
    "robot-gripping(loaf-of-bread)": 0.1375896685446302,
    "robot-gripping(red-box-of-cereal)": 0.08581510589768489,
    "robot-gripping(red-can-of-soda)": 0.1546113461178417
}