{
    "on-table(milk-carton,wood-table)": 0.7610006351023912,
    "on-table(milk-carton,black-table)": 0.3430077060905508,
    "on-table(milk-carton,white-table)": 0.33421938364820863,
    "on-table(lemon,wood-table)": 0.9985245366891226,
    "on-table(lemon,black-table)": 0.321246851472021,
    "on-table(lemon,white-table)": 0.008385430986891151,
    "on-table(green-bottle,wood-table)": 0.12963473409521006,
    "on-table(green-bottle,black-table)": 0.012014563514185284,
    "on-table(green-bottle,white-table)": 0.9915007452170054,
    "on-table(loaf-of-bread,wood-table)": 0.814922422170639,
    "on-table(loaf-of-bread,black-table)": 0.21246661766781472,
    "on-table(loaf-of-bread,white-table)": 0.14525827928931298,
    "on-table(red-box-of-cereal,wood-table)": 0.03230422218621243,
    "on-table(red-box-of-cereal,black-table)": 0.16209030911462227,
    "on-table(red-box-of-cereal,white-table)": 0.6688718462828547,
    "on-table(red-can-of-soda,wood-table)": 0.21674598560396893,
    "on-table(red-can-of-soda,black-table)": 0.1698381518969351,
    "on-table(red-can-of-soda,white-table)": 0.5922008078390112,
    "robot-gripper-empty()": 0.8045659363269806,
    "robot-gripping(milk-carton)": 0.2673986243704955,
    "robot-gripping(lemon)": 0.05900157677630583,
    "robot-gripping(green-bottle)": 0.18650891787062088,
    "robot-gripping(loaf-of-bread)": 0.11380661775668462,
    "robot-gripping(red-box-of-cereal)": 0.3312735273502767,
    "robot-gripping(red-can-of-soda)": 0.5162409755090872
}