{
    "on-table(milk-carton,wood-table)": 0.33117573459943134,
    "on-table(milk-carton,black-table)": 0.5039521182576815,
    "on-table(milk-carton,white-table)": 0.13135383763195327,
    "on-table(lemon,wood-table)": 0.2429940291234137,
    "on-table(lemon,black-table)": 0.05837522654640755,
    "on-table(lemon,white-table)": 0.862062635521094,
    "on-table(green-bottle,wood-table)": 0.21388870078953914,
    "on-table(green-bottle,black-table)": 0.4685227082518395,
    "on-table(green-bottle,white-table)": 0.1366747288817957,
    "on-table(loaf-of-bread,wood-table)": 0.0955407822621055,
    "on-table(loaf-of-bread,black-table)": 0.3210533756840353,
    "on-table(loaf-of-bread,white-table)": 0.21453338210994843,
    "on-table(red-box-of-cereal,wood-table)": 0.3896697676585366,
    "on-table(red-box-of-cereal,black-table)": 0.8097679913043976,
    "on-table(red-box-of-cereal,white-table)": 0.005107815130031668,
    "on-table(red-can-of-soda,wood-table)": 0.8392906486988068,
    "on-table(red-can-of-soda,black-table)": 0.3379469986472638,
    "on-table(red-can-of-soda,white-table)": 0.0033961699355889627,
    "robot-gripper-empty()": 0.9527671933174133,
    "robot-gripping(milk-carton)": 0.25583263238271076,
    "robot-gripping(lemon)": 0.08201117410014074,
    "robot-gripping(green-bottle)": 0.10255328115696709,
    "robot-gripping(loaf-of-bread)": 0.07157912043233712,
    "robot-gripping(red-box-of-cereal)": 0.044462061021476984,
    "robot-gripping(red-can-of-soda)": 0.1666606329381466
}