{
    "on-table(milk-carton,wood-table)": 0.13794923340901732,
    "on-table(milk-carton,black-table)": 0.15043242540559731,
    "on-table(milk-carton,white-table)": 0.831199566523234,
    "on-table(lemon,wood-table)": 0.3071237471109877,
    "on-table(lemon,black-table)": 0.6624682592228055,
    "on-table(lemon,white-table)": 0.00966977454178656,
    "on-table(green-bottle,wood-table)": 0.33803457290438627,
    "on-table(green-bottle,black-table)": 0.9942457874615988,
    "on-table(green-bottle,white-table)": 0.019215143178181886,
    "on-table(loaf-of-bread,wood-table)": 0.29889400691414875,
    "on-table(loaf-of-bread,black-table)": 0.7443298126260439,
    "on-table(loaf-of-bread,white-table)": 0.033308074467640836,
    "on-table(red-box-of-cereal,wood-table)": 0.17826209347307062,
    "on-table(red-box-of-cereal,black-table)": 0.006726568809123516,
    "on-table(red-box-of-cereal,white-table)": 0.8370610773563385,
    "on-table(red-can-of-soda,wood-table)": 0.03933788608992472,
    "on-table(red-can-of-soda,black-table)": 0.007589142587373014,
    "on-table(red-can-of-soda,white-table)": 0.9290725787480673,
    "robot-gripper-empty()": 0.7382998590668043,
    "robot-gripping(milk-carton)": 0.26809835247695446,
    "robot-gripping(lemon)": 0.33615142417450744,
    "robot-gripping(green-bottle)": 0.17427250277251005,
    "robot-gripping(loaf-of-bread)": 0.1925215975691875,
    "robot-gripping(red-box-of-cereal)": 0.10547391728808482,
    "robot-gripping(red-can-of-soda)": 0.1812208665845295
}