{
    "on-table(milk-carton,wood-table)": 0.3634936595335603,
    "on-table(milk-carton,black-table)": 0.15264823039372763,
    "on-table(milk-carton,white-table)": 0.3169899008547266,
    "on-table(lemon,wood-table)": 0.15869944428898938,
    "on-table(lemon,black-table)": 0.018117103531646233,
    "on-table(lemon,white-table)": 0.08521974057172581,
    "on-table(green-bottle,wood-table)": 0.3352987648298343,
    "on-table(green-bottle,black-table)": 0.007493516692799555,
    "on-table(green-bottle,white-table)": 0.14525996555312304,
    "on-table(loaf-of-bread,wood-table)": 0.5294690662994981,
    "on-table(loaf-of-bread,black-table)": 0.198258359550285,
    "on-table(loaf-of-bread,white-table)": 0.19416087231365964,
    "on-table(red-box-of-cereal,wood-table)": 0.2525485884398222,
    "on-table(red-box-of-cereal,black-table)": 0.156259189088208,
    "on-table(red-box-of-cereal,white-table)": 0.08869954415907462,
    "on-table(red-can-of-soda,wood-table)": 0.23809835917866926,
    "on-table(red-can-of-soda,black-table)": 0.1347503752698079,
    "on-table(red-can-of-soda,white-table)": 0.18405704712192042,
    "robot-gripper-empty()": 0.973724881807963,
    "robot-gripping(milk-carton)": 0.2760723854104678,
    "robot-gripping(lemon)": 0.102832674048841,
    "robot-gripping(green-bottle)": 0.08648351331551869,
    "robot-gripping(loaf-of-bread)": 0.14430948657294115,
    "robot-gripping(red-box-of-cereal)": 0.052296263786653675,
    "robot-gripping(red-can-of-soda)": 0.06911205081269145
}