{
    "on-table(milk-carton,wood-table)": 0.793426106373469,
    "on-table(milk-carton,black-table)": 0.09063943159223224,
    "on-table(milk-carton,white-table)": 0.22411558701423928,
    "on-table(lemon,wood-table)": 0.25321497807271953,
    "on-table(lemon,black-table)": 0.06080856872184389,
    "on-table(lemon,white-table)": 0.8335319167623917,
    "on-table(green-bottle,wood-table)": 0.8334973110662153,
    "on-table(green-bottle,black-table)": 0.1676024998892558,
    "on-table(green-bottle,white-table)": 0.001849424473922075,
    "on-table(loaf-of-bread,wood-table)": 0.5010212872487804,
    "on-table(loaf-of-bread,black-table)": 0.15067625982919708,
    "on-table(loaf-of-bread,white-table)": 0.01989055764230822,
    "on-table(red-box-of-cereal,wood-table)": 0.8342575430870056,
    "on-table(red-box-of-cereal,black-table)": 0.12408909398679195,
    "on-table(red-box-of-cereal,white-table)": 0.2305575750360731,
    "on-table(red-can-of-soda,wood-table)": 0.335577777411648,
    "on-table(red-can-of-soda,black-table)": 0.0006144798245865483,
    "on-table(red-can-of-soda,white-table)": 0.834283249763151,
    "robot-gripper-empty()": 0.9782957931359609,
    "robot-gripping(milk-carton)": 0.22573066564897695,
    "robot-gripping(lemon)": 0.04966990455674628,
    "robot-gripping(green-bottle)": 0.08461269216301541,
    "robot-gripping(loaf-of-bread)": 0.06937923825656374,
    "robot-gripping(red-box-of-cereal)": 0.05201393342576921,
    "robot-gripping(red-can-of-soda)": 0.10563823642830054
}