{
    "on-table(milk-carton,wood-table)": 0.610251464570562,
    "on-table(milk-carton,black-table)": 0.4769967319443822,
    "on-table(milk-carton,white-table)": 0.078354990274723,
    "on-table(lemon,wood-table)": 0.17796107943286188,
    "on-table(lemon,black-table)": 0.0016354945584187892,
    "on-table(lemon,white-table)": 0.995337575674057,
    "on-table(green-bottle,wood-table)": 0.1669193569153625,
    "on-table(green-bottle,black-table)": 0.0005331024681254348,
    "on-table(green-bottle,white-table)": 0.8337563098951554,
    "on-table(loaf-of-bread,wood-table)": 0.156641511246562,
    "on-table(loaf-of-bread,black-table)": 0.24399482747927928,
    "on-table(loaf-of-bread,white-table)": 0.5543806413188577,
    "on-table(red-box-of-cereal,wood-table)": 0.3302482153400585,
    "on-table(red-box-of-cereal,black-table)": 0.9897447029749552,
    "on-table(red-box-of-cereal,white-table)": 0.03901012374747855,
    "on-table(red-can-of-soda,wood-table)": 0.7941058526436487,
    "on-table(red-can-of-soda,black-table)": 0.4390995332832972,
    "on-table(red-can-of-soda,white-table)": 0.40074146602091787,
    "robot-gripper-empty()": 0.9620285232861837,
    "robot-gripping(milk-carton)": 0.18584326033790907,
    "robot-gripping(lemon)": 0.033729044099648796,
    "robot-gripping(green-bottle)": 0.025014291692059487,
    "robot-gripping(loaf-of-bread)": 0.09547108535965283,
    "robot-gripping(red-box-of-cereal)": 0.15526275259132186,
    "robot-gripping(red-can-of-soda)": 0.26048768187562626
}