{
    "on-table(milk-carton,wood-table)": 0.3553160063747782,
    "on-table(milk-carton,black-table)": 0.5151428580284119,
    "on-table(milk-carton,white-table)": 0.20368155116132888,
    "on-table(lemon,wood-table)": 0.018928455111260217,
    "on-table(lemon,black-table)": 0.1983728582660357,
    "on-table(lemon,white-table)": 0.325143708983281,
    "on-table(green-bottle,wood-table)": 0.010583306198289696,
    "on-table(green-bottle,black-table)": 0.3804512465831067,
    "on-table(green-bottle,white-table)": 0.11659134049205022,
    "on-table(loaf-of-bread,wood-table)": 0.3802869999684238,
    "on-table(loaf-of-bread,black-table)": 0.010832378781136262,
    "on-table(loaf-of-bread,white-table)": 0.6155808897068104,
    "on-table(red-box-of-cereal,wood-table)": 0.8651607309778532,
    "on-table(red-box-of-cereal,black-table)": 0.1705281848596011,
    "on-table(red-box-of-cereal,white-table)": 0.061389973577812874,
    "on-table(red-can-of-soda,wood-table)": 0.6949284200867017,
    "on-table(red-can-of-soda,black-table)": 0.011983306506787509,
    "on-table(red-can-of-soda,white-table)": 0.06028206409837367,
    "robot-gripper-empty()": 0.7306507428487142,
    "robot-gripping(milk-carton)": 0.23502920878430208,
    "robot-gripping(lemon)": 0.1796978178123633,
    "robot-gripping(green-bottle)": 0.23393477553812167,
    "robot-gripping(loaf-of-bread)": 0.10794395161792636,
    "robot-gripping(red-box-of-cereal)": 0.1704354261358579,
    "robot-gripping(red-can-of-soda)": 0.34855533329149085
}