{
    "on-table(milk-carton,wood-table)": 0.1402050088897037,
    "on-table(milk-carton,black-table)": 0.5004752275223533,
    "on-table(milk-carton,white-table)": 0.4583883813617528,
    "on-table(lemon,wood-table)": 0.14935037942450435,
    "on-table(lemon,black-table)": 0.1314740027364678,
    "on-table(lemon,white-table)": 0.2588076263637049,
    "on-table(green-bottle,wood-table)": 0.12948584325204138,
    "on-table(green-bottle,black-table)": 0.8323540082201362,
    "on-table(green-bottle,white-table)": 0.021611754848133085,
    "on-table(loaf-of-bread,wood-table)": 0.2818466960452497,
    "on-table(loaf-of-bread,black-table)": 0.039605200135459505,
    "on-table(loaf-of-bread,white-table)": 0.4418950642769535,
    "on-table(red-box-of-cereal,wood-table)": 0.24812542786821723,
    "on-table(red-box-of-cereal,black-table)": 0.001415375812939601,
    "on-table(red-box-of-cereal,white-table)": 0.6820925889381518,
    "on-table(red-can-of-soda,wood-table)": 0.12445439842607205,
    "on-table(red-can-of-soda,black-table)": 0.02063419986370718,
    "on-table(red-can-of-soda,white-table)": 0.7757331784814596,
    "robot-gripper-empty()": 0.8276838312546412,
    "robot-gripping(milk-carton)": 0.1768049504607916,
    "robot-gripping(lemon)": 0.05077055259607732,
    "robot-gripping(green-bottle)": 0.09642085960755746,
    "robot-gripping(loaf-of-bread)": 0.1086996238057812,
    "robot-gripping(red-box-of-cereal)": 0.1876516475652655,
    "robot-gripping(red-can-of-soda)": 0.4365216561903556
}