{
    "on-table(milk-carton,wood-table)": 0.2740795256795536,
    "on-table(milk-carton,black-table)": 0.7060448378324509,
    "on-table(milk-carton,white-table)": 0.17271870822757288,
    "on-table(lemon,wood-table)": 0.17016645417485657,
    "on-table(lemon,black-table)": 0.8095865272916853,
    "on-table(lemon,white-table)": 0.0016157549991172953,
    "on-table(green-bottle,wood-table)": 0.0016307887508446584,
    "on-table(green-bottle,black-table)": 0.06732091112644412,
    "on-table(green-bottle,white-table)": 0.0009193913166806548,
    "on-table(loaf-of-bread,wood-table)": 0.33264104936582345,
    "on-table(loaf-of-bread,black-table)": 0.07633980503305793,
    "on-table(loaf-of-bread,white-table)": 0.017929040167170267,
    "on-table(red-box-of-cereal,wood-table)": 0.8689238329728445,
    "on-table(red-box-of-cereal,black-table)": 0.02826546871165192,
    "on-table(red-box-of-cereal,white-table)": 0.31452760546380887,
    "on-table(red-can-of-soda,wood-table)": 0.24096682415741574,
    "on-table(red-can-of-soda,black-table)": 0.008874452549510655,
    "on-table(red-can-of-soda,white-table)": 0.8424895859013001,
    "robot-gripper-empty()": 0.8774683276812235,
    "robot-gripping(milk-carton)": 0.07687840797007084,
    "robot-gripping(lemon)": 0.029417797302206356,
    "robot-gripping(green-bottle)": 0.024358353887995083,
    "robot-gripping(loaf-of-bread)": 0.14269832925250134,
    "robot-gripping(red-box-of-cereal)": 0.1692451816246224,
    "robot-gripping(red-can-of-soda)": 0.05403812190828224
}