{
    "on-table(milk-carton,wood-table)": 0.17610263673122972,
    "on-table(milk-carton,black-table)": 0.8080820987621943,
    "on-table(milk-carton,white-table)": 0.08847792239976116,
    "on-table(lemon,wood-table)": 0.1781184320570901,
    "on-table(lemon,black-table)": 0.4995024638871352,
    "on-table(lemon,white-table)": 0.021307590803796,
    "on-table(green-bottle,wood-table)": 0.1760348146344768,
    "on-table(green-bottle,black-table)": 0.8579322621226311,
    "on-table(green-bottle,white-table)": 0.003726019408835176,
    "on-table(loaf-of-bread,wood-table)": 0.3478381345048547,
    "on-table(loaf-of-bread,black-table)": 0.6810053586959839,
    "on-table(loaf-of-bread,white-table)": 0.2543740969655725,
    "on-table(red-box-of-cereal,wood-table)": 0.4090076738114779,
    "on-table(red-box-of-cereal,black-table)": 0.9751771887143453,
    "on-table(red-box-of-cereal,white-table)": 0.3012895705396659,
    "on-table(red-can-of-soda,wood-table)": 0.8368135318160057,
    "on-table(red-can-of-soda,black-table)": 0.33903532951679455,
    "on-table(red-can-of-soda,white-table)": 0.22031648681085395,
    "robot-gripper-empty()": 0.9200762410958608,
    "robot-gripping(milk-carton)": 0.1762775188932816,
    "robot-gripping(lemon)": 0.042903505420933165,
    "robot-gripping(green-bottle)": 0.15716719891255101,
    "robot-gripping(loaf-of-bread)": 0.11244913004338741,
    "robot-gripping(red-box-of-cereal)": 0.08764195783684652,
    "robot-gripping(red-can-of-soda)": 0.18483173241838813
}