{
    "on-table(milk-carton,wood-table)": 0.47894139611162245,
    "on-table(milk-carton,black-table)": 0.5803144499659538,
    "on-table(milk-carton,white-table)": 0.17815338766862018,
    "on-table(lemon,wood-table)": 0.17232990903479126,
    "on-table(lemon,black-table)": 0.8433218151330948,
    "on-table(lemon,white-table)": 0.0024283786572141253,
    "on-table(green-bottle,wood-table)": 0.32008255307300715,
    "on-table(green-bottle,black-table)": 0.8775533338387808,
    "on-table(green-bottle,white-table)": 0.0025324601754543132,
    "on-table(loaf-of-bread,wood-table)": 0.14746815379476175,
    "on-table(loaf-of-bread,black-table)": 0.4074507911379139,
    "on-table(loaf-of-bread,white-table)": 0.02302078957291087,
    "on-table(red-box-of-cereal,wood-table)": 0.19607665726410536,
    "on-table(red-box-of-cereal,black-table)": 0.8022539441784223,
    "on-table(red-box-of-cereal,white-table)": 0.1652685969347658,
    "on-table(red-can-of-soda,wood-table)": 0.16474299480190288,
    "on-table(red-can-of-soda,black-table)": 0.1373534063641273,
    "on-table(red-can-of-soda,white-table)": 0.8362324765572945,
    "robot-gripper-empty()": 0.9826076130072275,
    "robot-gripping(milk-carton)": 0.1327578720326225,
    "robot-gripping(lemon)": 0.02494740777183324,
    "robot-gripping(green-bottle)": 0.07229022412987736,
    "robot-gripping(loaf-of-bread)": 0.032746984312931694,
    "robot-gripping(red-box-of-cereal)": 0.02380892386039098,
    "robot-gripping(red-can-of-soda)": 0.05356443525912861
}