{
    "on-table(milk-carton,wood-table)": 0.029547335327758145,
    "on-table(milk-carton,black-table)": 0.5052655957018336,
    "on-table(milk-carton,white-table)": 0.20958441892192545,
    "on-table(lemon,wood-table)": 0.011053772546195736,
    "on-table(lemon,black-table)": 0.16762463989046714,
    "on-table(lemon,white-table)": 0.17283333756495267,
    "on-table(green-bottle,wood-table)": 0.8336145956612503,
    "on-table(green-bottle,black-table)": 0.16709327515044,
    "on-table(green-bottle,white-table)": 0.0004446214529707504,
    "on-table(loaf-of-bread,wood-table)": 0.01630067554166696,
    "on-table(loaf-of-bread,black-table)": 0.004341093277616892,
    "on-table(loaf-of-bread,white-table)": 0.1453397598331018,
    "on-table(red-box-of-cereal,wood-table)": 0.05728581081105707,
    "on-table(red-box-of-cereal,black-table)": 0.007946938041034931,
    "on-table(red-box-of-cereal,white-table)": 0.41091633803686517,
    "on-table(red-can-of-soda,wood-table)": 0.16932870805006436,
    "on-table(red-can-of-soda,black-table)": 0.009675401450219093,
    "on-table(red-can-of-soda,white-table)": 0.9349135756492615,
    "robot-gripper-empty()": 0.9060051441192627,
    "robot-gripping(milk-carton)": 0.19490753735105196,
    "robot-gripping(lemon)": 0.20836844326307377,
    "robot-gripping(green-bottle)": 0.02802409805978338,
    "robot-gripping(loaf-of-bread)": 0.06504213573255886,
    "robot-gripping(red-box-of-cereal)": 0.06512474597548135,
    "robot-gripping(red-can-of-soda)": 0.14831067549918467
}