{
    "on-table(milk-carton,wood-table)": 0.7479480057954788,
    "on-table(milk-carton,black-table)": 0.1735111435506648,
    "on-table(milk-carton,white-table)": 0.24798611486888453,
    "on-table(lemon,wood-table)": 0.23128698378665527,
    "on-table(lemon,black-table)": 0.03243793539240869,
    "on-table(lemon,white-table)": 0.005271748353455526,
    "on-table(green-bottle,wood-table)": 0.8335382737180529,
    "on-table(green-bottle,black-table)": 0.16655756631610075,
    "on-table(green-bottle,white-table)": 0.00038539857104069597,
    "on-table(loaf-of-bread,wood-table)": 0.4426760095326851,
    "on-table(loaf-of-bread,black-table)": 0.002957073690292115,
    "on-table(loaf-of-bread,white-table)": 0.6968095352252325,
    "on-table(red-box-of-cereal,wood-table)": 0.9111611793438593,
    "on-table(red-box-of-cereal,black-table)": 0.19401832572960606,
    "on-table(red-box-of-cereal,white-table)": 0.008312388063435113,
    "on-table(red-can-of-soda,wood-table)": 0.4585608304939039,
    "on-table(red-can-of-soda,black-table)": 0.9305535356203715,
    "on-table(red-can-of-soda,white-table)": 0.01234741656511081,
    "robot-gripper-empty()": 0.8567998657623926,
    "robot-gripping(milk-carton)": 0.13305792616059384,
    "robot-gripping(lemon)": 0.013378967375804981,
    "robot-gripping(green-bottle)": 0.169682735693641,
    "robot-gripping(loaf-of-bread)": 0.1184964186201493,
    "robot-gripping(red-box-of-cereal)": 0.1024089213848735,
    "robot-gripping(red-can-of-soda)": 0.09682723247290899
}