{
    "on-table(milk-carton,wood-table)": 0.4113624921689431,
    "on-table(milk-carton,black-table)": 0.007045443101863687,
    "on-table(milk-carton,white-table)": 0.7064766474068165,
    "on-table(lemon,wood-table)": 0.1550151901319623,
    "on-table(lemon,black-table)": 0.833980405703187,
    "on-table(lemon,white-table)": 0.015719768965861174,
    "on-table(green-bottle,wood-table)": 0.1709971470021022,
    "on-table(green-bottle,black-table)": 0.1726669503392865,
    "on-table(green-bottle,white-table)": 0.0033023999197515272,
    "on-table(loaf-of-bread,wood-table)": 0.47896789642982185,
    "on-table(loaf-of-bread,black-table)": 0.11184956059635927,
    "on-table(loaf-of-bread,white-table)": 0.5257209916793121,
    "on-table(red-box-of-cereal,wood-table)": 0.530845362537851,
    "on-table(red-box-of-cereal,black-table)": 0.009221437538447693,
    "on-table(red-box-of-cereal,white-table)": 0.219564767153012,
    "on-table(red-can-of-soda,wood-table)": 0.4175444844174005,
    "on-table(red-can-of-soda,black-table)": 0.011079455567103954,
    "on-table(red-can-of-soda,white-table)": 0.8399563978115717,
    "robot-gripper-empty()": 0.32653060239196446,
    "robot-gripping(milk-carton)": 0.17371679361288747,
    "robot-gripping(lemon)": 0.20770163222914562,
    "robot-gripping(green-bottle)": 0.8171037162343661,
    "robot-gripping(loaf-of-bread)": 0.10088700025031964,
    "robot-gripping(red-box-of-cereal)": 0.02221311304795866,
    "robot-gripping(red-can-of-soda)": 0.08618702370828639
}