{
    "on-table(milk-carton,wood-table)": 0.21346636799474558,
    "on-table(milk-carton,black-table)": 0.23169639295277497,
    "on-table(milk-carton,white-table)": 0.20132348708769618,
    "on-table(lemon,wood-table)": 0.23724997191069028,
    "on-table(lemon,black-table)": 0.3348067921275894,
    "on-table(lemon,white-table)": 0.14311123300043013,
    "on-table(green-bottle,wood-table)": 0.18127504783236267,
    "on-table(green-bottle,black-table)": 0.9989977975686392,
    "on-table(green-bottle,white-table)": 0.006200321913487035,
    "on-table(loaf-of-bread,wood-table)": 0.6869795173406601,
    "on-table(loaf-of-bread,black-table)": 0.025860039655526634,
    "on-table(loaf-of-bread,white-table)": 0.21097615352603802,
    "on-table(red-box-of-cereal,wood-table)": 0.035363894062660016,
    "on-table(red-box-of-cereal,black-table)": 0.17809090757509694,
    "on-table(red-box-of-cereal,white-table)": 0.041582417508228296,
    "on-table(red-can-of-soda,wood-table)": 0.17097964151859438,
    "on-table(red-can-of-soda,black-table)": 0.8346117536226908,
    "on-table(red-can-of-soda,white-table)": 0.12370895709000251,
    "robot-gripper-empty()": 0.874278724193573,
    "robot-gripping(milk-carton)": 0.10099607985466719,
    "robot-gripping(lemon)": 0.05500090805192789,
    "robot-gripping(green-bottle)": 0.033490268154613055,
    "robot-gripping(loaf-of-bread)": 0.12803004841164997,
    "robot-gripping(red-box-of-cereal)": 0.026793889245406415,
    "robot-gripping(red-can-of-soda)": 0.0374798388996472
}