{
    "on-table(milk-carton,wood-table)": 0.7181474367777506,
    "on-table(milk-carton,black-table)": 0.21801020173976818,
    "on-table(milk-carton,white-table)": 0.01808389840395345,
    "on-table(lemon,wood-table)": 0.19878322876077922,
    "on-table(lemon,black-table)": 0.1580811431449547,
    "on-table(lemon,white-table)": 0.838291714588801,
    "on-table(green-bottle,wood-table)": 0.32977132236313383,
    "on-table(green-bottle,black-table)": 0.9968783259391785,
    "on-table(green-bottle,white-table)": 0.03710635282459407,
    "on-table(loaf-of-bread,wood-table)": 0.5933082185996076,
    "on-table(loaf-of-bread,black-table)": 0.1534233270746578,
    "on-table(loaf-of-bread,white-table)": 0.046682679467873335,
    "on-table(red-box-of-cereal,wood-table)": 0.8299089077239236,
    "on-table(red-box-of-cereal,black-table)": 0.17437837681150845,
    "on-table(red-box-of-cereal,white-table)": 0.006142016044274594,
    "on-table(red-can-of-soda,wood-table)": 0.8433979998032252,
    "on-table(red-can-of-soda,black-table)": 0.21217688558484346,
    "on-table(red-can-of-soda,white-table)": 0.00521828232539671,
    "robot-gripper-empty()": 0.954927384853363,
    "robot-gripping(milk-carton)": 0.12012461541841428,
    "robot-gripping(lemon)": 0.07004532241262496,
    "robot-gripping(green-bottle)": 0.16263215975292647,
    "robot-gripping(loaf-of-bread)": 0.08751607655237119,
    "robot-gripping(red-box-of-cereal)": 0.06511181984872867,
    "robot-gripping(red-can-of-soda)": 0.12266145157627761
}