{
    "on-table(milk-carton,wood-table)": 0.6918495322267214,
    "on-table(milk-carton,black-table)": 0.3420272316482927,
    "on-table(milk-carton,white-table)": 0.15808328539909175,
    "on-table(lemon,wood-table)": 0.0028477950484860535,
    "on-table(lemon,black-table)": 0.1102587076487301,
    "on-table(lemon,white-table)": 0.10467768227681518,
    "on-table(green-bottle,wood-table)": 0.3147457788448567,
    "on-table(green-bottle,black-table)": 0.9723910689353943,
    "on-table(green-bottle,white-table)": 0.17480522754355357,
    "on-table(loaf-of-bread,wood-table)": 0.14795904499866688,
    "on-table(loaf-of-bread,black-table)": 0.668030816440781,
    "on-table(loaf-of-bread,white-table)": 0.041528845545447744,
    "on-table(red-box-of-cereal,wood-table)": 0.21372646993647018,
    "on-table(red-box-of-cereal,black-table)": 0.7834450118243694,
    "on-table(red-box-of-cereal,white-table)": 0.08754538919311017,
    "on-table(red-can-of-soda,wood-table)": 0.2405943350192198,
    "on-table(red-can-of-soda,black-table)": 0.8755717923243841,
    "on-table(red-can-of-soda,white-table)": 0.0726916863113729,
    "robot-gripper-empty()": 0.8434930841128031,
    "robot-gripping(milk-carton)": 0.5176580169548591,
    "robot-gripping(lemon)": 0.12577919910351434,
    "robot-gripping(green-bottle)": 0.07731397232661645,
    "robot-gripping(loaf-of-bread)": 0.19109937455505133,
    "robot-gripping(red-box-of-cereal)": 0.0779670715952913,
    "robot-gripping(red-can-of-soda)": 0.11319131466249625
}