{
    "on-table(milk-carton,wood-table)": 0.16025245709655186,
    "on-table(milk-carton,black-table)": 0.014087303444587937,
    "on-table(milk-carton,white-table)": 0.5719541360934576,
    "on-table(lemon,wood-table)": 0.817745260001781,
    "on-table(lemon,black-table)": 0.16337676178348678,
    "on-table(lemon,white-table)": 0.0019328397926680434,
    "on-table(green-bottle,wood-table)": 0.7665999928140081,
    "on-table(green-bottle,black-table)": 0.16850858661932003,
    "on-table(green-bottle,white-table)": 0.005900455405139837,
    "on-table(loaf-of-bread,wood-table)": 0.06008263281546533,
    "on-table(loaf-of-bread,black-table)": 0.006362531683407724,
    "on-table(loaf-of-bread,white-table)": 0.1906202849932015,
    "on-table(red-box-of-cereal,wood-table)": 0.22630534938555988,
    "on-table(red-box-of-cereal,black-table)": 0.013840974003566467,
    "on-table(red-box-of-cereal,white-table)": 0.9969978133837382,
    "on-table(red-can-of-soda,wood-table)": 0.16744771645486858,
    "on-table(red-can-of-soda,black-table)": 0.016177396008136686,
    "on-table(red-can-of-soda,white-table)": 0.9942084550857544,
    "robot-gripper-empty()": 0.966821700334549,
    "robot-gripping(milk-carton)": 0.17024498557051024,
    "robot-gripping(lemon)": 0.051438589890797935,
    "robot-gripping(green-bottle)": 0.08382391592022032,
    "robot-gripping(loaf-of-bread)": 0.06876476978262265,
    "robot-gripping(red-box-of-cereal)": 0.035058264542991914,
    "robot-gripping(red-can-of-soda)": 0.0653855690616183
}