{
    "on-table(milk-carton,wood-table)": 0.138439044666787,
    "on-table(milk-carton,black-table)": 0.21227355460481098,
    "on-table(milk-carton,white-table)": 0.6790298298001289,
    "on-table(lemon,wood-table)": 0.2891279710699261,
    "on-table(lemon,black-table)": 0.9895212749640147,
    "on-table(lemon,white-table)": 0.0027085295848792157,
    "on-table(green-bottle,wood-table)": 0.334939091738003,
    "on-table(green-bottle,black-table)": 0.9977582295735677,
    "on-table(green-bottle,white-table)": 0.11447343243192638,
    "on-table(loaf-of-bread,wood-table)": 0.21938976785168052,
    "on-table(loaf-of-bread,black-table)": 0.5195484448534747,
    "on-table(loaf-of-bread,white-table)": 0.08068280078199071,
    "on-table(red-box-of-cereal,wood-table)": 0.12720822704432067,
    "on-table(red-box-of-cereal,black-table)": 0.0018901161596052891,
    "on-table(red-box-of-cereal,white-table)": 0.8309591960472366,
    "on-table(red-can-of-soda,wood-table)": 0.10945070448118106,
    "on-table(red-can-of-soda,black-table)": 0.006732089961512126,
    "on-table(red-can-of-soda,white-table)": 0.8555988346536955,
    "robot-gripper-empty()": 0.9804530441761017,
    "robot-gripping(milk-carton)": 0.21463662385940552,
    "robot-gripping(lemon)": 0.04267710187317183,
    "robot-gripping(green-bottle)": 0.051252449940269194,
    "robot-gripping(loaf-of-bread)": 0.07388935952136914,
    "robot-gripping(red-box-of-cereal)": 0.03343098315720757,
    "robot-gripping(red-can-of-soda)": 0.08376138214953244
}