{
    "on-table(milk-carton,wood-table)": 0.29888961341930553,
    "on-table(milk-carton,black-table)": 0.09335410532852013,
    "on-table(milk-carton,white-table)": 0.005767986275410901,
    "on-table(lemon,wood-table)": 0.7978446984974047,
    "on-table(lemon,black-table)": 0.07468478172465136,
    "on-table(lemon,white-table)": 0.004043528125142378,
    "on-table(green-bottle,wood-table)": 0.16724235436413437,
    "on-table(green-bottle,black-table)": 0.0007715689675175478,
    "on-table(green-bottle,white-table)": 0.8344215380493551,
    "on-table(loaf-of-bread,wood-table)": 0.2917524557366657,
    "on-table(loaf-of-bread,black-table)": 0.022282070354170475,
    "on-table(loaf-of-bread,white-table)": 0.014667371821512157,
    "on-table(red-box-of-cereal,wood-table)": 0.46133118612730567,
    "on-table(red-box-of-cereal,black-table)": 0.09492183941377637,
    "on-table(red-box-of-cereal,white-table)": 0.0010377076893443398,
    "on-table(red-can-of-soda,wood-table)": 0.8326660011928956,
    "on-table(red-can-of-soda,black-table)": 0.16652428637720126,
    "on-table(red-can-of-soda,white-table)": 0.005936086603317865,
    "robot-gripper-empty()": 0.8973641196886698,
    "robot-gripping(milk-carton)": 0.16730111984846494,
    "robot-gripping(lemon)": 0.14327217413422963,
    "robot-gripping(green-bottle)": 0.01176943576138001,
    "robot-gripping(loaf-of-bread)": 0.15965643152594566,
    "robot-gripping(red-box-of-cereal)": 0.08899858932515296,
    "robot-gripping(red-can-of-soda)": 0.18936542440981916
}