{
    "on-table(milk-carton,wood-table)": 0.4378337644351025,
    "on-table(milk-carton,black-table)": 0.6640216253484444,
    "on-table(milk-carton,white-table)": 0.009239148101187311,
    "on-table(lemon,wood-table)": 0.17695195905010527,
    "on-table(lemon,black-table)": 0.0032962238035452174,
    "on-table(lemon,white-table)": 0.8348375970187286,
    "on-table(green-bottle,wood-table)": 0.17071989486915604,
    "on-table(green-bottle,black-table)": 0.17173478863151104,
    "on-table(green-bottle,white-table)": 0.0007500988917854556,
    "on-table(loaf-of-bread,wood-table)": 0.46189516107551754,
    "on-table(loaf-of-bread,black-table)": 0.4666684221786757,
    "on-table(loaf-of-bread,white-table)": 0.025151406420870142,
    "on-table(red-box-of-cereal,wood-table)": 0.9583406249682108,
    "on-table(red-box-of-cereal,black-table)": 0.3372287148789231,
    "on-table(red-box-of-cereal,white-table)": 0.020850313838006212,
    "on-table(red-can-of-soda,wood-table)": 0.50475340623719,
    "on-table(red-can-of-soda,black-table)": 0.8133546123281121,
    "on-table(red-can-of-soda,white-table)": 0.00458623935386034,
    "robot-gripper-empty()": 0.4789322274349009,
    "robot-gripping(milk-carton)": 0.17289225400115052,
    "robot-gripping(lemon)": 0.024570651158380013,
    "robot-gripping(green-bottle)": 0.6477869683100531,
    "robot-gripping(loaf-of-bread)": 0.043304088176228106,
    "robot-gripping(red-box-of-cereal)": 0.05350891171838157,
    "robot-gripping(red-can-of-soda)": 0.06636404106393456
}