{
    "on-table(milk-carton,wood-table)": 0.7211235240101814,
    "on-table(milk-carton,black-table)": 0.4526913060496251,
    "on-table(milk-carton,white-table)": 0.082469309369723,
    "on-table(lemon,wood-table)": 0.0302322681430572,
    "on-table(lemon,black-table)": 0.8282482690798739,
    "on-table(lemon,white-table)": 0.0048206404587745055,
    "on-table(green-bottle,wood-table)": 0.0002644165709474085,
    "on-table(green-bottle,black-table)": 0.0003695896972809957,
    "on-table(green-bottle,white-table)": 0.042825810975500644,
    "on-table(loaf-of-bread,wood-table)": 0.5207272164601212,
    "on-table(loaf-of-bread,black-table)": 0.10711411915447873,
    "on-table(loaf-of-bread,white-table)": 0.49683508028586704,
    "on-table(red-box-of-cereal,wood-table)": 0.940279503663381,
    "on-table(red-box-of-cereal,black-table)": 0.5088207904045703,
    "on-table(red-box-of-cereal,white-table)": 0.007483385229231014,
    "on-table(red-can-of-soda,wood-table)": 0.4382900823353945,
    "on-table(red-can-of-soda,black-table)": 0.9147150615851084,
    "on-table(red-can-of-soda,white-table)": 0.007804466421172644,
    "robot-gripper-empty()": 0.9707328975200653,
    "robot-gripping(milk-carton)": 0.29370572169621784,
    "robot-gripping(lemon)": 0.038276433770079166,
    "robot-gripping(green-bottle)": 0.01390096583054401,
    "robot-gripping(loaf-of-bread)": 0.14152039773762226,
    "robot-gripping(red-box-of-cereal)": 0.1551792308067282,
    "robot-gripping(red-can-of-soda)": 0.0625636048304538
}