{
    "on-table(milk-carton,wood-table)": 0.06223856696548561,
    "on-table(milk-carton,black-table)": 0.6769776089737812,
    "on-table(milk-carton,white-table)": 0.3198733379880044,
    "on-table(lemon,wood-table)": 0.7498994749039412,
    "on-table(lemon,black-table)": 0.4543469433140975,
    "on-table(lemon,white-table)": 0.029910157701124263,
    "on-table(green-bottle,wood-table)": 0.009127363407363495,
    "on-table(green-bottle,black-table)": 0.01899247227822798,
    "on-table(green-bottle,white-table)": 0.673955629269282,
    "on-table(loaf-of-bread,wood-table)": 0.23975808933998147,
    "on-table(loaf-of-bread,black-table)": 0.5105677740648389,
    "on-table(loaf-of-bread,white-table)": 0.036820781958946704,
    "on-table(red-box-of-cereal,wood-table)": 0.265975549351424,
    "on-table(red-box-of-cereal,black-table)": 0.28842404842362157,
    "on-table(red-box-of-cereal,white-table)": 0.6895410642027855,
    "on-table(red-can-of-soda,wood-table)": 0.902375191450119,
    "on-table(red-can-of-soda,black-table)": 0.2528599943702072,
    "on-table(red-can-of-soda,white-table)": 0.19933397006479936,
    "robot-gripper-empty()": 0.928520917892456,
    "robot-gripping(milk-carton)": 0.11603196368863185,
    "robot-gripping(lemon)": 0.05015437615414461,
    "robot-gripping(green-bottle)": 0.03078483446734026,
    "robot-gripping(loaf-of-bread)": 0.11588144255802035,
    "robot-gripping(red-box-of-cereal)": 0.13377511559519917,
    "robot-gripping(red-can-of-soda)": 0.24061078252270818
}