{
    "on-table(milk-carton,wood-table)": 0.35551033828717965,
    "on-table(milk-carton,black-table)": 0.00792411548718519,
    "on-table(milk-carton,white-table)": 0.7626315300973753,
    "on-table(lemon,wood-table)": 0.16794519827817567,
    "on-table(lemon,black-table)": 0.004362894300963187,
    "on-table(lemon,white-table)": 0.8558819989363352,
    "on-table(green-bottle,wood-table)": 0.006291479658102617,
    "on-table(green-bottle,black-table)": 0.0033867514527325207,
    "on-table(green-bottle,white-table)": 0.005121524925925769,
    "on-table(loaf-of-bread,wood-table)": 0.5243883260215322,
    "on-table(loaf-of-bread,black-table)": 0.02876315519824857,
    "on-table(loaf-of-bread,white-table)": 0.5442924029193819,
    "on-table(red-box-of-cereal,wood-table)": 0.8884826600551605,
    "on-table(red-box-of-cereal,black-table)": 0.17233280748011262,
    "on-table(red-box-of-cereal,white-table)": 0.06039877935715291,
    "on-table(red-can-of-soda,wood-table)": 0.8552734156449636,
    "on-table(red-can-of-soda,black-table)": 0.16934670764385373,
    "on-table(red-can-of-soda,white-table)": 0.014101565868259058,
    "robot-gripper-empty()": 0.8115436012546221,
    "robot-gripping(milk-carton)": 0.1661753145356973,
    "robot-gripping(lemon)": 0.08549746529509623,
    "robot-gripping(green-bottle)": 0.04658281966112554,
    "robot-gripping(loaf-of-bread)": 0.11367581784725189,
    "robot-gripping(red-box-of-cereal)": 0.3013207516632974,
    "robot-gripping(red-can-of-soda)": 0.47001908471186954
}