{
    "on-table(milk-carton,wood-table)": 0.8885972201824188,
    "on-table(milk-carton,black-table)": 0.10134406273815937,
    "on-table(milk-carton,white-table)": 0.11293811905003774,
    "on-table(lemon,wood-table)": 0.997756560643514,
    "on-table(lemon,black-table)": 0.33168598615831496,
    "on-table(lemon,white-table)": 0.0018921360431249923,
    "on-table(green-bottle,wood-table)": 0.9218447009722391,
    "on-table(green-bottle,black-table)": 0.2709264185437708,
    "on-table(green-bottle,white-table)": 0.006486199241597508,
    "on-table(loaf-of-bread,wood-table)": 0.7184103640417258,
    "on-table(loaf-of-bread,black-table)": 0.16813375395706012,
    "on-table(loaf-of-bread,white-table)": 0.018065736256251814,
    "on-table(red-box-of-cereal,wood-table)": 0.6425622319802642,
    "on-table(red-box-of-cereal,black-table)": 0.16409312678903612,
    "on-table(red-box-of-cereal,white-table)": 0.3402367695622767,
    "on-table(red-can-of-soda,wood-table)": 0.3312023002144997,
    "on-table(red-can-of-soda,black-table)": 0.000371426329214349,
    "on-table(red-can-of-soda,white-table)": 0.8366593681275845,
    "robot-gripper-empty()": 0.9784225126107534,
    "robot-gripping(milk-carton)": 0.24219717333714166,
    "robot-gripping(lemon)": 0.03770870866719633,
    "robot-gripping(green-bottle)": 0.04207697859965265,
    "robot-gripping(loaf-of-bread)": 0.08655988696652155,
    "robot-gripping(red-box-of-cereal)": 0.04455436719581485,
    "robot-gripping(red-can-of-soda)": 0.0367132235939304
}