{
    "on-table(milk-carton,wood-table)": 0.26174330470773083,
    "on-table(milk-carton,black-table)": 0.07404051235547134,
    "on-table(milk-carton,white-table)": 0.7123828728993734,
    "on-table(lemon,wood-table)": 0.05611001214128919,
    "on-table(lemon,black-table)": 0.8400967580576738,
    "on-table(lemon,white-table)": 0.07843664575951455,
    "on-table(green-bottle,wood-table)": 0.30030950882549706,
    "on-table(green-bottle,black-table)": 0.016213323457729228,
    "on-table(green-bottle,white-table)": 0.838931086162726,
    "on-table(loaf-of-bread,wood-table)": 0.4332786883848409,
    "on-table(loaf-of-bread,black-table)": 0.15183345886665242,
    "on-table(loaf-of-bread,white-table)": 0.5867881811379144,
    "on-table(red-box-of-cereal,wood-table)": 0.09910560123777638,
    "on-table(red-box-of-cereal,black-table)": 0.21048529295270177,
    "on-table(red-box-of-cereal,white-table)": 0.06581835523441744,
    "on-table(red-can-of-soda,wood-table)": 0.04577742732362822,
    "on-table(red-can-of-soda,black-table)": 0.14911507630010115,
    "on-table(red-can-of-soda,white-table)": 0.02870505751222178,
    "robot-gripper-empty()": 0.9162500103314718,
    "robot-gripping(milk-carton)": 0.15904794012506804,
    "robot-gripping(lemon)": 0.053772432128122695,
    "robot-gripping(green-bottle)": 0.07148563799758752,
    "robot-gripping(loaf-of-bread)": 0.12104725822185476,
    "robot-gripping(red-box-of-cereal)": 0.09381758770905435,
    "robot-gripping(red-can-of-soda)": 0.06566222982170682
}