{
    "on-table(milk-carton,wood-table)": 0.19925795945649347,
    "on-table(milk-carton,black-table)": 0.19733388101061186,
    "on-table(milk-carton,white-table)": 0.05927217394734422,
    "on-table(lemon,wood-table)": 0.16347272795974277,
    "on-table(lemon,black-table)": 0.8337348743031422,
    "on-table(lemon,white-table)": 0.13753164796207784,
    "on-table(green-bottle,wood-table)": 0.9554254412651062,
    "on-table(green-bottle,black-table)": 0.3268540249451443,
    "on-table(green-bottle,white-table)": 0.044555818589515184,
    "on-table(loaf-of-bread,wood-table)": 0.1945829689114665,
    "on-table(loaf-of-bread,black-table)": 0.10839298165713747,
    "on-table(loaf-of-bread,white-table)": 0.013202952259841064,
    "on-table(red-box-of-cereal,wood-table)": 0.19974043670420846,
    "on-table(red-box-of-cereal,black-table)": 0.19492049678228796,
    "on-table(red-box-of-cereal,white-table)": 0.021091121442926426,
    "on-table(red-can-of-soda,wood-table)": 0.8459324364860853,
    "on-table(red-can-of-soda,black-table)": 0.21701877905919295,
    "on-table(red-can-of-soda,white-table)": 0.010993823291755689,
    "robot-gripper-empty()": 0.9580942591031393,
    "robot-gripping(milk-carton)": 0.12867896972844997,
    "robot-gripping(lemon)": 0.08045422829066713,
    "robot-gripping(green-bottle)": 0.09559652900012831,
    "robot-gripping(loaf-of-bread)": 0.09341217965508501,
    "robot-gripping(red-box-of-cereal)": 0.054025650257244706,
    "robot-gripping(red-can-of-soda)": 0.18129343535595885
}