{
    "on-table(milk-carton,wood-table)": 0.21164725177610913,
    "on-table(milk-carton,black-table)": 0.194940736827751,
    "on-table(milk-carton,white-table)": 0.10359923029318452,
    "on-table(lemon,wood-table)": 0.33015600743237883,
    "on-table(lemon,black-table)": 0.9628827969233195,
    "on-table(lemon,white-table)": 0.08335906090481633,
    "on-table(green-bottle,wood-table)": 0.8493624938031038,
    "on-table(green-bottle,black-table)": 0.20270500698330807,
    "on-table(green-bottle,white-table)": 0.01618652055291629,
    "on-table(loaf-of-bread,wood-table)": 0.47157692334925133,
    "on-table(loaf-of-bread,black-table)": 0.04224197663522015,
    "on-table(loaf-of-bread,white-table)": 0.026183240580697504,
    "on-table(red-box-of-cereal,wood-table)": 0.018225097073203262,
    "on-table(red-box-of-cereal,black-table)": 0.32698764163069427,
    "on-table(red-box-of-cereal,white-table)": 0.021304090846873198,
    "on-table(red-can-of-soda,wood-table)": 0.0866089607976998,
    "on-table(red-can-of-soda,black-table)": 0.30921704139715683,
    "on-table(red-can-of-soda,white-table)": 0.011240468942560256,
    "robot-gripper-empty()": 0.8958955903848013,
    "robot-gripping(milk-carton)": 0.20482101291418076,
    "robot-gripping(lemon)": 0.164033484334747,
    "robot-gripping(green-bottle)": 0.05207009675602118,
    "robot-gripping(loaf-of-bread)": 0.09494564371804397,
    "robot-gripping(red-box-of-cereal)": 0.1866495191740493,
    "robot-gripping(red-can-of-soda)": 0.5333905207614104
}