{
    "on-table(milk-carton,wood-table)": 0.27708876913432806,
    "on-table(milk-carton,black-table)": 0.007498680708522443,
    "on-table(milk-carton,white-table)": 0.8416229877620935,
    "on-table(lemon,wood-table)": 0.03395838087211208,
    "on-table(lemon,black-table)": 0.1691308818590187,
    "on-table(lemon,white-table)": 0.018173790478613228,
    "on-table(green-bottle,wood-table)": 0.3334871284993521,
    "on-table(green-bottle,black-table)": 0.9996268550554911,
    "on-table(green-bottle,white-table)": 0.09136857615938727,
    "on-table(loaf-of-bread,wood-table)": 0.2361227534711361,
    "on-table(loaf-of-bread,black-table)": 0.07543168800960605,
    "on-table(loaf-of-bread,white-table)": 0.19735599775837423,
    "on-table(red-box-of-cereal,wood-table)": 0.6772316337640708,
    "on-table(red-box-of-cereal,black-table)": 0.0064155898641426274,
    "on-table(red-box-of-cereal,white-table)": 0.09831952813738098,
    "on-table(red-can-of-soda,wood-table)": 0.8272071570293823,
    "on-table(red-can-of-soda,black-table)": 0.16685041131828862,
    "on-table(red-can-of-soda,white-table)": 0.011276963400784249,
    "robot-gripper-empty()": 0.8808702280124029,
    "robot-gripping(milk-carton)": 0.20703678205609322,
    "robot-gripping(lemon)": 0.066012371215038,
    "robot-gripping(green-bottle)": 0.07390674525716652,
    "robot-gripping(loaf-of-bread)": 0.10772234294563532,
    "robot-gripping(red-box-of-cereal)": 0.17789256758987904,
    "robot-gripping(red-can-of-soda)": 0.19236871126728752
}