{
    "on-table(milk-carton,wood-table)": 0.32789573694268864,
    "on-table(milk-carton,black-table)": 0.659871929557994,
    "on-table(milk-carton,white-table)": 0.07636497530620545,
    "on-table(lemon,wood-table)": 0.0008167596794616353,
    "on-table(lemon,black-table)": 0.002368645184712174,
    "on-table(lemon,white-table)": 0.0018835591593718466,
    "on-table(green-bottle,wood-table)": 0.16965123403982338,
    "on-table(green-bottle,black-table)": 0.17050574327064774,
    "on-table(green-bottle,white-table)": 0.0034501510029561664,
    "on-table(loaf-of-bread,wood-table)": 0.10892251025264461,
    "on-table(loaf-of-bread,black-table)": 0.008653870764343688,
    "on-table(loaf-of-bread,white-table)": 0.5721253174512336,
    "on-table(red-box-of-cereal,wood-table)": 0.5447134607626746,
    "on-table(red-box-of-cereal,black-table)": 0.0030396484847490988,
    "on-table(red-box-of-cereal,white-table)": 0.8226708204795917,
    "on-table(red-can-of-soda,wood-table)": 0.9969379007816315,
    "on-table(red-can-of-soda,black-table)": 0.15056048055460755,
    "on-table(red-can-of-soda,white-table)": 0.1691843255442412,
    "robot-gripper-empty()": 0.4552303887515639,
    "robot-gripping(milk-carton)": 0.24153823281327882,
    "robot-gripping(lemon)": 0.14110951373004355,
    "robot-gripping(green-bottle)": 0.7993820502112309,
    "robot-gripping(loaf-of-bread)": 0.06985709280706942,
    "robot-gripping(red-box-of-cereal)": 0.0764740898545521,
    "robot-gripping(red-can-of-soda)": 0.21687693886148432
}