{
    "on-table(milk-carton,wood-table)": 0.6298094963033994,
    "on-table(milk-carton,black-table)": 0.1181030450079561,
    "on-table(milk-carton,white-table)": 0.2986441804775192,
    "on-table(lemon,wood-table)": 0.08089919755972612,
    "on-table(lemon,black-table)": 0.21422335793613456,
    "on-table(lemon,white-table)": 0.08059585841147054,
    "on-table(green-bottle,wood-table)": 0.005909424469185372,
    "on-table(green-bottle,black-table)": 0.008336404120200314,
    "on-table(green-bottle,white-table)": 0.004743290337501094,
    "on-table(loaf-of-bread,wood-table)": 0.1682758763587723,
    "on-table(loaf-of-bread,black-table)": 0.653723847741882,
    "on-table(loaf-of-bread,white-table)": 0.017811864285855943,
    "on-table(red-box-of-cereal,wood-table)": 0.3369713440297346,
    "on-table(red-box-of-cereal,black-table)": 0.7098682426537076,
    "on-table(red-box-of-cereal,white-table)": 0.24591899526421912,
    "on-table(red-can-of-soda,wood-table)": 0.1664751937969413,
    "on-table(red-can-of-soda,black-table)": 0.009208176757965703,
    "on-table(red-can-of-soda,white-table)": 0.8339301906526089,
    "robot-gripper-empty()": 0.7545317557329932,
    "robot-gripping(milk-carton)": 0.09587270580232143,
    "robot-gripping(lemon)": 0.3250323810304205,
    "robot-gripping(green-bottle)": 0.03404919399569432,
    "robot-gripping(loaf-of-bread)": 0.2819623965770006,
    "robot-gripping(red-box-of-cereal)": 0.12919131883730492,
    "robot-gripping(red-can-of-soda)": 0.06386084683860342
}