{
    "on-table(milk-carton,wood-table)": 0.11601044907001778,
    "on-table(milk-carton,black-table)": 0.03745926945703104,
    "on-table(milk-carton,white-table)": 0.6738688896099726,
    "on-table(lemon,wood-table)": 0.11112133978167549,
    "on-table(lemon,black-table)": 0.8303866616139809,
    "on-table(lemon,white-table)": 0.018958662017970102,
    "on-table(green-bottle,wood-table)": 0.8188311457633972,
    "on-table(green-bottle,black-table)": 0.23887912482824922,
    "on-table(green-bottle,white-table)": 0.00330500726969755,
    "on-table(loaf-of-bread,wood-table)": 0.08864298957632855,
    "on-table(loaf-of-bread,black-table)": 0.0873522993545824,
    "on-table(loaf-of-bread,white-table)": 0.10156989687432845,
    "on-table(red-box-of-cereal,wood-table)": 0.14358099435048643,
    "on-table(red-box-of-cereal,black-table)": 0.06543116351531353,
    "on-table(red-box-of-cereal,white-table)": 0.7071106401272118,
    "on-table(red-can-of-soda,wood-table)": 0.12029925911641233,
    "on-table(red-can-of-soda,black-table)": 0.00189115954102211,
    "on-table(red-can-of-soda,white-table)": 0.8330599727729956,
    "robot-gripper-empty()": 0.739461729923884,
    "robot-gripping(milk-carton)": 0.4202526658773422,
    "robot-gripping(lemon)": 0.22266048286110163,
    "robot-gripping(green-bottle)": 0.15959329662534097,
    "robot-gripping(loaf-of-bread)": 0.14619641564786434,
    "robot-gripping(red-box-of-cereal)": 0.16519436767945686,
    "robot-gripping(red-can-of-soda)": 0.318226942482094
}