{
    "on-table(milk-carton,wood-table)": 0.17380205976466337,
    "on-table(milk-carton,black-table)": 0.04149519884958863,
    "on-table(milk-carton,white-table)": 0.07207504543475807,
    "on-table(lemon,wood-table)": 0.35329616588326945,
    "on-table(lemon,black-table)": 0.0020708017858244907,
    "on-table(lemon,white-table)": 0.8418563008308411,
    "on-table(green-bottle,wood-table)": 0.4302691040793434,
    "on-table(green-bottle,black-table)": 0.09394297849697371,
    "on-table(green-bottle,white-table)": 0.003384450144949369,
    "on-table(loaf-of-bread,wood-table)": 0.2780612101778388,
    "on-table(loaf-of-bread,black-table)": 0.06985971381072886,
    "on-table(loaf-of-bread,white-table)": 0.10081327927764505,
    "on-table(red-box-of-cereal,wood-table)": 0.00776948065807422,
    "on-table(red-box-of-cereal,black-table)": 0.00871893874136731,
    "on-table(red-box-of-cereal,white-table)": 0.003212403171346523,
    "on-table(red-can-of-soda,wood-table)": 0.007239261457774167,
    "on-table(red-can-of-soda,black-table)": 0.015089408378116786,
    "on-table(red-can-of-soda,white-table)": 0.00645556123345159,
    "robot-gripper-empty()": 0.9124009211858114,
    "robot-gripping(milk-carton)": 0.08111451830094059,
    "robot-gripping(lemon)": 0.10535346231578539,
    "robot-gripping(green-bottle)": 0.027722802323599655,
    "robot-gripping(loaf-of-bread)": 0.05614977888762951,
    "robot-gripping(red-box-of-cereal)": 0.019758165425931413,
    "robot-gripping(red-can-of-soda)": 0.0377365145056198
}