{
    "on-table(milk-carton,wood-table)": 0.6898499031861623,
    "on-table(milk-carton,black-table)": 0.06010158682086816,
    "on-table(milk-carton,white-table)": 0.2837434616133881,
    "on-table(lemon,wood-table)": 0.29484735887187224,
    "on-table(lemon,black-table)": 0.12802681929679238,
    "on-table(lemon,white-table)": 0.026336709460035006,
    "on-table(green-bottle,wood-table)": 0.9921608567237854,
    "on-table(green-bottle,black-table)": 0.3326639467133721,
    "on-table(green-bottle,white-table)": 0.008485072358363746,
    "on-table(loaf-of-bread,wood-table)": 0.2669143531723724,
    "on-table(loaf-of-bread,black-table)": 0.034865789755713195,
    "on-table(loaf-of-bread,white-table)": 0.051697734103072435,
    "on-table(red-box-of-cereal,wood-table)": 0.6876942577461401,
    "on-table(red-box-of-cereal,black-table)": 0.006408851455489639,
    "on-table(red-box-of-cereal,white-table)": 0.44260484340945067,
    "on-table(red-can-of-soda,wood-table)": 0.3335575259867862,
    "on-table(red-can-of-soda,black-table)": 0.0014526124120948225,
    "on-table(red-can-of-soda,white-table)": 0.8462403764327368,
    "robot-gripper-empty()": 0.7139808336893717,
    "robot-gripping(milk-carton)": 0.48354649543762207,
    "robot-gripping(lemon)": 0.11532094174375136,
    "robot-gripping(green-bottle)": 0.09954702729980151,
    "robot-gripping(loaf-of-bread)": 0.17798799027999243,
    "robot-gripping(red-box-of-cereal)": 0.27245158577958745,
    "robot-gripping(red-can-of-soda)": 0.4804017245769501
}