{
    "on-table(milk-carton,wood-table)": 0.8990335961182913,
    "on-table(milk-carton,black-table)": 0.1196891472209245,
    "on-table(milk-carton,white-table)": 0.18570327766550085,
    "on-table(lemon,wood-table)": 0.1879037452842264,
    "on-table(lemon,black-table)": 0.17414406799677332,
    "on-table(lemon,white-table)": 0.8335783748577038,
    "on-table(green-bottle,wood-table)": 0.32852390140518156,
    "on-table(green-bottle,black-table)": 0.9994444847106934,
    "on-table(green-bottle,white-table)": 0.0167944419313244,
    "on-table(loaf-of-bread,wood-table)": 0.3256311514414847,
    "on-table(loaf-of-bread,black-table)": 0.027313645322768327,
    "on-table(loaf-of-bread,white-table)": 0.7142142529288927,
    "on-table(red-box-of-cereal,wood-table)": 0.8346110926941037,
    "on-table(red-box-of-cereal,black-table)": 0.16938747222699627,
    "on-table(red-box-of-cereal,white-table)": 0.026493919809278548,
    "on-table(red-can-of-soda,wood-table)": 0.8339734917196134,
    "on-table(red-can-of-soda,black-table)": 0.1704968494324627,
    "on-table(red-can-of-soda,white-table)": 0.0055650196769268705,
    "robot-gripper-empty()": 0.8964139918486277,
    "robot-gripping(milk-carton)": 0.16989645765473446,
    "robot-gripping(lemon)": 0.2169429074662427,
    "robot-gripping(green-bottle)": 0.18089859451477727,
    "robot-gripping(loaf-of-bread)": 0.14158786848808327,
    "robot-gripping(red-box-of-cereal)": 0.15230117761529982,
    "robot-gripping(red-can-of-soda)": 0.1786760026589036
}