{
    "on-table(milk-carton,wood-table)": 0.13460015695697317,
    "on-table(milk-carton,black-table)": 0.006673124290803874,
    "on-table(milk-carton,white-table)": 0.7251465671385328,
    "on-table(lemon,wood-table)": 0.0268038020003587,
    "on-table(lemon,black-table)": 0.010995690402827071,
    "on-table(lemon,white-table)": 0.03979307326274769,
    "on-table(green-bottle,wood-table)": 0.17068985114262128,
    "on-table(green-bottle,black-table)": 0.16946149842260638,
    "on-table(green-bottle,white-table)": 0.004149198632148909,
    "on-table(loaf-of-bread,wood-table)": 0.12272987049072981,
    "on-table(loaf-of-bread,black-table)": 0.10820377207710408,
    "on-table(loaf-of-bread,white-table)": 0.028431166904435184,
    "on-table(red-box-of-cereal,wood-table)": 0.011862181452064155,
    "on-table(red-box-of-cereal,black-table)": 0.03128901892220407,
    "on-table(red-box-of-cereal,white-table)": 0.001552386757490846,
    "on-table(red-can-of-soda,wood-table)": 0.009766759166571623,
    "on-table(red-can-of-soda,black-table)": 0.029058970815337187,
    "on-table(red-can-of-soda,white-table)": 0.0006216020829015179,
    "robot-gripper-empty()": 0.18462796205615936,
    "robot-gripping(milk-carton)": 0.13881936467563114,
    "robot-gripping(lemon)": 0.46815938999255496,
    "robot-gripping(green-bottle)": 0.831102704629302,
    "robot-gripping(loaf-of-bread)": 0.06970268722701196,
    "robot-gripping(red-box-of-cereal)": 0.013411983318898516,
    "robot-gripping(red-can-of-soda)": 0.03915052182856016
}