{
    "on-table(milk-carton,wood-table)": 0.5510221719741821,
    "on-table(milk-carton,black-table)": 0.19754351502804943,
    "on-table(milk-carton,white-table)": 0.09428252635492147,
    "on-table(lemon,wood-table)": 0.2803678323349838,
    "on-table(lemon,black-table)": 0.0064519436065590225,
    "on-table(lemon,white-table)": 0.8937355975310007,
    "on-table(green-bottle,wood-table)": 0.16421536422088442,
    "on-table(green-bottle,black-table)": 0.7728981916637471,
    "on-table(green-bottle,white-table)": 0.005423964609538719,
    "on-table(loaf-of-bread,wood-table)": 0.05992353397111098,
    "on-table(loaf-of-bread,black-table)": 0.005266519166373958,
    "on-table(loaf-of-bread,white-table)": 0.15292691635355973,
    "on-table(red-box-of-cereal,wood-table)": 0.045089885068591684,
    "on-table(red-box-of-cereal,black-table)": 0.15753136136724302,
    "on-table(red-box-of-cereal,white-table)": 0.03336221473485542,
    "on-table(red-can-of-soda,wood-table)": 0.16679091480485417,
    "on-table(red-can-of-soda,black-table)": 0.6787816795210043,
    "on-table(red-can-of-soda,white-table)": 0.012726155017996158,
    "robot-gripper-empty()": 0.6662176052729288,
    "robot-gripping(milk-carton)": 0.5288663742442926,
    "robot-gripping(lemon)": 0.12539146654307842,
    "robot-gripping(green-bottle)": 0.13850141254564127,
    "robot-gripping(loaf-of-bread)": 0.22767307360967,
    "robot-gripping(red-box-of-cereal)": 0.10723565084238847,
    "robot-gripping(red-can-of-soda)": 0.41099731003244716
}