{
    "on-table(milk-carton,wood-table)": 0.15227056950485954,
    "on-table(milk-carton,black-table)": 0.246110068478932,
    "on-table(milk-carton,white-table)": 0.30884635634720325,
    "on-table(lemon,wood-table)": 0.8748168647289276,
    "on-table(lemon,black-table)": 0.1678687264338805,
    "on-table(lemon,white-table)": 0.07627066884864082,
    "on-table(green-bottle,wood-table)": 0.7869914397597313,
    "on-table(green-bottle,black-table)": 0.33337551573125285,
    "on-table(green-bottle,white-table)": 0.0028342278613422422,
    "on-table(loaf-of-bread,wood-table)": 0.09712288959417492,
    "on-table(loaf-of-bread,black-table)": 0.04903650113071004,
    "on-table(loaf-of-bread,white-table)": 0.6187016717158258,
    "on-table(red-box-of-cereal,wood-table)": 0.22604512991771722,
    "on-table(red-box-of-cereal,black-table)": 0.276046820654301,
    "on-table(red-box-of-cereal,white-table)": 0.010162100101297256,
    "on-table(red-can-of-soda,wood-table)": 0.6636009232412713,
    "on-table(red-can-of-soda,black-table)": 0.3861228971873061,
    "on-table(red-can-of-soda,white-table)": 0.005613263780711956,
    "robot-gripper-empty()": 0.9261821309725443,
    "robot-gripping(milk-carton)": 0.12980060496677956,
    "robot-gripping(lemon)": 0.059094032272696495,
    "robot-gripping(green-bottle)": 0.14723995130043477,
    "robot-gripping(loaf-of-bread)": 0.08792143330598871,
    "robot-gripping(red-box-of-cereal)": 0.06291959253333819,
    "robot-gripping(red-can-of-soda)": 0.13961112085962668
}