{
    "on-table(milk-carton,wood-table)": 0.49370656969646615,
    "on-table(milk-carton,black-table)": 0.17439990940814218,
    "on-table(milk-carton,white-table)": 0.5727409571409225,
    "on-table(lemon,wood-table)": 0.28225845072302036,
    "on-table(lemon,black-table)": 0.2683967648139666,
    "on-table(lemon,white-table)": 0.6924591910016412,
    "on-table(green-bottle,wood-table)": 0.9826178948084513,
    "on-table(green-bottle,black-table)": 0.3294641410472347,
    "on-table(green-bottle,white-table)": 0.001928767089490672,
    "on-table(loaf-of-bread,wood-table)": 0.3000265397131443,
    "on-table(loaf-of-bread,black-table)": 0.5037130977337559,
    "on-table(loaf-of-bread,white-table)": 0.1706708756488903,
    "on-table(red-box-of-cereal,wood-table)": 0.1635940605046926,
    "on-table(red-box-of-cereal,black-table)": 0.003956184852237736,
    "on-table(red-box-of-cereal,white-table)": 0.8409750573337078,
    "on-table(red-can-of-soda,wood-table)": 0.18160129930038238,
    "on-table(red-can-of-soda,black-table)": 0.01897536183302388,
    "on-table(red-can-of-soda,white-table)": 0.9545618792374929,
    "robot-gripper-empty()": 0.803121879696846,
    "robot-gripping(milk-carton)": 0.2230087419350942,
    "robot-gripping(lemon)": 0.05601407214999199,
    "robot-gripping(green-bottle)": 0.15402393244827786,
    "robot-gripping(loaf-of-bread)": 0.10520772139231364,
    "robot-gripping(red-box-of-cereal)": 0.23173211639126143,
    "robot-gripping(red-can-of-soda)": 0.39134696250160533
}