{
    "on-table(milk-carton,wood-table)": 0.41380449462061125,
    "on-table(milk-carton,black-table)": 0.1823615095539329,
    "on-table(milk-carton,white-table)": 0.1565693772669571,
    "on-table(lemon,wood-table)": 0.1948126408048362,
    "on-table(lemon,black-table)": 0.0009060007934446427,
    "on-table(lemon,white-table)": 0.9712595244248708,
    "on-table(green-bottle,wood-table)": 0.8551424965262413,
    "on-table(green-bottle,black-table)": 0.19542034715273834,
    "on-table(green-bottle,white-table)": 0.01604832338178615,
    "on-table(loaf-of-bread,wood-table)": 0.21441398417421928,
    "on-table(loaf-of-bread,black-table)": 0.07405363705765922,
    "on-table(loaf-of-bread,white-table)": 0.14462109318264993,
    "on-table(red-box-of-cereal,wood-table)": 0.3502409889818712,
    "on-table(red-box-of-cereal,black-table)": 0.30389945183075423,
    "on-table(red-box-of-cereal,white-table)": 0.1610955115611432,
    "on-table(red-can-of-soda,wood-table)": 0.9978610475858053,
    "on-table(red-can-of-soda,black-table)": 0.33310512324705616,
    "on-table(red-can-of-soda,white-table)": 0.15929414447797777,
    "robot-gripper-empty()": 0.9266318877538046,
    "robot-gripping(milk-carton)": 0.34086964403589565,
    "robot-gripping(lemon)": 0.08877568505704403,
    "robot-gripping(green-bottle)": 0.2082855006059011,
    "robot-gripping(loaf-of-bread)": 0.11251264313856761,
    "robot-gripping(red-box-of-cereal)": 0.034694624754289784,
    "robot-gripping(red-can-of-soda)": 0.18237182001272836
}