{
    "on-table(milk-carton,wood-table)": 0.25417220996071893,
    "on-table(milk-carton,black-table)": 0.019019067124342353,
    "on-table(milk-carton,white-table)": 0.8616832792758942,
    "on-table(lemon,wood-table)": 0.20968436154847345,
    "on-table(lemon,black-table)": 0.009292136961448705,
    "on-table(lemon,white-table)": 0.8468030753235022,
    "on-table(green-bottle,wood-table)": 0.3446672728750855,
    "on-table(green-bottle,black-table)": 0.09753824902387957,
    "on-table(green-bottle,white-table)": 0.041840543097350746,
    "on-table(loaf-of-bread,wood-table)": 0.3752442393451929,
    "on-table(loaf-of-bread,black-table)": 0.3665779538763066,
    "on-table(loaf-of-bread,white-table)": 0.2006260814766089,
    "on-table(red-box-of-cereal,wood-table)": 0.17307997297029942,
    "on-table(red-box-of-cereal,black-table)": 0.2156064211158082,
    "on-table(red-box-of-cereal,white-table)": 0.008890817261999473,
    "on-table(red-can-of-soda,wood-table)": 0.19378175710638365,
    "on-table(red-can-of-soda,black-table)": 0.6704365535794446,
    "on-table(red-can-of-soda,white-table)": 0.003961822826264931,
    "robot-gripper-empty()": 0.8933478593826294,
    "robot-gripping(milk-carton)": 0.22184431863327822,
    "robot-gripping(lemon)": 0.09954608883708715,
    "robot-gripping(green-bottle)": 0.09883902377138536,
    "robot-gripping(loaf-of-bread)": 0.14038098665575185,
    "robot-gripping(red-box-of-cereal)": 0.06555896811187267,
    "robot-gripping(red-can-of-soda)": 0.1680673013906926
}