{
    "on-table(milk-carton,wood-table)": 0.18404573062434793,
    "on-table(milk-carton,black-table)": 0.1847576759852624,
    "on-table(milk-carton,white-table)": 0.8233144947638115,
    "on-table(lemon,wood-table)": 0.015739007731705595,
    "on-table(lemon,black-table)": 0.40776716529702145,
    "on-table(lemon,white-table)": 0.024941992802268942,
    "on-table(green-bottle,wood-table)": 0.1379048659109685,
    "on-table(green-bottle,black-table)": 0.8338428530065963,
    "on-table(green-bottle,white-table)": 0.03934725937453246,
    "on-table(loaf-of-bread,wood-table)": 0.1627528570825234,
    "on-table(loaf-of-bread,black-table)": 0.46999069179097813,
    "on-table(loaf-of-bread,white-table)": 0.17121660197396218,
    "on-table(red-box-of-cereal,wood-table)": 0.6230902348955473,
    "on-table(red-box-of-cereal,black-table)": 0.49576316587626934,
    "on-table(red-box-of-cereal,white-table)": 0.025085226399824023,
    "on-table(red-can-of-soda,wood-table)": 0.9789526065190634,
    "on-table(red-can-of-soda,black-table)": 0.33722147155655574,
    "on-table(red-can-of-soda,white-table)": 0.012281762219572556,
    "robot-gripper-empty()": 0.7931962249179682,
    "robot-gripping(milk-carton)": 0.18937480946381888,
    "robot-gripping(lemon)": 0.21949610548714796,
    "robot-gripping(green-bottle)": 0.06614358552421133,
    "robot-gripping(loaf-of-bread)": 0.23248992767184973,
    "robot-gripping(red-box-of-cereal)": 0.11667286270918946,
    "robot-gripping(red-can-of-soda)": 0.176613742330422
}