{
    "on-table(milk-carton,wood-table)": 0.4279089257276307,
    "on-table(milk-carton,black-table)": 0.6613147209088007,
    "on-table(milk-carton,white-table)": 0.18565664525522152,
    "on-table(lemon,wood-table)": 0.180093267854924,
    "on-table(lemon,black-table)": 0.16969591244802965,
    "on-table(lemon,white-table)": 0.0635205327028719,
    "on-table(green-bottle,wood-table)": 0.1682259345161583,
    "on-table(green-bottle,black-table)": 0.0011050351219713168,
    "on-table(green-bottle,white-table)": 0.8341687015102556,
    "on-table(loaf-of-bread,wood-table)": 0.7319593081871668,
    "on-table(loaf-of-bread,black-table)": 0.24455179413052974,
    "on-table(loaf-of-bread,white-table)": 0.10154974500377041,
    "on-table(red-box-of-cereal,wood-table)": 0.9700558582941691,
    "on-table(red-box-of-cereal,black-table)": 0.0863096891650154,
    "on-table(red-box-of-cereal,white-table)": 0.558837518406411,
    "on-table(red-can-of-soda,wood-table)": 0.19388409693419817,
    "on-table(red-can-of-soda,black-table)": 0.00476581714239425,
    "on-table(red-can-of-soda,white-table)": 0.8506095620493094,
    "robot-gripper-empty()": 0.960186243057251,
    "robot-gripping(milk-carton)": 0.10368226189166307,
    "robot-gripping(lemon)": 0.06301059201359749,
    "robot-gripping(green-bottle)": 0.02608500502537936,
    "robot-gripping(loaf-of-bread)": 0.19799849887688956,
    "robot-gripping(red-box-of-cereal)": 0.18125700779880086,
    "robot-gripping(red-can-of-soda)": 0.17392003322796276
}