{
    "on-table(milk-carton,wood-table)": 0.10368334251688793,
    "on-table(milk-carton,black-table)": 0.7126486719353124,
    "on-table(milk-carton,white-table)": 0.17815859859547345,
    "on-table(lemon,wood-table)": 0.20810723882944634,
    "on-table(lemon,black-table)": 0.21434055304174157,
    "on-table(lemon,white-table)": 0.0617340542958118,
    "on-table(green-bottle,wood-table)": 0.8365207224463423,
    "on-table(green-bottle,black-table)": 0.17254393792878395,
    "on-table(green-bottle,white-table)": 0.002038085291663568,
    "on-table(loaf-of-bread,wood-table)": 0.1819442242073516,
    "on-table(loaf-of-bread,black-table)": 0.3930460944150885,
    "on-table(loaf-of-bread,white-table)": 0.08724482838685314,
    "on-table(red-box-of-cereal,wood-table)": 0.22842677670996636,
    "on-table(red-box-of-cereal,black-table)": 0.8245967754628509,
    "on-table(red-box-of-cereal,white-table)": 0.33887328739122796,
    "on-table(red-can-of-soda,wood-table)": 0.12131033683787489,
    "on-table(red-can-of-soda,black-table)": 0.2523986528061262,
    "on-table(red-can-of-soda,white-table)": 0.8425243745247523,
    "robot-gripper-empty()": 0.9105735321839651,
    "robot-gripping(milk-carton)": 0.22746894881129265,
    "robot-gripping(lemon)": 0.24540870015819868,
    "robot-gripping(green-bottle)": 0.12066036292041342,
    "robot-gripping(loaf-of-bread)": 0.17733409690360227,
    "robot-gripping(red-box-of-cereal)": 0.12884226313326508,
    "robot-gripping(red-can-of-soda)": 0.14463970565702766
}