{
    "on-table(milk-carton,wood-table)": 0.2559026461967733,
    "on-table(milk-carton,black-table)": 0.1040341278227667,
    "on-table(milk-carton,white-table)": 0.06094935396686196,
    "on-table(lemon,wood-table)": 0.2982983007871856,
    "on-table(lemon,black-table)": 0.00482665812887717,
    "on-table(lemon,white-table)": 0.04619926539210913,
    "on-table(green-bottle,wood-table)": 0.8337310997303575,
    "on-table(green-bottle,black-table)": 0.16668330489037922,
    "on-table(green-bottle,white-table)": 0.0006689674829279587,
    "on-table(loaf-of-bread,wood-table)": 0.32839220775834593,
    "on-table(loaf-of-bread,black-table)": 0.002811729881765738,
    "on-table(loaf-of-bread,white-table)": 0.021844338880327996,
    "on-table(red-box-of-cereal,wood-table)": 0.0029602352054401613,
    "on-table(red-box-of-cereal,black-table)": 0.39275245927274227,
    "on-table(red-box-of-cereal,white-table)": 0.021101760847765643,
    "on-table(red-can-of-soda,wood-table)": 0.3017652835824265,
    "on-table(red-can-of-soda,black-table)": 0.882908970117569,
    "on-table(red-can-of-soda,white-table)": 0.03259272356687385,
    "robot-gripper-empty()": 0.8127805500601729,
    "robot-gripping(milk-carton)": 0.3572827025006215,
    "robot-gripping(lemon)": 0.05367449950426817,
    "robot-gripping(green-bottle)": 0.04546040556548784,
    "robot-gripping(loaf-of-bread)": 0.08194326671461265,
    "robot-gripping(red-box-of-cereal)": 0.09274192713201046,
    "robot-gripping(red-can-of-soda)": 0.12680500590552887
}