{
    "on-table(milk-carton,wood-table)": 0.10055049372992168,
    "on-table(milk-carton,black-table)": 0.008275270179486446,
    "on-table(milk-carton,white-table)": 0.9845968981583914,
    "on-table(lemon,wood-table)": 0.9991359015305837,
    "on-table(lemon,black-table)": 0.33279707799344277,
    "on-table(lemon,white-table)": 0.0005977130164562064,
    "on-table(green-bottle,wood-table)": 0.9681423902511597,
    "on-table(green-bottle,black-table)": 0.3110235909077043,
    "on-table(green-bottle,white-table)": 0.005289570240961439,
    "on-table(loaf-of-bread,wood-table)": 0.778657798965772,
    "on-table(loaf-of-bread,black-table)": 0.1745609090570118,
    "on-table(loaf-of-bread,white-table)": 0.09602319328572169,
    "on-table(red-box-of-cereal,wood-table)": 0.6375565392275652,
    "on-table(red-box-of-cereal,black-table)": 0.16944488246614733,
    "on-table(red-box-of-cereal,white-table)": 0.2845816706540063,
    "on-table(red-can-of-soda,wood-table)": 0.16772570470614787,
    "on-table(red-can-of-soda,black-table)": 0.0009135278014582582,
    "on-table(red-can-of-soda,white-table)": 0.8378658319513003,
    "robot-gripper-empty()": 0.9244051277637482,
    "robot-gripping(milk-carton)": 0.15058893244713545,
    "robot-gripping(lemon)": 0.07806689051600794,
    "robot-gripping(green-bottle)": 0.06934741969841222,
    "robot-gripping(loaf-of-bread)": 0.1706036931524674,
    "robot-gripping(red-box-of-cereal)": 0.1106019386400779,
    "robot-gripping(red-can-of-soda)": 0.07733064036195476
}