{
    "on-table(milk-carton,wood-table)": 0.27011305000633,
    "on-table(milk-carton,black-table)": 0.5148204962412516,
    "on-table(milk-carton,white-table)": 0.24504737059275308,
    "on-table(lemon,wood-table)": 0.01680761728979026,
    "on-table(lemon,black-table)": 0.020994933950229704,
    "on-table(lemon,white-table)": 0.013058513211338626,
    "on-table(green-bottle,wood-table)": 0.16853903291970104,
    "on-table(green-bottle,black-table)": 0.8346270367813607,
    "on-table(green-bottle,white-table)": 0.014125282891882307,
    "on-table(loaf-of-bread,wood-table)": 0.31431666761636734,
    "on-table(loaf-of-bread,black-table)": 0.19166266339986274,
    "on-table(loaf-of-bread,white-table)": 0.3329058513045311,
    "on-table(red-box-of-cereal,wood-table)": 0.22099063510540873,
    "on-table(red-box-of-cereal,black-table)": 0.12793891710195263,
    "on-table(red-box-of-cereal,white-table)": 0.882582868138949,
    "on-table(red-can-of-soda,wood-table)": 0.16729012077363828,
    "on-table(red-can-of-soda,black-table)": 0.7216091606824193,
    "on-table(red-can-of-soda,white-table)": 0.559635288585317,
    "robot-gripper-empty()": 0.7331267893314362,
    "robot-gripping(milk-carton)": 0.4178898309667905,
    "robot-gripping(lemon)": 0.04516544627646605,
    "robot-gripping(green-bottle)": 0.07709645961100857,
    "robot-gripping(loaf-of-bread)": 0.21915431724240383,
    "robot-gripping(red-box-of-cereal)": 0.2755651641637087,
    "robot-gripping(red-can-of-soda)": 0.34147245188554126
}