{
    "on-table(milk-carton,wood-table)": 0.22593477570141354,
    "on-table(milk-carton,black-table)": 0.04905934640676909,
    "on-table(milk-carton,white-table)": 0.8877908885478973,
    "on-table(lemon,wood-table)": 0.3176800012588501,
    "on-table(lemon,black-table)": 0.9038665393988291,
    "on-table(lemon,white-table)": 0.31662443027016707,
    "on-table(green-bottle,wood-table)": 0.1705823026034826,
    "on-table(green-bottle,black-table)": 0.7151428813425204,
    "on-table(green-bottle,white-table)": 0.010060322814069877,
    "on-table(loaf-of-bread,wood-table)": 0.4327540093412002,
    "on-table(loaf-of-bread,black-table)": 0.07767006992313934,
    "on-table(loaf-of-bread,white-table)": 0.732306074971954,
    "on-table(red-box-of-cereal,wood-table)": 0.1787203058678036,
    "on-table(red-box-of-cereal,black-table)": 0.18772839723775783,
    "on-table(red-box-of-cereal,white-table)": 0.048938465459893145,
    "on-table(red-can-of-soda,wood-table)": 0.1754980103772444,
    "on-table(red-can-of-soda,black-table)": 0.7578778012345234,
    "on-table(red-can-of-soda,white-table)": 0.05008697302764631,
    "robot-gripper-empty()": 0.5787028554283703,
    "robot-gripping(milk-carton)": 0.37910399834314984,
    "robot-gripping(lemon)": 0.0969680268317461,
    "robot-gripping(green-bottle)": 0.06753120796444516,
    "robot-gripping(loaf-of-bread)": 0.2628331420322259,
    "robot-gripping(red-box-of-cereal)": 0.5485136903201541,
    "robot-gripping(red-can-of-soda)": 0.6507862446208795
}