{
    "on-table(milk-carton,wood-table)": 0.25649136553208035,
    "on-table(milk-carton,black-table)": 0.12487463327124715,
    "on-table(milk-carton,white-table)": 0.21410356368869543,
    "on-table(lemon,wood-table)": 0.20690245114383288,
    "on-table(lemon,black-table)": 0.12103681693649075,
    "on-table(lemon,white-table)": 0.0431995800123938,
    "on-table(green-bottle,wood-table)": 0.16559662089518193,
    "on-table(green-bottle,black-table)": 0.8341396794033548,
    "on-table(green-bottle,white-table)": 0.006390813792071033,
    "on-table(loaf-of-bread,wood-table)": 0.2099213038260738,
    "on-table(loaf-of-bread,black-table)": 0.05340983888405996,
    "on-table(loaf-of-bread,white-table)": 0.3100853989017196,
    "on-table(red-box-of-cereal,wood-table)": 0.6719618091980616,
    "on-table(red-box-of-cereal,black-table)": 0.19671072198980255,
    "on-table(red-box-of-cereal,white-table)": 0.1782913935603574,
    "on-table(red-can-of-soda,wood-table)": 0.9982458452383677,
    "on-table(red-can-of-soda,black-table)": 0.33294515543544395,
    "on-table(red-can-of-soda,white-table)": 0.25052683840582785,
    "robot-gripper-empty()": 0.6466846652328968,
    "robot-gripping(milk-carton)": 0.4869335542122523,
    "robot-gripping(lemon)": 0.09949168469756842,
    "robot-gripping(green-bottle)": 0.29306782704467577,
    "robot-gripping(loaf-of-bread)": 0.2366077359765768,
    "robot-gripping(red-box-of-cereal)": 0.271033904204766,
    "robot-gripping(red-can-of-soda)": 0.438949977979064
}