{
    "on-table(milk-carton,wood-table)": 0.801761037359635,
    "on-table(milk-carton,black-table)": 0.36478327443667996,
    "on-table(milk-carton,white-table)": 0.24288945406442508,
    "on-table(lemon,wood-table)": 0.18270058642762402,
    "on-table(lemon,black-table)": 0.45497494703158736,
    "on-table(lemon,white-table)": 0.0063960463206361355,
    "on-table(green-bottle,wood-table)": 0.2558622619981179,
    "on-table(green-bottle,black-table)": 0.996961236000061,
    "on-table(green-bottle,white-table)": 0.0025263726347475313,
    "on-table(loaf-of-bread,wood-table)": 0.2891758435871452,
    "on-table(loaf-of-bread,black-table)": 0.3688708283007145,
    "on-table(loaf-of-bread,white-table)": 0.20999718585517257,
    "on-table(red-box-of-cereal,wood-table)": 0.49878788040950894,
    "on-table(red-box-of-cereal,black-table)": 0.36200059480809915,
    "on-table(red-box-of-cereal,white-table)": 0.25955195953914273,
    "on-table(red-can-of-soda,wood-table)": 0.9985646605491638,
    "on-table(red-can-of-soda,black-table)": 0.27076840234474275,
    "on-table(red-can-of-soda,white-table)": 0.23148374723772727,
    "robot-gripper-empty()": 0.42189710862779367,
    "robot-gripping(milk-carton)": 0.5536128282546997,
    "robot-gripping(lemon)": 0.062100363274415336,
    "robot-gripping(green-bottle)": 0.18008766990775862,
    "robot-gripping(loaf-of-bread)": 0.288062605385979,
    "robot-gripping(red-box-of-cereal)": 0.6931181258211533,
    "robot-gripping(red-can-of-soda)": 0.47331138676963747
}