{
    "on-table(milk-carton,wood-table)": 0.310324125806801,
    "on-table(milk-carton,black-table)": 0.580120152172943,
    "on-table(milk-carton,white-table)": 0.012422489899715098,
    "on-table(lemon,wood-table)": 0.976841022570928,
    "on-table(lemon,black-table)": 0.06305346588942484,
    "on-table(lemon,white-table)": 0.32148525081235374,
    "on-table(green-bottle,wood-table)": 0.17144811769624843,
    "on-table(green-bottle,black-table)": 0.18089692571629712,
    "on-table(green-bottle,white-table)": 0.0015107294871086197,
    "on-table(loaf-of-bread,wood-table)": 0.37022188600773615,
    "on-table(loaf-of-bread,black-table)": 0.031483684841077775,
    "on-table(loaf-of-bread,white-table)": 0.49322629316399497,
    "on-table(red-box-of-cereal,wood-table)": 0.9834057788054148,
    "on-table(red-box-of-cereal,black-table)": 0.34014471792518935,
    "on-table(red-box-of-cereal,white-table)": 0.0044621734577958705,
    "on-table(red-can-of-soda,wood-table)": 0.5096720966200033,
    "on-table(red-can-of-soda,black-table)": 0.7465264710287253,
    "on-table(red-can-of-soda,white-table)": 0.00284760204522172,
    "robot-gripper-empty()": 0.6368020233154917,
    "robot-gripping(milk-carton)": 0.11942233595376213,
    "robot-gripping(lemon)": 0.0753486817702651,
    "robot-gripping(green-bottle)": 0.6980809092832109,
    "robot-gripping(loaf-of-bread)": 0.07987757034910221,
    "robot-gripping(red-box-of-cereal)": 0.04231156981162106,
    "robot-gripping(red-can-of-soda)": 0.07096343410861057
}