{
    "on-table(milk-carton,wood-table)": 0.46179602450380725,
    "on-table(milk-carton,black-table)": 0.374314770490552,
    "on-table(milk-carton,white-table)": 0.04560816773058226,
    "on-table(lemon,wood-table)": 0.10284776147454977,
    "on-table(lemon,black-table)": 0.20121460687369108,
    "on-table(lemon,white-table)": 0.1773588842867563,
    "on-table(green-bottle,wood-table)": 0.31324300476020045,
    "on-table(green-bottle,black-table)": 0.9977087179819742,
    "on-table(green-bottle,white-table)": 0.15875221270266593,
    "on-table(loaf-of-bread,wood-table)": 0.41482403315603733,
    "on-table(loaf-of-bread,black-table)": 0.019053003095905297,
    "on-table(loaf-of-bread,white-table)": 0.1793962781521259,
    "on-table(red-box-of-cereal,wood-table)": 0.8471409901976585,
    "on-table(red-box-of-cereal,black-table)": 0.2671198127500247,
    "on-table(red-box-of-cereal,white-table)": 0.0353420041683421,
    "on-table(red-can-of-soda,wood-table)": 0.841801925872763,
    "on-table(red-can-of-soda,black-table)": 0.2259256856268621,
    "on-table(red-can-of-soda,white-table)": 0.008341700480135236,
    "robot-gripper-empty()": 0.8872899611790975,
    "robot-gripping(milk-carton)": 0.13747677952051163,
    "robot-gripping(lemon)": 0.07888805059095223,
    "robot-gripping(green-bottle)": 0.09250466447944443,
    "robot-gripping(loaf-of-bread)": 0.08090909849852324,
    "robot-gripping(red-box-of-cereal)": 0.1390796403090159,
    "robot-gripping(red-can-of-soda)": 0.4574886492143075
}