{
    "on-table(milk-carton,wood-table)": 0.1864995233093699,
    "on-table(milk-carton,black-table)": 0.5381560033808152,
    "on-table(milk-carton,white-table)": 0.33669090441738564,
    "on-table(lemon,wood-table)": 0.10931716269503038,
    "on-table(lemon,black-table)": 0.617573639533172,
    "on-table(lemon,white-table)": 0.0893963672327421,
    "on-table(green-bottle,wood-table)": 0.18898525836023813,
    "on-table(green-bottle,black-table)": 0.011997201921985834,
    "on-table(green-bottle,white-table)": 0.9976286292076111,
    "on-table(loaf-of-bread,wood-table)": 0.38705699689065415,
    "on-table(loaf-of-bread,black-table)": 0.3268616463756189,
    "on-table(loaf-of-bread,white-table)": 0.2055462570860982,
    "on-table(red-box-of-cereal,wood-table)": 0.2060402097510329,
    "on-table(red-box-of-cereal,black-table)": 0.7481428547762334,
    "on-table(red-box-of-cereal,white-table)": 0.018667448660683778,
    "on-table(red-can-of-soda,wood-table)": 0.14791119527217234,
    "on-table(red-can-of-soda,black-table)": 0.7320335860519359,
    "on-table(red-can-of-soda,white-table)": 0.007257212111805226,
    "robot-gripper-empty()": 0.8904959708452225,
    "robot-gripping(milk-carton)": 0.19810320436954498,
    "robot-gripping(lemon)": 0.05616460166250666,
    "robot-gripping(green-bottle)": 0.17147897053898,
    "robot-gripping(loaf-of-bread)": 0.05401040520519018,
    "robot-gripping(red-box-of-cereal)": 0.027460957334066432,
    "robot-gripping(red-can-of-soda)": 0.053003047592937946
}