{
    "on-table(milk-carton,wood-table)": 0.2471654024751236,
    "on-table(milk-carton,black-table)": 0.05494995484392954,
    "on-table(milk-carton,white-table)": 0.7101944688086709,
    "on-table(lemon,wood-table)": 0.8401567153632641,
    "on-table(lemon,black-table)": 0.16681995683514592,
    "on-table(lemon,white-table)": 0.02811421192139581,
    "on-table(green-bottle,wood-table)": 0.16912830905979112,
    "on-table(green-bottle,black-table)": 0.003378557675811559,
    "on-table(green-bottle,white-table)": 0.866549534102281,
    "on-table(loaf-of-bread,wood-table)": 0.14397993683815002,
    "on-table(loaf-of-bread,black-table)": 0.020582592580467463,
    "on-table(loaf-of-bread,white-table)": 0.16007063107099384,
    "on-table(red-box-of-cereal,wood-table)": 0.1766995158007679,
    "on-table(red-box-of-cereal,black-table)": 0.006631530500878095,
    "on-table(red-box-of-cereal,white-table)": 0.691349761832195,
    "on-table(red-can-of-soda,wood-table)": 0.2825044123455882,
    "on-table(red-can-of-soda,black-table)": 0.10835246183099419,
    "on-table(red-can-of-soda,white-table)": 0.838221418360869,
    "robot-gripper-empty()": 0.7670804783701897,
    "robot-gripping(milk-carton)": 0.332010159889857,
    "robot-gripping(lemon)": 0.1905869759308795,
    "robot-gripping(green-bottle)": 0.015338727195436755,
    "robot-gripping(loaf-of-bread)": 0.11943720156947772,
    "robot-gripping(red-box-of-cereal)": 0.2096077681829532,
    "robot-gripping(red-can-of-soda)": 0.5083652418106794
}