{
    "on-table(milk-carton,wood-table)": 0.16710020645405166,
    "on-table(milk-carton,black-table)": 0.5328373391336451,
    "on-table(milk-carton,white-table)": 0.08073904679137438,
    "on-table(lemon,wood-table)": 0.23114146294271146,
    "on-table(lemon,black-table)": 0.7163089623403115,
    "on-table(lemon,white-table)": 0.0033626799886405934,
    "on-table(green-bottle,wood-table)": 0.9723517497380575,
    "on-table(green-bottle,black-table)": 0.3321363583888039,
    "on-table(green-bottle,white-table)": 0.04421248188979613,
    "on-table(loaf-of-bread,wood-table)": 0.7073315431674322,
    "on-table(loaf-of-bread,black-table)": 0.26172614951065043,
    "on-table(loaf-of-bread,white-table)": 0.08533327807041739,
    "on-table(red-box-of-cereal,wood-table)": 0.041501757516622696,
    "on-table(red-box-of-cereal,black-table)": 0.01603725334734918,
    "on-table(red-box-of-cereal,white-table)": 0.22274330278984658,
    "on-table(red-can-of-soda,wood-table)": 0.011988605477805928,
    "on-table(red-can-of-soda,black-table)": 0.006393036228094691,
    "on-table(red-can-of-soda,white-table)": 0.19020426076500976,
    "robot-gripper-empty()": 0.8451778317491213,
    "robot-gripping(milk-carton)": 0.06499304839720328,
    "robot-gripping(lemon)": 0.06555340889220436,
    "robot-gripping(green-bottle)": 0.15753032236049572,
    "robot-gripping(loaf-of-bread)": 0.14592838163177171,
    "robot-gripping(red-box-of-cereal)": 0.012734654728168001,
    "robot-gripping(red-can-of-soda)": 0.019555120903532952
}