{
    "on-table(milk-carton,wood-table)": 0.0899784464078645,
    "on-table(milk-carton,black-table)": 0.6676388109723727,
    "on-table(milk-carton,white-table)": 0.27523491764926195,
    "on-table(lemon,wood-table)": 0.1715361113771602,
    "on-table(lemon,black-table)": 0.008073877591300516,
    "on-table(lemon,white-table)": 0.8361201367030541,
    "on-table(green-bottle,wood-table)": 0.0036015334917465225,
    "on-table(green-bottle,black-table)": 0.009921547528430589,
    "on-table(green-bottle,white-table)": 0.6701385333047559,
    "on-table(loaf-of-bread,wood-table)": 0.176443025751117,
    "on-table(loaf-of-bread,black-table)": 0.49541084468364716,
    "on-table(loaf-of-bread,white-table)": 0.045765572678647004,
    "on-table(red-box-of-cereal,wood-table)": 0.34478477481752634,
    "on-table(red-box-of-cereal,black-table)": 0.3198614319214054,
    "on-table(red-box-of-cereal,white-table)": 0.6655046908805767,
    "on-table(red-can-of-soda,wood-table)": 0.934013177951177,
    "on-table(red-can-of-soda,black-table)": 0.29436140671358163,
    "on-table(red-can-of-soda,white-table)": 0.1773868037353168,
    "robot-gripper-empty()": 0.9706141153971354,
    "robot-gripping(milk-carton)": 0.10159158396224181,
    "robot-gripping(lemon)": 0.03975375586499771,
    "robot-gripping(green-bottle)": 0.028673693828750402,
    "robot-gripping(loaf-of-bread)": 0.07706156683464845,
    "robot-gripping(red-box-of-cereal)": 0.07065070556321491,
    "robot-gripping(red-can-of-soda)": 0.17023255908861756
}