{
    "on-table(milk-carton,wood-table)": 0.4772053017707852,
    "on-table(milk-carton,black-table)": 0.3430904558723948,
    "on-table(milk-carton,white-table)": 0.19001572073041947,
    "on-table(lemon,wood-table)": 0.1561242758859104,
    "on-table(lemon,black-table)": 0.30054577624347684,
    "on-table(lemon,white-table)": 0.1787376588266246,
    "on-table(green-bottle,wood-table)": 0.1722265755694631,
    "on-table(green-bottle,black-table)": 0.8332940911059268,
    "on-table(green-bottle,white-table)": 0.0023166631389509953,
    "on-table(loaf-of-bread,wood-table)": 0.28977813602735597,
    "on-table(loaf-of-bread,black-table)": 0.04490284895291552,
    "on-table(loaf-of-bread,white-table)": 0.4748263855775197,
    "on-table(red-box-of-cereal,wood-table)": 0.8390720803290606,
    "on-table(red-box-of-cereal,black-table)": 0.2002015262363178,
    "on-table(red-box-of-cereal,white-table)": 0.02182952319283989,
    "on-table(red-can-of-soda,wood-table)": 0.8239665840131541,
    "on-table(red-can-of-soda,black-table)": 0.41435658702782047,
    "on-table(red-can-of-soda,white-table)": 0.005127230003078391,
    "robot-gripper-empty()": 0.9298837780952454,
    "robot-gripping(milk-carton)": 0.13785902659098306,
    "robot-gripping(lemon)": 0.216434791063269,
    "robot-gripping(green-bottle)": 0.01764184624577562,
    "robot-gripping(loaf-of-bread)": 0.18025476268182197,
    "robot-gripping(red-box-of-cereal)": 0.12761161321153244,
    "robot-gripping(red-can-of-soda)": 0.1882910051693519
}