{
    "on-table(milk-carton,wood-table)": 0.48684189678169787,
    "on-table(milk-carton,black-table)": 0.013116694191315522,
    "on-table(milk-carton,white-table)": 0.5103825521073304,
    "on-table(lemon,wood-table)": 0.012079369587202867,
    "on-table(lemon,black-table)": 0.18581786198046757,
    "on-table(lemon,white-table)": 0.009640591240895446,
    "on-table(green-bottle,wood-table)": 0.148500979996849,
    "on-table(green-bottle,black-table)": 0.833390662407813,
    "on-table(green-bottle,white-table)": 0.0050030666916427435,
    "on-table(loaf-of-bread,wood-table)": 0.14894213143270463,
    "on-table(loaf-of-bread,black-table)": 0.0450191656879421,
    "on-table(loaf-of-bread,white-table)": 0.616363619066154,
    "on-table(red-box-of-cereal,wood-table)": 0.3905916115618311,
    "on-table(red-box-of-cereal,black-table)": 0.0031171722112048883,
    "on-table(red-box-of-cereal,white-table)": 0.6781045167396466,
    "on-table(red-can-of-soda,wood-table)": 0.9788316190242767,
    "on-table(red-can-of-soda,black-table)": 0.16658997218712557,
    "on-table(red-can-of-soda,white-table)": 0.16674245838483634,
    "robot-gripper-empty()": 0.8449340711037318,
    "robot-gripping(milk-carton)": 0.20333846813688675,
    "robot-gripping(lemon)": 0.06940942692259948,
    "robot-gripping(green-bottle)": 0.178552152045692,
    "robot-gripping(loaf-of-bread)": 0.13802142751713595,
    "robot-gripping(red-box-of-cereal)": 0.10323028413889308,
    "robot-gripping(red-can-of-soda)": 0.19074590457603335
}