{
    "on-table(milk-carton,wood-table)": 0.7579992413520813,
    "on-table(milk-carton,black-table)": 0.1141496544975477,
    "on-table(milk-carton,white-table)": 0.1754037511224548,
    "on-table(lemon,wood-table)": 0.18748488104514158,
    "on-table(lemon,black-table)": 0.17203408403778062,
    "on-table(lemon,white-table)": 0.8056766136238972,
    "on-table(green-bottle,wood-table)": 0.3281227898454138,
    "on-table(green-bottle,black-table)": 0.9996066391468048,
    "on-table(green-bottle,white-table)": 0.1404833187592279,
    "on-table(loaf-of-bread,wood-table)": 0.33655883247653645,
    "on-table(loaf-of-bread,black-table)": 0.006710299775780489,
    "on-table(loaf-of-bread,white-table)": 0.5977738817843298,
    "on-table(red-box-of-cereal,wood-table)": 0.8336046353603402,
    "on-table(red-box-of-cereal,black-table)": 0.16724522128917366,
    "on-table(red-box-of-cereal,white-table)": 0.005188981668690455,
    "on-table(red-can-of-soda,wood-table)": 0.830486639131171,
    "on-table(red-can-of-soda,black-table)": 0.16732100628739013,
    "on-table(red-can-of-soda,white-table)": 0.001768264313606475,
    "robot-gripper-empty()": 0.8311314955353737,
    "robot-gripping(milk-carton)": 0.21733841920892397,
    "robot-gripping(lemon)": 0.20008070580661297,
    "robot-gripping(green-bottle)": 0.17788089616806246,
    "robot-gripping(loaf-of-bread)": 0.17096165311522782,
    "robot-gripping(red-box-of-cereal)": 0.16730372790091982,
    "robot-gripping(red-can-of-soda)": 0.18093149891744056
}