{
    "on-table(milk-carton,wood-table)": 0.18373974439843246,
    "on-table(milk-carton,black-table)": 0.6431321352720261,
    "on-table(milk-carton,white-table)": 0.17370584487798624,
    "on-table(lemon,wood-table)": 0.22552736870905696,
    "on-table(lemon,black-table)": 0.5063140908605419,
    "on-table(lemon,white-table)": 0.04129379496771435,
    "on-table(green-bottle,wood-table)": 0.15999777833834136,
    "on-table(green-bottle,black-table)": 0.0018303382782960398,
    "on-table(green-bottle,white-table)": 0.8350261605034272,
    "on-table(loaf-of-bread,wood-table)": 0.5459475805982947,
    "on-table(loaf-of-bread,black-table)": 0.35554956978497404,
    "on-table(loaf-of-bread,white-table)": 0.18180050503481957,
    "on-table(red-box-of-cereal,wood-table)": 0.12116039138830577,
    "on-table(red-box-of-cereal,black-table)": 0.7790302913635969,
    "on-table(red-box-of-cereal,white-table)": 0.13815185062776436,
    "on-table(red-can-of-soda,wood-table)": 0.16894813968489567,
    "on-table(red-can-of-soda,black-table)": 0.4803801812643845,
    "on-table(red-can-of-soda,white-table)": 0.44006495354066527,
    "robot-gripper-empty()": 0.8372869367400805,
    "robot-gripping(milk-carton)": 0.22520565117398897,
    "robot-gripping(lemon)": 0.08681848629688223,
    "robot-gripping(green-bottle)": 0.015607530425768346,
    "robot-gripping(loaf-of-bread)": 0.2868559310833613,
    "robot-gripping(red-box-of-cereal)": 0.18695028813090175,
    "robot-gripping(red-can-of-soda)": 0.2596408138051629
}