{
    "on-table(milk-carton,wood-table)": 0.7224145568907261,
    "on-table(milk-carton,black-table)": 0.3550747839472024,
    "on-table(milk-carton,white-table)": 0.14377670788477795,
    "on-table(lemon,wood-table)": 0.2976800450414885,
    "on-table(lemon,black-table)": 0.8558475921551386,
    "on-table(lemon,white-table)": 0.00128798236194901,
    "on-table(green-bottle,wood-table)": 0.33270496741655126,
    "on-table(green-bottle,black-table)": 0.9849378069241842,
    "on-table(green-bottle,white-table)": 0.0006319022105193047,
    "on-table(loaf-of-bread,wood-table)": 0.20558771309636845,
    "on-table(loaf-of-bread,black-table)": 0.42844874535997707,
    "on-table(loaf-of-bread,white-table)": 0.010223791843600338,
    "on-table(red-box-of-cereal,wood-table)": 0.18137823233458525,
    "on-table(red-box-of-cereal,black-table)": 0.17346970996974656,
    "on-table(red-box-of-cereal,white-table)": 0.21714381074222425,
    "on-table(red-can-of-soda,wood-table)": 0.15209045846070998,
    "on-table(red-can-of-soda,black-table)": 0.0006504505351282811,
    "on-table(red-can-of-soda,white-table)": 0.838063731479148,
    "robot-gripper-empty()": 0.6636294491084603,
    "robot-gripping(milk-carton)": 0.4221106593807538,
    "robot-gripping(lemon)": 0.053780213153610625,
    "robot-gripping(green-bottle)": 0.11583995011945565,
    "robot-gripping(loaf-of-bread)": 0.19109223255266747,
    "robot-gripping(red-box-of-cereal)": 0.6702712830156088,
    "robot-gripping(red-can-of-soda)": 0.4023379525945832
}