{
    "on-table(milk-carton,wood-table)": 0.4034815829557677,
    "on-table(milk-carton,black-table)": 0.029519132428201072,
    "on-table(milk-carton,white-table)": 0.799595057964325,
    "on-table(lemon,wood-table)": 0.15856966516003013,
    "on-table(lemon,black-table)": 0.23962332979620746,
    "on-table(lemon,white-table)": 0.10973107193907101,
    "on-table(green-bottle,wood-table)": 0.0665872430812063,
    "on-table(green-bottle,black-table)": 0.01895067815128944,
    "on-table(green-bottle,white-table)": 0.8476159187654654,
    "on-table(loaf-of-bread,wood-table)": 0.6789740566164255,
    "on-table(loaf-of-bread,black-table)": 0.027052916334165882,
    "on-table(loaf-of-bread,white-table)": 0.0674472657425819,
    "on-table(red-box-of-cereal,wood-table)": 0.36802178618866793,
    "on-table(red-box-of-cereal,black-table)": 0.01663537686302637,
    "on-table(red-box-of-cereal,white-table)": 0.7634984080990156,
    "on-table(red-can-of-soda,wood-table)": 0.21529596959832512,
    "on-table(red-can-of-soda,black-table)": 0.012982022926735226,
    "on-table(red-can-of-soda,white-table)": 0.9901031454404196,
    "robot-gripper-empty()": 0.8839884201685587,
    "robot-gripping(milk-carton)": 0.2520488044247031,
    "robot-gripping(lemon)": 0.350250579106311,
    "robot-gripping(green-bottle)": 0.10722874663770199,
    "robot-gripping(loaf-of-bread)": 0.17684015973160663,
    "robot-gripping(red-box-of-cereal)": 0.1450039133972799,
    "robot-gripping(red-can-of-soda)": 0.3195327740783493
}