{
    "on-table(milk-carton,wood-table)": 0.23204318841453642,
    "on-table(milk-carton,black-table)": 0.499851133984824,
    "on-table(milk-carton,white-table)": 0.36613990434852894,
    "on-table(lemon,wood-table)": 0.16614811727777123,
    "on-table(lemon,black-table)": 0.7067646867750833,
    "on-table(lemon,white-table)": 0.0028412818082870217,
    "on-table(green-bottle,wood-table)": 0.17439911594071114,
    "on-table(green-bottle,black-table)": 0.17579620490505476,
    "on-table(green-bottle,white-table)": 0.004336149709767294,
    "on-table(loaf-of-bread,wood-table)": 0.23814231778184572,
    "on-table(loaf-of-bread,black-table)": 0.1531906346596467,
    "on-table(loaf-of-bread,white-table)": 0.16418341505535258,
    "on-table(red-box-of-cereal,wood-table)": 0.12958675129145072,
    "on-table(red-box-of-cereal,black-table)": 0.002845672230857114,
    "on-table(red-box-of-cereal,white-table)": 0.8296660595418265,
    "on-table(red-can-of-soda,wood-table)": 0.14527420943098454,
    "on-table(red-can-of-soda,black-table)": 0.0042092366576677405,
    "on-table(red-can-of-soda,white-table)": 0.8017812191198269,
    "robot-gripper-empty()": 0.48650611042588326,
    "robot-gripping(milk-carton)": 0.30507921675841015,
    "robot-gripping(lemon)": 0.1826751878252253,
    "robot-gripping(green-bottle)": 0.8038492305204272,
    "robot-gripping(loaf-of-bread)": 0.07101107000683744,
    "robot-gripping(red-box-of-cereal)": 0.041981744381094664,
    "robot-gripping(red-can-of-soda)": 0.18906625645710542
}