{
    "on-table(milk-carton,wood-table)": 0.2626241931381325,
    "on-table(milk-carton,black-table)": 0.01509932379849488,
    "on-table(milk-carton,white-table)": 0.13734284398378804,
    "on-table(lemon,wood-table)": 0.12551760972807338,
    "on-table(lemon,black-table)": 0.8360268104200562,
    "on-table(lemon,white-table)": 0.006007899900396296,
    "on-table(green-bottle,wood-table)": 0.16958942394315576,
    "on-table(green-bottle,black-table)": 0.0011895003828309807,
    "on-table(green-bottle,white-table)": 0.8348291961786648,
    "on-table(loaf-of-bread,wood-table)": 0.09221656430357446,
    "on-table(loaf-of-bread,black-table)": 0.001333895037532784,
    "on-table(loaf-of-bread,white-table)": 0.06572640470888776,
    "on-table(red-box-of-cereal,wood-table)": 0.006266239851053494,
    "on-table(red-box-of-cereal,black-table)": 0.02754278710926883,
    "on-table(red-box-of-cereal,white-table)": 0.18563642056202903,
    "on-table(red-can-of-soda,wood-table)": 0.1599610638101391,
    "on-table(red-can-of-soda,black-table)": 0.7192792729474604,
    "on-table(red-can-of-soda,white-table)": 0.019308953698479552,
    "robot-gripper-empty()": 0.9152580499649048,
    "robot-gripping(milk-carton)": 0.07569868303835392,
    "robot-gripping(lemon)": 0.055731164184787,
    "robot-gripping(green-bottle)": 0.006316739090834744,
    "robot-gripping(loaf-of-bread)": 0.06823039144122352,
    "robot-gripping(red-box-of-cereal)": 0.02024053343726943,
    "robot-gripping(red-can-of-soda)": 0.04472336681404462
}