{
    "on-table(milk-carton,wood-table)": 0.5286945879536992,
    "on-table(milk-carton,black-table)": 0.44881727018704015,
    "on-table(milk-carton,white-table)": 0.010946491166881364,
    "on-table(lemon,wood-table)": 0.7483863284190496,
    "on-table(lemon,black-table)": 0.4595774929669763,
    "on-table(lemon,white-table)": 0.011360308737494051,
    "on-table(green-bottle,wood-table)": 0.15804934611272378,
    "on-table(green-bottle,black-table)": 0.002966361541287673,
    "on-table(green-bottle,white-table)": 0.9951855937639872,
    "on-table(loaf-of-bread,wood-table)": 0.33933892644320923,
    "on-table(loaf-of-bread,black-table)": 0.49958085113515455,
    "on-table(loaf-of-bread,white-table)": 0.0046099381803893875,
    "on-table(red-box-of-cereal,wood-table)": 0.9539237221082052,
    "on-table(red-box-of-cereal,black-table)": 0.3336809417893771,
    "on-table(red-box-of-cereal,white-table)": 0.011055596564195488,
    "on-table(red-can-of-soda,wood-table)": 0.9903380970160166,
    "on-table(red-can-of-soda,black-table)": 0.3321673439535668,
    "on-table(red-can-of-soda,white-table)": 0.0013239505301498866,
    "robot-gripper-empty()": 0.8339230182270209,
    "robot-gripping(milk-carton)": 0.19778413698077202,
    "robot-gripping(lemon)": 0.0711940594483167,
    "robot-gripping(green-bottle)": 0.07283234777666318,
    "robot-gripping(loaf-of-bread)": 0.20747676910832524,
    "robot-gripping(red-box-of-cereal)": 0.18231007526628673,
    "robot-gripping(red-can-of-soda)": 0.21668738375107446
}