{
    "on-table(milk-carton,wood-table)": 0.35526005349432427,
    "on-table(milk-carton,black-table)": 0.4923024741001427,
    "on-table(milk-carton,white-table)": 0.16458136168997348,
    "on-table(lemon,wood-table)": 0.8374816626310349,
    "on-table(lemon,black-table)": 0.1652998238884038,
    "on-table(lemon,white-table)": 0.3165049537061198,
    "on-table(green-bottle,wood-table)": 0.6761341396098336,
    "on-table(green-bottle,black-table)": 0.19609736098918043,
    "on-table(green-bottle,white-table)": 0.001255879338221651,
    "on-table(loaf-of-bread,wood-table)": 0.3925367062911391,
    "on-table(loaf-of-bread,black-table)": 0.0035282328026369214,
    "on-table(loaf-of-bread,white-table)": 0.7353797070682049,
    "on-table(red-box-of-cereal,wood-table)": 0.7224719636142254,
    "on-table(red-box-of-cereal,black-table)": 0.17851175559917465,
    "on-table(red-box-of-cereal,white-table)": 0.0634060063760747,
    "on-table(red-can-of-soda,wood-table)": 0.3223586058023405,
    "on-table(red-can-of-soda,black-table)": 0.8276885462303957,
    "on-table(red-can-of-soda,white-table)": 0.0032380165727469525,
    "robot-gripper-empty()": 0.9112972617149353,
    "robot-gripping(milk-carton)": 0.11654755224784215,
    "robot-gripping(lemon)": 0.052573299423481025,
    "robot-gripping(green-bottle)": 0.15594132838305086,
    "robot-gripping(loaf-of-bread)": 0.05946877940247456,
    "robot-gripping(red-box-of-cereal)": 0.09910655301064253,
    "robot-gripping(red-can-of-soda)": 0.2431843796900163
}