{
    "on-table(milk-carton,wood-table)": 0.7901502748330435,
    "on-table(milk-carton,black-table)": 0.4875643041705189,
    "on-table(milk-carton,white-table)": 0.020832542630159878,
    "on-table(lemon,wood-table)": 0.9840908050537109,
    "on-table(lemon,black-table)": 0.31394788939041973,
    "on-table(lemon,white-table)": 0.015220890236832929,
    "on-table(green-bottle,wood-table)": 0.16581428616458047,
    "on-table(green-bottle,black-table)": 0.024867446666879307,
    "on-table(green-bottle,white-table)": 0.9913560450077057,
    "on-table(loaf-of-bread,wood-table)": 0.6870658273498217,
    "on-table(loaf-of-bread,black-table)": 0.365707656921586,
    "on-table(loaf-of-bread,white-table)": 0.010726988286478445,
    "on-table(red-box-of-cereal,wood-table)": 0.3386710216946085,
    "on-table(red-box-of-cereal,black-table)": 0.689744790395101,
    "on-table(red-box-of-cereal,white-table)": 0.01626686516707802,
    "on-table(red-can-of-soda,wood-table)": 0.9430382251739502,
    "on-table(red-can-of-soda,black-table)": 0.3353829652604645,
    "on-table(red-can-of-soda,white-table)": 0.004486442069946861,
    "robot-gripper-empty()": 0.8895514408747355,
    "robot-gripping(milk-carton)": 0.24618249448637167,
    "robot-gripping(lemon)": 0.08082812977954745,
    "robot-gripping(green-bottle)": 0.07975786463551533,
    "robot-gripping(loaf-of-bread)": 0.0764432434613506,
    "robot-gripping(red-box-of-cereal)": 0.07725833837563793,
    "robot-gripping(red-can-of-soda)": 0.2749487281156083
}