{
    "on-table(milk-carton,wood-table)": 0.4762889934548487,
    "on-table(milk-carton,black-table)": 0.014818587764239055,
    "on-table(milk-carton,white-table)": 0.6965338929051844,
    "on-table(lemon,wood-table)": 0.18497780836575353,
    "on-table(lemon,black-table)": 0.0706891191238886,
    "on-table(lemon,white-table)": 0.7615708252415061,
    "on-table(green-bottle,wood-table)": 0.015178623509806735,
    "on-table(green-bottle,black-table)": 0.3926178709686307,
    "on-table(green-bottle,white-table)": 0.09099813995878019,
    "on-table(loaf-of-bread,wood-table)": 0.3621587085071951,
    "on-table(loaf-of-bread,black-table)": 0.009414124507505525,
    "on-table(loaf-of-bread,white-table)": 0.4183506333987073,
    "on-table(red-box-of-cereal,wood-table)": 0.9933612445990244,
    "on-table(red-box-of-cereal,black-table)": 0.3513747784345469,
    "on-table(red-box-of-cereal,white-table)": 0.008676072574113883,
    "on-table(red-can-of-soda,wood-table)": 0.5108554797867934,
    "on-table(red-can-of-soda,black-table)": 0.7264770443240801,
    "on-table(red-can-of-soda,white-table)": 0.005190824813325889,
    "robot-gripper-empty()": 0.8378055145343145,
    "robot-gripping(milk-carton)": 0.23115893150679767,
    "robot-gripping(lemon)": 0.10124384604083995,
    "robot-gripping(green-bottle)": 0.166004867797407,
    "robot-gripping(loaf-of-bread)": 0.10556914610788226,
    "robot-gripping(red-box-of-cereal)": 0.2034497841183717,
    "robot-gripping(red-can-of-soda)": 0.22290205039704838
}