{
    "on-table(milk-carton,wood-table)": 0.9304637908935547,
    "on-table(milk-carton,black-table)": 0.22480310402897885,
    "on-table(milk-carton,white-table)": 0.02099741798156174,
    "on-table(lemon,wood-table)": 0.16590991234746374,
    "on-table(lemon,black-table)": 0.0005746462759361748,
    "on-table(lemon,white-table)": 0.9981153607368469,
    "on-table(green-bottle,wood-table)": 0.166004030214026,
    "on-table(green-bottle,black-table)": 0.0007376695066341199,
    "on-table(green-bottle,white-table)": 0.8348402393360933,
    "on-table(loaf-of-bread,wood-table)": 0.24007397897851965,
    "on-table(loaf-of-bread,black-table)": 0.023170108780808125,
    "on-table(loaf-of-bread,white-table)": 0.35597983054079424,
    "on-table(red-box-of-cereal,wood-table)": 0.9965093930562338,
    "on-table(red-box-of-cereal,black-table)": 0.33176315642261517,
    "on-table(red-box-of-cereal,white-table)": 0.04212892488582535,
    "on-table(red-can-of-soda,wood-table)": 0.8718067581454912,
    "on-table(red-can-of-soda,black-table)": 0.17199415639477897,
    "on-table(red-can-of-soda,white-table)": 0.004621681694137199,
    "robot-gripper-empty()": 0.851899599035581,
    "robot-gripping(milk-carton)": 0.24029659293591976,
    "robot-gripping(lemon)": 0.06527354133625825,
    "robot-gripping(green-bottle)": 0.0618356433211981,
    "robot-gripping(loaf-of-bread)": 0.10450727803011735,
    "robot-gripping(red-box-of-cereal)": 0.23168787360191345,
    "robot-gripping(red-can-of-soda)": 0.40280158693591755
}