{
    "on-table(milk-carton,wood-table)": 0.14926773332990706,
    "on-table(milk-carton,black-table)": 0.5941292581458887,
    "on-table(milk-carton,white-table)": 0.41644873524395126,
    "on-table(lemon,wood-table)": 0.834769808066388,
    "on-table(lemon,black-table)": 0.16778772201822298,
    "on-table(lemon,white-table)": 0.0036781769689090047,
    "on-table(green-bottle,wood-table)": 0.785068012153109,
    "on-table(green-bottle,black-table)": 0.16949075493619148,
    "on-table(green-bottle,white-table)": 0.0030100001790363726,
    "on-table(loaf-of-bread,wood-table)": 0.11286560966012378,
    "on-table(loaf-of-bread,black-table)": 0.03518536883590665,
    "on-table(loaf-of-bread,white-table)": 0.4470307106773059,
    "on-table(red-box-of-cereal,wood-table)": 0.17652740439128442,
    "on-table(red-box-of-cereal,black-table)": 0.016925106649675097,
    "on-table(red-box-of-cereal,white-table)": 0.9383173982302347,
    "on-table(red-can-of-soda,wood-table)": 0.16859735857966976,
    "on-table(red-can-of-soda,black-table)": 0.009728779248689534,
    "on-table(red-can-of-soda,white-table)": 0.988376259803772,
    "robot-gripper-empty()": 0.8303631547217568,
    "robot-gripping(milk-carton)": 0.09577668365091085,
    "robot-gripping(lemon)": 0.056582214582401015,
    "robot-gripping(green-bottle)": 0.18679025319094458,
    "robot-gripping(loaf-of-bread)": 0.06423386248449485,
    "robot-gripping(red-box-of-cereal)": 0.034780583693645895,
    "robot-gripping(red-can-of-soda)": 0.06952136465891574
}