{
    "on-table(milk-carton,wood-table)": 0.37017394974827766,
    "on-table(milk-carton,black-table)": 0.27703553531318903,
    "on-table(milk-carton,white-table)": 0.48113451308260363,
    "on-table(lemon,wood-table)": 0.021266075937698286,
    "on-table(lemon,black-table)": 0.17014029738493264,
    "on-table(lemon,white-table)": 0.09238528041169047,
    "on-table(green-bottle,wood-table)": 0.002283889699659388,
    "on-table(green-bottle,black-table)": 0.07413309703406412,
    "on-table(green-bottle,white-table)": 0.32009039083459356,
    "on-table(loaf-of-bread,wood-table)": 0.3033806197345257,
    "on-table(loaf-of-bread,black-table)": 0.4790922557779898,
    "on-table(loaf-of-bread,white-table)": 0.1963650134857744,
    "on-table(red-box-of-cereal,wood-table)": 0.33195280415626865,
    "on-table(red-box-of-cereal,black-table)": 0.20356468089327487,
    "on-table(red-box-of-cereal,white-table)": 0.8441980903347334,
    "on-table(red-can-of-soda,wood-table)": 0.16456946930460012,
    "on-table(red-can-of-soda,black-table)": 0.7965473325530184,
    "on-table(red-can-of-soda,white-table)": 0.34532562624553975,
    "robot-gripper-empty()": 0.9236152172088623,
    "robot-gripping(milk-carton)": 0.1729355494802197,
    "robot-gripping(lemon)": 0.026696836556463193,
    "robot-gripping(green-bottle)": 0.015141825676740458,
    "robot-gripping(loaf-of-bread)": 0.12045079531768958,
    "robot-gripping(red-box-of-cereal)": 0.14956623420584947,
    "robot-gripping(red-can-of-soda)": 0.14240050195561102
}