{
    "on-table(milk-carton,wood-table)": 0.1488944906547355,
    "on-table(milk-carton,black-table)": 0.21376621700983378,
    "on-table(milk-carton,white-table)": 0.7613828157385191,
    "on-table(lemon,wood-table)": 0.153248771969326,
    "on-table(lemon,black-table)": 0.8328752076098075,
    "on-table(lemon,white-table)": 0.002138394679150224,
    "on-table(green-bottle,wood-table)": 0.7322479598418189,
    "on-table(green-bottle,black-table)": 0.16926678427561606,
    "on-table(green-bottle,white-table)": 0.0038057097552458194,
    "on-table(loaf-of-bread,wood-table)": 0.161328828757784,
    "on-table(loaf-of-bread,black-table)": 0.4295444126861791,
    "on-table(loaf-of-bread,white-table)": 0.020075270173644338,
    "on-table(red-box-of-cereal,wood-table)": 0.1726899282851567,
    "on-table(red-box-of-cereal,black-table)": 0.7525363209812591,
    "on-table(red-box-of-cereal,white-table)": 0.25202146215815446,
    "on-table(red-can-of-soda,wood-table)": 0.03085291186531928,
    "on-table(red-can-of-soda,black-table)": 0.014023935064718293,
    "on-table(red-can-of-soda,white-table)": 0.8356623238263031,
    "robot-gripper-empty()": 0.8146202489733696,
    "robot-gripping(milk-carton)": 0.18673380417749286,
    "robot-gripping(lemon)": 0.05532504272802422,
    "robot-gripping(green-bottle)": 0.1801752702643474,
    "robot-gripping(loaf-of-bread)": 0.13290436565876007,
    "robot-gripping(red-box-of-cereal)": 0.1754358220884266,
    "robot-gripping(red-can-of-soda)": 0.10528233212729295
}