{
    "on-table(milk-carton,wood-table)": 0.17017082860184019,
    "on-table(milk-carton,black-table)": 0.26733204469489164,
    "on-table(milk-carton,white-table)": 0.6400662665982964,
    "on-table(lemon,wood-table)": 0.15077002874265114,
    "on-table(lemon,black-table)": 0.008250368405318417,
    "on-table(lemon,white-table)": 0.9295335610707601,
    "on-table(green-bottle,wood-table)": 0.1612213655389496,
    "on-table(green-bottle,black-table)": 0.0025214026478958354,
    "on-table(green-bottle,white-table)": 0.8348296829499304,
    "on-table(loaf-of-bread,wood-table)": 0.1806110288404549,
    "on-table(loaf-of-bread,black-table)": 0.23778011115791742,
    "on-table(loaf-of-bread,white-table)": 0.30738714822412777,
    "on-table(red-box-of-cereal,wood-table)": 0.3316462334381261,
    "on-table(red-box-of-cereal,black-table)": 0.8811171650886536,
    "on-table(red-box-of-cereal,white-table)": 0.017216122911728842,
    "on-table(red-can-of-soda,wood-table)": 0.7538578935588399,
    "on-table(red-can-of-soda,black-table)": 0.500314263420781,
    "on-table(red-can-of-soda,white-table)": 0.006014918295325818,
    "robot-gripper-empty()": 0.93956125775973,
    "robot-gripping(milk-carton)": 0.10343017817164461,
    "robot-gripping(lemon)": 0.06722957082092762,
    "robot-gripping(green-bottle)": 0.03022146785709386,
    "robot-gripping(loaf-of-bread)": 0.10197994314755003,
    "robot-gripping(red-box-of-cereal)": 0.16371932540399334,
    "robot-gripping(red-can-of-soda)": 0.06489606069711347
}