{
    "on-table(milk-carton,wood-table)": 0.13254938065074384,
    "on-table(milk-carton,black-table)": 0.003079528781654517,
    "on-table(milk-carton,white-table)": 0.8520491495728493,
    "on-table(lemon,wood-table)": 0.14579554180333312,
    "on-table(lemon,black-table)": 0.0022980090503021224,
    "on-table(lemon,white-table)": 0.9991722206274668,
    "on-table(green-bottle,wood-table)": 0.16326850428110143,
    "on-table(green-bottle,black-table)": 0.0011002135815184981,
    "on-table(green-bottle,white-table)": 0.8993139266967773,
    "on-table(loaf-of-bread,wood-table)": 0.2834529435882966,
    "on-table(loaf-of-bread,black-table)": 0.004845208832800078,
    "on-table(loaf-of-bread,white-table)": 0.1343323765710617,
    "on-table(red-box-of-cereal,wood-table)": 0.8309028904865651,
    "on-table(red-box-of-cereal,black-table)": 0.16706710094331356,
    "on-table(red-box-of-cereal,white-table)": 0.00552918779059534,
    "on-table(red-can-of-soda,wood-table)": 0.8295106187312437,
    "on-table(red-can-of-soda,black-table)": 0.16723538802125404,
    "on-table(red-can-of-soda,white-table)": 0.0028453443828766467,
    "robot-gripper-empty()": 0.9653966625531515,
    "robot-gripping(milk-carton)": 0.1103592283713321,
    "robot-gripping(lemon)": 0.032293378782924265,
    "robot-gripping(green-bottle)": 0.04004895040998235,
    "robot-gripping(loaf-of-bread)": 0.07737849877836804,
    "robot-gripping(red-box-of-cereal)": 0.10537918121553957,
    "robot-gripping(red-can-of-soda)": 0.1812907354130099
}