{
    "on-table(milk-carton,wood-table)": 0.5799344157179197,
    "on-table(milk-carton,black-table)": 0.28141638947029907,
    "on-table(milk-carton,white-table)": 0.043390983735055975,
    "on-table(lemon,wood-table)": 0.0059712827084392,
    "on-table(lemon,black-table)": 0.004258266813849332,
    "on-table(lemon,white-table)": 0.0034535333409924838,
    "on-table(green-bottle,wood-table)": 0.16953108781793466,
    "on-table(green-bottle,black-table)": 0.16958394304128888,
    "on-table(green-bottle,white-table)": 0.0011101006014844945,
    "on-table(loaf-of-bread,wood-table)": 0.5778974213947853,
    "on-table(loaf-of-bread,black-table)": 0.04505744529690977,
    "on-table(loaf-of-bread,white-table)": 0.014654191231481187,
    "on-table(red-box-of-cereal,wood-table)": 0.6717967606770495,
    "on-table(red-box-of-cereal,black-table)": 0.006126210965097319,
    "on-table(red-box-of-cereal,white-table)": 0.010250497574816109,
    "on-table(red-can-of-soda,wood-table)": 0.4966214518014264,
    "on-table(red-can-of-soda,black-table)": 0.029825818372804253,
    "on-table(red-can-of-soda,white-table)": 0.8352826515523096,
    "robot-gripper-empty()": 0.3769683731952682,
    "robot-gripping(milk-carton)": 0.43767963846524555,
    "robot-gripping(lemon)": 0.05465066679365312,
    "robot-gripping(green-bottle)": 0.7652296249289066,
    "robot-gripping(loaf-of-bread)": 0.07898322508359949,
    "robot-gripping(red-box-of-cereal)": 0.04022921551950276,
    "robot-gripping(red-can-of-soda)": 0.05924774396892948
}