{
    "on-table(milk-carton,wood-table)": 0.18281409687673053,
    "on-table(milk-carton,black-table)": 0.38144153480728465,
    "on-table(milk-carton,white-table)": 0.03808001588913612,
    "on-table(lemon,wood-table)": 0.28332446250715293,
    "on-table(lemon,black-table)": 0.01354459072232809,
    "on-table(lemon,white-table)": 0.9149966637293497,
    "on-table(green-bottle,wood-table)": 0.1433091408883532,
    "on-table(green-bottle,black-table)": 0.8355707240601381,
    "on-table(green-bottle,white-table)": 0.024983584920846624,
    "on-table(loaf-of-bread,wood-table)": 0.48996855039149523,
    "on-table(loaf-of-bread,black-table)": 0.5403172326041386,
    "on-table(loaf-of-bread,white-table)": 0.17497583316192808,
    "on-table(red-box-of-cereal,wood-table)": 0.11020529095549136,
    "on-table(red-box-of-cereal,black-table)": 0.22711625867911303,
    "on-table(red-box-of-cereal,white-table)": 0.003355652777827345,
    "on-table(red-can-of-soda,wood-table)": 0.12148850372371574,
    "on-table(red-can-of-soda,black-table)": 0.8702976728479067,
    "on-table(red-can-of-soda,white-table)": 0.011221783807892885,
    "robot-gripper-empty()": 0.9869825939337412,
    "robot-gripping(milk-carton)": 0.16544507661213478,
    "robot-gripping(lemon)": 0.07018700738747914,
    "robot-gripping(green-bottle)": 0.035768387645172574,
    "robot-gripping(loaf-of-bread)": 0.06392658563951652,
    "robot-gripping(red-box-of-cereal)": 0.019639552105218172,
    "robot-gripping(red-can-of-soda)": 0.06166250262564669
}