{
    "on-table(milk-carton,wood-table)": 0.18251752119977027,
    "on-table(milk-carton,black-table)": 0.6344406058390936,
    "on-table(milk-carton,white-table)": 0.3060071392634806,
    "on-table(lemon,wood-table)": 0.03745977252644176,
    "on-table(lemon,black-table)": 0.8332231064947943,
    "on-table(lemon,white-table)": 0.0057042268899749615,
    "on-table(green-bottle,wood-table)": 0.11556148836583209,
    "on-table(green-bottle,black-table)": 0.037394091469574654,
    "on-table(green-bottle,white-table)": 0.9845482508341471,
    "on-table(loaf-of-bread,wood-table)": 0.28852537398537,
    "on-table(loaf-of-bread,black-table)": 0.15062191444061077,
    "on-table(loaf-of-bread,white-table)": 0.44289464082491276,
    "on-table(red-box-of-cereal,wood-table)": 0.19015399086250304,
    "on-table(red-box-of-cereal,black-table)": 0.07227867822499927,
    "on-table(red-box-of-cereal,white-table)": 0.7725478004819403,
    "on-table(red-can-of-soda,wood-table)": 0.20998349917742112,
    "on-table(red-can-of-soda,black-table)": 0.0794087208135655,
    "on-table(red-can-of-soda,white-table)": 0.9910864333311716,
    "robot-gripper-empty()": 0.8720856656630834,
    "robot-gripping(milk-carton)": 0.204723099557062,
    "robot-gripping(lemon)": 0.15333746084555364,
    "robot-gripping(green-bottle)": 0.06502974545583129,
    "robot-gripping(loaf-of-bread)": 0.1381828390682737,
    "robot-gripping(red-box-of-cereal)": 0.15853496780619025,
    "robot-gripping(red-can-of-soda)": 0.2089469061853985
}