{
    "on-table(milk-carton,wood-table)": 0.17795685572006428,
    "on-table(milk-carton,black-table)": 0.0025208977919343547,
    "on-table(milk-carton,white-table)": 0.8073574254910151,
    "on-table(lemon,wood-table)": 0.16980590621824376,
    "on-table(lemon,black-table)": 0.04341782873689226,
    "on-table(lemon,white-table)": 0.8352823980773488,
    "on-table(green-bottle,wood-table)": 0.15572606052470897,
    "on-table(green-bottle,black-table)": 0.8328208490662897,
    "on-table(green-bottle,white-table)": 0.001735906391180227,
    "on-table(loaf-of-bread,wood-table)": 0.5416400871084383,
    "on-table(loaf-of-bread,black-table)": 0.11031074890343007,
    "on-table(loaf-of-bread,white-table)": 0.2543359163361553,
    "on-table(red-box-of-cereal,wood-table)": 0.3397617330144082,
    "on-table(red-box-of-cereal,black-table)": 0.0032893108491407475,
    "on-table(red-box-of-cereal,white-table)": 0.6915421963979801,
    "on-table(red-can-of-soda,wood-table)": 0.16331018877190218,
    "on-table(red-can-of-soda,black-table)": 0.009185871035697346,
    "on-table(red-can-of-soda,white-table)": 0.9517186184724172,
    "robot-gripper-empty()": 0.853654349843661,
    "robot-gripping(milk-carton)": 0.09967006230726838,
    "robot-gripping(lemon)": 0.03689012653194368,
    "robot-gripping(green-bottle)": 0.1683157228399068,
    "robot-gripping(loaf-of-bread)": 0.144481774729987,
    "robot-gripping(red-box-of-cereal)": 0.033673797035589814,
    "robot-gripping(red-can-of-soda)": 0.10989060326634596
}