{
    "on-table(milk-carton,wood-table)": 0.1405068375170231,
    "on-table(milk-carton,black-table)": 0.31915228368598036,
    "on-table(milk-carton,white-table)": 0.2938294010042834,
    "on-table(lemon,wood-table)": 0.1894707075553015,
    "on-table(lemon,black-table)": 0.013244314276865529,
    "on-table(lemon,white-table)": 0.8365562219793597,
    "on-table(green-bottle,wood-table)": 0.16773236737935804,
    "on-table(green-bottle,black-table)": 0.8343105865642428,
    "on-table(green-bottle,white-table)": 0.002477786124776079,
    "on-table(loaf-of-bread,wood-table)": 0.3344084098935127,
    "on-table(loaf-of-bread,black-table)": 0.1817737755870136,
    "on-table(loaf-of-bread,white-table)": 0.11335214010129373,
    "on-table(red-box-of-cereal,wood-table)": 0.17147805204149336,
    "on-table(red-box-of-cereal,black-table)": 0.30164568391046487,
    "on-table(red-box-of-cereal,white-table)": 0.00622387482629468,
    "on-table(red-can-of-soda,wood-table)": 0.3371101302327588,
    "on-table(red-can-of-soda,black-table)": 0.9894878566265106,
    "on-table(red-can-of-soda,white-table)": 0.10675429131409449,
    "robot-gripper-empty()": 0.9051827887694041,
    "robot-gripping(milk-carton)": 0.09480878648658593,
    "robot-gripping(lemon)": 0.11608414188958704,
    "robot-gripping(green-bottle)": 0.06476091834095617,
    "robot-gripping(loaf-of-bread)": 0.06465891065696876,
    "robot-gripping(red-box-of-cereal)": 0.02339719406639536,
    "robot-gripping(red-can-of-soda)": 0.08206057727026443
}