{
    "on-table(milk-carton,wood-table)": 0.029709563590586185,
    "on-table(milk-carton,black-table)": 0.681341502815485,
    "on-table(milk-carton,white-table)": 0.1813888105134538,
    "on-table(lemon,wood-table)": 0.32178724187542684,
    "on-table(lemon,black-table)": 0.1694047266889053,
    "on-table(lemon,white-table)": 0.36533879742880043,
    "on-table(green-bottle,wood-table)": 0.6910243690945208,
    "on-table(green-bottle,black-table)": 0.16968617438063424,
    "on-table(green-bottle,white-table)": 0.003280714551882132,
    "on-table(loaf-of-bread,wood-table)": 0.15500226694469652,
    "on-table(loaf-of-bread,black-table)": 0.015802298362056415,
    "on-table(loaf-of-bread,white-table)": 0.7675858683263262,
    "on-table(red-box-of-cereal,wood-table)": 0.08312982739880681,
    "on-table(red-box-of-cereal,black-table)": 0.7232687001427015,
    "on-table(red-box-of-cereal,white-table)": 0.02811194290552521,
    "on-table(red-can-of-soda,wood-table)": 0.1671991438100425,
    "on-table(red-can-of-soda,black-table)": 0.8771265794833502,
    "on-table(red-can-of-soda,white-table)": 0.00404672958181133,
    "robot-gripper-empty()": 0.8145856559276581,
    "robot-gripping(milk-carton)": 0.23292280236879984,
    "robot-gripping(lemon)": 0.2671699831262231,
    "robot-gripping(green-bottle)": 0.18810671637766063,
    "robot-gripping(loaf-of-bread)": 0.1859522539501389,
    "robot-gripping(red-box-of-cereal)": 0.15426545528074107,
    "robot-gripping(red-can-of-soda)": 0.26076168085758883
}