{
    "on-table(milk-carton,wood-table)": 0.3070067799029251,
    "on-table(milk-carton,black-table)": 0.835846696048975,
    "on-table(milk-carton,white-table)": 0.014064724222407676,
    "on-table(lemon,wood-table)": 0.2910415938204096,
    "on-table(lemon,black-table)": 0.9501704275608063,
    "on-table(lemon,white-table)": 0.1110442301828698,
    "on-table(green-bottle,wood-table)": 0.15526137144479435,
    "on-table(green-bottle,black-table)": 0.8438276189068953,
    "on-table(green-bottle,white-table)": 0.013138821228039888,
    "on-table(loaf-of-bread,wood-table)": 0.5412968086699644,
    "on-table(loaf-of-bread,black-table)": 0.4358635231134637,
    "on-table(loaf-of-bread,white-table)": 0.14934259931609026,
    "on-table(red-box-of-cereal,wood-table)": 0.6713524460792542,
    "on-table(red-box-of-cereal,black-table)": 0.6270710714161396,
    "on-table(red-box-of-cereal,white-table)": 0.1431765855207535,
    "on-table(red-can-of-soda,wood-table)": 0.8916352192560831,
    "on-table(red-can-of-soda,black-table)": 0.3384822224925301,
    "on-table(red-can-of-soda,white-table)": 0.16261322744041232,
    "robot-gripper-empty()": 0.8241074395676454,
    "robot-gripping(milk-carton)": 0.2015605242922902,
    "robot-gripping(lemon)": 0.043757356237620115,
    "robot-gripping(green-bottle)": 0.14548567752353847,
    "robot-gripping(loaf-of-bread)": 0.11961625904465716,
    "robot-gripping(red-box-of-cereal)": 0.18350698022792736,
    "robot-gripping(red-can-of-soda)": 0.22603159925589958
}