{
    "on-table(milk-carton,wood-table)": 0.7640604072560867,
    "on-table(milk-carton,black-table)": 0.38106395603669324,
    "on-table(milk-carton,white-table)": 0.013483379883837188,
    "on-table(lemon,wood-table)": 0.16456408496014774,
    "on-table(lemon,black-table)": 0.0037631529292715036,
    "on-table(lemon,white-table)": 0.8344949088835468,
    "on-table(green-bottle,wood-table)": 0.06242451000071014,
    "on-table(green-bottle,black-table)": 0.8121054793397585,
    "on-table(green-bottle,white-table)": 0.0015811507756401018,
    "on-table(loaf-of-bread,wood-table)": 0.3387351754742364,
    "on-table(loaf-of-bread,black-table)": 0.7518199188634753,
    "on-table(loaf-of-bread,white-table)": 0.011421655079175252,
    "on-table(red-box-of-cereal,wood-table)": 0.61202169318373,
    "on-table(red-box-of-cereal,black-table)": 0.6229842582251877,
    "on-table(red-box-of-cereal,white-table)": 0.04901707063011903,
    "on-table(red-can-of-soda,wood-table)": 0.9339651664098104,
    "on-table(red-can-of-soda,black-table)": 0.33398239239386385,
    "on-table(red-can-of-soda,white-table)": 0.009767662661033683,
    "robot-gripper-empty()": 0.8959283232688904,
    "robot-gripping(milk-carton)": 0.1860530093933145,
    "robot-gripping(lemon)": 0.04810363244420538,
    "robot-gripping(green-bottle)": 0.08350136573426425,
    "robot-gripping(loaf-of-bread)": 0.08956785562137763,
    "robot-gripping(red-box-of-cereal)": 0.0873886770568788,
    "robot-gripping(red-can-of-soda)": 0.12698183100049695
}