{
    "on-table(milk-carton,wood-table)": 0.1917152750926713,
    "on-table(milk-carton,black-table)": 0.0038861552166054025,
    "on-table(milk-carton,white-table)": 0.7429086789488792,
    "on-table(lemon,wood-table)": 0.093496987632534,
    "on-table(lemon,black-table)": 0.8323500159506997,
    "on-table(lemon,white-table)": 0.031240994935312,
    "on-table(green-bottle,wood-table)": 0.8340561703468362,
    "on-table(green-bottle,black-table)": 0.1683194674649542,
    "on-table(green-bottle,white-table)": 0.003443238995297785,
    "on-table(loaf-of-bread,wood-table)": 0.2510108787100762,
    "on-table(loaf-of-bread,black-table)": 0.09194677303700398,
    "on-table(loaf-of-bread,white-table)": 0.5419823014332602,
    "on-table(red-box-of-cereal,wood-table)": 0.5297877769141147,
    "on-table(red-box-of-cereal,black-table)": 0.0025419290171460793,
    "on-table(red-box-of-cereal,white-table)": 0.2523464735010445,
    "on-table(red-can-of-soda,wood-table)": 0.3343884698115289,
    "on-table(red-can-of-soda,black-table)": 0.0021083245833324327,
    "on-table(red-can-of-soda,white-table)": 0.8343100111621121,
    "robot-gripper-empty()": 0.9693089922269186,
    "robot-gripping(milk-carton)": 0.09429756955554087,
    "robot-gripping(lemon)": 0.08946505561470985,
    "robot-gripping(green-bottle)": 0.1155026836010317,
    "robot-gripping(loaf-of-bread)": 0.0694401552900672,
    "robot-gripping(red-box-of-cereal)": 0.03379858323993782,
    "robot-gripping(red-can-of-soda)": 0.1128326600107054
}