{
    "on-table(milk-carton,wood-table)": 0.2386509869005143,
    "on-table(milk-carton,black-table)": 0.08676457333103826,
    "on-table(milk-carton,white-table)": 0.7848612843081355,
    "on-table(lemon,wood-table)": 0.05731332823052071,
    "on-table(lemon,black-table)": 0.5952527827272812,
    "on-table(lemon,white-table)": 0.030362150420614853,
    "on-table(green-bottle,wood-table)": 0.7434355135386189,
    "on-table(green-bottle,black-table)": 0.16862156172656265,
    "on-table(green-bottle,white-table)": 0.0016248416977002005,
    "on-table(loaf-of-bread,wood-table)": 0.08456437357138687,
    "on-table(loaf-of-bread,black-table)": 0.4095843344888029,
    "on-table(loaf-of-bread,white-table)": 0.11908802766508113,
    "on-table(red-box-of-cereal,wood-table)": 0.29790678987046704,
    "on-table(red-box-of-cereal,black-table)": 0.8962375621000925,
    "on-table(red-box-of-cereal,white-table)": 0.00792833766536205,
    "on-table(red-can-of-soda,wood-table)": 0.2902127802214333,
    "on-table(red-can-of-soda,black-table)": 0.9937076965967814,
    "on-table(red-can-of-soda,white-table)": 0.0028255178301606065,
    "robot-gripper-empty()": 0.9568657974402109,
    "robot-gripping(milk-carton)": 0.10107892099767923,
    "robot-gripping(lemon)": 0.03192793554626405,
    "robot-gripping(green-bottle)": 0.07471317006275058,
    "robot-gripping(loaf-of-bread)": 0.12108972730735938,
    "robot-gripping(red-box-of-cereal)": 0.0550370270308728,
    "robot-gripping(red-can-of-soda)": 0.1107396191606919
}