{
    "on-table(milk-carton,wood-table)": 0.3536900211377845,
    "on-table(milk-carton,black-table)": 0.4172099009156227,
    "on-table(milk-carton,white-table)": 0.3854946611803219,
    "on-table(lemon,wood-table)": 0.5616115751339142,
    "on-table(lemon,black-table)": 0.3305356614309858,
    "on-table(lemon,white-table)": 0.00043034462820893776,
    "on-table(green-bottle,wood-table)": 0.9301573634147644,
    "on-table(green-bottle,black-table)": 0.33284528143152176,
    "on-table(green-bottle,white-table)": 0.0004204483157081995,
    "on-table(loaf-of-bread,wood-table)": 0.6487244466940562,
    "on-table(loaf-of-bread,black-table)": 0.17562164100915348,
    "on-table(loaf-of-bread,white-table)": 0.2114951419547045,
    "on-table(red-box-of-cereal,wood-table)": 0.06390546996650907,
    "on-table(red-box-of-cereal,black-table)": 0.040039410943184826,
    "on-table(red-box-of-cereal,white-table)": 0.8320083792010943,
    "on-table(red-can-of-soda,wood-table)": 0.05402062794928497,
    "on-table(red-can-of-soda,black-table)": 0.8233808577424497,
    "on-table(red-can-of-soda,white-table)": 0.2740336994226406,
    "robot-gripper-empty()": 0.8339619946976503,
    "robot-gripping(milk-carton)": 0.141038971953094,
    "robot-gripping(lemon)": 0.13383221960005662,
    "robot-gripping(green-bottle)": 0.17278722619327405,
    "robot-gripping(loaf-of-bread)": 0.08942513074725866,
    "robot-gripping(red-box-of-cereal)": 0.02693952953753372,
    "robot-gripping(red-can-of-soda)": 0.09852017138230924
}