{
    "on-table(milk-carton,wood-table)": 0.4648171541436265,
    "on-table(milk-carton,black-table)": 0.17483788828394609,
    "on-table(milk-carton,white-table)": 0.8335283311704794,
    "on-table(lemon,wood-table)": 0.026754641983037192,
    "on-table(lemon,black-table)": 0.1832801730124629,
    "on-table(lemon,white-table)": 0.00901499106597233,
    "on-table(green-bottle,wood-table)": 0.1676597408222733,
    "on-table(green-bottle,black-table)": 0.6697340089982996,
    "on-table(green-bottle,white-table)": 0.0014579868182712137,
    "on-table(loaf-of-bread,wood-table)": 0.42203991301357746,
    "on-table(loaf-of-bread,black-table)": 0.0566696447567665,
    "on-table(loaf-of-bread,white-table)": 0.03501925982224444,
    "on-table(red-box-of-cereal,wood-table)": 0.5048597184941173,
    "on-table(red-box-of-cereal,black-table)": 0.3352765830689653,
    "on-table(red-box-of-cereal,white-table)": 0.012196944711225418,
    "on-table(red-can-of-soda,wood-table)": 0.8490899143119653,
    "on-table(red-can-of-soda,black-table)": 0.17002428054187627,
    "on-table(red-can-of-soda,white-table)": 0.017106126333753007,
    "robot-gripper-empty()": 0.5794046066390971,
    "robot-gripping(milk-carton)": 0.5111760211487612,
    "robot-gripping(lemon)": 0.08588936055699985,
    "robot-gripping(green-bottle)": 0.04288662582014998,
    "robot-gripping(loaf-of-bread)": 0.26856075910230476,
    "robot-gripping(red-box-of-cereal)": 0.6951763198400537,
    "robot-gripping(red-can-of-soda)": 0.6196215593566498
}