{
    "on-table(milk-carton,wood-table)": 0.3618881084645788,
    "on-table(milk-carton,black-table)": 0.1785582925270622,
    "on-table(milk-carton,white-table)": 0.8198962807655334,
    "on-table(lemon,wood-table)": 0.1067886323435232,
    "on-table(lemon,black-table)": 0.003902735151238327,
    "on-table(lemon,white-table)": 0.04370150809442445,
    "on-table(green-bottle,wood-table)": 0.012577503822588673,
    "on-table(green-bottle,black-table)": 0.0009885072563520225,
    "on-table(green-bottle,white-table)": 0.1683344107608112,
    "on-table(loaf-of-bread,wood-table)": 0.9453142782052358,
    "on-table(loaf-of-bread,black-table)": 0.14704163459828123,
    "on-table(loaf-of-bread,white-table)": 0.08609986405645031,
    "on-table(red-box-of-cereal,wood-table)": 0.1955476273651584,
    "on-table(red-box-of-cereal,black-table)": 0.8433731719851494,
    "on-table(red-box-of-cereal,white-table)": 0.01812137887100107,
    "on-table(red-can-of-soda,wood-table)": 0.04431702218244027,
    "on-table(red-can-of-soda,black-table)": 0.7061517670129737,
    "on-table(red-can-of-soda,white-table)": 0.004870282099091128,
    "robot-gripper-empty()": 0.8573914766311646,
    "robot-gripping(milk-carton)": 0.20531995967030525,
    "robot-gripping(lemon)": 0.08093180398767193,
    "robot-gripping(green-bottle)": 0.08176774120268722,
    "robot-gripping(loaf-of-bread)": 0.1523414080341657,
    "robot-gripping(red-box-of-cereal)": 0.242136063054204,
    "robot-gripping(red-can-of-soda)": 0.4472724851220846
}