{
    "on-table(milk-carton,wood-table)": 0.2161745309519271,
    "on-table(milk-carton,black-table)": 0.8116540710131327,
    "on-table(milk-carton,white-table)": 0.09650320016468565,
    "on-table(lemon,wood-table)": 0.18571923968071738,
    "on-table(lemon,black-table)": 0.8865054845809937,
    "on-table(lemon,white-table)": 0.04025278049671973,
    "on-table(green-bottle,wood-table)": 0.1796760073969684,
    "on-table(green-bottle,black-table)": 0.8695287381609281,
    "on-table(green-bottle,white-table)": 0.004109806893022021,
    "on-table(loaf-of-bread,wood-table)": 0.2949058258285125,
    "on-table(loaf-of-bread,black-table)": 0.43886123069872457,
    "on-table(loaf-of-bread,white-table)": 0.022678312263451517,
    "on-table(red-box-of-cereal,wood-table)": 0.1371646087306241,
    "on-table(red-box-of-cereal,black-table)": 0.7729106607536474,
    "on-table(red-box-of-cereal,white-table)": 0.18163205687596928,
    "on-table(red-can-of-soda,wood-table)": 0.1818443452915138,
    "on-table(red-can-of-soda,black-table)": 0.16591782942729574,
    "on-table(red-can-of-soda,white-table)": 0.8479120793441931,
    "robot-gripper-empty()": 0.9593458374341329,
    "robot-gripping(milk-carton)": 0.17407969385385513,
    "robot-gripping(lemon)": 0.04788086947519332,
    "robot-gripping(green-bottle)": 0.054163987981155515,
    "robot-gripping(loaf-of-bread)": 0.10199160501360893,
    "robot-gripping(red-box-of-cereal)": 0.08618529653176665,
    "robot-gripping(red-can-of-soda)": 0.1736659288095931
}