{
    "on-table(milk-carton,wood-table)": 0.14208131656050682,
    "on-table(milk-carton,black-table)": 0.4693383310747474,
    "on-table(milk-carton,white-table)": 0.3673154162315768,
    "on-table(lemon,wood-table)": 0.1960908914140115,
    "on-table(lemon,black-table)": 0.0021993692720722415,
    "on-table(lemon,white-table)": 0.9999503791332245,
    "on-table(green-bottle,wood-table)": 0.0583542047922189,
    "on-table(green-bottle,black-table)": 0.0004593211606902514,
    "on-table(green-bottle,white-table)": 0.8337279190309346,
    "on-table(loaf-of-bread,wood-table)": 0.2536793557616572,
    "on-table(loaf-of-bread,black-table)": 0.49788637924939394,
    "on-table(loaf-of-bread,white-table)": 0.15019893214533417,
    "on-table(red-box-of-cereal,wood-table)": 0.2278902471686403,
    "on-table(red-box-of-cereal,black-table)": 0.8383659732838472,
    "on-table(red-box-of-cereal,white-table)": 0.014106732756166215,
    "on-table(red-can-of-soda,wood-table)": 0.2506853732629679,
    "on-table(red-can-of-soda,black-table)": 0.8922354032595953,
    "on-table(red-can-of-soda,white-table)": 0.006433159052145736,
    "robot-gripper-empty()": 0.8072141744196415,
    "robot-gripping(milk-carton)": 0.23296106358369192,
    "robot-gripping(lemon)": 0.04691051101932923,
    "robot-gripping(green-bottle)": 0.02672262171593805,
    "robot-gripping(loaf-of-bread)": 0.2110676746815443,
    "robot-gripping(red-box-of-cereal)": 0.21182522798577944,
    "robot-gripping(red-can-of-soda)": 0.30200309741000336
}