{
    "on-table(milk-carton,wood-table)": 0.16145221648427346,
    "on-table(milk-carton,black-table)": 0.012920660878686855,
    "on-table(milk-carton,white-table)": 0.8523959343632063,
    "on-table(lemon,wood-table)": 0.837863875242571,
    "on-table(lemon,black-table)": 0.17514866633105916,
    "on-table(lemon,white-table)": 0.0063076798940452745,
    "on-table(green-bottle,wood-table)": 0.3325273498267052,
    "on-table(green-bottle,black-table)": 0.908446416258812,
    "on-table(green-bottle,white-table)": 0.0035625782559615495,
    "on-table(loaf-of-bread,wood-table)": 0.24474491256599626,
    "on-table(loaf-of-bread,black-table)": 0.09036244744978224,
    "on-table(loaf-of-bread,white-table)": 0.24367121079315743,
    "on-table(red-box-of-cereal,wood-table)": 0.19999541621655226,
    "on-table(red-box-of-cereal,black-table)": 0.007574928672208141,
    "on-table(red-box-of-cereal,white-table)": 0.915187602241834,
    "on-table(red-can-of-soda,wood-table)": 0.16549087585978364,
    "on-table(red-can-of-soda,black-table)": 0.6566768399109909,
    "on-table(red-can-of-soda,white-table)": 0.2512715183725807,
    "robot-gripper-empty()": 0.8098209947347641,
    "robot-gripping(milk-carton)": 0.3849664777517319,
    "robot-gripping(lemon)": 0.1555597068121036,
    "robot-gripping(green-bottle)": 0.10945762724926074,
    "robot-gripping(loaf-of-bread)": 0.2187781184911728,
    "robot-gripping(red-box-of-cereal)": 0.253134837684532,
    "robot-gripping(red-can-of-soda)": 0.3540951516479254
}