{
    "on-table(milk-carton,wood-table)": 0.4603197357306878,
    "on-table(milk-carton,black-table)": 0.5041761246199409,
    "on-table(milk-carton,white-table)": 0.3655377395625692,
    "on-table(lemon,wood-table)": 0.6207949711630741,
    "on-table(lemon,black-table)": 0.002234040702812005,
    "on-table(lemon,white-table)": 0.3385591661281069,
    "on-table(green-bottle,wood-table)": 0.7049398908469205,
    "on-table(green-bottle,black-table)": 0.16789462648654307,
    "on-table(green-bottle,white-table)": 0.0015367252385469026,
    "on-table(loaf-of-bread,wood-table)": 0.342476226350603,
    "on-table(loaf-of-bread,black-table)": 0.23045512609921084,
    "on-table(loaf-of-bread,white-table)": 0.35552382259629667,
    "on-table(red-box-of-cereal,wood-table)": 0.6894494369626045,
    "on-table(red-box-of-cereal,black-table)": 0.016224455482642952,
    "on-table(red-box-of-cereal,white-table)": 0.07924475822475567,
    "on-table(red-can-of-soda,wood-table)": 0.8340100335578123,
    "on-table(red-can-of-soda,black-table)": 0.16625264346157564,
    "on-table(red-can-of-soda,white-table)": 0.016188875253059603,
    "robot-gripper-empty()": 0.9646451671918234,
    "robot-gripping(milk-carton)": 0.17385000921785831,
    "robot-gripping(lemon)": 0.11345125393321116,
    "robot-gripping(green-bottle)": 0.05005031987093389,
    "robot-gripping(loaf-of-bread)": 0.06272336848390599,
    "robot-gripping(red-box-of-cereal)": 0.06642290522965293,
    "robot-gripping(red-can-of-soda)": 0.10222046667089064
}