{
    "on-table(milk-carton,wood-table)": 0.2945794763509184,
    "on-table(milk-carton,black-table)": 0.4126049856422469,
    "on-table(milk-carton,white-table)": 0.34989682148928597,
    "on-table(lemon,wood-table)": 0.1883528585191622,
    "on-table(lemon,black-table)": 0.12657054840769888,
    "on-table(lemon,white-table)": 0.3379292017537712,
    "on-table(green-bottle,wood-table)": 0.17510707714003124,
    "on-table(green-bottle,black-table)": 0.17253916514816106,
    "on-table(green-bottle,white-table)": 0.005364987990712204,
    "on-table(loaf-of-bread,wood-table)": 0.4114279053173959,
    "on-table(loaf-of-bread,black-table)": 0.005283978515459846,
    "on-table(loaf-of-bread,white-table)": 0.3295087280421285,
    "on-table(red-box-of-cereal,wood-table)": 0.5039752870798111,
    "on-table(red-box-of-cereal,black-table)": 0.04816638345437241,
    "on-table(red-box-of-cereal,white-table)": 0.6712152985079834,
    "on-table(red-can-of-soda,wood-table)": 0.932795931895574,
    "on-table(red-can-of-soda,black-table)": 0.16678862438129727,
    "on-table(red-can-of-soda,white-table)": 0.3349812679292275,
    "robot-gripper-empty()": 0.4320605830095398,
    "robot-gripping(milk-carton)": 0.17470971463869014,
    "robot-gripping(lemon)": 0.21322090085595846,
    "robot-gripping(green-bottle)": 0.7766386161868771,
    "robot-gripping(loaf-of-bread)": 0.07151345986252029,
    "robot-gripping(red-box-of-cereal)": 0.05083431376260705,
    "robot-gripping(red-can-of-soda)": 0.18626893485391824
}