{
    "on-table(milk-carton,wood-table)": 0.9620465437571207,
    "on-table(milk-carton,black-table)": 0.2823464248261492,
    "on-table(milk-carton,white-table)": 0.031153744270947453,
    "on-table(lemon,wood-table)": 0.1379115803477665,
    "on-table(lemon,black-table)": 0.0021801400334879872,
    "on-table(lemon,white-table)": 0.968841681877772,
    "on-table(green-bottle,wood-table)": 0.1626112857569145,
    "on-table(green-bottle,black-table)": 0.0018459450079717499,
    "on-table(green-bottle,white-table)": 0.8367197938884298,
    "on-table(loaf-of-bread,wood-table)": 0.2919596723901729,
    "on-table(loaf-of-bread,black-table)": 0.08355199997701372,
    "on-table(loaf-of-bread,white-table)": 0.46560341119766235,
    "on-table(red-box-of-cereal,wood-table)": 0.9952136874198914,
    "on-table(red-box-of-cereal,black-table)": 0.33094223189800687,
    "on-table(red-box-of-cereal,white-table)": 0.03313601582825262,
    "on-table(red-can-of-soda,wood-table)": 0.4297725164021055,
    "on-table(red-can-of-soda,black-table)": 0.0059786291403725045,
    "on-table(red-can-of-soda,white-table)": 0.8465151997903982,
    "robot-gripper-empty()": 0.9548378884792328,
    "robot-gripping(milk-carton)": 0.19808741845190525,
    "robot-gripping(lemon)": 0.0902230569627136,
    "robot-gripping(green-bottle)": 0.10733663843226775,
    "robot-gripping(loaf-of-bread)": 0.16612387634813786,
    "robot-gripping(red-box-of-cereal)": 0.13080590280393758,
    "robot-gripping(red-can-of-soda)": 0.23059859623511633
}