{
    "on-table(milk-carton,wood-table)": 0.46620140900146606,
    "on-table(milk-carton,black-table)": 0.006915720135111769,
    "on-table(milk-carton,white-table)": 0.5526656197810856,
    "on-table(lemon,wood-table)": 0.7346409481639663,
    "on-table(lemon,black-table)": 0.16699733061432198,
    "on-table(lemon,white-table)": 0.15875446874747468,
    "on-table(green-bottle,wood-table)": 0.16095372808255584,
    "on-table(green-bottle,black-table)": 0.0028704960550385294,
    "on-table(green-bottle,white-table)": 0.9986260732014974,
    "on-table(loaf-of-bread,wood-table)": 0.35722073874785565,
    "on-table(loaf-of-bread,black-table)": 0.0060864207237803685,
    "on-table(loaf-of-bread,white-table)": 0.033850553105973326,
    "on-table(red-box-of-cereal,wood-table)": 0.8267330443874622,
    "on-table(red-box-of-cereal,black-table)": 0.004691233454650501,
    "on-table(red-box-of-cereal,white-table)": 0.2510727923208833,
    "on-table(red-can-of-soda,wood-table)": 0.15132179229658504,
    "on-table(red-can-of-soda,black-table)": 0.005472968520734867,
    "on-table(red-can-of-soda,white-table)": 0.9744756519794464,
    "robot-gripper-empty()": 0.8382573425769806,
    "robot-gripping(milk-carton)": 0.19661039405036718,
    "robot-gripping(lemon)": 0.0315833332327505,
    "robot-gripping(green-bottle)": 0.11113211171080668,
    "robot-gripping(loaf-of-bread)": 0.17310945728483298,
    "robot-gripping(red-box-of-cereal)": 0.17933995365941277,
    "robot-gripping(red-can-of-soda)": 0.1936014477396384
}