{
    "on-table(milk-carton,wood-table)": 0.7553574045499166,
    "on-table(milk-carton,black-table)": 0.031150281542068115,
    "on-table(milk-carton,white-table)": 0.19579708899497442,
    "on-table(lemon,wood-table)": 0.1664695258756789,
    "on-table(lemon,black-table)": 0.8268392578271838,
    "on-table(lemon,white-table)": 0.00198640639966167,
    "on-table(green-bottle,wood-table)": 0.0016067943045830664,
    "on-table(green-bottle,black-table)": 0.0024134442452729368,
    "on-table(green-bottle,white-table)": 0.0011739905191158566,
    "on-table(loaf-of-bread,wood-table)": 0.20417287216211358,
    "on-table(loaf-of-bread,black-table)": 0.005672923912546442,
    "on-table(loaf-of-bread,white-table)": 0.27890519495122135,
    "on-table(red-box-of-cereal,wood-table)": 0.834699736131976,
    "on-table(red-box-of-cereal,black-table)": 0.1723154772773038,
    "on-table(red-box-of-cereal,white-table)": 0.011178872519849392,
    "on-table(red-can-of-soda,wood-table)": 0.8133015347023805,
    "on-table(red-can-of-soda,black-table)": 0.017694013971170836,
    "on-table(red-can-of-soda,white-table)": 0.011280716291518425,
    "robot-gripper-empty()": 0.9625508387883505,
    "robot-gripping(milk-carton)": 0.2917635180056095,
    "robot-gripping(lemon)": 0.0502748426127558,
    "robot-gripping(green-bottle)": 0.03571368148550391,
    "robot-gripping(loaf-of-bread)": 0.07420619980742534,
    "robot-gripping(red-box-of-cereal)": 0.04214395730135342,
    "robot-gripping(red-can-of-soda)": 0.10015277246323724
}