{
    "on-table(milk-carton,wood-table)": 0.6950342456499735,
    "on-table(milk-carton,black-table)": 0.03930539639744287,
    "on-table(milk-carton,white-table)": 0.2460654264044327,
    "on-table(lemon,wood-table)": 0.018946470459923148,
    "on-table(lemon,black-table)": 0.27416254321966943,
    "on-table(lemon,white-table)": 0.19722434185193075,
    "on-table(green-bottle,wood-table)": 0.014625301623406509,
    "on-table(green-bottle,black-table)": 0.4695994388797165,
    "on-table(green-bottle,white-table)": 0.12258674911026901,
    "on-table(loaf-of-bread,wood-table)": 0.28756420322800597,
    "on-table(loaf-of-bread,black-table)": 0.013760386277984557,
    "on-table(loaf-of-bread,white-table)": 0.5912243127822876,
    "on-table(red-box-of-cereal,wood-table)": 0.8296421201278766,
    "on-table(red-box-of-cereal,black-table)": 0.09705665623475095,
    "on-table(red-box-of-cereal,white-table)": 0.027757481438129616,
    "on-table(red-can-of-soda,wood-table)": 0.775381289422512,
    "on-table(red-can-of-soda,black-table)": 0.16687608547787627,
    "on-table(red-can-of-soda,white-table)": 0.03715304507810894,
    "robot-gripper-empty()": 0.8543516993522644,
    "robot-gripping(milk-carton)": 0.31686555283765,
    "robot-gripping(lemon)": 0.1802563282350699,
    "robot-gripping(green-bottle)": 0.17747049561391273,
    "robot-gripping(loaf-of-bread)": 0.0999641955519716,
    "robot-gripping(red-box-of-cereal)": 0.08318369680394729,
    "robot-gripping(red-can-of-soda)": 0.14340209774672985
}