{
    "on-table(milk-carton,wood-table)": 0.2221969413997916,
    "on-table(milk-carton,black-table)": 0.9346979856491089,
    "on-table(milk-carton,white-table)": 0.021732401340462577,
    "on-table(lemon,wood-table)": 0.041829662167098526,
    "on-table(lemon,black-table)": 0.8098313409524659,
    "on-table(lemon,white-table)": 0.035994031386204973,
    "on-table(green-bottle,wood-table)": 0.8344262937704722,
    "on-table(green-bottle,black-table)": 0.1797445974064734,
    "on-table(green-bottle,white-table)": 0.00222665559476809,
    "on-table(loaf-of-bread,wood-table)": 0.1096646571919943,
    "on-table(loaf-of-bread,black-table)": 0.6381027648070207,
    "on-table(loaf-of-bread,white-table)": 0.11421677054992567,
    "on-table(red-box-of-cereal,wood-table)": 0.3468535586919946,
    "on-table(red-box-of-cereal,black-table)": 0.9161846240361532,
    "on-table(red-box-of-cereal,white-table)": 0.19028534545213915,
    "on-table(red-can-of-soda,wood-table)": 0.25576591671354737,
    "on-table(red-can-of-soda,black-table)": 0.9978523155053457,
    "on-table(red-can-of-soda,white-table)": 0.01339238549098809,
    "robot-gripper-empty()": 0.9280622700850168,
    "robot-gripping(milk-carton)": 0.09170825003335874,
    "robot-gripping(lemon)": 0.03075716256474455,
    "robot-gripping(green-bottle)": 0.08553565250864874,
    "robot-gripping(loaf-of-bread)": 0.0906202116360267,
    "robot-gripping(red-box-of-cereal)": 0.032261349027976394,
    "robot-gripping(red-can-of-soda)": 0.042762285486484565
}