{
    "on-table(milk-carton,wood-table)": 0.665887787938118,
    "on-table(milk-carton,black-table)": 0.4506331893304984,
    "on-table(milk-carton,white-table)": 0.02605796865342806,
    "on-table(lemon,wood-table)": 0.15466932571143843,
    "on-table(lemon,black-table)": 0.008945052323800459,
    "on-table(lemon,white-table)": 0.8376677567139268,
    "on-table(green-bottle,wood-table)": 0.14795130008618193,
    "on-table(green-bottle,black-table)": 0.002237693429757807,
    "on-table(green-bottle,white-table)": 0.8365175733342767,
    "on-table(loaf-of-bread,wood-table)": 0.2195730973035097,
    "on-table(loaf-of-bread,black-table)": 0.4713668132511278,
    "on-table(loaf-of-bread,white-table)": 0.0704099088422178,
    "on-table(red-box-of-cereal,wood-table)": 0.9964026908079783,
    "on-table(red-box-of-cereal,black-table)": 0.4109749595797136,
    "on-table(red-box-of-cereal,white-table)": 0.01005248489521667,
    "on-table(red-can-of-soda,wood-table)": 0.6274925566200787,
    "on-table(red-can-of-soda,black-table)": 0.6866447264328599,
    "on-table(red-can-of-soda,white-table)": 0.007691198051967755,
    "robot-gripper-empty()": 0.9845769802729288,
    "robot-gripping(milk-carton)": 0.20818433600167432,
    "robot-gripping(lemon)": 0.024565221819405753,
    "robot-gripping(green-bottle)": 0.010711200428583348,
    "robot-gripping(loaf-of-bread)": 0.06223398974786202,
    "robot-gripping(red-box-of-cereal)": 0.026224541710689664,
    "robot-gripping(red-can-of-soda)": 0.049100818345323205
}