{
    "on-table(milk-carton,wood-table)": 0.5779782704097064,
    "on-table(milk-carton,black-table)": 0.5236242433699468,
    "on-table(milk-carton,white-table)": 0.2103294244831583,
    "on-table(lemon,wood-table)": 0.9961240390936533,
    "on-table(lemon,black-table)": 0.23839169279744965,
    "on-table(lemon,white-table)": 0.16573184700117358,
    "on-table(green-bottle,wood-table)": 0.06739209694448316,
    "on-table(green-bottle,black-table)": 0.8651577532291412,
    "on-table(green-bottle,white-table)": 0.010485756413572744,
    "on-table(loaf-of-bread,wood-table)": 0.839473490913709,
    "on-table(loaf-of-bread,black-table)": 0.0427905776790188,
    "on-table(loaf-of-bread,white-table)": 0.20252571046754989,
    "on-table(red-box-of-cereal,wood-table)": 0.8190513147662083,
    "on-table(red-box-of-cereal,black-table)": 0.14033744583563626,
    "on-table(red-box-of-cereal,white-table)": 0.029120299663418336,
    "on-table(red-can-of-soda,wood-table)": 0.8374255619322261,
    "on-table(red-can-of-soda,black-table)": 0.17123320737474992,
    "on-table(red-can-of-soda,white-table)": 0.012008281000172852,
    "robot-gripper-empty()": 0.9324198563893636,
    "robot-gripping(milk-carton)": 0.19508472892145315,
    "robot-gripping(lemon)": 0.05795485805720091,
    "robot-gripping(green-bottle)": 0.1650531580283617,
    "robot-gripping(loaf-of-bread)": 0.08696241738895576,
    "robot-gripping(red-box-of-cereal)": 0.09156911501971383,
    "robot-gripping(red-can-of-soda)": 0.1204362758435309
}