{
    "on-table(milk-carton,wood-table)": 0.7853634059429169,
    "on-table(milk-carton,black-table)": 0.28515217752465105,
    "on-table(milk-carton,white-table)": 0.269465811757982,
    "on-table(lemon,wood-table)": 0.31604722131063073,
    "on-table(lemon,black-table)": 0.5373608811642043,
    "on-table(lemon,white-table)": 0.0049755537517436705,
    "on-table(green-bottle,wood-table)": 0.33361375707924407,
    "on-table(green-bottle,black-table)": 0.9994375904401144,
    "on-table(green-bottle,white-table)": 0.0007082875547439471,
    "on-table(loaf-of-bread,wood-table)": 0.11528047050038974,
    "on-table(loaf-of-bread,black-table)": 0.3812307180681576,
    "on-table(loaf-of-bread,white-table)": 0.1787671580532333,
    "on-table(red-box-of-cereal,wood-table)": 0.041426906570753395,
    "on-table(red-box-of-cereal,black-table)": 0.004141360526621914,
    "on-table(red-box-of-cereal,white-table)": 0.8200595377323529,
    "on-table(red-can-of-soda,wood-table)": 0.002677161490889072,
    "on-table(red-can-of-soda,black-table)": 0.0008895396814523338,
    "on-table(red-can-of-soda,white-table)": 0.837190174497664,
    "robot-gripper-empty()": 0.8072626075396935,
    "robot-gripping(milk-carton)": 0.15827276557683945,
    "robot-gripping(lemon)": 0.2980063669383526,
    "robot-gripping(green-bottle)": 0.12042416507999103,
    "robot-gripping(loaf-of-bread)": 0.14516293505827585,
    "robot-gripping(red-box-of-cereal)": 0.045140531534949936,
    "robot-gripping(red-can-of-soda)": 0.048248850740492344
}