{
    "on-table(milk-carton,wood-table)": 0.4559501552333434,
    "on-table(milk-carton,black-table)": 0.021372408785585623,
    "on-table(milk-carton,white-table)": 0.8722140292326609,
    "on-table(lemon,wood-table)": 0.5072886714090904,
    "on-table(lemon,black-table)": 0.0695896602483117,
    "on-table(lemon,white-table)": 0.7366573512554169,
    "on-table(green-bottle,wood-table)": 0.16694959750445074,
    "on-table(green-bottle,black-table)": 0.01625440187641895,
    "on-table(green-bottle,white-table)": 0.8444261215627193,
    "on-table(loaf-of-bread,wood-table)": 0.6982595287263393,
    "on-table(loaf-of-bread,black-table)": 0.040361357479317427,
    "on-table(loaf-of-bread,white-table)": 0.19647744404210243,
    "on-table(red-box-of-cereal,wood-table)": 0.3365891167098501,
    "on-table(red-box-of-cereal,black-table)": 0.011065752948828353,
    "on-table(red-box-of-cereal,white-table)": 0.859100009004275,
    "on-table(red-can-of-soda,wood-table)": 0.29945500454778085,
    "on-table(red-can-of-soda,black-table)": 0.008768063214423213,
    "on-table(red-can-of-soda,white-table)": 0.9936188956101736,
    "robot-gripper-empty()": 0.8855427851279577,
    "robot-gripping(milk-carton)": 0.18774820305407047,
    "robot-gripping(lemon)": 0.10790291335433722,
    "robot-gripping(green-bottle)": 0.029552110461130116,
    "robot-gripping(loaf-of-bread)": 0.1920803477987647,
    "robot-gripping(red-box-of-cereal)": 0.1652609092222216,
    "robot-gripping(red-can-of-soda)": 0.17721849873972437
}