{
    "on-table(milk-carton,wood-table)": 0.23166269094993672,
    "on-table(milk-carton,black-table)": 0.02415361338110718,
    "on-table(milk-carton,white-table)": 0.8598117679357529,
    "on-table(lemon,wood-table)": 0.2873305715620518,
    "on-table(lemon,black-table)": 0.4219209517832496,
    "on-table(lemon,white-table)": 0.22856509720440954,
    "on-table(green-bottle,wood-table)": 0.34955724189057946,
    "on-table(green-bottle,black-table)": 0.032247585094107,
    "on-table(green-bottle,white-table)": 0.026906545943347737,
    "on-table(loaf-of-bread,wood-table)": 0.377723549803098,
    "on-table(loaf-of-bread,black-table)": 0.4605757769507666,
    "on-table(loaf-of-bread,white-table)": 0.1082999884771804,
    "on-table(red-box-of-cereal,wood-table)": 0.18908713338896632,
    "on-table(red-box-of-cereal,black-table)": 0.31188498344272375,
    "on-table(red-box-of-cereal,white-table)": 0.011632459126606895,
    "on-table(red-can-of-soda,wood-table)": 0.17003268455543244,
    "on-table(red-can-of-soda,black-table)": 0.6701531673315912,
    "on-table(red-can-of-soda,white-table)": 0.0052775293925151345,
    "robot-gripper-empty()": 0.9129565258820852,
    "robot-gripping(milk-carton)": 0.18834388411293426,
    "robot-gripping(lemon)": 0.08437412542601426,
    "robot-gripping(green-bottle)": 0.0907075156768163,
    "robot-gripping(loaf-of-bread)": 0.09641630854457617,
    "robot-gripping(red-box-of-cereal)": 0.044721676191935934,
    "robot-gripping(red-can-of-soda)": 0.14323806297034025
}