{
    "on-table(milk-carton,wood-table)": 0.08532540670906504,
    "on-table(milk-carton,black-table)": 0.6370492263231426,
    "on-table(milk-carton,white-table)": 0.23576475681814676,
    "on-table(lemon,wood-table)": 0.833757797217307,
    "on-table(lemon,black-table)": 0.1654543498289248,
    "on-table(lemon,white-table)": 0.0011581581677546637,
    "on-table(green-bottle,wood-table)": 0.8322075723359982,
    "on-table(green-bottle,black-table)": 0.16997746673511452,
    "on-table(green-bottle,white-table)": 0.0013035686855952615,
    "on-table(loaf-of-bread,wood-table)": 0.061831243763056896,
    "on-table(loaf-of-bread,black-table)": 0.01143180281117869,
    "on-table(loaf-of-bread,white-table)": 0.26979329204186797,
    "on-table(red-box-of-cereal,wood-table)": 0.16212149481119317,
    "on-table(red-box-of-cereal,black-table)": 0.0003856624898617156,
    "on-table(red-box-of-cereal,white-table)": 0.8333888090564869,
    "on-table(red-can-of-soda,wood-table)": 0.1540411699767598,
    "on-table(red-can-of-soda,black-table)": 0.00028999723372180597,
    "on-table(red-can-of-soda,white-table)": 0.8333797515030407,
    "robot-gripper-empty()": 0.7050002863009771,
    "robot-gripping(milk-carton)": 0.5551317247251669,
    "robot-gripping(lemon)": 0.17701447677488127,
    "robot-gripping(green-bottle)": 0.20186821712801853,
    "robot-gripping(loaf-of-bread)": 0.172250180815657,
    "robot-gripping(red-box-of-cereal)": 0.2042992451461032,
    "robot-gripping(red-can-of-soda)": 0.3437354036529238
}