{
    "on-table(milk-carton,wood-table)": 0.2629399848131773,
    "on-table(milk-carton,black-table)": 0.7274566441774368,
    "on-table(milk-carton,white-table)": 0.1554441462297594,
    "on-table(lemon,wood-table)": 0.8326066680019721,
    "on-table(lemon,black-table)": 0.16590070247790814,
    "on-table(lemon,white-table)": 0.1229093818498465,
    "on-table(green-bottle,wood-table)": 0.009729718645151783,
    "on-table(green-bottle,black-table)": 0.00910149311190859,
    "on-table(green-bottle,white-table)": 0.0007339978098267844,
    "on-table(loaf-of-bread,wood-table)": 0.2032392210967373,
    "on-table(loaf-of-bread,black-table)": 0.43015955604884465,
    "on-table(loaf-of-bread,white-table)": 0.3266377175968955,
    "on-table(red-box-of-cereal,wood-table)": 0.21915992461921027,
    "on-table(red-box-of-cereal,black-table)": 0.8270265770455202,
    "on-table(red-box-of-cereal,white-table)": 0.0697152092664813,
    "on-table(red-can-of-soda,wood-table)": 0.8323731136818727,
    "on-table(red-can-of-soda,black-table)": 0.3493796423855618,
    "on-table(red-can-of-soda,white-table)": 0.001961555209599434,
    "robot-gripper-empty()": 0.954246977965037,
    "robot-gripping(milk-carton)": 0.11790983378887177,
    "robot-gripping(lemon)": 0.06682935688877478,
    "robot-gripping(green-bottle)": 0.051660543445905205,
    "robot-gripping(loaf-of-bread)": 0.05448105993370215,
    "robot-gripping(red-box-of-cereal)": 0.05246714471528927,
    "robot-gripping(red-can-of-soda)": 0.1870168821575741
}