{
    "on-table(milk-carton,wood-table)": 0.8589133620262146,
    "on-table(milk-carton,black-table)": 0.37898542218742176,
    "on-table(milk-carton,white-table)": 0.17543224260013326,
    "on-table(lemon,wood-table)": 0.7791345131893953,
    "on-table(lemon,black-table)": 0.32511334362667793,
    "on-table(lemon,white-table)": 0.01144298284270917,
    "on-table(green-bottle,wood-table)": 0.17110636051863062,
    "on-table(green-bottle,black-table)": 0.8400608735779921,
    "on-table(green-bottle,white-table)": 0.01037242153521826,
    "on-table(loaf-of-bread,wood-table)": 0.655182771384716,
    "on-table(loaf-of-bread,black-table)": 0.2780461252162543,
    "on-table(loaf-of-bread,white-table)": 0.16848703973422138,
    "on-table(red-box-of-cereal,wood-table)": 0.3556142094215223,
    "on-table(red-box-of-cereal,black-table)": 0.7938559902831912,
    "on-table(red-box-of-cereal,white-table)": 0.09183819684403716,
    "on-table(red-can-of-soda,wood-table)": 0.9902961850166321,
    "on-table(red-can-of-soda,black-table)": 0.33131329169282253,
    "on-table(red-can-of-soda,white-table)": 0.004650026456677854,
    "robot-gripper-empty()": 0.8915110131104788,
    "robot-gripping(milk-carton)": 0.19787960747877756,
    "robot-gripping(lemon)": 0.07212313388784726,
    "robot-gripping(green-bottle)": 0.13486191723495722,
    "robot-gripping(loaf-of-bread)": 0.23094777669757605,
    "robot-gripping(red-box-of-cereal)": 0.13975099955374995,
    "robot-gripping(red-can-of-soda)": 0.19423286989331245
}