{
    "on-table(milk-carton,wood-table)": 0.15152210307617983,
    "on-table(milk-carton,black-table)": 0.4795926135654251,
    "on-table(milk-carton,white-table)": 0.5004493724554777,
    "on-table(lemon,wood-table)": 0.06682392187455359,
    "on-table(lemon,black-table)": 0.6971239199241003,
    "on-table(lemon,white-table)": 0.008665378254742487,
    "on-table(green-bottle,wood-table)": 0.23127830811426975,
    "on-table(green-bottle,black-table)": 0.9024315079053243,
    "on-table(green-bottle,white-table)": 0.0034442663123475845,
    "on-table(loaf-of-bread,wood-table)": 0.26893497159471735,
    "on-table(loaf-of-bread,black-table)": 0.16196938798384508,
    "on-table(loaf-of-bread,white-table)": 0.6343166193303963,
    "on-table(red-box-of-cereal,wood-table)": 0.18673305004873933,
    "on-table(red-box-of-cereal,black-table)": 0.1030603530780354,
    "on-table(red-box-of-cereal,white-table)": 0.9993123610814413,
    "on-table(red-can-of-soda,wood-table)": 0.20826495583241922,
    "on-table(red-can-of-soda,black-table)": 0.05521383490042808,
    "on-table(red-can-of-soda,white-table)": 0.998309334119161,
    "robot-gripper-empty()": 0.6658283943931261,
    "robot-gripping(milk-carton)": 0.5250539953509966,
    "robot-gripping(lemon)": 0.2328030727803707,
    "robot-gripping(green-bottle)": 0.16797040464977422,
    "robot-gripping(loaf-of-bread)": 0.15890072410305342,
    "robot-gripping(red-box-of-cereal)": 0.24830666556954384,
    "robot-gripping(red-can-of-soda)": 0.4429386431972186
}