{
    "on-table(milk-carton,wood-table)": 0.5304574234954392,
    "on-table(milk-carton,black-table)": 0.022005765912278246,
    "on-table(milk-carton,white-table)": 0.6994031500459338,
    "on-table(lemon,wood-table)": 0.20108193831765675,
    "on-table(lemon,black-table)": 0.9485734403133392,
    "on-table(lemon,white-table)": 0.002457179548628119,
    "on-table(green-bottle,wood-table)": 0.2517522451538146,
    "on-table(green-bottle,black-table)": 0.8810797035694122,
    "on-table(green-bottle,white-table)": 0.0009866665467749651,
    "on-table(loaf-of-bread,wood-table)": 0.6186586891611418,
    "on-table(loaf-of-bread,black-table)": 0.3043698708837231,
    "on-table(loaf-of-bread,white-table)": 0.10666912334272638,
    "on-table(red-box-of-cereal,wood-table)": 0.9931185245513916,
    "on-table(red-box-of-cereal,black-table)": 0.3070587781520923,
    "on-table(red-box-of-cereal,white-table)": 0.14266691888678906,
    "on-table(red-can-of-soda,wood-table)": 0.9988009432951609,
    "on-table(red-can-of-soda,black-table)": 0.3338507522050804,
    "on-table(red-can-of-soda,white-table)": 0.010942216127129237,
    "robot-gripper-empty()": 0.8799065947532654,
    "robot-gripping(milk-carton)": 0.18279867060482502,
    "robot-gripping(lemon)": 0.09844466717913747,
    "robot-gripping(green-bottle)": 0.16203685469614962,
    "robot-gripping(loaf-of-bread)": 0.13266437190274397,
    "robot-gripping(red-box-of-cereal)": 0.15160632987196246,
    "robot-gripping(red-can-of-soda)": 0.19096737867221236
}