{
    "on-table(milk-carton,wood-table)": 0.812002902229627,
    "on-table(milk-carton,black-table)": 0.14546531767215734,
    "on-table(milk-carton,white-table)": 0.0510076817809022,
    "on-table(lemon,wood-table)": 0.0621920792812792,
    "on-table(lemon,black-table)": 0.1759711459283911,
    "on-table(lemon,white-table)": 0.2603672846259239,
    "on-table(green-bottle,wood-table)": 0.16755400824088915,
    "on-table(green-bottle,black-table)": 0.0014185755705208674,
    "on-table(green-bottle,white-table)": 0.8508575682838758,
    "on-table(loaf-of-bread,wood-table)": 0.4797622732197245,
    "on-table(loaf-of-bread,black-table)": 0.09536972180088317,
    "on-table(loaf-of-bread,white-table)": 0.018828143878029852,
    "on-table(red-box-of-cereal,wood-table)": 0.9961598714192709,
    "on-table(red-box-of-cereal,black-table)": 0.2944728459192447,
    "on-table(red-box-of-cereal,white-table)": 0.13996968431153314,
    "on-table(red-can-of-soda,wood-table)": 0.9869771897792816,
    "on-table(red-can-of-soda,black-table)": 0.31580757425096334,
    "on-table(red-can-of-soda,white-table)": 0.06508175219452521,
    "robot-gripper-empty()": 0.7413736844124893,
    "robot-gripping(milk-carton)": 0.28225916375716525,
    "robot-gripping(lemon)": 0.3312744391344798,
    "robot-gripping(green-bottle)": 0.03130423450299228,
    "robot-gripping(loaf-of-bread)": 0.06710594690715273,
    "robot-gripping(red-box-of-cereal)": 0.01853317526790003,
    "robot-gripping(red-can-of-soda)": 0.0531327142380178
}