{
    "on-table(milk-carton,wood-table)": 0.20724755137537917,
    "on-table(milk-carton,black-table)": 0.18488782354203673,
    "on-table(milk-carton,white-table)": 0.7003522894034783,
    "on-table(lemon,wood-table)": 0.2561722679335314,
    "on-table(lemon,black-table)": 0.01222486072947504,
    "on-table(lemon,white-table)": 0.8305123178288341,
    "on-table(green-bottle,wood-table)": 0.015864914719713852,
    "on-table(green-bottle,black-table)": 0.011813070848196125,
    "on-table(green-bottle,white-table)": 0.01050968872247419,
    "on-table(loaf-of-bread,wood-table)": 0.26057049764009815,
    "on-table(loaf-of-bread,black-table)": 0.5252937708670894,
    "on-table(loaf-of-bread,white-table)": 0.35191409338828333,
    "on-table(red-box-of-cereal,wood-table)": 0.3419122393631066,
    "on-table(red-box-of-cereal,black-table)": 0.7745981775224209,
    "on-table(red-box-of-cereal,white-table)": 0.1027104918321129,
    "on-table(red-can-of-soda,wood-table)": 0.16513501483132131,
    "on-table(red-can-of-soda,black-table)": 0.005805202281635502,
    "on-table(red-can-of-soda,white-table)": 0.8352306059872111,
    "robot-gripper-empty()": 0.9239048262437185,
    "robot-gripping(milk-carton)": 0.191412471079578,
    "robot-gripping(lemon)": 0.11407536454498768,
    "robot-gripping(green-bottle)": 0.06937171084185441,
    "robot-gripping(loaf-of-bread)": 0.17509332671761513,
    "robot-gripping(red-box-of-cereal)": 0.091927876851211,
    "robot-gripping(red-can-of-soda)": 0.14652783695297936
}