{
    "on-table(milk-carton,wood-table)": 0.8103975703318914,
    "on-table(milk-carton,black-table)": 0.2757538289806689,
    "on-table(milk-carton,white-table)": 0.3093888880045294,
    "on-table(lemon,wood-table)": 0.9382922053337097,
    "on-table(lemon,black-table)": 0.2280569917459919,
    "on-table(lemon,white-table)": 0.017276377037129958,
    "on-table(green-bottle,wood-table)": 0.12783895594414693,
    "on-table(green-bottle,black-table)": 0.0011733702942819946,
    "on-table(green-bottle,white-table)": 0.8339595887809992,
    "on-table(loaf-of-bread,wood-table)": 0.5032657232756416,
    "on-table(loaf-of-bread,black-table)": 0.19844418422144372,
    "on-table(loaf-of-bread,white-table)": 0.10289151976273085,
    "on-table(red-box-of-cereal,wood-table)": 0.27863182219637866,
    "on-table(red-box-of-cereal,black-table)": 0.24816719289810862,
    "on-table(red-box-of-cereal,white-table)": 0.503646473827151,
    "on-table(red-can-of-soda,wood-table)": 0.8346195816993713,
    "on-table(red-can-of-soda,black-table)": 0.17159391688202655,
    "on-table(red-can-of-soda,white-table)": 0.004236952167048003,
    "robot-gripper-empty()": 0.8580549483497938,
    "robot-gripping(milk-carton)": 0.1856051553040743,
    "robot-gripping(lemon)": 0.10104627045802772,
    "robot-gripping(green-bottle)": 0.025642869838823874,
    "robot-gripping(loaf-of-bread)": 0.12733915324012438,
    "robot-gripping(red-box-of-cereal)": 0.08091131939242284,
    "robot-gripping(red-can-of-soda)": 0.20104581847166023
}