{
    "on-table(milk-carton,wood-table)": 0.28537608062227565,
    "on-table(milk-carton,black-table)": 0.06937220201749976,
    "on-table(milk-carton,white-table)": 0.5471037402749062,
    "on-table(lemon,wood-table)": 0.1049275581948071,
    "on-table(lemon,black-table)": 0.8340890652810534,
    "on-table(lemon,white-table)": 0.013203274042401366,
    "on-table(green-bottle,wood-table)": 0.1727572205127217,
    "on-table(green-bottle,black-table)": 0.0069744333495691535,
    "on-table(green-bottle,white-table)": 0.843200188751022,
    "on-table(loaf-of-bread,wood-table)": 0.5085178377727667,
    "on-table(loaf-of-bread,black-table)": 0.30360129764449084,
    "on-table(loaf-of-bread,white-table)": 0.4635915916490679,
    "on-table(red-box-of-cereal,wood-table)": 0.27920285185488564,
    "on-table(red-box-of-cereal,black-table)": 0.2991252356878249,
    "on-table(red-box-of-cereal,white-table)": 0.06837592413648963,
    "on-table(red-can-of-soda,wood-table)": 0.10398293160202836,
    "on-table(red-can-of-soda,black-table)": 0.15228047023098648,
    "on-table(red-can-of-soda,white-table)": 0.01813016961265627,
    "robot-gripper-empty()": 0.9412717918554941,
    "robot-gripping(milk-carton)": 0.15122604308029017,
    "robot-gripping(lemon)": 0.03549395361915231,
    "robot-gripping(green-bottle)": 0.03516055272969728,
    "robot-gripping(loaf-of-bread)": 0.11817200388759375,
    "robot-gripping(red-box-of-cereal)": 0.09751932501482467,
    "robot-gripping(red-can-of-soda)": 0.0853589513959984
}