{
    "on-table(milk-carton,wood-table)": 0.6894738338887691,
    "on-table(milk-carton,black-table)": 0.4025064532373411,
    "on-table(milk-carton,white-table)": 0.035642336665963135,
    "on-table(lemon,wood-table)": 0.1814905383034784,
    "on-table(lemon,black-table)": 0.027848179430293385,
    "on-table(lemon,white-table)": 0.9997835656007131,
    "on-table(green-bottle,wood-table)": 0.16306808857552824,
    "on-table(green-bottle,black-table)": 0.8493195797006289,
    "on-table(green-bottle,white-table)": 0.0009933429340283813,
    "on-table(loaf-of-bread,wood-table)": 0.4813853055238724,
    "on-table(loaf-of-bread,black-table)": 0.14444921018245319,
    "on-table(loaf-of-bread,white-table)": 0.24072437092399923,
    "on-table(red-box-of-cereal,wood-table)": 0.3104989334824495,
    "on-table(red-box-of-cereal,black-table)": 0.9763390918572744,
    "on-table(red-box-of-cereal,white-table)": 0.006440767175566482,
    "on-table(red-can-of-soda,wood-table)": 0.26878724625566974,
    "on-table(red-can-of-soda,black-table)": 0.9736485679944357,
    "on-table(red-can-of-soda,white-table)": 0.0018682251614639729,
    "robot-gripper-empty()": 0.7538825819889704,
    "robot-gripping(milk-carton)": 0.4603421160330375,
    "robot-gripping(lemon)": 0.08047494587178032,
    "robot-gripping(green-bottle)": 0.08865624852478504,
    "robot-gripping(loaf-of-bread)": 0.22033651793996492,
    "robot-gripping(red-box-of-cereal)": 0.14940937608480453,
    "robot-gripping(red-can-of-soda)": 0.1939447664966186
}