{
    "on-table(milk-carton,wood-table)": 0.41956514919487137,
    "on-table(milk-carton,black-table)": 0.034184664672163,
    "on-table(milk-carton,white-table)": 0.7133548429313427,
    "on-table(lemon,wood-table)": 0.25581020636794466,
    "on-table(lemon,black-table)": 0.325839814429249,
    "on-table(lemon,white-table)": 0.08733349165413529,
    "on-table(green-bottle,wood-table)": 0.172033847879599,
    "on-table(green-bottle,black-table)": 0.00787063349368585,
    "on-table(green-bottle,white-table)": 0.8422224639604489,
    "on-table(loaf-of-bread,wood-table)": 0.6535526264148454,
    "on-table(loaf-of-bread,black-table)": 0.11959408961107935,
    "on-table(loaf-of-bread,white-table)": 0.08030615675003598,
    "on-table(red-box-of-cereal,wood-table)": 0.08384033033750408,
    "on-table(red-box-of-cereal,black-table)": 0.03281501461060543,
    "on-table(red-box-of-cereal,white-table)": 0.7307648174464703,
    "on-table(red-can-of-soda,wood-table)": 0.17938941890800683,
    "on-table(red-can-of-soda,black-table)": 0.013160865531062882,
    "on-table(red-can-of-soda,white-table)": 0.9199011623859406,
    "robot-gripper-empty()": 0.8312630653381348,
    "robot-gripping(milk-carton)": 0.2602821222196023,
    "robot-gripping(lemon)": 0.30935012611250085,
    "robot-gripping(green-bottle)": 0.04717357433401048,
    "robot-gripping(loaf-of-bread)": 0.1826084302738309,
    "robot-gripping(red-box-of-cereal)": 0.10482564972092707,
    "robot-gripping(red-can-of-soda)": 0.21457522874698043
}