{
    "on-table(milk-carton,wood-table)": 0.6983636717001597,
    "on-table(milk-carton,black-table)": 0.045634173169673886,
    "on-table(milk-carton,white-table)": 0.09249736360410073,
    "on-table(lemon,wood-table)": 0.033546800104280315,
    "on-table(lemon,black-table)": 0.1131032233897713,
    "on-table(lemon,white-table)": 0.05788553198605465,
    "on-table(green-bottle,wood-table)": 0.1682044979534112,
    "on-table(green-bottle,black-table)": 0.16875950330571263,
    "on-table(green-bottle,white-table)": 0.001347185848620332,
    "on-table(loaf-of-bread,wood-table)": 0.6505581379557649,
    "on-table(loaf-of-bread,black-table)": 0.08793254072467487,
    "on-table(loaf-of-bread,white-table)": 0.16782231495744782,
    "on-table(red-box-of-cereal,wood-table)": 0.8337696134112775,
    "on-table(red-box-of-cereal,black-table)": 0.1655215360190141,
    "on-table(red-box-of-cereal,white-table)": 0.005517273477986843,
    "on-table(red-can-of-soda,wood-table)": 0.641180039383471,
    "on-table(red-can-of-soda,black-table)": 0.16936595322052503,
    "on-table(red-can-of-soda,white-table)": 0.0037678940752812196,
    "robot-gripper-empty()": 0.3950895046000369,
    "robot-gripping(milk-carton)": 0.27969945097963017,
    "robot-gripping(lemon)": 0.5725481305271387,
    "robot-gripping(green-bottle)": 0.7479822138945261,
    "robot-gripping(loaf-of-bread)": 0.07184923021122813,
    "robot-gripping(red-box-of-cereal)": 0.043157242267625406,
    "robot-gripping(red-can-of-soda)": 0.11815324602260564
}