{
    "on-table(milk-carton,wood-table)": 0.6967492612699667,
    "on-table(milk-carton,black-table)": 0.23989175546315286,
    "on-table(milk-carton,white-table)": 0.31595572507649194,
    "on-table(lemon,wood-table)": 0.208442747942172,
    "on-table(lemon,black-table)": 0.011127624274801443,
    "on-table(lemon,white-table)": 0.8551826154192289,
    "on-table(green-bottle,wood-table)": 0.014430545192832748,
    "on-table(green-bottle,black-table)": 0.014835649218487864,
    "on-table(green-bottle,white-table)": 0.007215470332691136,
    "on-table(loaf-of-bread,wood-table)": 0.1910931885552903,
    "on-table(loaf-of-bread,black-table)": 0.6859042389939228,
    "on-table(loaf-of-bread,white-table)": 0.02853125656353465,
    "on-table(red-box-of-cereal,wood-table)": 0.1704448237263326,
    "on-table(red-box-of-cereal,black-table)": 0.6904031752298275,
    "on-table(red-box-of-cereal,white-table)": 0.23612233983294573,
    "on-table(red-can-of-soda,wood-table)": 0.16774305193757755,
    "on-table(red-can-of-soda,black-table)": 0.023434777260376904,
    "on-table(red-can-of-soda,white-table)": 0.8342302043456584,
    "robot-gripper-empty()": 0.8820538371801376,
    "robot-gripping(milk-carton)": 0.18920716984818378,
    "robot-gripping(lemon)": 0.053770698218916856,
    "robot-gripping(green-bottle)": 0.036321679285417,
    "robot-gripping(loaf-of-bread)": 0.06822419197609027,
    "robot-gripping(red-box-of-cereal)": 0.03337594851230582,
    "robot-gripping(red-can-of-soda)": 0.07095486123580486
}