{
    "on-table(milk-carton,wood-table)": 0.12487640138715506,
    "on-table(milk-carton,black-table)": 0.10048188370031615,
    "on-table(milk-carton,white-table)": 0.3921633904877429,
    "on-table(lemon,wood-table)": 0.24305678411231688,
    "on-table(lemon,black-table)": 0.034112170800805565,
    "on-table(lemon,white-table)": 0.9065954834222794,
    "on-table(green-bottle,wood-table)": 0.034113671668213406,
    "on-table(green-bottle,black-table)": 0.044661872822871374,
    "on-table(green-bottle,white-table)": 0.0445046469837204,
    "on-table(loaf-of-bread,wood-table)": 0.29416195179025334,
    "on-table(loaf-of-bread,black-table)": 0.043057207425590605,
    "on-table(loaf-of-bread,white-table)": 0.19900866869526604,
    "on-table(red-box-of-cereal,wood-table)": 0.013677754633439084,
    "on-table(red-box-of-cereal,black-table)": 0.06586367360432632,
    "on-table(red-box-of-cereal,white-table)": 0.013462152812280692,
    "on-table(red-can-of-soda,wood-table)": 0.11630955885630101,
    "on-table(red-can-of-soda,black-table)": 0.21365480784637234,
    "on-table(red-can-of-soda,white-table)": 0.03889479265005017,
    "robot-gripper-empty()": 0.8097648074229559,
    "robot-gripping(milk-carton)": 0.23361782977978388,
    "robot-gripping(lemon)": 0.08821448823437095,
    "robot-gripping(green-bottle)": 0.045047600753605366,
    "robot-gripping(loaf-of-bread)": 0.09030752815306187,
    "robot-gripping(red-box-of-cereal)": 0.14279357406000295,
    "robot-gripping(red-can-of-soda)": 0.5502458103001118
}