{
    "on-table(milk-carton,wood-table)": 0.45148753995696705,
    "on-table(milk-carton,black-table)": 0.06297739176079631,
    "on-table(milk-carton,white-table)": 0.557822473347187,
    "on-table(lemon,wood-table)": 0.10547858290374279,
    "on-table(lemon,black-table)": 0.20278330967509342,
    "on-table(lemon,white-table)": 0.014628348406404257,
    "on-table(green-bottle,wood-table)": 0.16802789439680055,
    "on-table(green-bottle,black-table)": 0.8328139264679825,
    "on-table(green-bottle,white-table)": 0.01031854603896439,
    "on-table(loaf-of-bread,wood-table)": 0.4733912429461877,
    "on-table(loaf-of-bread,black-table)": 0.02080031238438096,
    "on-table(loaf-of-bread,white-table)": 0.21582050800013045,
    "on-table(red-box-of-cereal,wood-table)": 0.07284336418282085,
    "on-table(red-box-of-cereal,black-table)": 0.0013042232142955374,
    "on-table(red-box-of-cereal,white-table)": 0.8053409390461942,
    "on-table(red-can-of-soda,wood-table)": 0.17936154217265235,
    "on-table(red-can-of-soda,black-table)": 0.0001443132123313262,
    "on-table(red-can-of-soda,white-table)": 0.8300776686616397,
    "robot-gripper-empty()": 0.815478892220805,
    "robot-gripping(milk-carton)": 0.12250945375611384,
    "robot-gripping(lemon)": 0.050781772627184786,
    "robot-gripping(green-bottle)": 0.17299505205786167,
    "robot-gripping(loaf-of-bread)": 0.08506026615699132,
    "robot-gripping(red-box-of-cereal)": 0.050928843925551824,
    "robot-gripping(red-can-of-soda)": 0.08906628616387025
}