{
    "on-table(milk-carton,wood-table)": 0.4005960300564766,
    "on-table(milk-carton,black-table)": 0.6111062075045387,
    "on-table(milk-carton,white-table)": 0.10543016325876427,
    "on-table(lemon,wood-table)": 0.27499885093493504,
    "on-table(lemon,black-table)": 0.9967328707377116,
    "on-table(lemon,white-table)": 0.0003883018338418272,
    "on-table(green-bottle,wood-table)": 0.3281192774702504,
    "on-table(green-bottle,black-table)": 0.99571626385053,
    "on-table(green-bottle,white-table)": 0.0006348724592347329,
    "on-table(loaf-of-bread,wood-table)": 0.30263668578118086,
    "on-table(loaf-of-bread,black-table)": 0.3544885863860448,
    "on-table(loaf-of-bread,white-table)": 0.07006480218842626,
    "on-table(red-box-of-cereal,wood-table)": 0.14559726556763053,
    "on-table(red-box-of-cereal,black-table)": 0.6455146335453416,
    "on-table(red-box-of-cereal,white-table)": 0.3817848812759621,
    "on-table(red-can-of-soda,wood-table)": 0.12619587089163056,
    "on-table(red-can-of-soda,black-table)": 0.16595162431667632,
    "on-table(red-can-of-soda,white-table)": 0.8337649023936441,
    "robot-gripper-empty()": 0.7450838126242161,
    "robot-gripping(milk-carton)": 0.37692683562636375,
    "robot-gripping(lemon)": 0.0626183442460994,
    "robot-gripping(green-bottle)": 0.20513468701392412,
    "robot-gripping(loaf-of-bread)": 0.23538137351473173,
    "robot-gripping(red-box-of-cereal)": 0.18460008750359216,
    "robot-gripping(red-can-of-soda)": 0.17237687452385822
}