{
    "on-table(milk-carton,wood-table)": 0.5739085922638575,
    "on-table(milk-carton,black-table)": 0.09185626955604675,
    "on-table(milk-carton,white-table)": 0.04787670399946364,
    "on-table(lemon,wood-table)": 0.27421356906415895,
    "on-table(lemon,black-table)": 0.004302321462697971,
    "on-table(lemon,white-table)": 0.9841716388861338,
    "on-table(green-bottle,wood-table)": 0.0011483662856335286,
    "on-table(green-bottle,black-table)": 0.0024679914355753376,
    "on-table(green-bottle,white-table)": 0.06955082321686253,
    "on-table(loaf-of-bread,wood-table)": 0.14261143111313382,
    "on-table(loaf-of-bread,black-table)": 0.15864597649003068,
    "on-table(loaf-of-bread,white-table)": 0.024339997554003883,
    "on-table(red-box-of-cereal,wood-table)": 0.6456132291738564,
    "on-table(red-box-of-cereal,black-table)": 0.11780931485069839,
    "on-table(red-box-of-cereal,white-table)": 0.005950290355637359,
    "on-table(red-can-of-soda,wood-table)": 0.833085262963626,
    "on-table(red-can-of-soda,black-table)": 0.16709506726537407,
    "on-table(red-can-of-soda,white-table)": 0.05876971692691768,
    "robot-gripper-empty()": 0.8762687792380651,
    "robot-gripping(milk-carton)": 0.2115168341745933,
    "robot-gripping(lemon)": 0.06816823400246601,
    "robot-gripping(green-bottle)": 0.030719116834613185,
    "robot-gripping(loaf-of-bread)": 0.13323961617425084,
    "robot-gripping(red-box-of-cereal)": 0.15390275358610475,
    "robot-gripping(red-can-of-soda)": 0.2114214597774359
}