{
    "on-table(milk-carton,wood-table)": 0.8879267970720927,
    "on-table(milk-carton,black-table)": 0.26640276551855396,
    "on-table(milk-carton,white-table)": 0.25705495030433667,
    "on-table(lemon,wood-table)": 0.17173932897276245,
    "on-table(lemon,black-table)": 0.14980975720527567,
    "on-table(lemon,white-table)": 0.8453413918614388,
    "on-table(green-bottle,wood-table)": 0.16988943609127696,
    "on-table(green-bottle,black-table)": 0.8369575524702668,
    "on-table(green-bottle,white-table)": 0.07281714472098126,
    "on-table(loaf-of-bread,wood-table)": 0.15782366693019867,
    "on-table(loaf-of-bread,black-table)": 0.04408624872545867,
    "on-table(loaf-of-bread,white-table)": 0.07084114010406968,
    "on-table(red-box-of-cereal,wood-table)": 0.9970114231109619,
    "on-table(red-box-of-cereal,black-table)": 0.17084412711271094,
    "on-table(red-box-of-cereal,white-table)": 0.16830253710001367,
    "on-table(red-can-of-soda,wood-table)": 0.404929912086421,
    "on-table(red-can-of-soda,black-table)": 0.0020026366528327344,
    "on-table(red-can-of-soda,white-table)": 0.8364492813125253,
    "robot-gripper-empty()": 0.7010401089986166,
    "robot-gripping(milk-carton)": 0.3908076776812474,
    "robot-gripping(lemon)": 0.0676333246131738,
    "robot-gripping(green-bottle)": 0.25328611427297193,
    "robot-gripping(loaf-of-bread)": 0.25309512081245583,
    "robot-gripping(red-box-of-cereal)": 0.20539823671181998,
    "robot-gripping(red-can-of-soda)": 0.20771711754302183
}