{
    "on-table(milk-carton,wood-table)": 0.5055633373558521,
    "on-table(milk-carton,black-table)": 0.15132244121438512,
    "on-table(milk-carton,white-table)": 0.747901069621245,
    "on-table(lemon,wood-table)": 0.033364209362237794,
    "on-table(lemon,black-table)": 0.005308170013904601,
    "on-table(lemon,white-table)": 0.13121816083457816,
    "on-table(green-bottle,wood-table)": 0.009139549297591051,
    "on-table(green-bottle,black-table)": 0.0010404016078003526,
    "on-table(green-bottle,white-table)": 0.1742302700813525,
    "on-table(loaf-of-bread,wood-table)": 0.6784177042039422,
    "on-table(loaf-of-bread,black-table)": 0.4132789764165257,
    "on-table(loaf-of-bread,white-table)": 0.15368894351801524,
    "on-table(red-box-of-cereal,wood-table)": 0.5037203865746657,
    "on-table(red-box-of-cereal,black-table)": 0.9886537790298462,
    "on-table(red-box-of-cereal,white-table)": 0.029723444565509755,
    "on-table(red-can-of-soda,wood-table)": 0.9953770438830057,
    "on-table(red-can-of-soda,black-table)": 0.3346234916910665,
    "on-table(red-can-of-soda,white-table)": 0.0015413201214566168,
    "robot-gripper-empty()": 0.8940415034691492,
    "robot-gripping(milk-carton)": 0.17502408754080534,
    "robot-gripping(lemon)": 0.06817943509668112,
    "robot-gripping(green-bottle)": 0.09262083781262238,
    "robot-gripping(loaf-of-bread)": 0.13523612450808287,
    "robot-gripping(red-box-of-cereal)": 0.12029377114959061,
    "robot-gripping(red-can-of-soda)": 0.194314245833084
}