{
    "on-table(milk-carton,wood-table)": 0.19814533232905282,
    "on-table(milk-carton,black-table)": 0.1541049642425302,
    "on-table(milk-carton,white-table)": 0.8625053564707438,
    "on-table(lemon,wood-table)": 0.24604424461722374,
    "on-table(lemon,black-table)": 0.2303594258701196,
    "on-table(lemon,white-table)": 0.17991633771453053,
    "on-table(green-bottle,wood-table)": 0.1685789788098191,
    "on-table(green-bottle,black-table)": 0.8336236580119779,
    "on-table(green-bottle,white-table)": 0.0777626335329084,
    "on-table(loaf-of-bread,wood-table)": 0.3608892848715186,
    "on-table(loaf-of-bread,black-table)": 0.028974030826551218,
    "on-table(loaf-of-bread,white-table)": 0.5552661021550497,
    "on-table(red-box-of-cereal,wood-table)": 0.0789285494053426,
    "on-table(red-box-of-cereal,black-table)": 0.6704541984169433,
    "on-table(red-box-of-cereal,white-table)": 0.05927379438677841,
    "on-table(red-can-of-soda,wood-table)": 0.1712806664436357,
    "on-table(red-can-of-soda,black-table)": 0.8265672223642468,
    "on-table(red-can-of-soda,white-table)": 0.02461428150309075,
    "robot-gripper-empty()": 0.9165114363034567,
    "robot-gripping(milk-carton)": 0.223145351667578,
    "robot-gripping(lemon)": 0.0607543820515275,
    "robot-gripping(green-bottle)": 0.15231015323661268,
    "robot-gripping(loaf-of-bread)": 0.17900593299418688,
    "robot-gripping(red-box-of-cereal)": 0.13505497264365354,
    "robot-gripping(red-can-of-soda)": 0.15061342421298227
}