{
    "on-table(milk-carton,wood-table)": 0.8492767264445623,
    "on-table(milk-carton,black-table)": 0.08567052279007233,
    "on-table(milk-carton,white-table)": 0.10055295398463689,
    "on-table(lemon,wood-table)": 0.18286295740351002,
    "on-table(lemon,black-table)": 0.008705026688176076,
    "on-table(lemon,white-table)": 0.8541034534573555,
    "on-table(green-bottle,wood-table)": 0.170887613411954,
    "on-table(green-bottle,black-table)": 0.0008360335221671752,
    "on-table(green-bottle,white-table)": 0.7993491378923258,
    "on-table(loaf-of-bread,wood-table)": 0.33633541779515025,
    "on-table(loaf-of-bread,black-table)": 0.03417212473383794,
    "on-table(loaf-of-bread,white-table)": 0.0681957268776993,
    "on-table(red-box-of-cereal,wood-table)": 0.8329282791043321,
    "on-table(red-box-of-cereal,black-table)": 0.1572618218418332,
    "on-table(red-box-of-cereal,white-table)": 0.006129445435514451,
    "on-table(red-can-of-soda,wood-table)": 0.8335985447435329,
    "on-table(red-can-of-soda,black-table)": 0.16692973576463524,
    "on-table(red-can-of-soda,white-table)": 0.0016624720412892202,
    "robot-gripper-empty()": 0.9648133814334869,
    "robot-gripping(milk-carton)": 0.27227485304077464,
    "robot-gripping(lemon)": 0.03948297522341212,
    "robot-gripping(green-bottle)": 0.03632166384098431,
    "robot-gripping(loaf-of-bread)": 0.07411479391157627,
    "robot-gripping(red-box-of-cereal)": 0.04080397946139177,
    "robot-gripping(red-can-of-soda)": 0.07694646576419473
}