{
    "on-table(milk-carton,wood-table)": 0.7391935052971045,
    "on-table(milk-carton,black-table)": 0.3111136232255376,
    "on-table(milk-carton,white-table)": 0.11894860126388569,
    "on-table(lemon,wood-table)": 0.3162993364967406,
    "on-table(lemon,black-table)": 0.8560541719198227,
    "on-table(lemon,white-table)": 0.0019215243676171667,
    "on-table(green-bottle,wood-table)": 0.334018325547125,
    "on-table(green-bottle,black-table)": 0.9774662554264069,
    "on-table(green-bottle,white-table)": 0.003039031525683337,
    "on-table(loaf-of-bread,wood-table)": 0.20579007671525082,
    "on-table(loaf-of-bread,black-table)": 0.6282700455437104,
    "on-table(loaf-of-bread,white-table)": 0.09956018133865048,
    "on-table(red-box-of-cereal,wood-table)": 0.12340113165555522,
    "on-table(red-box-of-cereal,black-table)": 0.00270444727721042,
    "on-table(red-box-of-cereal,white-table)": 0.8325915684302648,
    "on-table(red-can-of-soda,wood-table)": 0.059866364139452344,
    "on-table(red-can-of-soda,black-table)": 0.005068922048243015,
    "on-table(red-can-of-soda,white-table)": 0.9538332720597585,
    "robot-gripper-empty()": 0.890994518995285,
    "robot-gripping(milk-carton)": 0.21891143172979355,
    "robot-gripping(lemon)": 0.05644282791763544,
    "robot-gripping(green-bottle)": 0.10146421419146161,
    "robot-gripping(loaf-of-bread)": 0.13456123881042004,
    "robot-gripping(red-box-of-cereal)": 0.05415785495036592,
    "robot-gripping(red-can-of-soda)": 0.13017958406514177
}