{
    "on-table(milk-carton,wood-table)": 0.16834662893476585,
    "on-table(milk-carton,black-table)": 0.8392820705970129,
    "on-table(milk-carton,white-table)": 0.12502325243864712,
    "on-table(lemon,wood-table)": 0.20585690148679228,
    "on-table(lemon,black-table)": 0.9717652201652527,
    "on-table(lemon,white-table)": 0.031416018069649,
    "on-table(green-bottle,wood-table)": 0.1769429014141982,
    "on-table(green-bottle,black-table)": 0.9963356852531433,
    "on-table(green-bottle,white-table)": 0.008815218646304857,
    "on-table(loaf-of-bread,wood-table)": 0.49910580056409043,
    "on-table(loaf-of-bread,black-table)": 0.33497745217755437,
    "on-table(loaf-of-bread,white-table)": 0.21861240236709514,
    "on-table(red-box-of-cereal,wood-table)": 0.19576127120914558,
    "on-table(red-box-of-cereal,black-table)": 0.31299546485145885,
    "on-table(red-box-of-cereal,white-table)": 0.05159527255455032,
    "on-table(red-can-of-soda,wood-table)": 0.02209907369494128,
    "on-table(red-can-of-soda,black-table)": 0.8377845883369446,
    "on-table(red-can-of-soda,white-table)": 0.007728998134552967,
    "robot-gripper-empty()": 0.5985353686264716,
    "robot-gripping(milk-carton)": 0.46653219188253087,
    "robot-gripping(lemon)": 0.1149767463405927,
    "robot-gripping(green-bottle)": 0.0776803061986963,
    "robot-gripping(loaf-of-bread)": 0.31082924641668797,
    "robot-gripping(red-box-of-cereal)": 0.5854597212746739,
    "robot-gripping(red-can-of-soda)": 0.5842917387684187
}