{
    "on-table(milk-carton,wood-table)": 0.08515844283586678,
    "on-table(milk-carton,black-table)": 0.6615115304787954,
    "on-table(milk-carton,white-table)": 0.18375809837501342,
    "on-table(lemon,wood-table)": 0.8857753723859787,
    "on-table(lemon,black-table)": 0.3066257318327909,
    "on-table(lemon,white-table)": 0.07643454559547536,
    "on-table(green-bottle,wood-table)": 0.15042818577057915,
    "on-table(green-bottle,black-table)": 0.9318031370639801,
    "on-table(green-bottle,white-table)": 0.0017481615409451479,
    "on-table(loaf-of-bread,wood-table)": 0.10594388330355287,
    "on-table(loaf-of-bread,black-table)": 0.14651817991398275,
    "on-table(loaf-of-bread,white-table)": 0.43013186655783403,
    "on-table(red-box-of-cereal,wood-table)": 0.15353544865502045,
    "on-table(red-box-of-cereal,black-table)": 0.021329628963333864,
    "on-table(red-box-of-cereal,white-table)": 0.8159225401468575,
    "on-table(red-can-of-soda,wood-table)": 0.9521276950836182,
    "on-table(red-can-of-soda,black-table)": 0.1231910961187926,
    "on-table(red-can-of-soda,white-table)": 0.26431338725979003,
    "robot-gripper-empty()": 0.8825548787911733,
    "robot-gripping(milk-carton)": 0.1312442390869061,
    "robot-gripping(lemon)": 0.07742175890598446,
    "robot-gripping(green-bottle)": 0.10518307752984886,
    "robot-gripping(loaf-of-bread)": 0.09530394819254677,
    "robot-gripping(red-box-of-cereal)": 0.08738262299448252,
    "robot-gripping(red-can-of-soda)": 0.22620591707527637
}