{
    "on-table(milk-carton,wood-table)": 0.8144944434364637,
    "on-table(milk-carton,black-table)": 0.13429983199724424,
    "on-table(milk-carton,white-table)": 0.11459267607763952,
    "on-table(lemon,wood-table)": 0.22170428646495566,
    "on-table(lemon,black-table)": 0.97374760111173,
    "on-table(lemon,white-table)": 0.0008578352057308317,
    "on-table(green-bottle,wood-table)": 0.33283077457235777,
    "on-table(green-bottle,black-table)": 0.9947215418020884,
    "on-table(green-bottle,white-table)": 0.023178167188992422,
    "on-table(loaf-of-bread,wood-table)": 0.6135675273835659,
    "on-table(loaf-of-bread,black-table)": 0.13772857853715928,
    "on-table(loaf-of-bread,white-table)": 0.0438862859106545,
    "on-table(red-box-of-cereal,wood-table)": 0.6552160537491242,
    "on-table(red-box-of-cereal,black-table)": 0.03593148725485662,
    "on-table(red-box-of-cereal,white-table)": 0.22758327163258704,
    "on-table(red-can-of-soda,wood-table)": 0.3743978243768045,
    "on-table(red-can-of-soda,black-table)": 0.0037558776366495294,
    "on-table(red-can-of-soda,white-table)": 0.8338034475455061,
    "robot-gripper-empty()": 0.9372064272562662,
    "robot-gripping(milk-carton)": 0.1348752494280537,
    "robot-gripping(lemon)": 0.03963198078175386,
    "robot-gripping(green-bottle)": 0.15608613227959722,
    "robot-gripping(loaf-of-bread)": 0.045390794053673744,
    "robot-gripping(red-box-of-cereal)": 0.014357469432676831,
    "robot-gripping(red-can-of-soda)": 0.02390917456553628
}