{
    "on-table(milk-carton,wood-table)": 0.23055613475541273,
    "on-table(milk-carton,black-table)": 0.8059981862703959,
    "on-table(milk-carton,white-table)": 0.0348372186611717,
    "on-table(lemon,wood-table)": 0.07376816052904663,
    "on-table(lemon,black-table)": 0.8244658053736202,
    "on-table(lemon,white-table)": 0.005466416358937447,
    "on-table(green-bottle,wood-table)": 0.012267994243302383,
    "on-table(green-bottle,black-table)": 0.06919106492811504,
    "on-table(green-bottle,white-table)": 0.0018671371738795035,
    "on-table(loaf-of-bread,wood-table)": 0.26364949489167583,
    "on-table(loaf-of-bread,black-table)": 0.14008533071319107,
    "on-table(loaf-of-bread,white-table)": 0.22506294399499893,
    "on-table(red-box-of-cereal,wood-table)": 0.9723421434561411,
    "on-table(red-box-of-cereal,black-table)": 0.36662257047282765,
    "on-table(red-box-of-cereal,white-table)": 0.03315956146313207,
    "on-table(red-can-of-soda,wood-table)": 0.7875869671503702,
    "on-table(red-can-of-soda,black-table)": 0.6266822225103775,
    "on-table(red-can-of-soda,white-table)": 0.022442885696970432,
    "robot-gripper-empty()": 0.9590423405170441,
    "robot-gripping(milk-carton)": 0.1318227145820856,
    "robot-gripping(lemon)": 0.025268459459766746,
    "robot-gripping(green-bottle)": 0.020675932542265702,
    "robot-gripping(loaf-of-bread)": 0.11517189939816792,
    "robot-gripping(red-box-of-cereal)": 0.17291415001576146,
    "robot-gripping(red-can-of-soda)": 0.20686650710801283
}