{
    "on-table(milk-carton,wood-table)": 0.08722631113293271,
    "on-table(milk-carton,black-table)": 0.7991093154996634,
    "on-table(milk-carton,white-table)": 0.13550915221276227,
    "on-table(lemon,wood-table)": 0.0006144367584965948,
    "on-table(lemon,black-table)": 0.00039443773008921806,
    "on-table(lemon,white-table)": 0.0014534859122553219,
    "on-table(green-bottle,wood-table)": 0.16797417445923202,
    "on-table(green-bottle,black-table)": 0.16945239581824958,
    "on-table(green-bottle,white-table)": 0.0009069016098995538,
    "on-table(loaf-of-bread,wood-table)": 0.1995266345135557,
    "on-table(loaf-of-bread,black-table)": 0.20591155113652349,
    "on-table(loaf-of-bread,white-table)": 0.5111807534849504,
    "on-table(red-box-of-cereal,wood-table)": 0.6988261681205282,
    "on-table(red-box-of-cereal,black-table)": 0.7607351865929862,
    "on-table(red-box-of-cereal,white-table)": 0.00244411990812902,
    "on-table(red-can-of-soda,wood-table)": 0.893180047472318,
    "on-table(red-can-of-soda,black-table)": 0.3679584052379141,
    "on-table(red-can-of-soda,white-table)": 0.00046301915169048397,
    "robot-gripper-empty()": 0.5763393978704698,
    "robot-gripping(milk-carton)": 0.248663280159235,
    "robot-gripping(lemon)": 0.06083877437049523,
    "robot-gripping(green-bottle)": 0.7233278818118075,
    "robot-gripping(loaf-of-bread)": 0.08098239311948419,
    "robot-gripping(red-box-of-cereal)": 0.07068821547242503,
    "robot-gripping(red-can-of-soda)": 0.2180322715624546
}