{
    "on-table(milk-carton,wood-table)": 0.2888864434013764,
    "on-table(milk-carton,black-table)": 0.17095426935702562,
    "on-table(milk-carton,white-table)": 0.3748794735098879,
    "on-table(lemon,wood-table)": 0.13204465701710433,
    "on-table(lemon,black-table)": 0.7599994751314322,
    "on-table(lemon,white-table)": 0.025730551920181217,
    "on-table(green-bottle,wood-table)": 0.3291301690042019,
    "on-table(green-bottle,black-table)": 0.038686569508475564,
    "on-table(green-bottle,white-table)": 0.059138038758343704,
    "on-table(loaf-of-bread,wood-table)": 0.3482013555864493,
    "on-table(loaf-of-bread,black-table)": 0.12818824170002094,
    "on-table(loaf-of-bread,white-table)": 0.3975172396749258,
    "on-table(red-box-of-cereal,wood-table)": 0.10722446666720013,
    "on-table(red-box-of-cereal,black-table)": 0.25132387404543505,
    "on-table(red-box-of-cereal,white-table)": 0.00808669422500922,
    "on-table(red-can-of-soda,wood-table)": 0.19246857136992426,
    "on-table(red-can-of-soda,black-table)": 0.6726140809866289,
    "on-table(red-can-of-soda,white-table)": 0.008927988679412616,
    "robot-gripper-empty()": 0.6384453251957893,
    "robot-gripping(milk-carton)": 0.510710266729196,
    "robot-gripping(lemon)": 0.09832544935246308,
    "robot-gripping(green-bottle)": 0.141498152166605,
    "robot-gripping(loaf-of-bread)": 0.24470849459369978,
    "robot-gripping(red-box-of-cereal)": 0.1654199610153834,
    "robot-gripping(red-can-of-soda)": 0.27602233178913593
}