{
    "on-table(milk-carton,wood-table)": 0.5107859745621681,
    "on-table(milk-carton,black-table)": 0.05358894698535247,
    "on-table(milk-carton,white-table)": 0.2988618515810231,
    "on-table(lemon,wood-table)": 0.16334063150376701,
    "on-table(lemon,black-table)": 0.018196508327150696,
    "on-table(lemon,white-table)": 0.9995900193850199,
    "on-table(green-bottle,wood-table)": 0.165632410376323,
    "on-table(green-bottle,black-table)": 0.8332924342248589,
    "on-table(green-bottle,white-table)": 0.0008034701825560356,
    "on-table(loaf-of-bread,wood-table)": 0.1686732878345841,
    "on-table(loaf-of-bread,black-table)": 0.0036666623382188845,
    "on-table(loaf-of-bread,white-table)": 0.5800486154233416,
    "on-table(red-box-of-cereal,wood-table)": 0.835841159025828,
    "on-table(red-box-of-cereal,black-table)": 0.0967984109762862,
    "on-table(red-box-of-cereal,white-table)": 0.17085465182435655,
    "on-table(red-can-of-soda,wood-table)": 0.5290083303746845,
    "on-table(red-can-of-soda,black-table)": 0.9150191694498062,
    "on-table(red-can-of-soda,white-table)": 0.16881410612162048,
    "robot-gripper-empty()": 0.9816990395387014,
    "robot-gripping(milk-carton)": 0.24097147087256113,
    "robot-gripping(lemon)": 0.036639075144194067,
    "robot-gripping(green-bottle)": 0.044288942338122674,
    "robot-gripping(loaf-of-bread)": 0.07719973226388295,
    "robot-gripping(red-box-of-cereal)": 0.033556998668548964,
    "robot-gripping(red-can-of-soda)": 0.06064547769104441
}