{
    "on-table(milk-carton,wood-table)": 0.16979394162384173,
    "on-table(milk-carton,black-table)": 0.5036014589325836,
    "on-table(milk-carton,white-table)": 0.21662478253711015,
    "on-table(lemon,wood-table)": 0.246517606836278,
    "on-table(lemon,black-table)": 0.3177693726720463,
    "on-table(lemon,white-table)": 0.0035351101384245944,
    "on-table(green-bottle,wood-table)": 0.9802646140257517,
    "on-table(green-bottle,black-table)": 0.33302139530426683,
    "on-table(green-bottle,white-table)": 0.0005308233575457658,
    "on-table(loaf-of-bread,wood-table)": 0.13741199827442566,
    "on-table(loaf-of-bread,black-table)": 0.7714928992791101,
    "on-table(loaf-of-bread,white-table)": 0.009763981591580281,
    "on-table(red-box-of-cereal,wood-table)": 0.13839628134155646,
    "on-table(red-box-of-cereal,black-table)": 0.1867166564722235,
    "on-table(red-box-of-cereal,white-table)": 0.485732042347081,
    "on-table(red-can-of-soda,wood-table)": 0.1672786501245961,
    "on-table(red-can-of-soda,black-table)": 0.0008468066878322134,
    "on-table(red-can-of-soda,white-table)": 0.9718469778696696,
    "robot-gripper-empty()": 0.5196483886490265,
    "robot-gripping(milk-carton)": 0.5216483219216267,
    "robot-gripping(lemon)": 0.03619964731236299,
    "robot-gripping(green-bottle)": 0.039836881565861404,
    "robot-gripping(loaf-of-bread)": 0.24671853799372911,
    "robot-gripping(red-box-of-cereal)": 0.6046314866592487,
    "robot-gripping(red-can-of-soda)": 0.3901285345976551
}