{
    "on-table(milk-carton,wood-table)": 0.36083180459293845,
    "on-table(milk-carton,black-table)": 0.1960487513182064,
    "on-table(milk-carton,white-table)": 0.24756914532432953,
    "on-table(lemon,wood-table)": 0.14879616188894337,
    "on-table(lemon,black-table)": 0.8097458812408149,
    "on-table(lemon,white-table)": 0.006894716059074805,
    "on-table(green-bottle,wood-table)": 0.15794273091402525,
    "on-table(green-bottle,black-table)": 0.7758253267966211,
    "on-table(green-bottle,white-table)": 0.007767568858677502,
    "on-table(loaf-of-bread,wood-table)": 0.393879819350938,
    "on-table(loaf-of-bread,black-table)": 0.09425317582402688,
    "on-table(loaf-of-bread,white-table)": 0.2198421744784961,
    "on-table(red-box-of-cereal,wood-table)": 0.33328919269843027,
    "on-table(red-box-of-cereal,black-table)": 0.11394262132428896,
    "on-table(red-box-of-cereal,white-table)": 0.49701500311493874,
    "on-table(red-can-of-soda,wood-table)": 0.20320913959585596,
    "on-table(red-can-of-soda,black-table)": 0.019998064439960217,
    "on-table(red-can-of-soda,white-table)": 0.9373421370983124,
    "robot-gripper-empty()": 0.4059791329006354,
    "robot-gripping(milk-carton)": 0.6862015649676323,
    "robot-gripping(lemon)": 0.15819482412189245,
    "robot-gripping(green-bottle)": 0.17909195468140146,
    "robot-gripping(loaf-of-bread)": 0.3917614786575238,
    "robot-gripping(red-box-of-cereal)": 0.6769308156023423,
    "robot-gripping(red-can-of-soda)": 0.5926862309376398
}