{
    "on-table(milk-carton,wood-table)": 0.8481742963194847,
    "on-table(milk-carton,black-table)": 0.44058240212386107,
    "on-table(milk-carton,white-table)": 0.1760602470064138,
    "on-table(lemon,wood-table)": 0.1610635653293381,
    "on-table(lemon,black-table)": 0.4867865314930289,
    "on-table(lemon,white-table)": 0.1331187979091434,
    "on-table(green-bottle,wood-table)": 0.18876846676964001,
    "on-table(green-bottle,black-table)": 0.08741884780427729,
    "on-table(green-bottle,white-table)": 0.20852702871070505,
    "on-table(loaf-of-bread,wood-table)": 0.3774376828223467,
    "on-table(loaf-of-bread,black-table)": 0.8085413426160812,
    "on-table(loaf-of-bread,white-table)": 0.17885294347070158,
    "on-table(red-box-of-cereal,wood-table)": 0.8223020459214846,
    "on-table(red-box-of-cereal,black-table)": 0.47844682668316335,
    "on-table(red-box-of-cereal,white-table)": 0.14751819349233605,
    "on-table(red-can-of-soda,wood-table)": 0.9967948397000631,
    "on-table(red-can-of-soda,black-table)": 0.33178853006828984,
    "on-table(red-can-of-soda,white-table)": 0.1022147069024868,
    "robot-gripper-empty()": 0.8994506994883219,
    "robot-gripping(milk-carton)": 0.21499196315805116,
    "robot-gripping(lemon)": 0.08831352492173512,
    "robot-gripping(green-bottle)": 0.12533422218014798,
    "robot-gripping(loaf-of-bread)": 0.12571460815767446,
    "robot-gripping(red-box-of-cereal)": 0.11936071515083313,
    "robot-gripping(red-can-of-soda)": 0.21163851224506894
}