{
    "on-table(milk-carton,wood-table)": 0.22037573469181856,
    "on-table(milk-carton,black-table)": 0.04400448485588034,
    "on-table(milk-carton,white-table)": 0.17242260867108902,
    "on-table(lemon,wood-table)": 0.15863926817352572,
    "on-table(lemon,black-table)": 0.8325991937502598,
    "on-table(lemon,white-table)": 0.008977365487226052,
    "on-table(green-bottle,wood-table)": 0.0007368193788958403,
    "on-table(green-bottle,black-table)": 0.0015200152750670288,
    "on-table(green-bottle,white-table)": 0.03402752131963401,
    "on-table(loaf-of-bread,wood-table)": 0.385580184791858,
    "on-table(loaf-of-bread,black-table)": 0.031108534545637667,
    "on-table(loaf-of-bread,white-table)": 0.15679897295194678,
    "on-table(red-box-of-cereal,wood-table)": 0.02368100477421346,
    "on-table(red-box-of-cereal,black-table)": 0.011347779562735619,
    "on-table(red-box-of-cereal,white-table)": 0.01989208205001584,
    "on-table(red-can-of-soda,wood-table)": 0.016451747166380908,
    "on-table(red-can-of-soda,black-table)": 0.015201462044691047,
    "on-table(red-can-of-soda,white-table)": 0.006564991196986132,
    "robot-gripper-empty()": 0.9452758729457855,
    "robot-gripping(milk-carton)": 0.1530645340681076,
    "robot-gripping(lemon)": 0.14376413907545307,
    "robot-gripping(green-bottle)": 0.028870246838778257,
    "robot-gripping(loaf-of-bread)": 0.11302122947139044,
    "robot-gripping(red-box-of-cereal)": 0.04075889898619304,
    "robot-gripping(red-can-of-soda)": 0.08282311679795384
}