{
    "on-table(milk-carton,wood-table)": 0.84702567756176,
    "on-table(milk-carton,black-table)": 0.16583547504887974,
    "on-table(milk-carton,white-table)": 0.1330957593745552,
    "on-table(lemon,wood-table)": 0.23783123845835993,
    "on-table(lemon,black-table)": 0.9919906953970591,
    "on-table(lemon,white-table)": 0.0010205225838338567,
    "on-table(green-bottle,wood-table)": 0.3323593758444379,
    "on-table(green-bottle,black-table)": 0.9908474584420522,
    "on-table(green-bottle,white-table)": 0.023081333698428352,
    "on-table(loaf-of-bread,wood-table)": 0.6235675153632959,
    "on-table(loaf-of-bread,black-table)": 0.14408424588752192,
    "on-table(loaf-of-bread,white-table)": 0.046145696807191904,
    "on-table(red-box-of-cereal,wood-table)": 0.11700498047866859,
    "on-table(red-box-of-cereal,black-table)": 0.17412001122526513,
    "on-table(red-box-of-cereal,white-table)": 0.44945905078202486,
    "on-table(red-can-of-soda,wood-table)": 0.16926327200902355,
    "on-table(red-can-of-soda,black-table)": 0.0011698019278204204,
    "on-table(red-can-of-soda,white-table)": 0.8340255429502577,
    "robot-gripper-empty()": 0.5327461119547175,
    "robot-gripping(milk-carton)": 0.5767454840242863,
    "robot-gripping(lemon)": 0.11671505418295662,
    "robot-gripping(green-bottle)": 0.2770160073414445,
    "robot-gripping(loaf-of-bread)": 0.23839704630275568,
    "robot-gripping(red-box-of-cereal)": 0.6974154422059655,
    "robot-gripping(red-can-of-soda)": 0.4556018679092328
}