{
    "on-table(milk-carton,wood-table)": 0.7788788477579752,
    "on-table(milk-carton,black-table)": 0.0802012151228458,
    "on-table(milk-carton,white-table)": 0.17588921158918916,
    "on-table(lemon,wood-table)": 0.16126923583366684,
    "on-table(lemon,black-table)": 0.8338964943929265,
    "on-table(lemon,white-table)": 0.07633262574101234,
    "on-table(green-bottle,wood-table)": 0.3341363828100536,
    "on-table(green-bottle,black-table)": 0.9998281995455424,
    "on-table(green-bottle,white-table)": 0.0018581385090783442,
    "on-table(loaf-of-bread,wood-table)": 0.3712907275184989,
    "on-table(loaf-of-bread,black-table)": 0.006457898047907899,
    "on-table(loaf-of-bread,white-table)": 0.6164483272780975,
    "on-table(red-box-of-cereal,wood-table)": 0.7853159011186411,
    "on-table(red-box-of-cereal,black-table)": 0.04018403083258212,
    "on-table(red-box-of-cereal,white-table)": 0.004923620452738457,
    "on-table(red-can-of-soda,wood-table)": 0.833432120057599,
    "on-table(red-can-of-soda,black-table)": 0.16703183264934296,
    "on-table(red-can-of-soda,white-table)": 0.001077380510309922,
    "robot-gripper-empty()": 0.9780087272326151,
    "robot-gripping(milk-carton)": 0.2288898111631473,
    "robot-gripping(lemon)": 0.030862542354346562,
    "robot-gripping(green-bottle)": 0.05788247133993233,
    "robot-gripping(loaf-of-bread)": 0.0651079888145129,
    "robot-gripping(red-box-of-cereal)": 0.052429760592834405,
    "robot-gripping(red-can-of-soda)": 0.08841709528739254
}