{
    "on-table(milk-carton,wood-table)": 0.049760283106782786,
    "on-table(milk-carton,black-table)": 0.009379121222688505,
    "on-table(milk-carton,white-table)": 0.05605608985448877,
    "on-table(lemon,wood-table)": 0.668114661394308,
    "on-table(lemon,black-table)": 0.004674366361579511,
    "on-table(lemon,white-table)": 0.014519241072169583,
    "on-table(green-bottle,wood-table)": 0.16735252849078583,
    "on-table(green-bottle,black-table)": 0.16813638542650247,
    "on-table(green-bottle,white-table)": 0.0008950122670891384,
    "on-table(loaf-of-bread,wood-table)": 0.03586915507912636,
    "on-table(loaf-of-bread,black-table)": 0.0020538508979370818,
    "on-table(loaf-of-bread,white-table)": 0.02721957062991957,
    "on-table(red-box-of-cereal,wood-table)": 0.17604861821746454,
    "on-table(red-box-of-cereal,black-table)": 0.003164763823103082,
    "on-table(red-box-of-cereal,white-table)": 0.039321456749651894,
    "on-table(red-can-of-soda,wood-table)": 0.6668200540928714,
    "on-table(red-can-of-soda,black-table)": 0.1655159355447419,
    "on-table(red-can-of-soda,white-table)": 0.0023240905317152283,
    "robot-gripper-empty()": 0.2677102559440148,
    "robot-gripping(milk-carton)": 0.2390962749098738,
    "robot-gripping(lemon)": 0.34312745711455744,
    "robot-gripping(green-bottle)": 0.816742553996543,
    "robot-gripping(loaf-of-bread)": 0.06596013849290709,
    "robot-gripping(red-box-of-cereal)": 0.01616869591816794,
    "robot-gripping(red-can-of-soda)": 0.11187101696850732
}