{
    "on-table(milk-carton,wood-table)": 0.21530555778493485,
    "on-table(milk-carton,black-table)": 0.8102248286207517,
    "on-table(milk-carton,white-table)": 0.005210004766316463,
    "on-table(lemon,wood-table)": 0.17899550185150778,
    "on-table(lemon,black-table)": 0.003756643763911901,
    "on-table(lemon,white-table)": 0.9993477165699005,
    "on-table(green-bottle,wood-table)": 0.033998215295165814,
    "on-table(green-bottle,black-table)": 0.803770555028071,
    "on-table(green-bottle,white-table)": 0.0022352472827454526,
    "on-table(loaf-of-bread,wood-table)": 0.10605905153594601,
    "on-table(loaf-of-bread,black-table)": 0.34537349235809717,
    "on-table(loaf-of-bread,white-table)": 0.012048709993299175,
    "on-table(red-box-of-cereal,wood-table)": 0.36508377237866324,
    "on-table(red-box-of-cereal,black-table)": 0.7492643098036448,
    "on-table(red-box-of-cereal,white-table)": 0.012414359080139548,
    "on-table(red-can-of-soda,wood-table)": 0.753732331097126,
    "on-table(red-can-of-soda,black-table)": 0.33395171140220253,
    "on-table(red-can-of-soda,white-table)": 0.00395852051269685,
    "robot-gripper-empty()": 0.8154728710651398,
    "robot-gripping(milk-carton)": 0.42954951462646324,
    "robot-gripping(lemon)": 0.03734988113865256,
    "robot-gripping(green-bottle)": 0.18225954612717032,
    "robot-gripping(loaf-of-bread)": 0.15025796554982662,
    "robot-gripping(red-box-of-cereal)": 0.29857244280477363,
    "robot-gripping(red-can-of-soda)": 0.48323223553597927
}