{
    "on-table(milk-carton,wood-table)": 0.5061300553691884,
    "on-table(milk-carton,black-table)": 0.6674110727399238,
    "on-table(milk-carton,white-table)": 0.013896404278057162,
    "on-table(lemon,wood-table)": 0.16765460745470287,
    "on-table(lemon,black-table)": 0.0009345778187631973,
    "on-table(lemon,white-table)": 0.8492126787702242,
    "on-table(green-bottle,wood-table)": 0.07793360803528533,
    "on-table(green-bottle,black-table)": 0.13365588177346885,
    "on-table(green-bottle,white-table)": 0.6586295381809274,
    "on-table(loaf-of-bread,wood-table)": 0.36169560890023905,
    "on-table(loaf-of-bread,black-table)": 0.48906933908195543,
    "on-table(loaf-of-bread,white-table)": 0.023079275791436277,
    "on-table(red-box-of-cereal,wood-table)": 0.9768211245536804,
    "on-table(red-box-of-cereal,black-table)": 0.3380243169006765,
    "on-table(red-box-of-cereal,white-table)": 0.014034738369900879,
    "on-table(red-can-of-soda,wood-table)": 0.8102394932260116,
    "on-table(red-can-of-soda,black-table)": 0.7626187695811192,
    "on-table(red-can-of-soda,white-table)": 0.0036441499235782735,
    "robot-gripper-empty()": 0.984968384106954,
    "robot-gripping(milk-carton)": 0.09795878982792298,
    "robot-gripping(lemon)": 0.03857094685857495,
    "robot-gripping(green-bottle)": 0.04358928829121093,
    "robot-gripping(loaf-of-bread)": 0.04443499019059042,
    "robot-gripping(red-box-of-cereal)": 0.06017094743826116,
    "robot-gripping(red-can-of-soda)": 0.0966020617634058
}