{
    "on-table(milk-carton,wood-table)": 0.16080469102598727,
    "on-table(milk-carton,black-table)": 0.7468168226381143,
    "on-table(milk-carton,white-table)": 0.01820687083636585,
    "on-table(lemon,wood-table)": 0.8353567123413086,
    "on-table(lemon,black-table)": 0.07722397247656924,
    "on-table(lemon,white-table)": 0.022573839338444184,
    "on-table(green-bottle,wood-table)": 0.1681115725902297,
    "on-table(green-bottle,black-table)": 0.0003875825126063622,
    "on-table(green-bottle,white-table)": 0.8338092459986607,
    "on-table(loaf-of-bread,wood-table)": 0.3362952577784502,
    "on-table(loaf-of-bread,black-table)": 0.6065476251921306,
    "on-table(loaf-of-bread,white-table)": 0.00965905797056621,
    "on-table(red-box-of-cereal,wood-table)": 0.3565046395524405,
    "on-table(red-box-of-cereal,black-table)": 0.8316773623228073,
    "on-table(red-box-of-cereal,white-table)": 0.01569277837794895,
    "on-table(red-can-of-soda,wood-table)": 0.6514720084766547,
    "on-table(red-can-of-soda,black-table)": 0.4787188329331305,
    "on-table(red-can-of-soda,white-table)": 0.0021182498770334255,
    "robot-gripper-empty()": 0.8209080944458643,
    "robot-gripping(milk-carton)": 0.18495089374482632,
    "robot-gripping(lemon)": 0.07169699591274063,
    "robot-gripping(green-bottle)": 0.007713646967507278,
    "robot-gripping(loaf-of-bread)": 0.1915685428927342,
    "robot-gripping(red-box-of-cereal)": 0.19249933861040822,
    "robot-gripping(red-can-of-soda)": 0.31471544919380295
}