{
    "on-table(milk-carton,wood-table)": 0.7838443753619989,
    "on-table(milk-carton,black-table)": 0.4078420842221628,
    "on-table(milk-carton,white-table)": 0.15703212809360897,
    "on-table(lemon,wood-table)": 0.35165839616092853,
    "on-table(lemon,black-table)": 0.3339343871145199,
    "on-table(lemon,white-table)": 0.03406830900348723,
    "on-table(green-bottle,wood-table)": 0.8355354776916405,
    "on-table(green-bottle,black-table)": 0.16873829678705002,
    "on-table(green-bottle,white-table)": 0.0021357997198568532,
    "on-table(loaf-of-bread,wood-table)": 0.5369241423904896,
    "on-table(loaf-of-bread,black-table)": 0.3563119639487316,
    "on-table(loaf-of-bread,white-table)": 0.16253482240911885,
    "on-table(red-box-of-cereal,wood-table)": 0.3321803742098079,
    "on-table(red-box-of-cereal,black-table)": 0.9421209593613943,
    "on-table(red-box-of-cereal,white-table)": 0.24795956002829675,
    "on-table(red-can-of-soda,wood-table)": 0.9949026902516683,
    "on-table(red-can-of-soda,black-table)": 0.35200703691286134,
    "on-table(red-can-of-soda,white-table)": 0.16460106665363128,
    "robot-gripper-empty()": 0.76580825013419,
    "robot-gripping(milk-carton)": 0.21370265384515127,
    "robot-gripping(lemon)": 0.36590555186072987,
    "robot-gripping(green-bottle)": 0.12172755288581054,
    "robot-gripping(loaf-of-bread)": 0.19683034190287194,
    "robot-gripping(red-box-of-cereal)": 0.26803148289521533,
    "robot-gripping(red-can-of-soda)": 0.28741010557860136
}