{
    "on-table(milk-carton,wood-table)": 0.8944810231526693,
    "on-table(milk-carton,black-table)": 0.030725796469293225,
    "on-table(milk-carton,white-table)": 0.19180382637811513,
    "on-table(lemon,wood-table)": 0.17834011997911148,
    "on-table(lemon,black-table)": 0.1709778501826804,
    "on-table(lemon,white-table)": 0.45390300336293876,
    "on-table(green-bottle,wood-table)": 0.9994456867376963,
    "on-table(green-bottle,black-table)": 0.33291487852365736,
    "on-table(green-bottle,white-table)": 0.004100587638977989,
    "on-table(loaf-of-bread,wood-table)": 0.308448507450521,
    "on-table(loaf-of-bread,black-table)": 0.004058056661354688,
    "on-table(loaf-of-bread,white-table)": 0.48522129841148853,
    "on-table(red-box-of-cereal,wood-table)": 0.8392239039142927,
    "on-table(red-box-of-cereal,black-table)": 0.1671811971027637,
    "on-table(red-box-of-cereal,white-table)": 0.04559087282662707,
    "on-table(red-can-of-soda,wood-table)": 0.8413348384201527,
    "on-table(red-can-of-soda,black-table)": 0.16571173228112457,
    "on-table(red-can-of-soda,white-table)": 0.09188779179953599,
    "robot-gripper-empty()": 0.9247377713521322,
    "robot-gripping(milk-carton)": 0.26146611633400124,
    "robot-gripping(lemon)": 0.35621051241954166,
    "robot-gripping(green-bottle)": 0.045585978465775646,
    "robot-gripping(loaf-of-bread)": 0.15170324593782425,
    "robot-gripping(red-box-of-cereal)": 0.08423779858276248,
    "robot-gripping(red-can-of-soda)": 0.15544621677448353
}