{
    "on-table(milk-carton,wood-table)": 0.0663947663269937,
    "on-table(milk-carton,black-table)": 0.7808295500775179,
    "on-table(milk-carton,white-table)": 0.1464947514856855,
    "on-table(lemon,wood-table)": 0.19146608934776546,
    "on-table(lemon,black-table)": 0.164639232095548,
    "on-table(lemon,white-table)": 0.6646895951513822,
    "on-table(green-bottle,wood-table)": 0.12798729919207594,
    "on-table(green-bottle,black-table)": 0.8331190765408488,
    "on-table(green-bottle,white-table)": 0.0020293371221669076,
    "on-table(loaf-of-bread,wood-table)": 0.2620587213896215,
    "on-table(loaf-of-bread,black-table)": 0.5379397637831668,
    "on-table(loaf-of-bread,white-table)": 0.01834521734660181,
    "on-table(red-box-of-cereal,wood-table)": 0.18561146617867053,
    "on-table(red-box-of-cereal,black-table)": 0.2089562425389886,
    "on-table(red-box-of-cereal,white-table)": 0.28287287048685056,
    "on-table(red-can-of-soda,wood-table)": 0.1949373459550164,
    "on-table(red-can-of-soda,black-table)": 0.0056567698253881344,
    "on-table(red-can-of-soda,white-table)": 0.8530483096837997,
    "robot-gripper-empty()": 0.40246705726409954,
    "robot-gripping(milk-carton)": 0.5051186457276344,
    "robot-gripping(lemon)": 0.08905420793841283,
    "robot-gripping(green-bottle)": 0.1339093567803502,
    "robot-gripping(loaf-of-bread)": 0.29316637308026355,
    "robot-gripping(red-box-of-cereal)": 0.6396441509326299,
    "robot-gripping(red-can-of-soda)": 0.5878088255412877
}