{
    "on-table(milk-carton,wood-table)": 0.17735901343015334,
    "on-table(milk-carton,black-table)": 0.43158088174338144,
    "on-table(milk-carton,white-table)": 0.1796925607971692,
    "on-table(lemon,wood-table)": 0.6487192182491223,
    "on-table(lemon,black-table)": 0.2320022671209093,
    "on-table(lemon,white-table)": 0.16610686613239523,
    "on-table(green-bottle,wood-table)": 0.01271866310829258,
    "on-table(green-bottle,black-table)": 0.8331776973015318,
    "on-table(green-bottle,white-table)": 0.0007154635785961242,
    "on-table(loaf-of-bread,wood-table)": 0.18867300528412065,
    "on-table(loaf-of-bread,black-table)": 0.27032876026351005,
    "on-table(loaf-of-bread,white-table)": 0.17350367629357302,
    "on-table(red-box-of-cereal,wood-table)": 0.3468085104250349,
    "on-table(red-box-of-cereal,black-table)": 0.792976126074791,
    "on-table(red-box-of-cereal,white-table)": 0.18918750077864388,
    "on-table(red-can-of-soda,wood-table)": 0.9410321116447449,
    "on-table(red-can-of-soda,black-table)": 0.36582621389061387,
    "on-table(red-can-of-soda,white-table)": 0.17365763261220005,
    "robot-gripper-empty()": 0.7970643639564514,
    "robot-gripping(milk-carton)": 0.14320179664840302,
    "robot-gripping(lemon)": 0.04663360211998224,
    "robot-gripping(green-bottle)": 0.14445711109632006,
    "robot-gripping(loaf-of-bread)": 0.14552758696178594,
    "robot-gripping(red-box-of-cereal)": 0.1361128066200763,
    "robot-gripping(red-can-of-soda)": 0.24651952786371112
}