{
    "on-table(milk-carton,wood-table)": 0.6117026138429841,
    "on-table(milk-carton,black-table)": 0.4500114554721222,
    "on-table(milk-carton,white-table)": 0.1755104826685662,
    "on-table(lemon,wood-table)": 0.02517643479707961,
    "on-table(lemon,black-table)": 0.1813179225039979,
    "on-table(lemon,white-table)": 0.11075792898191139,
    "on-table(green-bottle,wood-table)": 0.0005569090232408295,
    "on-table(green-bottle,black-table)": 0.039317231293049794,
    "on-table(green-bottle,white-table)": 0.3145030586492794,
    "on-table(loaf-of-bread,wood-table)": 0.31608670266966027,
    "on-table(loaf-of-bread,black-table)": 0.566381740073363,
    "on-table(loaf-of-bread,white-table)": 0.1820014955398316,
    "on-table(red-box-of-cereal,wood-table)": 0.1848424795534811,
    "on-table(red-box-of-cereal,black-table)": 0.5429144520312548,
    "on-table(red-box-of-cereal,white-table)": 0.0629346691518246,
    "on-table(red-can-of-soda,wood-table)": 0.10997353543401307,
    "on-table(red-can-of-soda,black-table)": 0.8321685244639715,
    "on-table(red-can-of-soda,white-table)": 0.007759252901147799,
    "robot-gripper-empty()": 0.5813113928694899,
    "robot-gripping(milk-carton)": 0.5004326725999514,
    "robot-gripping(lemon)": 0.0883801425807178,
    "robot-gripping(green-bottle)": 0.03308241888104627,
    "robot-gripping(loaf-of-bread)": 0.32768834475427866,
    "robot-gripping(red-box-of-cereal)": 0.7052923788626989,
    "robot-gripping(red-can-of-soda)": 0.6940959307054678
}