{
    "on-table(milk-carton,wood-table)": 0.08891329223600526,
    "on-table(milk-carton,black-table)": 0.5034468985783557,
    "on-table(milk-carton,white-table)": 0.3995938209821664,
    "on-table(lemon,wood-table)": 0.19857455079909414,
    "on-table(lemon,black-table)": 0.9798646370569865,
    "on-table(lemon,white-table)": 0.002689852616792147,
    "on-table(green-bottle,wood-table)": 0.21517786596086808,
    "on-table(green-bottle,black-table)": 0.9998150368531545,
    "on-table(green-bottle,white-table)": 0.0028697181284466446,
    "on-table(loaf-of-bread,wood-table)": 0.692529114584128,
    "on-table(loaf-of-bread,black-table)": 0.17616387929107682,
    "on-table(loaf-of-bread,white-table)": 0.12758397737828395,
    "on-table(red-box-of-cereal,wood-table)": 0.15485633194233137,
    "on-table(red-box-of-cereal,black-table)": 0.1707987587384802,
    "on-table(red-box-of-cereal,white-table)": 0.8410195223987103,
    "on-table(red-can-of-soda,wood-table)": 0.17294438099270337,
    "on-table(red-can-of-soda,black-table)": 0.5082072062165631,
    "on-table(red-can-of-soda,white-table)": 0.5924861127665887,
    "robot-gripper-empty()": 0.9220003088315328,
    "robot-gripping(milk-carton)": 0.07970900523165862,
    "robot-gripping(lemon)": 0.024207489953065913,
    "robot-gripping(green-bottle)": 0.024199211950569104,
    "robot-gripping(loaf-of-bread)": 0.15408064114550749,
    "robot-gripping(red-box-of-cereal)": 0.030444922856986523,
    "robot-gripping(red-can-of-soda)": 0.08938353850195806
}