{
    "on-table(milk-carton,wood-table)": 0.28548464357299963,
    "on-table(milk-carton,black-table)": 0.004455004037178393,
    "on-table(milk-carton,white-table)": 0.8540947039922079,
    "on-table(lemon,wood-table)": 0.007518535586617266,
    "on-table(lemon,black-table)": 0.17777556586952414,
    "on-table(lemon,white-table)": 0.017899628651017945,
    "on-table(green-bottle,wood-table)": 0.33232526763458736,
    "on-table(green-bottle,black-table)": 0.9990707735220591,
    "on-table(green-bottle,white-table)": 0.08513154347254688,
    "on-table(loaf-of-bread,wood-table)": 0.7345543118814627,
    "on-table(loaf-of-bread,black-table)": 0.18601114454092263,
    "on-table(loaf-of-bread,white-table)": 0.05566499583498322,
    "on-table(red-box-of-cereal,wood-table)": 0.8214446834366148,
    "on-table(red-box-of-cereal,black-table)": 0.114333298811592,
    "on-table(red-box-of-cereal,white-table)": 0.04460438972212918,
    "on-table(red-can-of-soda,wood-table)": 0.6741514494642615,
    "on-table(red-can-of-soda,black-table)": 0.18608743085618093,
    "on-table(red-can-of-soda,white-table)": 0.0030205052225937834,
    "robot-gripper-empty()": 0.9037348628044128,
    "robot-gripping(milk-carton)": 0.18145076868434748,
    "robot-gripping(lemon)": 0.09731040724242727,
    "robot-gripping(green-bottle)": 0.11506229716663559,
    "robot-gripping(loaf-of-bread)": 0.17580571956932545,
    "robot-gripping(red-box-of-cereal)": 0.15782381997754177,
    "robot-gripping(red-can-of-soda)": 0.18606099269042412
}