{
    "on-table(milk-carton,wood-table)": 0.6980630954106649,
    "on-table(milk-carton,black-table)": 0.0667317853270409,
    "on-table(milk-carton,white-table)": 0.06010015150726152,
    "on-table(lemon,wood-table)": 0.012020021250161031,
    "on-table(lemon,black-table)": 0.027317280260225136,
    "on-table(lemon,white-table)": 0.0050648686301428825,
    "on-table(green-bottle,wood-table)": 0.3276203767575983,
    "on-table(green-bottle,black-table)": 0.9988337059815725,
    "on-table(green-bottle,white-table)": 0.013687693013707758,
    "on-table(loaf-of-bread,wood-table)": 0.28185142937581986,
    "on-table(loaf-of-bread,black-table)": 0.12016731127975315,
    "on-table(loaf-of-bread,white-table)": 0.01166333871272703,
    "on-table(red-box-of-cereal,wood-table)": 0.6742928061479082,
    "on-table(red-box-of-cereal,black-table)": 0.0060381830841530855,
    "on-table(red-box-of-cereal,white-table)": 0.00787594779800808,
    "on-table(red-can-of-soda,wood-table)": 0.4473578601997967,
    "on-table(red-can-of-soda,black-table)": 0.07358525005611227,
    "on-table(red-can-of-soda,white-table)": 0.8343123259643713,
    "robot-gripper-empty()": 0.9701227247714996,
    "robot-gripping(milk-carton)": 0.3246413432061672,
    "robot-gripping(lemon)": 0.042899300499508776,
    "robot-gripping(green-bottle)": 0.04801829382389163,
    "robot-gripping(loaf-of-bread)": 0.09179426217451692,
    "robot-gripping(red-box-of-cereal)": 0.038153810581813254,
    "robot-gripping(red-can-of-soda)": 0.06919878690193097
}