{
    "on-table(milk-carton,wood-table)": 0.44543707945073646,
    "on-table(milk-carton,black-table)": 0.02568699632380837,
    "on-table(milk-carton,white-table)": 0.71745664284875,
    "on-table(lemon,wood-table)": 0.19686761637179492,
    "on-table(lemon,black-table)": 0.013905358575736196,
    "on-table(lemon,white-table)": 0.7331473467250665,
    "on-table(green-bottle,wood-table)": 0.010225943716553351,
    "on-table(green-bottle,black-table)": 0.42832877416124876,
    "on-table(green-bottle,white-table)": 0.10125781953077724,
    "on-table(loaf-of-bread,wood-table)": 0.3936170170733628,
    "on-table(loaf-of-bread,black-table)": 0.016034168961292988,
    "on-table(loaf-of-bread,white-table)": 0.5256426682074865,
    "on-table(red-box-of-cereal,wood-table)": 0.8390836976468563,
    "on-table(red-box-of-cereal,black-table)": 0.1723172913784765,
    "on-table(red-box-of-cereal,white-table)": 0.00795673801379356,
    "on-table(red-can-of-soda,wood-table)": 0.7134092599153519,
    "on-table(red-can-of-soda,black-table)": 0.04805210549951274,
    "on-table(red-can-of-soda,white-table)": 0.012822858626880892,
    "robot-gripper-empty()": 0.7948030829429626,
    "robot-gripping(milk-carton)": 0.25987548753619194,
    "robot-gripping(lemon)": 0.12289932059744994,
    "robot-gripping(green-bottle)": 0.28197009799381095,
    "robot-gripping(loaf-of-bread)": 0.11636731835703056,
    "robot-gripping(red-box-of-cereal)": 0.21119002982353172,
    "robot-gripping(red-can-of-soda)": 0.4444815783451001
}