{
    "on-table(milk-carton,wood-table)": 0.14117055310634896,
    "on-table(milk-carton,black-table)": 0.5757690916458765,
    "on-table(milk-carton,white-table)": 0.01855173773037677,
    "on-table(lemon,wood-table)": 0.21006586375491074,
    "on-table(lemon,black-table)": 0.00012943438882947098,
    "on-table(lemon,white-table)": 0.8339501833931232,
    "on-table(green-bottle,wood-table)": 0.8295450461640334,
    "on-table(green-bottle,black-table)": 0.16823252076077702,
    "on-table(green-bottle,white-table)": 0.0023403706008480185,
    "on-table(loaf-of-bread,wood-table)": 0.5626012065719502,
    "on-table(loaf-of-bread,black-table)": 0.25819590313282487,
    "on-table(loaf-of-bread,white-table)": 0.08259657420846149,
    "on-table(red-box-of-cereal,wood-table)": 0.16852229828631002,
    "on-table(red-box-of-cereal,black-table)": 0.17054618078206354,
    "on-table(red-box-of-cereal,white-table)": 0.0014672708518143434,
    "on-table(red-can-of-soda,wood-table)": 0.1763981892860708,
    "on-table(red-can-of-soda,black-table)": 0.18259701650822535,
    "on-table(red-can-of-soda,white-table)": 0.0025836922626088685,
    "robot-gripper-empty()": 0.6339009045817269,
    "robot-gripping(milk-carton)": 0.42867297927538556,
    "robot-gripping(lemon)": 0.02184552888502367,
    "robot-gripping(green-bottle)": 0.17846137861488387,
    "robot-gripping(loaf-of-bread)": 0.2120961615194877,
    "robot-gripping(red-box-of-cereal)": 0.5650336031491557,
    "robot-gripping(red-can-of-soda)": 0.7702074899959067
}