{
    "on-table(milk-carton,wood-table)": 0.5084557305090129,
    "on-table(milk-carton,black-table)": 0.35131564519057673,
    "on-table(milk-carton,white-table)": 0.05599105451256037,
    "on-table(lemon,wood-table)": 0.14013094685651595,
    "on-table(lemon,black-table)": 0.34110856131762074,
    "on-table(lemon,white-table)": 0.004249060260917759,
    "on-table(green-bottle,wood-table)": 0.15406106336255712,
    "on-table(green-bottle,black-table)": 0.824860985041596,
    "on-table(green-bottle,white-table)": 0.1274337853965335,
    "on-table(loaf-of-bread,wood-table)": 0.5037057561955104,
    "on-table(loaf-of-bread,black-table)": 0.13842957714465834,
    "on-table(loaf-of-bread,white-table)": 0.1785110257139119,
    "on-table(red-box-of-cereal,wood-table)": 0.337874110089615,
    "on-table(red-box-of-cereal,black-table)": 0.20796510713989846,
    "on-table(red-box-of-cereal,white-table)": 0.012640904256841168,
    "on-table(red-can-of-soda,wood-table)": 0.8368342525015274,
    "on-table(red-can-of-soda,black-table)": 0.14797599573330444,
    "on-table(red-can-of-soda,white-table)": 0.0053849993302416506,
    "robot-gripper-empty()": 0.39717203425243497,
    "robot-gripping(milk-carton)": 0.6985142963627974,
    "robot-gripping(lemon)": 0.10880198259837925,
    "robot-gripping(green-bottle)": 0.3532246119963626,
    "robot-gripping(loaf-of-bread)": 0.27526878503461677,
    "robot-gripping(red-box-of-cereal)": 0.597062881415089,
    "robot-gripping(red-can-of-soda)": 0.38806328146408003
}