{
    "on-table(milk-carton,wood-table)": 0.20896622321257988,
    "on-table(milk-carton,black-table)": 0.7328231732050577,
    "on-table(milk-carton,white-table)": 0.038331220780188836,
    "on-table(lemon,wood-table)": 0.08140491717495024,
    "on-table(lemon,black-table)": 0.005051227057871681,
    "on-table(lemon,white-table)": 0.7869711716969808,
    "on-table(green-bottle,wood-table)": 0.17127424289355986,
    "on-table(green-bottle,black-table)": 0.17247152183699654,
    "on-table(green-bottle,white-table)": 0.0022832014799405442,
    "on-table(loaf-of-bread,wood-table)": 0.11645706184208393,
    "on-table(loaf-of-bread,black-table)": 0.3396232270946105,
    "on-table(loaf-of-bread,white-table)": 0.021756956382887438,
    "on-table(red-box-of-cereal,wood-table)": 0.17856140931447348,
    "on-table(red-box-of-cereal,black-table)": 0.5149744801844159,
    "on-table(red-box-of-cereal,white-table)": 0.055230192568463586,
    "on-table(red-can-of-soda,wood-table)": 0.1575195189701238,
    "on-table(red-can-of-soda,black-table)": 0.01022020454183803,
    "on-table(red-can-of-soda,white-table)": 0.8521096085508665,
    "robot-gripper-empty()": 0.5449278118127646,
    "robot-gripping(milk-carton)": 0.14856426472154757,
    "robot-gripping(lemon)": 0.05503369898845752,
    "robot-gripping(green-bottle)": 0.7055801255628467,
    "robot-gripping(loaf-of-bread)": 0.06474959369127949,
    "robot-gripping(red-box-of-cereal)": 0.04729694659666469,
    "robot-gripping(red-can-of-soda)": 0.1465680009520535
}