{
    "on-table(milk-carton,wood-table)": 0.49105123709887266,
    "on-table(milk-carton,black-table)": 0.03773118068056647,
    "on-table(milk-carton,white-table)": 0.6410701625888274,
    "on-table(lemon,wood-table)": 0.2195684820690076,
    "on-table(lemon,black-table)": 0.8568947513898214,
    "on-table(lemon,white-table)": 0.005091527221035601,
    "on-table(green-bottle,wood-table)": 0.005262264652022471,
    "on-table(green-bottle,black-table)": 0.00043018562367554597,
    "on-table(green-bottle,white-table)": 0.833762282350411,
    "on-table(loaf-of-bread,wood-table)": 0.5030407728627324,
    "on-table(loaf-of-bread,black-table)": 0.23936242873120742,
    "on-table(loaf-of-bread,white-table)": 0.006905562826432288,
    "on-table(red-box-of-cereal,wood-table)": 0.9276459515094757,
    "on-table(red-box-of-cereal,black-table)": 0.22685579492690522,
    "on-table(red-box-of-cereal,white-table)": 0.006023824736075767,
    "on-table(red-can-of-soda,wood-table)": 0.998712569475174,
    "on-table(red-can-of-soda,black-table)": 0.3338241962085249,
    "on-table(red-can-of-soda,white-table)": 0.0019566439157567097,
    "robot-gripper-empty()": 0.8771795729796091,
    "robot-gripping(milk-carton)": 0.08933560798565547,
    "robot-gripping(lemon)": 0.13815138869298002,
    "robot-gripping(green-bottle)": 0.007903051853645593,
    "robot-gripping(loaf-of-bread)": 0.10363829291115205,
    "robot-gripping(red-box-of-cereal)": 0.17712085864817104,
    "robot-gripping(red-can-of-soda)": 0.2016528987636169
}