{
    "on-table(milk-carton,wood-table)": 0.28613018970160436,
    "on-table(milk-carton,black-table)": 0.5387413739226758,
    "on-table(milk-carton,white-table)": 0.11065941932126104,
    "on-table(lemon,wood-table)": 0.14925915977801196,
    "on-table(lemon,black-table)": 0.8227518143054718,
    "on-table(lemon,white-table)": 0.004804377152443824,
    "on-table(green-bottle,wood-table)": 0.0011550727073578553,
    "on-table(green-bottle,black-table)": 0.08401000196439175,
    "on-table(green-bottle,white-table)": 0.0008228743139018965,
    "on-table(loaf-of-bread,wood-table)": 0.8128954923401276,
    "on-table(loaf-of-bread,black-table)": 0.19047525725060646,
    "on-table(loaf-of-bread,white-table)": 0.04204163920803694,
    "on-table(red-box-of-cereal,wood-table)": 0.9941595693429311,
    "on-table(red-box-of-cereal,black-table)": 0.08085976835961144,
    "on-table(red-box-of-cereal,white-table)": 0.17041767000652422,
    "on-table(red-can-of-soda,wood-table)": 0.18843566436468487,
    "on-table(red-can-of-soda,black-table)": 0.0003596359420043882,
    "on-table(red-can-of-soda,white-table)": 0.834610417795678,
    "robot-gripper-empty()": 0.9232484598954519,
    "robot-gripping(milk-carton)": 0.15745700212816396,
    "robot-gripping(lemon)": 0.06486047885846347,
    "robot-gripping(green-bottle)": 0.0876077168310682,
    "robot-gripping(loaf-of-bread)": 0.1535913773889964,
    "robot-gripping(red-box-of-cereal)": 0.15308002409680435,
    "robot-gripping(red-can-of-soda)": 0.04247165995184332
}