{
    "on-table(milk-carton,wood-table)": 0.2891368369261424,
    "on-table(milk-carton,black-table)": 0.28882316984466644,
    "on-table(milk-carton,white-table)": 0.5219122637839367,
    "on-table(lemon,wood-table)": 0.1696249603483011,
    "on-table(lemon,black-table)": 0.004615955467860052,
    "on-table(lemon,white-table)": 0.8488311072190603,
    "on-table(green-bottle,wood-table)": 0.0023337615948548773,
    "on-table(green-bottle,black-table)": 0.003581697634217562,
    "on-table(green-bottle,white-table)": 0.0177407863117575,
    "on-table(loaf-of-bread,wood-table)": 0.4677740815386642,
    "on-table(loaf-of-bread,black-table)": 0.7513413052074611,
    "on-table(loaf-of-bread,white-table)": 0.027701167597115273,
    "on-table(red-box-of-cereal,wood-table)": 0.31283680677976616,
    "on-table(red-box-of-cereal,black-table)": 0.9209837516148885,
    "on-table(red-box-of-cereal,white-table)": 0.023390318293725915,
    "on-table(red-can-of-soda,wood-table)": 0.3227741566952318,
    "on-table(red-can-of-soda,black-table)": 0.37126619248495746,
    "on-table(red-can-of-soda,white-table)": 0.004006949351605726,
    "robot-gripper-empty()": 0.9105799992879232,
    "robot-gripping(milk-carton)": 0.19838696531951427,
    "robot-gripping(lemon)": 0.04556297060723106,
    "robot-gripping(green-bottle)": 0.0242353724121737,
    "robot-gripping(loaf-of-bread)": 0.18229382609327635,
    "robot-gripping(red-box-of-cereal)": 0.18606601562350988,
    "robot-gripping(red-can-of-soda)": 0.4887969046831131
}