{
    "on-table(milk-carton,wood-table)": 0.2352136152330786,
    "on-table(milk-carton,black-table)": 0.3450177137274295,
    "on-table(milk-carton,white-table)": 0.08890269906260073,
    "on-table(lemon,wood-table)": 0.26362844347022474,
    "on-table(lemon,black-table)": 0.8138321029061141,
    "on-table(lemon,white-table)": 0.16050187156785492,
    "on-table(green-bottle,wood-table)": 0.0018147668063951035,
    "on-table(green-bottle,black-table)": 0.0028725900234955284,
    "on-table(green-bottle,white-table)": 0.17385541739228452,
    "on-table(loaf-of-bread,wood-table)": 0.47517290090521175,
    "on-table(loaf-of-bread,black-table)": 0.46322611439973116,
    "on-table(loaf-of-bread,white-table)": 0.18440531861657897,
    "on-table(red-box-of-cereal,wood-table)": 0.21550105360802263,
    "on-table(red-box-of-cereal,black-table)": 0.4119765394134447,
    "on-table(red-box-of-cereal,white-table)": 0.08050213583434622,
    "on-table(red-can-of-soda,wood-table)": 0.2067316899774596,
    "on-table(red-can-of-soda,black-table)": 0.4258799185336102,
    "on-table(red-can-of-soda,white-table)": 0.08081285763182677,
    "robot-gripper-empty()": 0.5704122234989578,
    "robot-gripping(milk-carton)": 0.5995028739174207,
    "robot-gripping(lemon)": 0.09713698721801241,
    "robot-gripping(green-bottle)": 0.03791353921405971,
    "robot-gripping(loaf-of-bread)": 0.38477717836697894,
    "robot-gripping(red-box-of-cereal)": 0.7271841367085775,
    "robot-gripping(red-can-of-soda)": 0.8296042084693909
}