{
    "on-table(milk-carton,wood-table)": 0.7837156156698862,
    "on-table(milk-carton,black-table)": 0.03801260817757187,
    "on-table(milk-carton,white-table)": 0.3618566550576361,
    "on-table(lemon,wood-table)": 0.6205990046728402,
    "on-table(lemon,black-table)": 0.001404268798069097,
    "on-table(lemon,white-table)": 0.34205750344335684,
    "on-table(green-bottle,wood-table)": 0.7279377093849083,
    "on-table(green-bottle,black-table)": 0.16767749793448652,
    "on-table(green-bottle,white-table)": 0.002478220868605755,
    "on-table(loaf-of-bread,wood-table)": 0.48304467267977697,
    "on-table(loaf-of-bread,black-table)": 0.00489032274344936,
    "on-table(loaf-of-bread,white-table)": 0.4755578217082075,
    "on-table(red-box-of-cereal,wood-table)": 0.6781897057468692,
    "on-table(red-box-of-cereal,black-table)": 0.006621045259938303,
    "on-table(red-box-of-cereal,white-table)": 0.06695928828215376,
    "on-table(red-can-of-soda,wood-table)": 0.8296670507794867,
    "on-table(red-can-of-soda,black-table)": 0.1648598353227726,
    "on-table(red-can-of-soda,white-table)": 0.025337025406599878,
    "robot-gripper-empty()": 0.9783590336640676,
    "robot-gripping(milk-carton)": 0.3165126070380211,
    "robot-gripping(lemon)": 0.12913952954113483,
    "robot-gripping(green-bottle)": 0.05348876599843303,
    "robot-gripping(loaf-of-bread)": 0.10594744483629863,
    "robot-gripping(red-box-of-cereal)": 0.05405415540250639,
    "robot-gripping(red-can-of-soda)": 0.08831153235708673
}