{
    "on-table(milk-carton,wood-table)": 0.08381563431369916,
    "on-table(milk-carton,black-table)": 0.49883120976543677,
    "on-table(milk-carton,white-table)": 0.504418492429977,
    "on-table(lemon,wood-table)": 0.8364966865628958,
    "on-table(lemon,black-table)": 0.1682927710188551,
    "on-table(lemon,white-table)": 0.0009418410131729615,
    "on-table(green-bottle,wood-table)": 0.011787595472317966,
    "on-table(green-bottle,black-table)": 0.01069485679211842,
    "on-table(green-bottle,white-table)": 0.755540539820989,
    "on-table(loaf-of-bread,wood-table)": 0.12139052940377344,
    "on-table(loaf-of-bread,black-table)": 0.02000031609592649,
    "on-table(loaf-of-bread,white-table)": 0.08157436738595909,
    "on-table(red-box-of-cereal,wood-table)": 0.22944993539325273,
    "on-table(red-box-of-cereal,black-table)": 0.007697133912491457,
    "on-table(red-box-of-cereal,white-table)": 0.6846450303370754,
    "on-table(red-can-of-soda,wood-table)": 0.17332399889225295,
    "on-table(red-can-of-soda,black-table)": 0.010668887210764902,
    "on-table(red-can-of-soda,white-table)": 0.9686959584554037,
    "robot-gripper-empty()": 0.9255468448003134,
    "robot-gripping(milk-carton)": 0.12030184113730986,
    "robot-gripping(lemon)": 0.16477245014781752,
    "robot-gripping(green-bottle)": 0.032142007286893204,
    "robot-gripping(loaf-of-bread)": 0.1551343334528307,
    "robot-gripping(red-box-of-cereal)": 0.10433831287082285,
    "robot-gripping(red-can-of-soda)": 0.1847836442757398
}