{
    "on-table(milk-carton,wood-table)": 0.15648979433656982,
    "on-table(milk-carton,black-table)": 0.7020979425869882,
    "on-table(milk-carton,white-table)": 0.1654824327906681,
    "on-table(lemon,wood-table)": 0.1713264187759099,
    "on-table(lemon,black-table)": 0.7601468946474293,
    "on-table(lemon,white-table)": 0.003931587876346991,
    "on-table(green-bottle,wood-table)": 0.8269970268011093,
    "on-table(green-bottle,black-table)": 0.17606238774754956,
    "on-table(green-bottle,white-table)": 0.013895576038711019,
    "on-table(loaf-of-bread,wood-table)": 0.11739374425572653,
    "on-table(loaf-of-bread,black-table)": 0.2323335459611068,
    "on-table(loaf-of-bread,white-table)": 0.019395339137796935,
    "on-table(red-box-of-cereal,wood-table)": 0.19962819429929368,
    "on-table(red-box-of-cereal,black-table)": 0.17052920387747386,
    "on-table(red-box-of-cereal,white-table)": 0.16510210313329785,
    "on-table(red-can-of-soda,wood-table)": 0.11655903446808225,
    "on-table(red-can-of-soda,black-table)": 0.0006240485289102556,
    "on-table(red-can-of-soda,white-table)": 0.833544184647811,
    "robot-gripper-empty()": 0.3717663602049773,
    "robot-gripping(milk-carton)": 0.5238918773829937,
    "robot-gripping(lemon)": 0.08002789341844618,
    "robot-gripping(green-bottle)": 0.17385344257733473,
    "robot-gripping(loaf-of-bread)": 0.35506071771184605,
    "robot-gripping(red-box-of-cereal)": 0.6757217112074917,
    "robot-gripping(red-can-of-soda)": 0.4881281505804509
}