{
    "on-table(milk-carton,wood-table)": 0.298649862408638,
    "on-table(milk-carton,black-table)": 0.02639062551315874,
    "on-table(milk-carton,white-table)": 0.20909932985280952,
    "on-table(lemon,wood-table)": 0.03843807880184613,
    "on-table(lemon,black-table)": 0.835653000511229,
    "on-table(lemon,white-table)": 0.010082854877509817,
    "on-table(green-bottle,wood-table)": 0.16839897142199334,
    "on-table(green-bottle,black-table)": 0.16914135396291385,
    "on-table(green-bottle,white-table)": 0.0027130938645617184,
    "on-table(loaf-of-bread,wood-table)": 0.17929668171564117,
    "on-table(loaf-of-bread,black-table)": 0.00808835861244006,
    "on-table(loaf-of-bread,white-table)": 0.23514520689301813,
    "on-table(red-box-of-cereal,wood-table)": 0.006219694543688092,
    "on-table(red-box-of-cereal,black-table)": 0.02562012924317969,
    "on-table(red-box-of-cereal,white-table)": 0.18321523605118273,
    "on-table(red-can-of-soda,wood-table)": 0.004969264303023617,
    "on-table(red-can-of-soda,black-table)": 0.6841219953882197,
    "on-table(red-can-of-soda,white-table)": 0.008200334892990213,
    "robot-gripper-empty()": 0.45031316929574433,
    "robot-gripping(milk-carton)": 0.2747274075324337,
    "robot-gripping(lemon)": 0.07253443762116756,
    "robot-gripping(green-bottle)": 0.7176830526441336,
    "robot-gripping(loaf-of-bread)": 0.0620454347129756,
    "robot-gripping(red-box-of-cereal)": 0.03060691935146072,
    "robot-gripping(red-can-of-soda)": 0.06754994251726505
}