{
    "on-table(milk-carton,wood-table)": 0.9483243425687155,
    "on-table(milk-carton,black-table)": 0.28960647592369543,
    "on-table(milk-carton,white-table)": 0.02154572824171434,
    "on-table(lemon,wood-table)": 0.0638356607669266,
    "on-table(lemon,black-table)": 0.17356592723323652,
    "on-table(lemon,white-table)": 0.37505225992451113,
    "on-table(green-bottle,wood-table)": 0.15316825262198108,
    "on-table(green-bottle,black-table)": 0.0006526570463544582,
    "on-table(green-bottle,white-table)": 0.834292970597744,
    "on-table(loaf-of-bread,wood-table)": 0.22511802179117998,
    "on-table(loaf-of-bread,black-table)": 0.07763947459170595,
    "on-table(loaf-of-bread,white-table)": 0.29702042784386623,
    "on-table(red-box-of-cereal,wood-table)": 0.9951108594735464,
    "on-table(red-box-of-cereal,black-table)": 0.32997110144181835,
    "on-table(red-box-of-cereal,white-table)": 0.03442464986437699,
    "on-table(red-can-of-soda,wood-table)": 0.6467357901856303,
    "on-table(red-can-of-soda,black-table)": 0.0023212804223173102,
    "on-table(red-can-of-soda,white-table)": 0.8325011623091996,
    "robot-gripper-empty()": 0.9188882112503052,
    "robot-gripping(milk-carton)": 0.20067765191197395,
    "robot-gripping(lemon)": 0.2411875855177641,
    "robot-gripping(green-bottle)": 0.04057188588194549,
    "robot-gripping(loaf-of-bread)": 0.15979462675750256,
    "robot-gripping(red-box-of-cereal)": 0.07856800438215335,
    "robot-gripping(red-can-of-soda)": 0.1931367279806485
}