{
    "on-table(milk-carton,wood-table)": 0.033457608660683036,
    "on-table(milk-carton,black-table)": 0.6441792696714401,
    "on-table(milk-carton,white-table)": 0.015186484037258197,
    "on-table(lemon,wood-table)": 0.07288646460559296,
    "on-table(lemon,black-table)": 0.21629292779471143,
    "on-table(lemon,white-table)": 0.004321194371489885,
    "on-table(green-bottle,wood-table)": 0.1881517461539867,
    "on-table(green-bottle,black-table)": 0.008048818416606688,
    "on-table(green-bottle,white-table)": 0.9984045227368673,
    "on-table(loaf-of-bread,wood-table)": 0.2826543226838112,
    "on-table(loaf-of-bread,black-table)": 0.6383857003723582,
    "on-table(loaf-of-bread,white-table)": 0.09107118512717231,
    "on-table(red-box-of-cereal,wood-table)": 0.01868772101200496,
    "on-table(red-box-of-cereal,black-table)": 0.6016115268381933,
    "on-table(red-box-of-cereal,white-table)": 0.020097417393117212,
    "on-table(red-can-of-soda,wood-table)": 0.041812875051012575,
    "on-table(red-can-of-soda,black-table)": 0.8321452890716804,
    "on-table(red-can-of-soda,white-table)": 0.009640036436394439,
    "robot-gripper-empty()": 0.8552211672067642,
    "robot-gripping(milk-carton)": 0.165827092093726,
    "robot-gripping(lemon)": 0.03255609329789877,
    "robot-gripping(green-bottle)": 0.03677518388334041,
    "robot-gripping(loaf-of-bread)": 0.08961622036683063,
    "robot-gripping(red-box-of-cereal)": 0.0943460610578768,
    "robot-gripping(red-can-of-soda)": 0.04851352687304219
}