{
    "on-table(milk-carton,wood-table)": 0.1891159440856427,
    "on-table(milk-carton,black-table)": 0.0073706701170218976,
    "on-table(milk-carton,white-table)": 0.8250780928259095,
    "on-table(lemon,wood-table)": 0.030718592267173033,
    "on-table(lemon,black-table)": 0.10864221052179346,
    "on-table(lemon,white-table)": 0.014384610214619897,
    "on-table(green-bottle,wood-table)": 0.171534252622223,
    "on-table(green-bottle,black-table)": 0.8335216319343696,
    "on-table(green-bottle,white-table)": 0.017203248915241904,
    "on-table(loaf-of-bread,wood-table)": 0.19218845506353924,
    "on-table(loaf-of-bread,black-table)": 0.06675533620000351,
    "on-table(loaf-of-bread,white-table)": 0.02057683190408473,
    "on-table(red-box-of-cereal,wood-table)": 0.010699568646183858,
    "on-table(red-box-of-cereal,black-table)": 0.007973430178632649,
    "on-table(red-box-of-cereal,white-table)": 0.0013224859673452254,
    "on-table(red-can-of-soda,wood-table)": 0.006139512479421683,
    "on-table(red-can-of-soda,black-table)": 0.00931050293941856,
    "on-table(red-can-of-soda,white-table)": 0.0004317488613499639,
    "robot-gripper-empty()": 0.7317768865420172,
    "robot-gripping(milk-carton)": 0.15791006836419305,
    "robot-gripping(lemon)": 0.1607131011163195,
    "robot-gripping(green-bottle)": 0.1775828764269439,
    "robot-gripping(loaf-of-bread)": 0.1089594264049083,
    "robot-gripping(red-box-of-cereal)": 0.01288458660322552,
    "robot-gripping(red-can-of-soda)": 0.030646371189504862
}