{
    "on-table(milk-carton,wood-table)": 0.18701251287711784,
    "on-table(milk-carton,black-table)": 0.1806681721160809,
    "on-table(milk-carton,white-table)": 0.2308739868652386,
    "on-table(lemon,wood-table)": 0.32114726106616825,
    "on-table(lemon,black-table)": 0.00038199411543852574,
    "on-table(lemon,white-table)": 0.859639011323452,
    "on-table(green-bottle,wood-table)": 0.82924217521213,
    "on-table(green-bottle,black-table)": 0.1670774481577458,
    "on-table(green-bottle,white-table)": 0.0011299636992134765,
    "on-table(loaf-of-bread,wood-table)": 0.04618285429508736,
    "on-table(loaf-of-bread,black-table)": 0.028002260621481884,
    "on-table(loaf-of-bread,white-table)": 0.16811340090741092,
    "on-table(red-box-of-cereal,wood-table)": 0.17024625240204236,
    "on-table(red-box-of-cereal,black-table)": 0.6463622667361051,
    "on-table(red-box-of-cereal,white-table)": 0.02975692701996498,
    "on-table(red-can-of-soda,wood-table)": 0.16629989074196297,
    "on-table(red-can-of-soda,black-table)": 0.827912069769809,
    "on-table(red-can-of-soda,white-table)": 0.02428114228018785,
    "robot-gripper-empty()": 0.9826065202554067,
    "robot-gripping(milk-carton)": 0.16049678002794585,
    "robot-gripping(lemon)": 0.03857518685981631,
    "robot-gripping(green-bottle)": 0.09860134361467014,
    "robot-gripping(loaf-of-bread)": 0.054115962237119675,
    "robot-gripping(red-box-of-cereal)": 0.023848220861206453,
    "robot-gripping(red-can-of-soda)": 0.04388160856130222
}