{
    "on-table(milk-carton,wood-table)": 0.3167646239356448,
    "on-table(milk-carton,black-table)": 0.4188573593273759,
    "on-table(milk-carton,white-table)": 0.015176584071014076,
    "on-table(lemon,wood-table)": 0.007829337458436688,
    "on-table(lemon,black-table)": 0.009813771796567986,
    "on-table(lemon,white-table)": 0.009455381931426624,
    "on-table(green-bottle,wood-table)": 0.1635814826853069,
    "on-table(green-bottle,black-table)": 0.0005136585629467542,
    "on-table(green-bottle,white-table)": 0.8338565415081879,
    "on-table(loaf-of-bread,wood-table)": 0.22043529224659628,
    "on-table(loaf-of-bread,black-table)": 0.36730133899254724,
    "on-table(loaf-of-bread,white-table)": 0.00350454661565891,
    "on-table(red-box-of-cereal,wood-table)": 0.6791721610352397,
    "on-table(red-box-of-cereal,black-table)": 0.01590907869391837,
    "on-table(red-box-of-cereal,white-table)": 0.0017728246443766693,
    "on-table(red-can-of-soda,wood-table)": 0.8388327776143948,
    "on-table(red-can-of-soda,black-table)": 0.16700264779577387,
    "on-table(red-can-of-soda,white-table)": 0.00174021753521932,
    "robot-gripper-empty()": 0.8926413953304291,
    "robot-gripping(milk-carton)": 0.17090989835560322,
    "robot-gripping(lemon)": 0.027359949114422005,
    "robot-gripping(green-bottle)": 0.005162227025721222,
    "robot-gripping(loaf-of-bread)": 0.03600379607329766,
    "robot-gripping(red-box-of-cereal)": 0.18186361893701056,
    "robot-gripping(red-can-of-soda)": 0.31903595686890185
}