{
    "on-table(milk-carton,wood-table)": 0.49409282287039485,
    "on-table(milk-carton,black-table)": 0.1407870936970236,
    "on-table(milk-carton,white-table)": 0.7380990457410613,
    "on-table(lemon,wood-table)": 0.2033707052699659,
    "on-table(lemon,black-table)": 0.01793754267809315,
    "on-table(lemon,white-table)": 0.8815399259328842,
    "on-table(green-bottle,wood-table)": 0.17141916961797202,
    "on-table(green-bottle,black-table)": 0.17384441865093928,
    "on-table(green-bottle,white-table)": 0.0035099084537553913,
    "on-table(loaf-of-bread,wood-table)": 0.6235045194625854,
    "on-table(loaf-of-bread,black-table)": 0.19039501281804405,
    "on-table(loaf-of-bread,white-table)": 0.08861171352085269,
    "on-table(red-box-of-cereal,wood-table)": 0.4793732024457616,
    "on-table(red-box-of-cereal,black-table)": 0.1433474380073676,
    "on-table(red-box-of-cereal,white-table)": 0.9031658122936884,
    "on-table(red-can-of-soda,wood-table)": 0.3882553833730829,
    "on-table(red-can-of-soda,black-table)": 0.07197756725508953,
    "on-table(red-can-of-soda,white-table)": 0.9551304082075754,
    "robot-gripper-empty()": 0.3586077935178764,
    "robot-gripping(milk-carton)": 0.2228041369623194,
    "robot-gripping(lemon)": 0.02027672020873676,
    "robot-gripping(green-bottle)": 0.8221596904719869,
    "robot-gripping(loaf-of-bread)": 0.09655691815229754,
    "robot-gripping(red-box-of-cereal)": 0.07713038692600094,
    "robot-gripping(red-can-of-soda)": 0.2581694678859397
}