{
    "on-table(milk-carton,wood-table)": 0.05134332718929121,
    "on-table(milk-carton,black-table)": 0.7332802158780396,
    "on-table(milk-carton,white-table)": 0.011686938161195334,
    "on-table(lemon,wood-table)": 0.33399703425554134,
    "on-table(lemon,black-table)": 0.00011362068031909682,
    "on-table(lemon,white-table)": 0.8334677930397447,
    "on-table(green-bottle,wood-table)": 0.6798939576838166,
    "on-table(green-bottle,black-table)": 0.16868328472867233,
    "on-table(green-bottle,white-table)": 0.0011386899433318831,
    "on-table(loaf-of-bread,wood-table)": 0.09845584618354526,
    "on-table(loaf-of-bread,black-table)": 0.5051887528582787,
    "on-table(loaf-of-bread,white-table)": 0.024091214715250924,
    "on-table(red-box-of-cereal,wood-table)": 0.23840120908183357,
    "on-table(red-box-of-cereal,black-table)": 0.7365518479297558,
    "on-table(red-box-of-cereal,white-table)": 0.010390218970618056,
    "on-table(red-can-of-soda,wood-table)": 0.8225531925757726,
    "on-table(red-can-of-soda,black-table)": 0.5008361534194895,
    "on-table(red-can-of-soda,white-table)": 0.002686343087248133,
    "robot-gripper-empty()": 0.7430041631062826,
    "robot-gripping(milk-carton)": 0.20072910794988275,
    "robot-gripping(lemon)": 0.023616243697082002,
    "robot-gripping(green-bottle)": 0.1730876658887913,
    "robot-gripping(loaf-of-bread)": 0.10094355038988094,
    "robot-gripping(red-box-of-cereal)": 0.17541357894272855,
    "robot-gripping(red-can-of-soda)": 0.19537576485890895
}