{
    "on-table(milk-carton,wood-table)": 0.07400094855499144,
    "on-table(milk-carton,black-table)": 0.710849684352676,
    "on-table(milk-carton,white-table)": 0.11842927276544894,
    "on-table(lemon,wood-table)": 0.027130763647922624,
    "on-table(lemon,black-table)": 0.6873708857068171,
    "on-table(lemon,white-table)": 0.009192668800854639,
    "on-table(green-bottle,wood-table)": 0.18052207631990314,
    "on-table(green-bottle,black-table)": 0.011785077305451827,
    "on-table(green-bottle,white-table)": 0.9969311555226644,
    "on-table(loaf-of-bread,wood-table)": 0.19329516026967516,
    "on-table(loaf-of-bread,black-table)": 0.42737910176704946,
    "on-table(loaf-of-bread,white-table)": 0.041511072578335494,
    "on-table(red-box-of-cereal,wood-table)": 0.015767370287600595,
    "on-table(red-box-of-cereal,black-table)": 0.24807443350922162,
    "on-table(red-box-of-cereal,white-table)": 0.07211902352719335,
    "on-table(red-can-of-soda,wood-table)": 0.12728258674178505,
    "on-table(red-can-of-soda,black-table)": 0.7508246342961987,
    "on-table(red-can-of-soda,white-table)": 0.01750588175370164,
    "robot-gripper-empty()": 0.9648621082305908,
    "robot-gripping(milk-carton)": 0.07786337255189817,
    "robot-gripping(lemon)": 0.03107528466110428,
    "robot-gripping(green-bottle)": 0.05002742848834411,
    "robot-gripping(loaf-of-bread)": 0.07450563262682408,
    "robot-gripping(red-box-of-cereal)": 0.035002366930712014,
    "robot-gripping(red-can-of-soda)": 0.1073366579754899
}