{
    "on-table(milk-carton,wood-table)": 0.8620921025673548,
    "on-table(milk-carton,black-table)": 0.3108797797782851,
    "on-table(milk-carton,white-table)": 0.01696135483022469,
    "on-table(lemon,wood-table)": 0.1654846184052682,
    "on-table(lemon,black-table)": 0.15099856125774144,
    "on-table(lemon,white-table)": 0.832282927663376,
    "on-table(green-bottle,wood-table)": 0.14783566358528333,
    "on-table(green-bottle,black-table)": 0.0007689431634692786,
    "on-table(green-bottle,white-table)": 0.8351339741299549,
    "on-table(loaf-of-bread,wood-table)": 0.33268946533401805,
    "on-table(loaf-of-bread,black-table)": 0.5787926620493332,
    "on-table(loaf-of-bread,white-table)": 0.01149841776835577,
    "on-table(red-box-of-cereal,wood-table)": 0.9944353997707367,
    "on-table(red-box-of-cereal,black-table)": 0.3294837545380081,
    "on-table(red-box-of-cereal,white-table)": 0.018548881471057637,
    "on-table(red-can-of-soda,wood-table)": 0.9707121849060059,
    "on-table(red-can-of-soda,black-table)": 0.30685182521119714,
    "on-table(red-can-of-soda,white-table)": 0.01378828021688605,
    "robot-gripper-empty()": 0.9547049105167389,
    "robot-gripping(milk-carton)": 0.185622397189339,
    "robot-gripping(lemon)": 0.06971230435495575,
    "robot-gripping(green-bottle)": 0.022643372183665633,
    "robot-gripping(loaf-of-bread)": 0.08993653611590464,
    "robot-gripping(red-box-of-cereal)": 0.10925170426101734,
    "robot-gripping(red-can-of-soda)": 0.488652804090331
}