{
    "on-table(milk-carton,wood-table)": 0.3724703516345471,
    "on-table(milk-carton,black-table)": 0.08414176115911687,
    "on-table(milk-carton,white-table)": 0.7783598092695078,
    "on-table(lemon,wood-table)": 0.2604664251509045,
    "on-table(lemon,black-table)": 0.03621559654830738,
    "on-table(lemon,white-table)": 0.8118792918200294,
    "on-table(green-bottle,wood-table)": 0.16664558516155617,
    "on-table(green-bottle,black-table)": 0.009924441781701413,
    "on-table(green-bottle,white-table)": 0.8456008781989416,
    "on-table(loaf-of-bread,wood-table)": 0.275304179561014,
    "on-table(loaf-of-bread,black-table)": 0.008907087810560673,
    "on-table(loaf-of-bread,white-table)": 0.850578635931015,
    "on-table(red-box-of-cereal,wood-table)": 0.0499587950471323,
    "on-table(red-box-of-cereal,black-table)": 0.02818792832355636,
    "on-table(red-box-of-cereal,white-table)": 0.7447788516680399,
    "on-table(red-can-of-soda,wood-table)": 0.09695998790751521,
    "on-table(red-can-of-soda,black-table)": 0.01578860093347127,
    "on-table(red-can-of-soda,white-table)": 0.8541717156767845,
    "robot-gripper-empty()": 0.7406790542105833,
    "robot-gripping(milk-carton)": 0.31798898925383884,
    "robot-gripping(lemon)": 0.07715198397636414,
    "robot-gripping(green-bottle)": 0.10402530431747437,
    "robot-gripping(loaf-of-bread)": 0.14324280433356762,
    "robot-gripping(red-box-of-cereal)": 0.29971062128121656,
    "robot-gripping(red-can-of-soda)": 0.5667614862322807
}