{
    "on-table(milk-carton,wood-table)": 0.14216996758477762,
    "on-table(milk-carton,black-table)": 0.03585184553715711,
    "on-table(milk-carton,white-table)": 0.8310722261667252,
    "on-table(lemon,wood-table)": 0.49102560857863864,
    "on-table(lemon,black-table)": 0.8139319519201914,
    "on-table(lemon,white-table)": 0.00881566957590015,
    "on-table(green-bottle,wood-table)": 0.9923685888449351,
    "on-table(green-bottle,black-table)": 0.3337279947870684,
    "on-table(green-bottle,white-table)": 0.007998101493133921,
    "on-table(loaf-of-bread,wood-table)": 0.49773121167284745,
    "on-table(loaf-of-bread,black-table)": 0.03894316163738646,
    "on-table(loaf-of-bread,white-table)": 0.023766398132769,
    "on-table(red-box-of-cereal,wood-table)": 0.010838502591165403,
    "on-table(red-box-of-cereal,black-table)": 0.008608340242062695,
    "on-table(red-box-of-cereal,white-table)": 0.6580143927906951,
    "on-table(red-can-of-soda,wood-table)": 0.15248551701188262,
    "on-table(red-can-of-soda,black-table)": 0.7923219606806621,
    "on-table(red-can-of-soda,white-table)": 0.3406954323751658,
    "robot-gripper-empty()": 0.8649091000358263,
    "robot-gripping(milk-carton)": 0.14326242171227932,
    "robot-gripping(lemon)": 0.048687163119514786,
    "robot-gripping(green-bottle)": 0.16758593098105243,
    "robot-gripping(loaf-of-bread)": 0.12757281928012768,
    "robot-gripping(red-box-of-cereal)": 0.07207234054415797,
    "robot-gripping(red-can-of-soda)": 0.11896402844771121
}