{
    "on-table(milk-carton,wood-table)": 0.6402108445763588,
    "on-table(milk-carton,black-table)": 0.5953576700218642,
    "on-table(milk-carton,white-table)": 0.027167860747188872,
    "on-table(lemon,wood-table)": 0.039466079586418346,
    "on-table(lemon,black-table)": 0.6666708204041546,
    "on-table(lemon,white-table)": 0.044883742298225116,
    "on-table(green-bottle,wood-table)": 0.1672815323472605,
    "on-table(green-bottle,black-table)": 0.00014517379675756578,
    "on-table(green-bottle,white-table)": 0.8334782908690007,
    "on-table(loaf-of-bread,wood-table)": 0.47534569166600704,
    "on-table(loaf-of-bread,black-table)": 0.37210988253355026,
    "on-table(loaf-of-bread,white-table)": 0.06671553530880676,
    "on-table(red-box-of-cereal,wood-table)": 0.382693309802562,
    "on-table(red-box-of-cereal,black-table)": 0.7713637351989746,
    "on-table(red-box-of-cereal,white-table)": 0.014366448866591478,
    "on-table(red-can-of-soda,wood-table)": 0.9261040588219961,
    "on-table(red-can-of-soda,black-table)": 0.38595178833293176,
    "on-table(red-can-of-soda,white-table)": 0.04685291423690311,
    "robot-gripper-empty()": 0.9050057530403137,
    "robot-gripping(milk-carton)": 0.1565265627577901,
    "robot-gripping(lemon)": 0.0794610771505783,
    "robot-gripping(green-bottle)": 0.012168903602287173,
    "robot-gripping(loaf-of-bread)": 0.1160382389401396,
    "robot-gripping(red-box-of-cereal)": 0.19167991001935056,
    "robot-gripping(red-can-of-soda)": 0.16645624473070106
}