{
    "on-table(milk-carton,wood-table)": 0.12466486675839406,
    "on-table(milk-carton,black-table)": 0.678613101442655,
    "on-table(milk-carton,white-table)": 0.19812244027768125,
    "on-table(lemon,wood-table)": 0.02280045898987737,
    "on-table(lemon,black-table)": 0.14920019196915746,
    "on-table(lemon,white-table)": 0.3166304681476504,
    "on-table(green-bottle,wood-table)": 0.11794241529181211,
    "on-table(green-bottle,black-table)": 0.8332295243744738,
    "on-table(green-bottle,white-table)": 0.0005997628773002361,
    "on-table(loaf-of-bread,wood-table)": 0.24191664081687728,
    "on-table(loaf-of-bread,black-table)": 0.6940588407839338,
    "on-table(loaf-of-bread,white-table)": 0.05693639446205149,
    "on-table(red-box-of-cereal,wood-table)": 0.25965252697157365,
    "on-table(red-box-of-cereal,black-table)": 0.030771429650485516,
    "on-table(red-box-of-cereal,white-table)": 0.6847194687773784,
    "on-table(red-can-of-soda,wood-table)": 0.3071707236825508,
    "on-table(red-can-of-soda,black-table)": 0.007792940332819853,
    "on-table(red-can-of-soda,white-table)": 0.9085376262664795,
    "robot-gripper-empty()": 0.9687467316786448,
    "robot-gripping(milk-carton)": 0.1273030862212181,
    "robot-gripping(lemon)": 0.03350985593472918,
    "robot-gripping(green-bottle)": 0.07874277366014819,
    "robot-gripping(loaf-of-bread)": 0.1143337778436641,
    "robot-gripping(red-box-of-cereal)": 0.10481486194961083,
    "robot-gripping(red-can-of-soda)": 0.17361340570884445
}