{
    "on-table(milk-carton,wood-table)": 0.28226136660669,
    "on-table(milk-carton,black-table)": 0.13385895614677187,
    "on-table(milk-carton,white-table)": 0.5865517451117436,
    "on-table(lemon,wood-table)": 0.09928452825018515,
    "on-table(lemon,black-table)": 0.003784213660082969,
    "on-table(lemon,white-table)": 0.8337212748204669,
    "on-table(green-bottle,wood-table)": 0.002084074840240646,
    "on-table(green-bottle,black-table)": 0.00077198859270311,
    "on-table(green-bottle,white-table)": 0.8342352708180746,
    "on-table(loaf-of-bread,wood-table)": 0.24001950646440187,
    "on-table(loaf-of-bread,black-table)": 0.5302395968077084,
    "on-table(loaf-of-bread,white-table)": 0.0764374954936405,
    "on-table(red-box-of-cereal,wood-table)": 0.9965290526549021,
    "on-table(red-box-of-cereal,black-table)": 0.3425867191981524,
    "on-table(red-box-of-cereal,white-table)": 0.012428136380549404,
    "on-table(red-can-of-soda,wood-table)": 0.5886047591920942,
    "on-table(red-can-of-soda,black-table)": 0.7115870591563483,
    "on-table(red-can-of-soda,white-table)": 0.012292895574622284,
    "robot-gripper-empty()": 0.9679641822973887,
    "robot-gripping(milk-carton)": 0.12679102489103874,
    "robot-gripping(lemon)": 0.06334095417211454,
    "robot-gripping(green-bottle)": 0.015030706277078329,
    "robot-gripping(loaf-of-bread)": 0.08809295979638894,
    "robot-gripping(red-box-of-cereal)": 0.11018289121178289,
    "robot-gripping(red-can-of-soda)": 0.08613507666935523
}