{
    "on-table(milk-carton,wood-table)": 0.24846903867243478,
    "on-table(milk-carton,black-table)": 0.4302014641774197,
    "on-table(milk-carton,white-table)": 0.1392456898271727,
    "on-table(lemon,wood-table)": 0.18009567952200692,
    "on-table(lemon,black-table)": 0.0002794615142344507,
    "on-table(lemon,white-table)": 0.9484440982341766,
    "on-table(green-bottle,wood-table)": 0.8440428425868353,
    "on-table(green-bottle,black-table)": 0.19109962029517646,
    "on-table(green-bottle,white-table)": 0.01164354073572819,
    "on-table(loaf-of-bread,wood-table)": 0.16902494500391185,
    "on-table(loaf-of-bread,black-table)": 0.061970654205651954,
    "on-table(loaf-of-bread,white-table)": 0.13683523407720108,
    "on-table(red-box-of-cereal,wood-table)": 0.35073142498731613,
    "on-table(red-box-of-cereal,black-table)": 0.2640106458275113,
    "on-table(red-box-of-cereal,white-table)": 0.15362303528187718,
    "on-table(red-can-of-soda,wood-table)": 0.9967180589834849,
    "on-table(red-can-of-soda,black-table)": 0.33294261514663503,
    "on-table(red-can-of-soda,white-table)": 0.16449402765200224,
    "robot-gripper-empty()": 0.8592826028664907,
    "robot-gripping(milk-carton)": 0.1917646707346042,
    "robot-gripping(lemon)": 0.0864978600681449,
    "robot-gripping(green-bottle)": 0.1887179003097117,
    "robot-gripping(loaf-of-bread)": 0.07131369846562545,
    "robot-gripping(red-box-of-cereal)": 0.02370158319051067,
    "robot-gripping(red-can-of-soda)": 0.2233318050081531
}