{
    "on-table(milk-carton,wood-table)": 0.19253322621807456,
    "on-table(milk-carton,black-table)": 0.2710992111824453,
    "on-table(milk-carton,white-table)": 0.08199930936098099,
    "on-table(lemon,wood-table)": 0.3355839556218901,
    "on-table(lemon,black-table)": 0.8662466903527578,
    "on-table(lemon,white-table)": 0.139060761148509,
    "on-table(green-bottle,wood-table)": 0.8480211248000463,
    "on-table(green-bottle,black-table)": 0.2125607196957541,
    "on-table(green-bottle,white-table)": 0.015155982334439008,
    "on-table(loaf-of-bread,wood-table)": 0.5071374156977981,
    "on-table(loaf-of-bread,black-table)": 0.06392352199569966,
    "on-table(loaf-of-bread,white-table)": 0.05594732041208772,
    "on-table(red-box-of-cereal,wood-table)": 0.06540960158842306,
    "on-table(red-box-of-cereal,black-table)": 0.4095833407094081,
    "on-table(red-box-of-cereal,white-table)": 0.0462131155266737,
    "on-table(red-can-of-soda,wood-table)": 0.1927654645490596,
    "on-table(red-can-of-soda,black-table)": 0.9223429759343466,
    "on-table(red-can-of-soda,white-table)": 0.07600834375898557,
    "robot-gripper-empty()": 0.9078403611977895,
    "robot-gripping(milk-carton)": 0.13604281780620417,
    "robot-gripping(lemon)": 0.04912763539080819,
    "robot-gripping(green-bottle)": 0.13087693508714437,
    "robot-gripping(loaf-of-bread)": 0.14658562295759717,
    "robot-gripping(red-box-of-cereal)": 0.07421857002191246,
    "robot-gripping(red-can-of-soda)": 0.1446993051407238
}