{
    "on-table(milk-carton,wood-table)": 0.6354059713582197,
    "on-table(milk-carton,black-table)": 0.33491272603047645,
    "on-table(milk-carton,white-table)": 0.14221119980114358,
    "on-table(lemon,wood-table)": 0.19068875961238518,
    "on-table(lemon,black-table)": 0.00201200083574804,
    "on-table(lemon,white-table)": 0.999104787906011,
    "on-table(green-bottle,wood-table)": 0.2262976922453769,
    "on-table(green-bottle,black-table)": 0.8876293351252874,
    "on-table(green-bottle,white-table)": 0.004021526553212122,
    "on-table(loaf-of-bread,wood-table)": 0.3967661242932081,
    "on-table(loaf-of-bread,black-table)": 0.39125878635483485,
    "on-table(loaf-of-bread,white-table)": 0.17136105149014233,
    "on-table(red-box-of-cereal,wood-table)": 0.20476905091588074,
    "on-table(red-box-of-cereal,black-table)": 0.2919111573913445,
    "on-table(red-box-of-cereal,white-table)": 0.007529606344178319,
    "on-table(red-can-of-soda,wood-table)": 0.22080091630535512,
    "on-table(red-can-of-soda,black-table)": 0.936917781829834,
    "on-table(red-can-of-soda,white-table)": 0.010938648146596583,
    "robot-gripper-empty()": 0.9637265900770823,
    "robot-gripping(milk-carton)": 0.21873767332484326,
    "robot-gripping(lemon)": 0.0840542574878782,
    "robot-gripping(green-bottle)": 0.03870561575361838,
    "robot-gripping(loaf-of-bread)": 0.1319116192559401,
    "robot-gripping(red-box-of-cereal)": 0.02514503663405776,
    "robot-gripping(red-can-of-soda)": 0.09466953435912728
}