{
    "on-table(milk-carton,wood-table)": 0.38281628116965294,
    "on-table(milk-carton,black-table)": 0.453545480966568,
    "on-table(milk-carton,white-table)": 0.2795855326888462,
    "on-table(lemon,wood-table)": 0.18663926830049604,
    "on-table(lemon,black-table)": 0.8730168640613556,
    "on-table(lemon,white-table)": 0.005160074671342348,
    "on-table(green-bottle,wood-table)": 0.1725800311784648,
    "on-table(green-bottle,black-table)": 0.9969975153605143,
    "on-table(green-bottle,white-table)": 0.06559468291440378,
    "on-table(loaf-of-bread,wood-table)": 0.4474787327150504,
    "on-table(loaf-of-bread,black-table)": 0.09802334297758837,
    "on-table(loaf-of-bread,white-table)": 0.25348040989289683,
    "on-table(red-box-of-cereal,wood-table)": 0.19517144522008797,
    "on-table(red-box-of-cereal,black-table)": 0.3300184824426348,
    "on-table(red-box-of-cereal,white-table)": 0.0393876930368909,
    "on-table(red-can-of-soda,wood-table)": 0.12354382981235783,
    "on-table(red-can-of-soda,black-table)": 0.7516354341059923,
    "on-table(red-can-of-soda,white-table)": 0.011076438978003958,
    "robot-gripper-empty()": 0.5197089204545288,
    "robot-gripping(milk-carton)": 0.45949128332237404,
    "robot-gripping(lemon)": 0.09263635240495205,
    "robot-gripping(green-bottle)": 0.07287824821347992,
    "robot-gripping(loaf-of-bread)": 0.24553629787017903,
    "robot-gripping(red-box-of-cereal)": 0.6197261673708757,
    "robot-gripping(red-can-of-soda)": 0.733132895703117
}