{
    "on-table(milk-carton,wood-table)": 0.6093355645037567,
    "on-table(milk-carton,black-table)": 0.26594509478991313,
    "on-table(milk-carton,white-table)": 0.09521978854566744,
    "on-table(lemon,wood-table)": 0.1877870807851044,
    "on-table(lemon,black-table)": 0.02854896218711171,
    "on-table(lemon,white-table)": 0.9718456963698069,
    "on-table(green-bottle,wood-table)": 0.16959362078341655,
    "on-table(green-bottle,black-table)": 0.1710212878300202,
    "on-table(green-bottle,white-table)": 0.00187178497617424,
    "on-table(loaf-of-bread,wood-table)": 0.3032099842093885,
    "on-table(loaf-of-bread,black-table)": 0.43942048342432827,
    "on-table(loaf-of-bread,white-table)": 0.13256726740898253,
    "on-table(red-box-of-cereal,wood-table)": 0.22644645234686323,
    "on-table(red-box-of-cereal,black-table)": 0.07381253480222465,
    "on-table(red-box-of-cereal,white-table)": 0.004103775715824061,
    "on-table(red-can-of-soda,wood-table)": 0.689453985542059,
    "on-table(red-can-of-soda,black-table)": 0.19505677530711787,
    "on-table(red-can-of-soda,white-table)": 0.004909347823740973,
    "robot-gripper-empty()": 0.5279108353230791,
    "robot-gripping(milk-carton)": 0.13907569274306297,
    "robot-gripping(lemon)": 0.059893664025973216,
    "robot-gripping(green-bottle)": 0.7313059891263644,
    "robot-gripping(loaf-of-bread)": 0.08182236296124756,
    "robot-gripping(red-box-of-cereal)": 0.025548259009762358,
    "robot-gripping(red-can-of-soda)": 0.11384329261879127
}