{
    "on-table(milk-carton,wood-table)": 0.7904010762770971,
    "on-table(milk-carton,black-table)": 0.3269522830863328,
    "on-table(milk-carton,white-table)": 0.027706987083850738,
    "on-table(lemon,wood-table)": 0.17669232308253413,
    "on-table(lemon,black-table)": 0.03475269304120351,
    "on-table(lemon,white-table)": 0.9998727341492971,
    "on-table(green-bottle,wood-table)": 0.2449485784394104,
    "on-table(green-bottle,black-table)": 0.8732088928421339,
    "on-table(green-bottle,white-table)": 0.0008078215660892359,
    "on-table(loaf-of-bread,wood-table)": 0.5839407805663844,
    "on-table(loaf-of-bread,black-table)": 0.15145831134335216,
    "on-table(loaf-of-bread,white-table)": 0.1226135831099479,
    "on-table(red-box-of-cereal,wood-table)": 0.3070188928832067,
    "on-table(red-box-of-cereal,black-table)": 0.9938416679700216,
    "on-table(red-box-of-cereal,white-table)": 0.00691678927250905,
    "on-table(red-can-of-soda,wood-table)": 0.24889020532161035,
    "on-table(red-can-of-soda,black-table)": 0.9971519807974497,
    "on-table(red-can-of-soda,white-table)": 0.0008664140812773743,
    "robot-gripper-empty()": 0.8928306003411611,
    "robot-gripping(milk-carton)": 0.20124052464962006,
    "robot-gripping(lemon)": 0.086197139423651,
    "robot-gripping(green-bottle)": 0.0971044128915916,
    "robot-gripping(loaf-of-bread)": 0.12968724593520164,
    "robot-gripping(red-box-of-cereal)": 0.05051741446368396,
    "robot-gripping(red-can-of-soda)": 0.09257122913065056
}