{
    "on-table(milk-carton,wood-table)": 0.430345485607783,
    "on-table(milk-carton,black-table)": 0.008101523211128855,
    "on-table(milk-carton,white-table)": 0.6995231738934914,
    "on-table(lemon,wood-table)": 0.40251065130966407,
    "on-table(lemon,black-table)": 0.009269690324041827,
    "on-table(lemon,white-table)": 0.7063204677154621,
    "on-table(green-bottle,wood-table)": 0.17140333482287437,
    "on-table(green-bottle,black-table)": 0.005816083079101493,
    "on-table(green-bottle,white-table)": 0.8216654844582081,
    "on-table(loaf-of-bread,wood-table)": 0.7187884276111921,
    "on-table(loaf-of-bread,black-table)": 0.03183214761763035,
    "on-table(loaf-of-bread,white-table)": 0.19572576203305894,
    "on-table(red-box-of-cereal,wood-table)": 0.1743212362016493,
    "on-table(red-box-of-cereal,black-table)": 0.016973057198507984,
    "on-table(red-box-of-cereal,white-table)": 0.680257742293179,
    "on-table(red-can-of-soda,wood-table)": 0.0401981216588562,
    "on-table(red-can-of-soda,black-table)": 0.00685311282601712,
    "on-table(red-can-of-soda,white-table)": 0.5441186673318347,
    "robot-gripper-empty()": 0.8674329916636149,
    "robot-gripping(milk-carton)": 0.1355977545802792,
    "robot-gripping(lemon)": 0.061390495393425226,
    "robot-gripping(green-bottle)": 0.03680216893553734,
    "robot-gripping(loaf-of-bread)": 0.18699993969251713,
    "robot-gripping(red-box-of-cereal)": 0.10691881660992901,
    "robot-gripping(red-can-of-soda)": 0.15832852626529834
}