{
    "on-table(milk-carton,wood-table)": 0.4331893291085483,
    "on-table(milk-carton,black-table)": 0.004205964121259361,
    "on-table(milk-carton,white-table)": 0.5119292373225713,
    "on-table(lemon,wood-table)": 0.04488715638702464,
    "on-table(lemon,black-table)": 0.0016418407709958653,
    "on-table(lemon,white-table)": 0.019640286869313666,
    "on-table(green-bottle,wood-table)": 0.06771816551675632,
    "on-table(green-bottle,black-table)": 0.00108045690929733,
    "on-table(green-bottle,white-table)": 0.8346412500056127,
    "on-table(loaf-of-bread,wood-table)": 0.6669568826134006,
    "on-table(loaf-of-bread,black-table)": 0.1362816029266772,
    "on-table(loaf-of-bread,white-table)": 0.010934553741814549,
    "on-table(red-box-of-cereal,wood-table)": 0.8331672763354921,
    "on-table(red-box-of-cereal,black-table)": 0.16667618934661732,
    "on-table(red-box-of-cereal,white-table)": 0.0011407328329369193,
    "on-table(red-can-of-soda,wood-table)": 0.8329327529597018,
    "on-table(red-can-of-soda,black-table)": 0.16549045245081592,
    "on-table(red-can-of-soda,white-table)": 0.010588070348338382,
    "robot-gripper-empty()": 0.8571524073680242,
    "robot-gripping(milk-carton)": 0.17150158435106277,
    "robot-gripping(lemon)": 0.04975107257875303,
    "robot-gripping(green-bottle)": 0.010152478687814437,
    "robot-gripping(loaf-of-bread)": 0.14479482406750321,
    "robot-gripping(red-box-of-cereal)": 0.13163679232820868,
    "robot-gripping(red-can-of-soda)": 0.19071249438760182
}