{
    "on-table(milk-carton,wood-table)": 0.21060208248187942,
    "on-table(milk-carton,black-table)": 0.004021940855030455,
    "on-table(milk-carton,white-table)": 0.8381108418107033,
    "on-table(lemon,wood-table)": 0.15084989366854037,
    "on-table(lemon,black-table)": 0.05109111465882658,
    "on-table(lemon,white-table)": 0.9573381940523783,
    "on-table(green-bottle,wood-table)": 0.997846245765686,
    "on-table(green-bottle,black-table)": 0.33224600031307244,
    "on-table(green-bottle,white-table)": 0.012409705120262515,
    "on-table(loaf-of-bread,wood-table)": 0.674710884069403,
    "on-table(loaf-of-bread,black-table)": 0.2297894929361064,
    "on-table(loaf-of-bread,white-table)": 0.05357387128606206,
    "on-table(red-box-of-cereal,wood-table)": 0.663612601502488,
    "on-table(red-box-of-cereal,black-table)": 0.28650068315134075,
    "on-table(red-box-of-cereal,white-table)": 0.462153240145805,
    "on-table(red-can-of-soda,wood-table)": 0.16623395235850089,
    "on-table(red-can-of-soda,black-table)": 0.002998953535552573,
    "on-table(red-can-of-soda,white-table)": 0.8395589714248975,
    "robot-gripper-empty()": 0.6951671863595644,
    "robot-gripping(milk-carton)": 0.45414293309052783,
    "robot-gripping(lemon)": 0.2039955568810304,
    "robot-gripping(green-bottle)": 0.1837145077685515,
    "robot-gripping(loaf-of-bread)": 0.38378189752499264,
    "robot-gripping(red-box-of-cereal)": 0.2867647608121236,
    "robot-gripping(red-can-of-soda)": 0.4514034700890382
}