{
    "on-table(milk-carton,wood-table)": 0.31240478592614335,
    "on-table(milk-carton,black-table)": 0.5362296427289645,
    "on-table(milk-carton,white-table)": 0.06012891670494961,
    "on-table(lemon,wood-table)": 0.17826177316358857,
    "on-table(lemon,black-table)": 0.8242823785791794,
    "on-table(lemon,white-table)": 0.08679525179483487,
    "on-table(green-bottle,wood-table)": 0.05939300509150295,
    "on-table(green-bottle,black-table)": 0.23105209709804816,
    "on-table(green-bottle,white-table)": 0.22764900198671967,
    "on-table(loaf-of-bread,wood-table)": 0.2430118805884073,
    "on-table(loaf-of-bread,black-table)": 0.40515038949282217,
    "on-table(loaf-of-bread,white-table)": 0.18201435500911126,
    "on-table(red-box-of-cereal,wood-table)": 0.5615410403503726,
    "on-table(red-box-of-cereal,black-table)": 0.8419321837524573,
    "on-table(red-box-of-cereal,white-table)": 0.01310351500918235,
    "on-table(red-can-of-soda,wood-table)": 0.8920101275046667,
    "on-table(red-can-of-soda,black-table)": 0.417536833313837,
    "on-table(red-can-of-soda,white-table)": 0.00275129796652133,
    "robot-gripper-empty()": 0.915460616350174,
    "robot-gripping(milk-carton)": 0.15013160649687052,
    "robot-gripping(lemon)": 0.03894164475301901,
    "robot-gripping(green-bottle)": 0.0882753015224201,
    "robot-gripping(loaf-of-bread)": 0.07491134495163958,
    "robot-gripping(red-box-of-cereal)": 0.18331914829711118,
    "robot-gripping(red-can-of-soda)": 0.18270311007897058
}