{
    "on-table(milk-carton,wood-table)": 0.6834653417269388,
    "on-table(milk-carton,black-table)": 0.193359045983622,
    "on-table(milk-carton,white-table)": 0.37500221806112677,
    "on-table(lemon,wood-table)": 0.15198840354666268,
    "on-table(lemon,black-table)": 0.8332061370213827,
    "on-table(lemon,white-table)": 0.00196440424163787,
    "on-table(green-bottle,wood-table)": 0.17078566789859906,
    "on-table(green-bottle,black-table)": 0.003777802763731112,
    "on-table(green-bottle,white-table)": 0.9593894680341085,
    "on-table(loaf-of-bread,wood-table)": 0.19538676971569657,
    "on-table(loaf-of-bread,black-table)": 0.04757059561961796,
    "on-table(loaf-of-bread,white-table)": 0.5873493672115728,
    "on-table(red-box-of-cereal,wood-table)": 0.20363037486094981,
    "on-table(red-box-of-cereal,black-table)": 0.025376640103786485,
    "on-table(red-box-of-cereal,white-table)": 0.9783295492331187,
    "on-table(red-can-of-soda,wood-table)": 0.19274852890521288,
    "on-table(red-can-of-soda,black-table)": 0.016678535161190666,
    "on-table(red-can-of-soda,white-table)": 0.30029137661040295,
    "robot-gripper-empty()": 0.846274753411611,
    "robot-gripping(milk-carton)": 0.24568133304516473,
    "robot-gripping(lemon)": 0.15299402425686517,
    "robot-gripping(green-bottle)": 0.032213254715316,
    "robot-gripping(loaf-of-bread)": 0.07688515384991963,
    "robot-gripping(red-box-of-cereal)": 0.0880885695417722,
    "robot-gripping(red-can-of-soda)": 0.5387769105533758
}