{
    "on-table(milk-carton,wood-table)": 0.18159223312007575,
    "on-table(milk-carton,black-table)": 0.5528795138622323,
    "on-table(milk-carton,white-table)": 0.2942465737663345,
    "on-table(lemon,wood-table)": 0.18959778091326976,
    "on-table(lemon,black-table)": 0.0016404684311813373,
    "on-table(lemon,white-table)": 0.9913692772388458,
    "on-table(green-bottle,wood-table)": 0.8365559155742327,
    "on-table(green-bottle,black-table)": 0.18029667414968267,
    "on-table(green-bottle,white-table)": 0.00699580088254,
    "on-table(loaf-of-bread,wood-table)": 0.1717680626704047,
    "on-table(loaf-of-bread,black-table)": 0.16081431362545118,
    "on-table(loaf-of-bread,white-table)": 0.2902040520954567,
    "on-table(red-box-of-cereal,wood-table)": 0.16650399391073734,
    "on-table(red-box-of-cereal,black-table)": 0.04899688375492891,
    "on-table(red-box-of-cereal,white-table)": 0.032057279526876904,
    "on-table(red-can-of-soda,wood-table)": 0.171680124704532,
    "on-table(red-can-of-soda,black-table)": 0.13603930439179143,
    "on-table(red-can-of-soda,white-table)": 0.005528913752641529,
    "robot-gripper-empty()": 0.8027509724100431,
    "robot-gripping(milk-carton)": 0.18663738978405794,
    "robot-gripping(lemon)": 0.07876291126012802,
    "robot-gripping(green-bottle)": 0.20616975465478996,
    "robot-gripping(loaf-of-bread)": 0.08738005626946688,
    "robot-gripping(red-box-of-cereal)": 0.2360135909790794,
    "robot-gripping(red-can-of-soda)": 0.5573976379819214
}