{
    "on-table(milk-carton,wood-table)": 0.2026348958412806,
    "on-table(milk-carton,black-table)": 0.07608640142764973,
    "on-table(milk-carton,white-table)": 0.8573119963208834,
    "on-table(lemon,wood-table)": 0.13267656296375208,
    "on-table(lemon,black-table)": 0.8317714678123593,
    "on-table(lemon,white-table)": 0.16139971098436945,
    "on-table(green-bottle,wood-table)": 0.19314572631265037,
    "on-table(green-bottle,black-table)": 0.8468551884094874,
    "on-table(green-bottle,white-table)": 0.012552200350758843,
    "on-table(loaf-of-bread,wood-table)": 0.21964046017577252,
    "on-table(loaf-of-bread,black-table)": 0.003107101656496525,
    "on-table(loaf-of-bread,white-table)": 0.6536870909233888,
    "on-table(red-box-of-cereal,wood-table)": 0.4007803077499072,
    "on-table(red-box-of-cereal,black-table)": 0.27292215447717655,
    "on-table(red-box-of-cereal,white-table)": 0.09649741715596367,
    "on-table(red-can-of-soda,wood-table)": 0.8636933192610741,
    "on-table(red-can-of-soda,black-table)": 0.1721407517670741,
    "on-table(red-can-of-soda,white-table)": 0.05545347646413271,
    "robot-gripper-empty()": 0.7110123470774852,
    "robot-gripping(milk-carton)": 0.29884446163972217,
    "robot-gripping(lemon)": 0.04714518979502221,
    "robot-gripping(green-bottle)": 0.05363657705796262,
    "robot-gripping(loaf-of-bread)": 0.1591430533056458,
    "robot-gripping(red-box-of-cereal)": 0.5412866442153851,
    "robot-gripping(red-can-of-soda)": 0.46990054845809937
}