{
    "on-table(milk-carton,wood-table)": 0.6534171688059965,
    "on-table(milk-carton,black-table)": 0.13276326820626613,
    "on-table(milk-carton,white-table)": 0.16868864271479347,
    "on-table(lemon,wood-table)": 0.2026243009592387,
    "on-table(lemon,black-table)": 0.008559817884815857,
    "on-table(lemon,white-table)": 0.8515672435363134,
    "on-table(green-bottle,wood-table)": 0.010396619172145924,
    "on-table(green-bottle,black-table)": 0.011398111683471749,
    "on-table(green-bottle,white-table)": 0.003423347183949469,
    "on-table(loaf-of-bread,wood-table)": 0.17755567918842038,
    "on-table(loaf-of-bread,black-table)": 0.6712263726318876,
    "on-table(loaf-of-bread,white-table)": 0.019807704504880046,
    "on-table(red-box-of-cereal,wood-table)": 0.2404536591602664,
    "on-table(red-box-of-cereal,black-table)": 0.7321324784619113,
    "on-table(red-box-of-cereal,white-table)": 0.16824933290869618,
    "on-table(red-can-of-soda,wood-table)": 0.16708579411836885,
    "on-table(red-can-of-soda,black-table)": 0.025858255076286696,
    "on-table(red-can-of-soda,white-table)": 0.8341336278244853,
    "robot-gripper-empty()": 0.779224805533886,
    "robot-gripping(milk-carton)": 0.30445676669478416,
    "robot-gripping(lemon)": 0.06046870226661364,
    "robot-gripping(green-bottle)": 0.08744224331652124,
    "robot-gripping(loaf-of-bread)": 0.29346626810729504,
    "robot-gripping(red-box-of-cereal)": 0.3635857555394371,
    "robot-gripping(red-can-of-soda)": 0.13429898706575236
}