{
    "on-table(milk-carton,wood-table)": 0.10762411907004814,
    "on-table(milk-carton,black-table)": 0.5974869922113916,
    "on-table(milk-carton,white-table)": 0.20876762727857567,
    "on-table(lemon,wood-table)": 0.14620421727886423,
    "on-table(lemon,black-table)": 0.8312998766389986,
    "on-table(lemon,white-table)": 0.014353561219195399,
    "on-table(green-bottle,wood-table)": 0.1694755413021388,
    "on-table(green-bottle,black-table)": 0.0005239429740792426,
    "on-table(green-bottle,white-table)": 0.8340468152891845,
    "on-table(loaf-of-bread,wood-table)": 0.26655480545014143,
    "on-table(loaf-of-bread,black-table)": 0.5205991398543119,
    "on-table(loaf-of-bread,white-table)": 0.008341014734469354,
    "on-table(red-box-of-cereal,wood-table)": 0.16267266205977648,
    "on-table(red-box-of-cereal,black-table)": 0.8300721871977051,
    "on-table(red-box-of-cereal,white-table)": 0.02591208546133809,
    "on-table(red-can-of-soda,wood-table)": 0.16533645794940335,
    "on-table(red-can-of-soda,black-table)": 0.8314991912338883,
    "on-table(red-can-of-soda,white-table)": 0.0055404623111220035,
    "robot-gripper-empty()": 0.8500737398862839,
    "robot-gripping(milk-carton)": 0.22713731167217097,
    "robot-gripping(lemon)": 0.1213032144587487,
    "robot-gripping(green-bottle)": 0.05187149609749516,
    "robot-gripping(loaf-of-bread)": 0.13613275570484498,
    "robot-gripping(red-box-of-cereal)": 0.17127616053524738,
    "robot-gripping(red-can-of-soda)": 0.18249363622938594
}