{
    "on-table(milk-carton,wood-table)": 0.5250176435026029,
    "on-table(milk-carton,black-table)": 0.007150941770305508,
    "on-table(milk-carton,white-table)": 0.4962349377092323,
    "on-table(lemon,wood-table)": 0.053799328602811634,
    "on-table(lemon,black-table)": 0.1766111890853305,
    "on-table(lemon,white-table)": 0.012499343700862179,
    "on-table(green-bottle,wood-table)": 0.9997027019659678,
    "on-table(green-bottle,black-table)": 0.33011875152720904,
    "on-table(green-bottle,white-table)": 0.015049958687332795,
    "on-table(loaf-of-bread,wood-table)": 0.04268985798504824,
    "on-table(loaf-of-bread,black-table)": 0.01161283312831074,
    "on-table(loaf-of-bread,white-table)": 0.15164137720906487,
    "on-table(red-box-of-cereal,wood-table)": 0.13178329573869027,
    "on-table(red-box-of-cereal,black-table)": 0.0010958819769560553,
    "on-table(red-box-of-cereal,white-table)": 0.8298590259316067,
    "on-table(red-can-of-soda,wood-table)": 0.1537008863166799,
    "on-table(red-can-of-soda,black-table)": 0.00014110235800520363,
    "on-table(red-can-of-soda,white-table)": 0.8313356407064324,
    "robot-gripper-empty()": 0.9513259132703146,
    "robot-gripping(milk-carton)": 0.17644435601929823,
    "robot-gripping(lemon)": 0.07218172882373135,
    "robot-gripping(green-bottle)": 0.07446530787274241,
    "robot-gripping(loaf-of-bread)": 0.12306210895379384,
    "robot-gripping(red-box-of-cereal)": 0.08683276955465165,
    "robot-gripping(red-can-of-soda)": 0.12531610321214734
}