{
    "on-table(milk-carton,wood-table)": 0.2967423402393858,
    "on-table(milk-carton,black-table)": 0.20902493223547935,
    "on-table(milk-carton,white-table)": 0.37062792759388685,
    "on-table(lemon,wood-table)": 0.18809679065210125,
    "on-table(lemon,black-table)": 0.8424278361101946,
    "on-table(lemon,white-table)": 0.04897291149124309,
    "on-table(green-bottle,wood-table)": 0.34141003193023306,
    "on-table(green-bottle,black-table)": 0.04820588470708268,
    "on-table(green-bottle,white-table)": 0.11804495602458094,
    "on-table(loaf-of-bread,wood-table)": 0.438329940661788,
    "on-table(loaf-of-bread,black-table)": 0.19325629311303297,
    "on-table(loaf-of-bread,white-table)": 0.2825465152661006,
    "on-table(red-box-of-cereal,wood-table)": 0.13876954555356255,
    "on-table(red-box-of-cereal,black-table)": 0.2946377349677884,
    "on-table(red-box-of-cereal,white-table)": 0.016362743296970923,
    "on-table(red-can-of-soda,wood-table)": 0.17256982003649077,
    "on-table(red-can-of-soda,black-table)": 0.6759572165707747,
    "on-table(red-can-of-soda,white-table)": 0.0077132908386374766,
    "robot-gripper-empty()": 0.943416178226471,
    "robot-gripping(milk-carton)": 0.14755623849729696,
    "robot-gripping(lemon)": 0.0660396929209431,
    "robot-gripping(green-bottle)": 0.08118396066129208,
    "robot-gripping(loaf-of-bread)": 0.09586206466580431,
    "robot-gripping(red-box-of-cereal)": 0.03511015659508606,
    "robot-gripping(red-can-of-soda)": 0.13543749507516623
}