{
    "on-table(milk-carton,wood-table)": 0.3841847481671721,
    "on-table(milk-carton,black-table)": 0.011943210040044505,
    "on-table(milk-carton,white-table)": 0.8589278409878413,
    "on-table(lemon,wood-table)": 0.1315850201062858,
    "on-table(lemon,black-table)": 0.8318431050671885,
    "on-table(lemon,white-table)": 0.0031445708993184476,
    "on-table(green-bottle,wood-table)": 0.00037599507413688116,
    "on-table(green-bottle,black-table)": 0.0003692355200352419,
    "on-table(green-bottle,white-table)": 0.09790892469436585,
    "on-table(loaf-of-bread,wood-table)": 0.5408527757972479,
    "on-table(loaf-of-bread,black-table)": 0.155677820458853,
    "on-table(loaf-of-bread,white-table)": 0.24388647479160377,
    "on-table(red-box-of-cereal,wood-table)": 0.9890089631080627,
    "on-table(red-box-of-cereal,black-table)": 0.5075220368307782,
    "on-table(red-box-of-cereal,white-table)": 0.005607412446503683,
    "on-table(red-can-of-soda,wood-table)": 0.5844517671697153,
    "on-table(red-can-of-soda,black-table)": 0.9045682599147161,
    "on-table(red-can-of-soda,white-table)": 0.00711167765909219,
    "robot-gripper-empty()": 0.9776547948519388,
    "robot-gripping(milk-carton)": 0.10795595170930028,
    "robot-gripping(lemon)": 0.06327416220058997,
    "robot-gripping(green-bottle)": 0.012829557876102626,
    "robot-gripping(loaf-of-bread)": 0.1366720808049043,
    "robot-gripping(red-box-of-cereal)": 0.15169023054962358,
    "robot-gripping(red-can-of-soda)": 0.12334185054836173
}