{
    "on-table(milk-carton,wood-table)": 0.6726459711790085,
    "on-table(milk-carton,black-table)": 0.2727804910390053,
    "on-table(milk-carton,white-table)": 0.2233756498656779,
    "on-table(lemon,wood-table)": 0.32878722964475554,
    "on-table(lemon,black-table)": 0.15215393054919937,
    "on-table(lemon,white-table)": 0.17699198841971034,
    "on-table(green-bottle,wood-table)": 0.9977031350135803,
    "on-table(green-bottle,black-table)": 0.33360666381471066,
    "on-table(green-bottle,white-table)": 0.12094993854918812,
    "on-table(loaf-of-bread,wood-table)": 0.14814296698508164,
    "on-table(loaf-of-bread,black-table)": 0.21300096926279366,
    "on-table(loaf-of-bread,white-table)": 0.07513380392144124,
    "on-table(red-box-of-cereal,wood-table)": 0.20942435359271863,
    "on-table(red-box-of-cereal,black-table)": 0.3684288960454675,
    "on-table(red-box-of-cereal,white-table)": 0.13621427056690058,
    "on-table(red-can-of-soda,wood-table)": 0.11880595484399237,
    "on-table(red-can-of-soda,black-table)": 0.22887693375499416,
    "on-table(red-can-of-soda,white-table)": 0.03267584638282036,
    "robot-gripper-empty()": 0.7799427409966787,
    "robot-gripping(milk-carton)": 0.5275920331478119,
    "robot-gripping(lemon)": 0.28583093732595444,
    "robot-gripping(green-bottle)": 0.10518795624375343,
    "robot-gripping(loaf-of-bread)": 0.2618398790558179,
    "robot-gripping(red-box-of-cereal)": 0.20232921838760376,
    "robot-gripping(red-can-of-soda)": 0.3342459152142207
}