{
    "on-table(milk-carton,wood-table)": 0.23095582971776216,
    "on-table(milk-carton,black-table)": 0.7475506042440733,
    "on-table(milk-carton,white-table)": 0.010797246208312572,
    "on-table(lemon,wood-table)": 0.18729321343804864,
    "on-table(lemon,black-table)": 0.7555367653258145,
    "on-table(lemon,white-table)": 0.0025676099491344453,
    "on-table(green-bottle,wood-table)": 0.8536078035831451,
    "on-table(green-bottle,black-table)": 0.21811371613262054,
    "on-table(green-bottle,white-table)": 0.0123460457314953,
    "on-table(loaf-of-bread,wood-table)": 0.5741869993507862,
    "on-table(loaf-of-bread,black-table)": 0.14831982046598569,
    "on-table(loaf-of-bread,white-table)": 0.16051911151771492,
    "on-table(red-box-of-cereal,wood-table)": 0.7972137083609899,
    "on-table(red-box-of-cereal,black-table)": 0.3691248408019116,
    "on-table(red-box-of-cereal,white-table)": 0.1260259171431244,
    "on-table(red-can-of-soda,wood-table)": 0.8425189840296904,
    "on-table(red-can-of-soda,black-table)": 0.1384885079181307,
    "on-table(red-can-of-soda,white-table)": 0.019282636964514193,
    "robot-gripper-empty()": 0.8284479926029841,
    "robot-gripping(milk-carton)": 0.2962838796277841,
    "robot-gripping(lemon)": 0.07254610862582922,
    "robot-gripping(green-bottle)": 0.13368772715330124,
    "robot-gripping(loaf-of-bread)": 0.10503265944619973,
    "robot-gripping(red-box-of-cereal)": 0.23590502018729845,
    "robot-gripping(red-can-of-soda)": 0.5583344735205173
}