{
    "on-table(milk-carton,wood-table)": 0.14321596431545913,
    "on-table(milk-carton,black-table)": 0.2842001475219149,
    "on-table(milk-carton,white-table)": 0.5703946738503873,
    "on-table(lemon,wood-table)": 0.30959356921569753,
    "on-table(lemon,black-table)": 0.32427119175857416,
    "on-table(lemon,white-table)": 0.002599601294302071,
    "on-table(green-bottle,wood-table)": 0.9967675507068634,
    "on-table(green-bottle,black-table)": 0.333837680667898,
    "on-table(green-bottle,white-table)": 0.0017223980773906078,
    "on-table(loaf-of-bread,wood-table)": 0.17933469948669276,
    "on-table(loaf-of-bread,black-table)": 0.4244551182879756,
    "on-table(loaf-of-bread,white-table)": 0.13854754930556132,
    "on-table(red-box-of-cereal,wood-table)": 0.1575480615332102,
    "on-table(red-box-of-cereal,black-table)": 0.0011143632934060104,
    "on-table(red-box-of-cereal,white-table)": 0.73777434315222,
    "on-table(red-can-of-soda,wood-table)": 0.13604099912724146,
    "on-table(red-can-of-soda,black-table)": 0.23432554440538902,
    "on-table(red-can-of-soda,white-table)": 0.6789602478578066,
    "robot-gripper-empty()": 0.8936153749624888,
    "robot-gripping(milk-carton)": 0.19624688165883222,
    "robot-gripping(lemon)": 0.06697207316756248,
    "robot-gripping(green-bottle)": 0.03657828636157016,
    "robot-gripping(loaf-of-bread)": 0.09634389293690522,
    "robot-gripping(red-box-of-cereal)": 0.14386575075332075,
    "robot-gripping(red-can-of-soda)": 0.5340656821305553
}