{
    "on-table(milk-carton,wood-table)": 0.2088748310537388,
    "on-table(milk-carton,black-table)": 0.4809989664548387,
    "on-table(milk-carton,white-table)": 0.0829020719587182,
    "on-table(lemon,wood-table)": 0.2383833055597885,
    "on-table(lemon,black-table)": 0.001846494868004811,
    "on-table(lemon,white-table)": 0.8842297941446304,
    "on-table(green-bottle,wood-table)": 0.16997559836211926,
    "on-table(green-bottle,black-table)": 0.16975675772118848,
    "on-table(green-bottle,white-table)": 0.0034268930727800275,
    "on-table(loaf-of-bread,wood-table)": 0.20811836157614985,
    "on-table(loaf-of-bread,black-table)": 0.048511232763606436,
    "on-table(loaf-of-bread,white-table)": 0.046558642003219575,
    "on-table(red-box-of-cereal,wood-table)": 0.3915501108470683,
    "on-table(red-box-of-cereal,black-table)": 0.3073948949556022,
    "on-table(red-box-of-cereal,white-table)": 0.10956192805315368,
    "on-table(red-can-of-soda,wood-table)": 0.9983382920424143,
    "on-table(red-can-of-soda,black-table)": 0.33296017038026093,
    "on-table(red-can-of-soda,white-table)": 0.11911770846688796,
    "robot-gripper-empty()": 0.3663446582504548,
    "robot-gripping(milk-carton)": 0.29963941127061844,
    "robot-gripping(lemon)": 0.08670919305101658,
    "robot-gripping(green-bottle)": 0.8257319554686546,
    "robot-gripping(loaf-of-bread)": 0.08200380235211924,
    "robot-gripping(red-box-of-cereal)": 0.01754045847337693,
    "robot-gripping(red-can-of-soda)": 0.10714481953376283
}