{
    "on-table(milk-carton,wood-table)": 0.5113212987780571,
    "on-table(milk-carton,black-table)": 0.03620883286930621,
    "on-table(milk-carton,white-table)": 0.23614923707403554,
    "on-table(lemon,wood-table)": 0.35559937412229675,
    "on-table(lemon,black-table)": 0.0007425257711778007,
    "on-table(lemon,white-table)": 0.83462667480732,
    "on-table(green-bottle,wood-table)": 0.05380446327399113,
    "on-table(green-bottle,black-table)": 0.0016876260848827467,
    "on-table(green-bottle,white-table)": 0.16149614493633635,
    "on-table(loaf-of-bread,wood-table)": 0.20435680262744427,
    "on-table(loaf-of-bread,black-table)": 0.0208331747368599,
    "on-table(loaf-of-bread,white-table)": 0.21822869319779178,
    "on-table(red-box-of-cereal,wood-table)": 0.20684273665150008,
    "on-table(red-box-of-cereal,black-table)": 0.08676820818800479,
    "on-table(red-box-of-cereal,white-table)": 0.15692176456407955,
    "on-table(red-can-of-soda,wood-table)": 0.8340202930072943,
    "on-table(red-can-of-soda,black-table)": 0.16554697648401392,
    "on-table(red-can-of-soda,white-table)": 0.004559278159983175,
    "robot-gripper-empty()": 0.8541590174039205,
    "robot-gripping(milk-carton)": 0.20245163142681122,
    "robot-gripping(lemon)": 0.047015247866511345,
    "robot-gripping(green-bottle)": 0.04650564324886849,
    "robot-gripping(loaf-of-bread)": 0.11066749412566423,
    "robot-gripping(red-box-of-cereal)": 0.1740739947805802,
    "robot-gripping(red-can-of-soda)": 0.20919243223033845
}