{
    "on-table(milk-carton,wood-table)": 0.29420701808218536,
    "on-table(milk-carton,black-table)": 0.4626239634429415,
    "on-table(milk-carton,white-table)": 0.360787561260319,
    "on-table(lemon,wood-table)": 0.21814624266698956,
    "on-table(lemon,black-table)": 0.4484234190701197,
    "on-table(lemon,white-table)": 0.024505687101433676,
    "on-table(green-bottle,wood-table)": 0.18006025556193586,
    "on-table(green-bottle,black-table)": 0.9617791374524435,
    "on-table(green-bottle,white-table)": 0.004449126703093498,
    "on-table(loaf-of-bread,wood-table)": 0.7930236458778381,
    "on-table(loaf-of-bread,black-table)": 0.3132916076040904,
    "on-table(loaf-of-bread,white-table)": 0.033732245210558176,
    "on-table(red-box-of-cereal,wood-table)": 0.12033167815146346,
    "on-table(red-box-of-cereal,black-table)": 0.062151222678949125,
    "on-table(red-box-of-cereal,white-table)": 0.8319347188808024,
    "on-table(red-can-of-soda,wood-table)": 0.15589968762166487,
    "on-table(red-can-of-soda,black-table)": 0.35552736435784027,
    "on-table(red-can-of-soda,white-table)": 0.5025641139679161,
    "robot-gripper-empty()": 0.790569635728995,
    "robot-gripping(milk-carton)": 0.09218919711808364,
    "robot-gripping(lemon)": 0.21867060164610544,
    "robot-gripping(green-bottle)": 0.02681585055931161,
    "robot-gripping(loaf-of-bread)": 0.22613606415688992,
    "robot-gripping(red-box-of-cereal)": 0.02324143300453822,
    "robot-gripping(red-can-of-soda)": 0.06938437838107347
}