{
    "on-table(milk-carton,wood-table)": 0.6108060056964556,
    "on-table(milk-carton,black-table)": 0.10397057002410293,
    "on-table(milk-carton,white-table)": 0.5137106633434693,
    "on-table(lemon,wood-table)": 0.4052634581845875,
    "on-table(lemon,black-table)": 0.8371674288064241,
    "on-table(lemon,white-table)": 0.0021480198577895258,
    "on-table(green-bottle,wood-table)": 0.27232186612127407,
    "on-table(green-bottle,black-table)": 0.9824386040369669,
    "on-table(green-bottle,white-table)": 0.00039353150638514006,
    "on-table(loaf-of-bread,wood-table)": 0.6266857671240965,
    "on-table(loaf-of-bread,black-table)": 0.2064181102953929,
    "on-table(loaf-of-bread,white-table)": 0.17040204456619298,
    "on-table(red-box-of-cereal,wood-table)": 0.17295246817714846,
    "on-table(red-box-of-cereal,black-table)": 0.02262660862773676,
    "on-table(red-box-of-cereal,white-table)": 0.8420151273409525,
    "on-table(red-can-of-soda,wood-table)": 0.03231411888555158,
    "on-table(red-can-of-soda,black-table)": 0.8312589817602808,
    "on-table(red-can-of-soda,white-table)": 0.17795152821296747,
    "robot-gripper-empty()": 0.9027702262004217,
    "robot-gripping(milk-carton)": 0.08943205730368693,
    "robot-gripping(lemon)": 0.03766681638080627,
    "robot-gripping(green-bottle)": 0.008025255403481424,
    "robot-gripping(loaf-of-bread)": 0.10339453366274635,
    "robot-gripping(red-box-of-cereal)": 0.02373519847363544,
    "robot-gripping(red-can-of-soda)": 0.04419431169905389
}