{
    "on-table(milk-carton,wood-table)": 0.7693099106351534,
    "on-table(milk-carton,black-table)": 0.40322310472887085,
    "on-table(milk-carton,white-table)": 0.04215946102825304,
    "on-table(lemon,wood-table)": 0.26728502330176224,
    "on-table(lemon,black-table)": 0.9727364778518677,
    "on-table(lemon,white-table)": 0.0007840517797982708,
    "on-table(green-bottle,wood-table)": 0.3130773493030574,
    "on-table(green-bottle,black-table)": 0.9091027677059174,
    "on-table(green-bottle,white-table)": 0.06149478681110546,
    "on-table(loaf-of-bread,wood-table)": 0.20550715217056373,
    "on-table(loaf-of-bread,black-table)": 0.41312524552146596,
    "on-table(loaf-of-bread,white-table)": 0.15471817832197607,
    "on-table(red-box-of-cereal,wood-table)": 0.13285254439445757,
    "on-table(red-box-of-cereal,black-table)": 0.002759328799584182,
    "on-table(red-box-of-cereal,white-table)": 0.8228376279585063,
    "on-table(red-can-of-soda,wood-table)": 0.14627987920175656,
    "on-table(red-can-of-soda,black-table)": 0.003568604700982784,
    "on-table(red-can-of-soda,white-table)": 0.9478362202644348,
    "robot-gripper-empty()": 0.850756565729777,
    "robot-gripping(milk-carton)": 0.22399317286908627,
    "robot-gripping(lemon)": 0.057035419546688594,
    "robot-gripping(green-bottle)": 0.21719618048518896,
    "robot-gripping(loaf-of-bread)": 0.11060936811069648,
    "robot-gripping(red-box-of-cereal)": 0.049300675241587065,
    "robot-gripping(red-can-of-soda)": 0.16006173614490157
}