{
    "on-table(milk-carton,wood-table)": 0.6279037694136301,
    "on-table(milk-carton,black-table)": 0.038630075574474176,
    "on-table(milk-carton,white-table)": 0.01961016867183692,
    "on-table(lemon,wood-table)": 0.21143631269781812,
    "on-table(lemon,black-table)": 0.00031078403261138493,
    "on-table(lemon,white-table)": 0.8355414757194618,
    "on-table(green-bottle,wood-table)": 0.834166774371018,
    "on-table(green-bottle,black-table)": 0.1697088333509479,
    "on-table(green-bottle,white-table)": 0.0011247904805410751,
    "on-table(loaf-of-bread,wood-table)": 0.6249208253187438,
    "on-table(loaf-of-bread,black-table)": 0.1165816670757825,
    "on-table(loaf-of-bread,white-table)": 0.09621310252987314,
    "on-table(red-box-of-cereal,wood-table)": 0.8334182301380982,
    "on-table(red-box-of-cereal,black-table)": 0.1693920862808227,
    "on-table(red-box-of-cereal,white-table)": 0.009546810722895316,
    "on-table(red-can-of-soda,wood-table)": 0.7416502432897687,
    "on-table(red-can-of-soda,black-table)": 0.020529776892090013,
    "on-table(red-can-of-soda,white-table)": 0.008718127512262678,
    "robot-gripper-empty()": 0.9120286206404368,
    "robot-gripping(milk-carton)": 0.21049369871616364,
    "robot-gripping(lemon)": 0.02989585620040695,
    "robot-gripping(green-bottle)": 0.11694401937226455,
    "robot-gripping(loaf-of-bread)": 0.06413463689386845,
    "robot-gripping(red-box-of-cereal)": 0.16020565309251347,
    "robot-gripping(red-can-of-soda)": 0.3963060745348533
}