{
    "on-table(milk-carton,wood-table)": 0.3983793364216884,
    "on-table(milk-carton,black-table)": 0.18352040275931358,
    "on-table(milk-carton,white-table)": 0.6049092163642248,
    "on-table(lemon,wood-table)": 0.22144994283250222,
    "on-table(lemon,black-table)": 0.049347138383382116,
    "on-table(lemon,white-table)": 0.898617242773374,
    "on-table(green-bottle,wood-table)": 0.17457701661624014,
    "on-table(green-bottle,black-table)": 0.17897159303053436,
    "on-table(green-bottle,white-table)": 0.025757276832640248,
    "on-table(loaf-of-bread,wood-table)": 0.28793349691356224,
    "on-table(loaf-of-bread,black-table)": 0.5768281968776137,
    "on-table(loaf-of-bread,white-table)": 0.22700561474387845,
    "on-table(red-box-of-cereal,wood-table)": 0.178503858022547,
    "on-table(red-box-of-cereal,black-table)": 0.07014862000748205,
    "on-table(red-box-of-cereal,white-table)": 0.9942602316538492,
    "on-table(red-can-of-soda,wood-table)": 0.17412181118682687,
    "on-table(red-can-of-soda,black-table)": 0.03991001917965301,
    "on-table(red-can-of-soda,white-table)": 0.9968030552069346,
    "robot-gripper-empty()": 0.45224242182060453,
    "robot-gripping(milk-carton)": 0.3458936425546805,
    "robot-gripping(lemon)": 0.11600693893463661,
    "robot-gripping(green-bottle)": 0.7708723793427149,
    "robot-gripping(loaf-of-bread)": 0.08663030286940436,
    "robot-gripping(red-box-of-cereal)": 0.07955746039321336,
    "robot-gripping(red-can-of-soda)": 0.1545247020549141
}