{
    "on-table(milk-carton,wood-table)": 0.42297462560236454,
    "on-table(milk-carton,black-table)": 0.1555646340129897,
    "on-table(milk-carton,white-table)": 0.5319682580108444,
    "on-table(lemon,wood-table)": 0.08987912560890739,
    "on-table(lemon,black-table)": 0.037175562659588955,
    "on-table(lemon,white-table)": 0.004694540043904756,
    "on-table(green-bottle,wood-table)": 0.0018067368437186815,
    "on-table(green-bottle,black-table)": 0.0026664266691417047,
    "on-table(green-bottle,white-table)": 0.00010638736815356727,
    "on-table(loaf-of-bread,wood-table)": 0.5666031688451767,
    "on-table(loaf-of-bread,black-table)": 0.1484848209123205,
    "on-table(loaf-of-bread,white-table)": 0.2439519171214973,
    "on-table(red-box-of-cereal,wood-table)": 0.43898838172511506,
    "on-table(red-box-of-cereal,black-table)": 0.09365398529371305,
    "on-table(red-box-of-cereal,white-table)": 0.8398052013168732,
    "on-table(red-can-of-soda,wood-table)": 0.9988509019215902,
    "on-table(red-can-of-soda,black-table)": 0.13782185246986955,
    "on-table(red-can-of-soda,white-table)": 0.3377306684709159,
    "robot-gripper-empty()": 0.8293071364363035,
    "robot-gripping(milk-carton)": 0.1268877947392563,
    "robot-gripping(lemon)": 0.05453302515282606,
    "robot-gripping(green-bottle)": 0.014906512042216491,
    "robot-gripping(loaf-of-bread)": 0.05946296158557137,
    "robot-gripping(red-box-of-cereal)": 0.031758773470452674,
    "robot-gripping(red-can-of-soda)": 0.19374440940252194
}