{
    "on-table(milk-carton,wood-table)": 0.8321769833564758,
    "on-table(milk-carton,black-table)": 0.3262530513796567,
    "on-table(milk-carton,white-table)": 0.013488246349879773,
    "on-table(lemon,wood-table)": 0.10067558154211535,
    "on-table(lemon,black-table)": 0.0025164018795749143,
    "on-table(lemon,white-table)": 0.8312805363287529,
    "on-table(green-bottle,wood-table)": 0.12999264868994942,
    "on-table(green-bottle,black-table)": 0.00036552967219449783,
    "on-table(green-bottle,white-table)": 0.8336429551903469,
    "on-table(loaf-of-bread,wood-table)": 0.4035494327545166,
    "on-table(loaf-of-bread,black-table)": 0.38876593524279696,
    "on-table(loaf-of-bread,white-table)": 0.008282613266298236,
    "on-table(red-box-of-cereal,wood-table)": 0.9967691898345947,
    "on-table(red-box-of-cereal,black-table)": 0.33816412586020306,
    "on-table(red-box-of-cereal,white-table)": 0.0593729107292044,
    "on-table(red-can-of-soda,wood-table)": 0.3940512626043831,
    "on-table(red-can-of-soda,black-table)": 0.8835178216298422,
    "on-table(red-can-of-soda,white-table)": 0.004666266848895854,
    "robot-gripper-empty()": 0.9849911828835806,
    "robot-gripping(milk-carton)": 0.1098339045420289,
    "robot-gripping(lemon)": 0.031313540802026786,
    "robot-gripping(green-bottle)": 0.006895759676505501,
    "robot-gripping(loaf-of-bread)": 0.05844638077542186,
    "robot-gripping(red-box-of-cereal)": 0.09662158088758588,
    "robot-gripping(red-can-of-soda)": 0.07176643547912438
}