{
    "on-table(milk-carton,wood-table)": 0.30504857236519456,
    "on-table(milk-carton,black-table)": 0.21313489360424379,
    "on-table(milk-carton,white-table)": 0.18956968983790526,
    "on-table(lemon,wood-table)": 0.6377253841298322,
    "on-table(lemon,black-table)": 0.028575761210125467,
    "on-table(lemon,white-table)": 0.07918686348049657,
    "on-table(green-bottle,wood-table)": 0.004839067327945183,
    "on-table(green-bottle,black-table)": 0.6699242356892986,
    "on-table(green-bottle,white-table)": 0.0012199617100350224,
    "on-table(loaf-of-bread,wood-table)": 0.3189587891101837,
    "on-table(loaf-of-bread,black-table)": 0.14963260462294178,
    "on-table(loaf-of-bread,white-table)": 0.24076910790366432,
    "on-table(red-box-of-cereal,wood-table)": 0.398920716989475,
    "on-table(red-box-of-cereal,black-table)": 0.21922613700735383,
    "on-table(red-box-of-cereal,white-table)": 0.038804740218135216,
    "on-table(red-can-of-soda,wood-table)": 0.8388717882335186,
    "on-table(red-can-of-soda,black-table)": 0.16538826638937584,
    "on-table(red-can-of-soda,white-table)": 0.01688973458347694,
    "robot-gripper-empty()": 0.4024263371247798,
    "robot-gripping(milk-carton)": 0.5796118043363094,
    "robot-gripping(lemon)": 0.118606171105057,
    "robot-gripping(green-bottle)": 0.03719779197126627,
    "robot-gripping(loaf-of-bread)": 0.29983310711880523,
    "robot-gripping(red-box-of-cereal)": 0.7273321490113934,
    "robot-gripping(red-can-of-soda)": 0.48267796891741455
}