{
    "on-table(milk-carton,wood-table)": 0.6078147690277547,
    "on-table(milk-carton,black-table)": 0.3852236960083246,
    "on-table(milk-carton,white-table)": 0.13084192779994433,
    "on-table(lemon,wood-table)": 0.03562211973076046,
    "on-table(lemon,black-table)": 0.020892195134365465,
    "on-table(lemon,white-table)": 0.05774199131580341,
    "on-table(green-bottle,wood-table)": 0.16927425136964303,
    "on-table(green-bottle,black-table)": 0.1700801803202315,
    "on-table(green-bottle,white-table)": 0.0011890914405891333,
    "on-table(loaf-of-bread,wood-table)": 0.5840848870575428,
    "on-table(loaf-of-bread,black-table)": 0.06371829806206127,
    "on-table(loaf-of-bread,white-table)": 0.17060024433400636,
    "on-table(red-box-of-cereal,wood-table)": 0.9732950727144877,
    "on-table(red-box-of-cereal,black-table)": 0.3333759366481293,
    "on-table(red-box-of-cereal,white-table)": 0.06797016867434043,
    "on-table(red-can-of-soda,wood-table)": 0.405585545891275,
    "on-table(red-can-of-soda,black-table)": 0.693157882487867,
    "on-table(red-can-of-soda,white-table)": 0.004167925491856295,
    "robot-gripper-empty()": 0.4391168225944663,
    "robot-gripping(milk-carton)": 0.07094167685136199,
    "robot-gripping(lemon)": 0.4027064691763371,
    "robot-gripping(green-bottle)": 0.7299082618750011,
    "robot-gripping(loaf-of-bread)": 0.04801560643439492,
    "robot-gripping(red-box-of-cereal)": 0.03015193451816837,
    "robot-gripping(red-can-of-soda)": 0.11076165054691955
}