{
    "on-table(milk-carton,wood-table)": 0.22693500854074955,
    "on-table(milk-carton,black-table)": 0.08704795191685359,
    "on-table(milk-carton,white-table)": 0.8471361498037974,
    "on-table(lemon,wood-table)": 0.9275684456030527,
    "on-table(lemon,black-table)": 0.31518032702312365,
    "on-table(lemon,white-table)": 0.038939610541092406,
    "on-table(green-bottle,wood-table)": 0.04369919448799919,
    "on-table(green-bottle,black-table)": 0.6707475911825895,
    "on-table(green-bottle,white-table)": 0.0019399155360891502,
    "on-table(loaf-of-bread,wood-table)": 0.1578573496080935,
    "on-table(loaf-of-bread,black-table)": 0.09468301822198555,
    "on-table(loaf-of-bread,white-table)": 0.6819280162453651,
    "on-table(red-box-of-cereal,wood-table)": 0.16734979334675396,
    "on-table(red-box-of-cereal,black-table)": 0.1392660682516483,
    "on-table(red-box-of-cereal,white-table)": 0.8422172417243322,
    "on-table(red-can-of-soda,wood-table)": 0.017011060592873644,
    "on-table(red-can-of-soda,black-table)": 0.6978668565861881,
    "on-table(red-can-of-soda,white-table)": 0.20292847060924638,
    "robot-gripper-empty()": 0.9318222204844157,
    "robot-gripping(milk-carton)": 0.12466126959770918,
    "robot-gripping(lemon)": 0.17141470833060643,
    "robot-gripping(green-bottle)": 0.03855055844178423,
    "robot-gripping(loaf-of-bread)": 0.06858345059057076,
    "robot-gripping(red-box-of-cereal)": 0.04587329066513727,
    "robot-gripping(red-can-of-soda)": 0.07519555029769738
}