{
    "on-table(milk-carton,wood-table)": 0.8658634275197983,
    "on-table(milk-carton,black-table)": 0.1275174080316598,
    "on-table(milk-carton,white-table)": 0.09548101914454794,
    "on-table(lemon,wood-table)": 0.8376364360253016,
    "on-table(lemon,black-table)": 0.10242109894064318,
    "on-table(lemon,white-table)": 0.022031565957149724,
    "on-table(green-bottle,wood-table)": 0.16818716958368896,
    "on-table(green-bottle,black-table)": 0.17105274468652473,
    "on-table(green-bottle,white-table)": 0.0020945416857405994,
    "on-table(loaf-of-bread,wood-table)": 0.6847004567583402,
    "on-table(loaf-of-bread,black-table)": 0.044831046873393156,
    "on-table(loaf-of-bread,white-table)": 0.1689833579827488,
    "on-table(red-box-of-cereal,wood-table)": 0.013212056347886877,
    "on-table(red-box-of-cereal,black-table)": 0.6928556978236884,
    "on-table(red-box-of-cereal,white-table)": 0.006138257143902592,
    "on-table(red-can-of-soda,wood-table)": 0.0018814757434787073,
    "on-table(red-can-of-soda,black-table)": 0.7279989309996987,
    "on-table(red-can-of-soda,white-table)": 0.002301926272593846,
    "robot-gripper-empty()": 0.5177194082255786,
    "robot-gripping(milk-carton)": 0.21489146103461584,
    "robot-gripping(lemon)": 0.1985432148600618,
    "robot-gripping(green-bottle)": 0.6399368473794311,
    "robot-gripping(loaf-of-bread)": 0.06973136823701982,
    "robot-gripping(red-box-of-cereal)": 0.04688106906057025,
    "robot-gripping(red-can-of-soda)": 0.07939175530918874
}