{
    "on-table(milk-carton,wood-table)": 0.23118185023001084,
    "on-table(milk-carton,black-table)": 0.021293418403123116,
    "on-table(milk-carton,white-table)": 0.7664970457553864,
    "on-table(lemon,wood-table)": 0.8899405598640442,
    "on-table(lemon,black-table)": 0.1556291653457341,
    "on-table(lemon,white-table)": 0.1296063387465741,
    "on-table(green-bottle,wood-table)": 0.7827807623737802,
    "on-table(green-bottle,black-table)": 0.17019999208052164,
    "on-table(green-bottle,white-table)": 0.002744555855163829,
    "on-table(loaf-of-bread,wood-table)": 0.2038817418506369,
    "on-table(loaf-of-bread,black-table)": 0.0077922482644983875,
    "on-table(loaf-of-bread,white-table)": 0.44320852499610436,
    "on-table(red-box-of-cereal,wood-table)": 0.07966162509304316,
    "on-table(red-box-of-cereal,black-table)": 0.08839306537993252,
    "on-table(red-box-of-cereal,white-table)": 0.7666577852020661,
    "on-table(red-can-of-soda,wood-table)": 0.15838970376595776,
    "on-table(red-can-of-soda,black-table)": 0.008506564013032403,
    "on-table(red-can-of-soda,white-table)": 0.8975475380818049,
    "robot-gripper-empty()": 0.9238044222195944,
    "robot-gripping(milk-carton)": 0.14610814147939286,
    "robot-gripping(lemon)": 0.059096109898140035,
    "robot-gripping(green-bottle)": 0.1620584351864333,
    "robot-gripping(loaf-of-bread)": 0.1234230821331342,
    "robot-gripping(red-box-of-cereal)": 0.056587619435352586,
    "robot-gripping(red-can-of-soda)": 0.14269255086158714
}