{
    "on-table(milk-carton,wood-table)": 0.29903359127153334,
    "on-table(milk-carton,black-table)": 0.8697954416275024,
    "on-table(milk-carton,white-table)": 0.059480992208894655,
    "on-table(lemon,wood-table)": 0.14253932845410114,
    "on-table(lemon,black-table)": 0.005510485278136912,
    "on-table(lemon,white-table)": 0.8424845486879349,
    "on-table(green-bottle,wood-table)": 0.16578201275357665,
    "on-table(green-bottle,black-table)": 0.0014275078582007457,
    "on-table(green-bottle,white-table)": 0.8348522861488163,
    "on-table(loaf-of-bread,wood-table)": 0.37680216568211716,
    "on-table(loaf-of-bread,black-table)": 0.06304887119525422,
    "on-table(loaf-of-bread,white-table)": 0.4847299602503578,
    "on-table(red-box-of-cereal,wood-table)": 0.35612077159263816,
    "on-table(red-box-of-cereal,black-table)": 0.9603589177131653,
    "on-table(red-box-of-cereal,white-table)": 0.02240990226012703,
    "on-table(red-can-of-soda,wood-table)": 0.32722292341835174,
    "on-table(red-can-of-soda,black-table)": 0.9979442159334818,
    "on-table(red-can-of-soda,white-table)": 0.0038710534695383103,
    "robot-gripper-empty()": 0.9508119622866312,
    "robot-gripping(milk-carton)": 0.14450683568914732,
    "robot-gripping(lemon)": 0.07670341928799947,
    "robot-gripping(green-bottle)": 0.037883237489343934,
    "robot-gripping(loaf-of-bread)": 0.11267786597212155,
    "robot-gripping(red-box-of-cereal)": 0.08078292867867276,
    "robot-gripping(red-can-of-soda)": 0.10992380088039984
}