{
    "on-table(milk-carton,wood-table)": 0.5199139676988125,
    "on-table(milk-carton,black-table)": 0.31511815695557743,
    "on-table(milk-carton,white-table)": 0.15753498182554418,
    "on-table(lemon,wood-table)": 0.9279334445794424,
    "on-table(lemon,black-table)": 0.30112291201597446,
    "on-table(lemon,white-table)": 0.1271093847353768,
    "on-table(green-bottle,wood-table)": 0.19009010347084163,
    "on-table(green-bottle,black-table)": 0.9925311605135599,
    "on-table(green-bottle,white-table)": 0.00500094326935141,
    "on-table(loaf-of-bread,wood-table)": 0.29200314097882557,
    "on-table(loaf-of-bread,black-table)": 0.3221210559810667,
    "on-table(loaf-of-bread,white-table)": 0.18785072363728736,
    "on-table(red-box-of-cereal,wood-table)": 0.12824940972495824,
    "on-table(red-box-of-cereal,black-table)": 0.30168191182504717,
    "on-table(red-box-of-cereal,white-table)": 0.12259167348383926,
    "on-table(red-can-of-soda,wood-table)": 0.1780120299739186,
    "on-table(red-can-of-soda,black-table)": 0.8684526532888412,
    "on-table(red-can-of-soda,white-table)": 0.04349739287620954,
    "robot-gripper-empty()": 0.9782906174659729,
    "robot-gripping(milk-carton)": 0.15069346223026514,
    "robot-gripping(lemon)": 0.08996718687315781,
    "robot-gripping(green-bottle)": 0.11344893168037136,
    "robot-gripping(loaf-of-bread)": 0.0693539824957649,
    "robot-gripping(red-box-of-cereal)": 0.027725578829025228,
    "robot-gripping(red-can-of-soda)": 0.10628345313792427
}