{
    "on-table(milk-carton,wood-table)": 0.6006865535552303,
    "on-table(milk-carton,black-table)": 0.06524464123261471,
    "on-table(milk-carton,white-table)": 0.2163794105484461,
    "on-table(lemon,wood-table)": 0.15761800448914678,
    "on-table(lemon,black-table)": 0.5668830334519347,
    "on-table(lemon,white-table)": 0.2191593899177254,
    "on-table(green-bottle,wood-table)": 0.8337858648349842,
    "on-table(green-bottle,black-table)": 0.16834780952653242,
    "on-table(green-bottle,white-table)": 0.015335208538147072,
    "on-table(loaf-of-bread,wood-table)": 0.715511318606635,
    "on-table(loaf-of-bread,black-table)": 0.022278592478566377,
    "on-table(loaf-of-bread,white-table)": 0.1705359338599616,
    "on-table(red-box-of-cereal,wood-table)": 0.9063460330168406,
    "on-table(red-box-of-cereal,black-table)": 0.3505599488077375,
    "on-table(red-box-of-cereal,white-table)": 0.028500422714084078,
    "on-table(red-can-of-soda,wood-table)": 0.2931793482011926,
    "on-table(red-can-of-soda,black-table)": 0.835817122211059,
    "on-table(red-can-of-soda,white-table)": 0.0011118102810693624,
    "robot-gripper-empty()": 0.884193167090416,
    "robot-gripping(milk-carton)": 0.15081886233141026,
    "robot-gripping(lemon)": 0.04501177277415991,
    "robot-gripping(green-bottle)": 0.16569907635372752,
    "robot-gripping(loaf-of-bread)": 0.11701076477766037,
    "robot-gripping(red-box-of-cereal)": 0.0363141098835816,
    "robot-gripping(red-can-of-soda)": 0.15913005825132132
}