{
    "on-table(milk-carton,wood-table)": 0.6764993835240602,
    "on-table(milk-carton,black-table)": 0.06196789364548749,
    "on-table(milk-carton,white-table)": 0.2837766489756177,
    "on-table(lemon,wood-table)": 0.36209740361664444,
    "on-table(lemon,black-table)": 0.1241289931992166,
    "on-table(lemon,white-table)": 0.02591081124228367,
    "on-table(green-bottle,wood-table)": 0.991661528746287,
    "on-table(green-bottle,black-table)": 0.33265780205078954,
    "on-table(green-bottle,white-table)": 0.008192274304595534,
    "on-table(loaf-of-bread,wood-table)": 0.6667177953931969,
    "on-table(loaf-of-bread,black-table)": 0.03665026596020956,
    "on-table(loaf-of-bread,white-table)": 0.05425145839520459,
    "on-table(red-box-of-cereal,wood-table)": 0.6830778329943618,
    "on-table(red-box-of-cereal,black-table)": 0.0051898238925787155,
    "on-table(red-box-of-cereal,white-table)": 0.3311512976179074,
    "on-table(red-can-of-soda,wood-table)": 0.3209316559077706,
    "on-table(red-can-of-soda,black-table)": 0.007254596589064022,
    "on-table(red-can-of-soda,white-table)": 0.8583248058954874,
    "robot-gripper-empty()": 0.9647395412127177,
    "robot-gripping(milk-carton)": 0.13402243672559658,
    "robot-gripping(lemon)": 0.06257770924518506,
    "robot-gripping(green-bottle)": 0.06457617397730549,
    "robot-gripping(loaf-of-bread)": 0.15115897295375666,
    "robot-gripping(red-box-of-cereal)": 0.05526321676249305,
    "robot-gripping(red-can-of-soda)": 0.1281619487951199
}