{
    "on-table(milk-carton,wood-table)": 0.22644854554285607,
    "on-table(milk-carton,black-table)": 0.7718489170074463,
    "on-table(milk-carton,white-table)": 0.02048639056738466,
    "on-table(lemon,wood-table)": 0.17508690984444306,
    "on-table(lemon,black-table)": 0.011195296144478561,
    "on-table(lemon,white-table)": 0.9998756845792135,
    "on-table(green-bottle,wood-table)": 0.09417789439794433,
    "on-table(green-bottle,black-table)": 0.8339818918611854,
    "on-table(green-bottle,white-table)": 0.01958373228634021,
    "on-table(loaf-of-bread,wood-table)": 0.050115234431965895,
    "on-table(loaf-of-bread,black-table)": 0.6508277244865894,
    "on-table(loaf-of-bread,white-table)": 0.010585346622974612,
    "on-table(red-box-of-cereal,wood-table)": 0.6169713779042164,
    "on-table(red-box-of-cereal,black-table)": 0.6021679987510046,
    "on-table(red-box-of-cereal,white-table)": 0.014348903447777653,
    "on-table(red-can-of-soda,wood-table)": 0.7537690637012323,
    "on-table(red-can-of-soda,black-table)": 0.33485471262368566,
    "on-table(red-can-of-soda,white-table)": 0.0027588772929902916,
    "robot-gripper-empty()": 0.9854663908481598,
    "robot-gripping(milk-carton)": 0.09478111440936725,
    "robot-gripping(lemon)": 0.032192253546478845,
    "robot-gripping(green-bottle)": 0.0319451623945497,
    "robot-gripping(loaf-of-bread)": 0.03913347205768029,
    "robot-gripping(red-box-of-cereal)": 0.03832639738296469,
    "robot-gripping(red-can-of-soda)": 0.11109412845689803
}