{
    "on-table(milk-carton,wood-table)": 0.3155081569008568,
    "on-table(milk-carton,black-table)": 0.0060714807107160595,
    "on-table(milk-carton,white-table)": 0.6835427066932122,
    "on-table(lemon,wood-table)": 0.20234623983560596,
    "on-table(lemon,black-table)": 0.01776057171264256,
    "on-table(lemon,white-table)": 0.06669203458416935,
    "on-table(green-bottle,wood-table)": 0.7753778956830502,
    "on-table(green-bottle,black-table)": 0.17278512159740936,
    "on-table(green-bottle,white-table)": 0.006901399399415216,
    "on-table(loaf-of-bread,wood-table)": 0.9339902599652609,
    "on-table(loaf-of-bread,black-table)": 0.1565478594702654,
    "on-table(loaf-of-bread,white-table)": 0.11561829978624398,
    "on-table(red-box-of-cereal,wood-table)": 0.8498918240269026,
    "on-table(red-box-of-cereal,black-table)": 0.33359499073897797,
    "on-table(red-box-of-cereal,white-table)": 0.008974019008746836,
    "on-table(red-can-of-soda,wood-table)": 0.814890518784523,
    "on-table(red-can-of-soda,black-table)": 0.3323746901587583,
    "on-table(red-can-of-soda,white-table)": 0.007391932106353731,
    "robot-gripper-empty()": 0.9053601721922556,
    "robot-gripping(milk-carton)": 0.1568379650513331,
    "robot-gripping(lemon)": 0.061549778173988066,
    "robot-gripping(green-bottle)": 0.090700495056808,
    "robot-gripping(loaf-of-bread)": 0.09957235554854076,
    "robot-gripping(red-box-of-cereal)": 0.1479110255216559,
    "robot-gripping(red-can-of-soda)": 0.39358696962396306
}