{
    "on-table(milk-carton,wood-table)": 0.6010888243714968,
    "on-table(milk-carton,black-table)": 0.17076838513215384,
    "on-table(milk-carton,white-table)": 0.1039508721344949,
    "on-table(lemon,wood-table)": 0.03369414672488347,
    "on-table(lemon,black-table)": 0.4822776811342919,
    "on-table(lemon,white-table)": 0.025105503290736426,
    "on-table(green-bottle,wood-table)": 0.0008732271962799132,
    "on-table(green-bottle,black-table)": 0.0017646009664531448,
    "on-table(green-bottle,white-table)": 0.19583328302208733,
    "on-table(loaf-of-bread,wood-table)": 0.41746268204102915,
    "on-table(loaf-of-bread,black-table)": 0.7136686481535435,
    "on-table(loaf-of-bread,white-table)": 0.1721979313006159,
    "on-table(red-box-of-cereal,wood-table)": 0.9835661152998606,
    "on-table(red-box-of-cereal,black-table)": 0.29344550361103455,
    "on-table(red-box-of-cereal,white-table)": 0.20784736562200123,
    "on-table(red-can-of-soda,wood-table)": 0.9963148633639017,
    "on-table(red-can-of-soda,black-table)": 0.3383138477575282,
    "on-table(red-can-of-soda,white-table)": 0.17797858793437626,
    "robot-gripper-empty()": 0.744133248925209,
    "robot-gripping(milk-carton)": 0.30629076684514683,
    "robot-gripping(lemon)": 0.3139220024459064,
    "robot-gripping(green-bottle)": 0.038374761740366616,
    "robot-gripping(loaf-of-bread)": 0.252348401894172,
    "robot-gripping(red-box-of-cereal)": 0.12147608453718324,
    "robot-gripping(red-can-of-soda)": 0.15475945671399435
}