{
    "on-table(milk-carton,wood-table)": 0.26348444853404845,
    "on-table(milk-carton,black-table)": 0.3260424565708793,
    "on-table(milk-carton,white-table)": 0.5770419131343564,
    "on-table(lemon,wood-table)": 0.06085602706298232,
    "on-table(lemon,black-table)": 0.1939397265717465,
    "on-table(lemon,white-table)": 0.020112405967665836,
    "on-table(green-bottle,wood-table)": 0.1680268360117528,
    "on-table(green-bottle,black-table)": 0.8336407512736818,
    "on-table(green-bottle,white-table)": 0.0012661633033985709,
    "on-table(loaf-of-bread,wood-table)": 0.2379785313581427,
    "on-table(loaf-of-bread,black-table)": 0.06880080498134096,
    "on-table(loaf-of-bread,white-table)": 0.3328712759539485,
    "on-table(red-box-of-cereal,wood-table)": 0.27660342476641137,
    "on-table(red-box-of-cereal,black-table)": 0.5307956344380121,
    "on-table(red-box-of-cereal,white-table)": 0.47124052691894275,
    "on-table(red-can-of-soda,wood-table)": 0.18498785325573408,
    "on-table(red-can-of-soda,black-table)": 0.030273687216170703,
    "on-table(red-can-of-soda,white-table)": 0.9364486932754517,
    "robot-gripper-empty()": 0.7918072175234556,
    "robot-gripping(milk-carton)": 0.24134973529726267,
    "robot-gripping(lemon)": 0.039262110367417336,
    "robot-gripping(green-bottle)": 0.17644594229447344,
    "robot-gripping(loaf-of-bread)": 0.16394747203836837,
    "robot-gripping(red-box-of-cereal)": 0.16867535429385802,
    "robot-gripping(red-can-of-soda)": 0.15640681931593767
}