{
    "on-table(milk-carton,wood-table)": 0.88262739777565,
    "on-table(milk-carton,black-table)": 0.34503833638397435,
    "on-table(milk-carton,white-table)": 0.024776622203110794,
    "on-table(lemon,wood-table)": 0.17651275082607754,
    "on-table(lemon,black-table)": 0.004591959309739953,
    "on-table(lemon,white-table)": 0.8923752556244532,
    "on-table(green-bottle,wood-table)": 0.22023303546302486,
    "on-table(green-bottle,black-table)": 0.02853209774654412,
    "on-table(green-bottle,white-table)": 0.6785763944887245,
    "on-table(loaf-of-bread,wood-table)": 0.3723315511209269,
    "on-table(loaf-of-bread,black-table)": 0.32789350021630526,
    "on-table(loaf-of-bread,white-table)": 0.05085251082588608,
    "on-table(red-box-of-cereal,wood-table)": 0.996753066778183,
    "on-table(red-box-of-cereal,black-table)": 0.3364990923121998,
    "on-table(red-box-of-cereal,white-table)": 0.020525986046171358,
    "on-table(red-can-of-soda,wood-table)": 0.340415470408819,
    "on-table(red-can-of-soda,black-table)": 0.8684529388944308,
    "on-table(red-can-of-soda,white-table)": 0.003637845405137341,
    "robot-gripper-empty()": 0.9589053293069204,
    "robot-gripping(milk-carton)": 0.17020615749061108,
    "robot-gripping(lemon)": 0.10064998082816601,
    "robot-gripping(green-bottle)": 0.0200909025928316,
    "robot-gripping(loaf-of-bread)": 0.0790132114974161,
    "robot-gripping(red-box-of-cereal)": 0.08241487600995849,
    "robot-gripping(red-can-of-soda)": 0.15013992642828575
}