{
    "on-table(milk-carton,wood-table)": 0.35659750116368133,
    "on-table(milk-carton,black-table)": 0.03712995761695007,
    "on-table(milk-carton,white-table)": 0.5342429022033078,
    "on-table(lemon,wood-table)": 0.16256949004794782,
    "on-table(lemon,black-table)": 0.8322346033140396,
    "on-table(lemon,white-table)": 0.006684121636074754,
    "on-table(green-bottle,wood-table)": 0.0024210605333792046,
    "on-table(green-bottle,black-table)": 0.0027162245338937887,
    "on-table(green-bottle,white-table)": 0.0027187580344616435,
    "on-table(loaf-of-bread,wood-table)": 0.3212960086142023,
    "on-table(loaf-of-bread,black-table)": 0.015068053549233204,
    "on-table(loaf-of-bread,white-table)": 0.37197388215766597,
    "on-table(red-box-of-cereal,wood-table)": 0.1721299599351672,
    "on-table(red-box-of-cereal,black-table)": 0.0018901906041719485,
    "on-table(red-box-of-cereal,white-table)": 0.018856623759347713,
    "on-table(red-can-of-soda,wood-table)": 0.17445677154076597,
    "on-table(red-can-of-soda,black-table)": 0.0029686290184448203,
    "on-table(red-can-of-soda,white-table)": 0.14008289888079162,
    "robot-gripper-empty()": 0.9463022351264954,
    "robot-gripping(milk-carton)": 0.23747561064859232,
    "robot-gripping(lemon)": 0.05194751809661587,
    "robot-gripping(green-bottle)": 0.020759306731633842,
    "robot-gripping(loaf-of-bread)": 0.10292987960080306,
    "robot-gripping(red-box-of-cereal)": 0.030595026056592662,
    "robot-gripping(red-can-of-soda)": 0.059941449823478855
}