{
    "on-table(milk-carton,wood-table)": 0.2106261841933398,
    "on-table(milk-carton,black-table)": 0.14195728124711118,
    "on-table(milk-carton,white-table)": 0.7730304809908072,
    "on-table(lemon,wood-table)": 0.12128104672592599,
    "on-table(lemon,black-table)": 0.2968903008622874,
    "on-table(lemon,white-table)": 0.17654627006413648,
    "on-table(green-bottle,wood-table)": 0.16615075819572667,
    "on-table(green-bottle,black-table)": 0.8333700926159509,
    "on-table(green-bottle,white-table)": 0.002214459951422517,
    "on-table(loaf-of-bread,wood-table)": 0.1304811597801745,
    "on-table(loaf-of-bread,black-table)": 0.015363344170812828,
    "on-table(loaf-of-bread,white-table)": 0.5373084557553133,
    "on-table(red-box-of-cereal,wood-table)": 0.24704881947642812,
    "on-table(red-box-of-cereal,black-table)": 0.7626282263857623,
    "on-table(red-box-of-cereal,white-table)": 0.026285532939558227,
    "on-table(red-can-of-soda,wood-table)": 0.7485369571174184,
    "on-table(red-can-of-soda,black-table)": 0.1920769309036435,
    "on-table(red-can-of-soda,white-table)": 0.008075178345734457,
    "robot-gripper-empty()": 0.7047533299773932,
    "robot-gripping(milk-carton)": 0.2701848730600129,
    "robot-gripping(lemon)": 0.03857628364736835,
    "robot-gripping(green-bottle)": 0.17774612021942934,
    "robot-gripping(loaf-of-bread)": 0.11576022719964385,
    "robot-gripping(red-box-of-cereal)": 0.1813428543973714,
    "robot-gripping(red-can-of-soda)": 0.20686552984019121
}