{
    "on-table(milk-carton,wood-table)": 0.1419620313681662,
    "on-table(milk-carton,black-table)": 0.36032414219031733,
    "on-table(milk-carton,white-table)": 0.5882906727492809,
    "on-table(lemon,wood-table)": 0.03607362868691174,
    "on-table(lemon,black-table)": 0.6864057487497727,
    "on-table(lemon,white-table)": 0.008550582661428052,
    "on-table(green-bottle,wood-table)": 0.17419173939561006,
    "on-table(green-bottle,black-table)": 0.8796629458665848,
    "on-table(green-bottle,white-table)": 0.002780824741572966,
    "on-table(loaf-of-bread,wood-table)": 0.2735534825672706,
    "on-table(loaf-of-bread,black-table)": 0.16945588241893952,
    "on-table(loaf-of-bread,white-table)": 0.5804310118158659,
    "on-table(red-box-of-cereal,wood-table)": 0.18499445923953317,
    "on-table(red-box-of-cereal,black-table)": 0.07044227937967662,
    "on-table(red-box-of-cereal,white-table)": 0.9993732770284017,
    "on-table(red-can-of-soda,wood-table)": 0.18416345662990352,
    "on-table(red-can-of-soda,black-table)": 0.03515159975002765,
    "on-table(red-can-of-soda,white-table)": 0.9987291594346365,
    "robot-gripper-empty()": 0.7655485421419144,
    "robot-gripping(milk-carton)": 0.49237153430779773,
    "robot-gripping(lemon)": 0.23833838989958167,
    "robot-gripping(green-bottle)": 0.14747482538223267,
    "robot-gripping(loaf-of-bread)": 0.1638756562024355,
    "robot-gripping(red-box-of-cereal)": 0.20580031474431357,
    "robot-gripping(red-can-of-soda)": 0.38962653527657193
}