{
    "on-table(milk-carton,wood-table)": 0.5763887527088324,
    "on-table(milk-carton,black-table)": 0.6275037864155214,
    "on-table(milk-carton,white-table)": 0.010377305921186538,
    "on-table(lemon,wood-table)": 0.12856914252794618,
    "on-table(lemon,black-table)": 0.001384944433387621,
    "on-table(lemon,white-table)": 0.841331343476971,
    "on-table(green-bottle,wood-table)": 0.14624074696863923,
    "on-table(green-bottle,black-table)": 0.001817808991442386,
    "on-table(green-bottle,white-table)": 0.8436445562789837,
    "on-table(loaf-of-bread,wood-table)": 0.249788625476261,
    "on-table(loaf-of-bread,black-table)": 0.6931292495379845,
    "on-table(loaf-of-bread,white-table)": 0.020014947949675843,
    "on-table(red-box-of-cereal,wood-table)": 0.3462133534097423,
    "on-table(red-box-of-cereal,black-table)": 0.9571429292360941,
    "on-table(red-box-of-cereal,white-table)": 0.017153258338415373,
    "on-table(red-can-of-soda,wood-table)": 0.992535263299942,
    "on-table(red-can-of-soda,black-table)": 0.3341585600220848,
    "on-table(red-can-of-soda,white-table)": 0.0038094654964879737,
    "robot-gripper-empty()": 0.9644292990366617,
    "robot-gripping(milk-carton)": 0.11562029458582401,
    "robot-gripping(lemon)": 0.029562205406061064,
    "robot-gripping(green-bottle)": 0.016805134398358252,
    "robot-gripping(loaf-of-bread)": 0.06630505093683799,
    "robot-gripping(red-box-of-cereal)": 0.04292189694630603,
    "robot-gripping(red-can-of-soda)": 0.14255035148623088
}