{
    "on-table(milk-carton,wood-table)": 0.5991174957404534,
    "on-table(milk-carton,black-table)": 0.4300891956881969,
    "on-table(milk-carton,white-table)": 0.13875110667989551,
    "on-table(lemon,wood-table)": 0.17898516385563804,
    "on-table(lemon,black-table)": 0.003582655713330496,
    "on-table(lemon,white-table)": 0.9224875966707865,
    "on-table(green-bottle,wood-table)": 0.17059497139416635,
    "on-table(green-bottle,black-table)": 0.0023269076870064964,
    "on-table(green-bottle,white-table)": 0.8457032615939776,
    "on-table(loaf-of-bread,wood-table)": 0.2624093272412817,
    "on-table(loaf-of-bread,black-table)": 0.13446342355261245,
    "on-table(loaf-of-bread,white-table)": 0.3798261607686679,
    "on-table(red-box-of-cereal,wood-table)": 0.22662592336079493,
    "on-table(red-box-of-cereal,black-table)": 0.8603138104081154,
    "on-table(red-box-of-cereal,white-table)": 0.008687805337103782,
    "on-table(red-can-of-soda,wood-table)": 0.21797324326568437,
    "on-table(red-can-of-soda,black-table)": 0.8432097006589174,
    "on-table(red-can-of-soda,white-table)": 0.004215435041260207,
    "robot-gripper-empty()": 0.9681311547756195,
    "robot-gripping(milk-carton)": 0.1247992217540741,
    "robot-gripping(lemon)": 0.05286821272845069,
    "robot-gripping(green-bottle)": 0.10720516417253141,
    "robot-gripping(loaf-of-bread)": 0.1253462334473928,
    "robot-gripping(red-box-of-cereal)": 0.12150199381479372,
    "robot-gripping(red-can-of-soda)": 0.13072925185163817
}