{
    "on-table(milk-carton,wood-table)": 0.7248546021680037,
    "on-table(milk-carton,black-table)": 0.1673717866675967,
    "on-table(milk-carton,white-table)": 0.10462350093681987,
    "on-table(lemon,wood-table)": 0.1838632236031117,
    "on-table(lemon,black-table)": 0.00037090401588102395,
    "on-table(lemon,white-table)": 0.9998125433921814,
    "on-table(green-bottle,wood-table)": 0.981074204047521,
    "on-table(green-bottle,black-table)": 0.32694468986498276,
    "on-table(green-bottle,white-table)": 0.002631753167709879,
    "on-table(loaf-of-bread,wood-table)": 0.45747887436300516,
    "on-table(loaf-of-bread,black-table)": 0.11797212909247416,
    "on-table(loaf-of-bread,white-table)": 0.1951951262744842,
    "on-table(red-box-of-cereal,wood-table)": 0.8191695580414186,
    "on-table(red-box-of-cereal,black-table)": 0.16295843157270914,
    "on-table(red-box-of-cereal,white-table)": 0.009132855916808088,
    "on-table(red-can-of-soda,wood-table)": 0.8355141667028269,
    "on-table(red-can-of-soda,black-table)": 0.17297428973809778,
    "on-table(red-can-of-soda,white-table)": 0.0026576115378702525,
    "robot-gripper-empty()": 0.7766073991854986,
    "robot-gripping(milk-carton)": 0.41950786858797073,
    "robot-gripping(lemon)": 0.08214288755940895,
    "robot-gripping(green-bottle)": 0.1481576214234034,
    "robot-gripping(loaf-of-bread)": 0.10981781454756856,
    "robot-gripping(red-box-of-cereal)": 0.15229095549633107,
    "robot-gripping(red-can-of-soda)": 0.28559207047025365
}