{
    "on-table(milk-carton,wood-table)": 0.13136292978500327,
    "on-table(milk-carton,black-table)": 0.5924466550689734,
    "on-table(milk-carton,white-table)": 0.3513569002097938,
    "on-table(lemon,wood-table)": 0.6720695175851384,
    "on-table(lemon,black-table)": 0.1731327680752012,
    "on-table(lemon,white-table)": 0.01823394549940834,
    "on-table(green-bottle,wood-table)": 0.16782944369091032,
    "on-table(green-bottle,black-table)": 0.006898395037220932,
    "on-table(green-bottle,white-table)": 0.9601413905620575,
    "on-table(loaf-of-bread,wood-table)": 0.06176341879957666,
    "on-table(loaf-of-bread,black-table)": 0.05219292436959222,
    "on-table(loaf-of-bread,white-table)": 0.17418221101009598,
    "on-table(red-box-of-cereal,wood-table)": 0.3597297705515909,
    "on-table(red-box-of-cereal,black-table)": 0.007253147564673175,
    "on-table(red-box-of-cereal,white-table)": 0.7890436057932675,
    "on-table(red-can-of-soda,wood-table)": 0.9950326581796011,
    "on-table(red-can-of-soda,black-table)": 0.16290740506713064,
    "on-table(red-can-of-soda,white-table)": 0.16879428127883025,
    "robot-gripper-empty()": 0.7079824730753899,
    "robot-gripping(milk-carton)": 0.47491737455129623,
    "robot-gripping(lemon)": 0.11487195330361526,
    "robot-gripping(green-bottle)": 0.24175893608480692,
    "robot-gripping(loaf-of-bread)": 0.15645119237403074,
    "robot-gripping(red-box-of-cereal)": 0.3675802741199732,
    "robot-gripping(red-can-of-soda)": 0.4834147443373998
}