{
    "on-table(milk-carton,wood-table)": 0.03317626278537015,
    "on-table(milk-carton,black-table)": 0.2639779788441956,
    "on-table(milk-carton,white-table)": 0.18472664259995022,
    "on-table(lemon,wood-table)": 0.8552436282237371,
    "on-table(lemon,black-table)": 0.16826695765977698,
    "on-table(lemon,white-table)": 0.08876944108669704,
    "on-table(green-bottle,wood-table)": 0.2873231283738278,
    "on-table(green-bottle,black-table)": 0.9437683125336965,
    "on-table(green-bottle,white-table)": 0.03307659327159248,
    "on-table(loaf-of-bread,wood-table)": 0.06345216906629503,
    "on-table(loaf-of-bread,black-table)": 0.0340883262300243,
    "on-table(loaf-of-bread,white-table)": 0.28890918113756925,
    "on-table(red-box-of-cereal,wood-table)": 0.00566917840236177,
    "on-table(red-box-of-cereal,black-table)": 0.18011673017948246,
    "on-table(red-box-of-cereal,white-table)": 0.004898095401586033,
    "on-table(red-can-of-soda,wood-table)": 0.009232964061084203,
    "on-table(red-can-of-soda,black-table)": 0.1631266285063854,
    "on-table(red-can-of-soda,white-table)": 0.06059213209179385,
    "robot-gripper-empty()": 0.8107529977957407,
    "robot-gripping(milk-carton)": 0.2537105903029442,
    "robot-gripping(lemon)": 0.1672600565943867,
    "robot-gripping(green-bottle)": 0.1690029744640924,
    "robot-gripping(loaf-of-bread)": 0.09911932454754908,
    "robot-gripping(red-box-of-cereal)": 0.030277282542859513,
    "robot-gripping(red-can-of-soda)": 0.10940949502401054
}