{
    "on-table(milk-carton,wood-table)": 0.41084224563868094,
    "on-table(milk-carton,black-table)": 0.7211835210522016,
    "on-table(milk-carton,white-table)": 0.0998718107221066,
    "on-table(lemon,wood-table)": 0.17348875128179012,
    "on-table(lemon,black-table)": 0.044088450861484794,
    "on-table(lemon,white-table)": 0.8363915070270499,
    "on-table(green-bottle,wood-table)": 0.3309516755543882,
    "on-table(green-bottle,black-table)": 0.9987946252028147,
    "on-table(green-bottle,white-table)": 0.011334671335816893,
    "on-table(loaf-of-bread,wood-table)": 0.6671154871582985,
    "on-table(loaf-of-bread,black-table)": 0.32865097078805167,
    "on-table(loaf-of-bread,white-table)": 0.04042541190089347,
    "on-table(red-box-of-cereal,wood-table)": 0.1844704469452457,
    "on-table(red-box-of-cereal,black-table)": 0.18413279686744013,
    "on-table(red-box-of-cereal,white-table)": 0.003095281664476109,
    "on-table(red-can-of-soda,wood-table)": 0.19997426596819423,
    "on-table(red-can-of-soda,black-table)": 0.20221140777236238,
    "on-table(red-can-of-soda,white-table)": 0.006155785572142729,
    "robot-gripper-empty()": 0.7115575193893164,
    "robot-gripping(milk-carton)": 0.4816967497269313,
    "robot-gripping(lemon)": 0.02050515035322557,
    "robot-gripping(green-bottle)": 0.032955090932470434,
    "robot-gripping(loaf-of-bread)": 0.26344262187679607,
    "robot-gripping(red-box-of-cereal)": 0.5159399607218802,
    "robot-gripping(red-can-of-soda)": 0.6575978398323059
}