{
    "on-table(milk-carton,wood-table)": 0.3510055629303679,
    "on-table(milk-carton,black-table)": 0.08896751657205944,
    "on-table(milk-carton,white-table)": 0.5784875902657708,
    "on-table(lemon,wood-table)": 0.1264257021054315,
    "on-table(lemon,black-table)": 0.13109286724162908,
    "on-table(lemon,white-table)": 0.09249884821474552,
    "on-table(green-bottle,wood-table)": 0.18083796686551068,
    "on-table(green-bottle,black-table)": 0.012439380912345163,
    "on-table(green-bottle,white-table)": 0.8486706229547659,
    "on-table(loaf-of-bread,wood-table)": 0.3158167486156647,
    "on-table(loaf-of-bread,black-table)": 0.06818814175979544,
    "on-table(loaf-of-bread,white-table)": 0.10034957834674667,
    "on-table(red-box-of-cereal,wood-table)": 0.12244788431174432,
    "on-table(red-box-of-cereal,black-table)": 0.0028389675438423487,
    "on-table(red-box-of-cereal,white-table)": 0.5136524724463621,
    "on-table(red-can-of-soda,wood-table)": 0.05362332470152372,
    "on-table(red-can-of-soda,black-table)": 0.00027516429357395583,
    "on-table(red-can-of-soda,white-table)": 0.8194623878128672,
    "robot-gripper-empty()": 0.9336717426776886,
    "robot-gripping(milk-carton)": 0.38547699836393196,
    "robot-gripping(lemon)": 0.08982069852451484,
    "robot-gripping(green-bottle)": 0.023595728212967515,
    "robot-gripping(loaf-of-bread)": 0.1468820134177804,
    "robot-gripping(red-box-of-cereal)": 0.04836892453022301,
    "robot-gripping(red-can-of-soda)": 0.0766648215552171
}