{
    "on-table(milk-carton,wood-table)": 0.846222847700119,
    "on-table(milk-carton,black-table)": 0.07459348235594614,
    "on-table(milk-carton,white-table)": 0.19379368899899418,
    "on-table(lemon,wood-table)": 0.6693217060528696,
    "on-table(lemon,black-table)": 0.16486907732602654,
    "on-table(lemon,white-table)": 0.3679916281629024,
    "on-table(green-bottle,wood-table)": 0.6793503699203333,
    "on-table(green-bottle,black-table)": 0.1770693978660726,
    "on-table(green-bottle,white-table)": 0.0013240558338149337,
    "on-table(loaf-of-bread,wood-table)": 0.28031939019759494,
    "on-table(loaf-of-bread,black-table)": 0.0027980955589252212,
    "on-table(loaf-of-bread,white-table)": 0.6446802459346751,
    "on-table(red-box-of-cereal,wood-table)": 0.8152688673386971,
    "on-table(red-box-of-cereal,black-table)": 0.17323609930826933,
    "on-table(red-box-of-cereal,white-table)": 0.04291141683870592,
    "on-table(red-can-of-soda,wood-table)": 0.5810117950422864,
    "on-table(red-can-of-soda,black-table)": 0.5139018742920598,
    "on-table(red-can-of-soda,white-table)": 0.0023821370268706232,
    "robot-gripper-empty()": 0.9737476805845896,
    "robot-gripping(milk-carton)": 0.2864574311921994,
    "robot-gripping(lemon)": 0.0500012111539642,
    "robot-gripping(green-bottle)": 0.04894288384821266,
    "robot-gripping(loaf-of-bread)": 0.07568410163124402,
    "robot-gripping(red-box-of-cereal)": 0.03113749825085203,
    "robot-gripping(red-can-of-soda)": 0.036059337900951505
}