{
    "on-table(milk-carton,wood-table)": 0.5994639353205761,
    "on-table(milk-carton,black-table)": 0.34956845567406464,
    "on-table(milk-carton,white-table)": 0.08647694784061362,
    "on-table(lemon,wood-table)": 0.12606910693769655,
    "on-table(lemon,black-table)": 0.07159364464071889,
    "on-table(lemon,white-table)": 0.036545017714767404,
    "on-table(green-bottle,wood-table)": 0.16812897916436972,
    "on-table(green-bottle,black-table)": 0.0036641959784446954,
    "on-table(green-bottle,white-table)": 0.8371323815857371,
    "on-table(loaf-of-bread,wood-table)": 0.7858696679274241,
    "on-table(loaf-of-bread,black-table)": 0.20071680985529383,
    "on-table(loaf-of-bread,white-table)": 0.030606391996267728,
    "on-table(red-box-of-cereal,wood-table)": 0.35710142362707603,
    "on-table(red-box-of-cereal,black-table)": 0.418757430985958,
    "on-table(red-box-of-cereal,white-table)": 0.09773940144805238,
    "on-table(red-can-of-soda,wood-table)": 0.2020608618731785,
    "on-table(red-can-of-soda,black-table)": 0.30788519007849874,
    "on-table(red-can-of-soda,white-table)": 0.010811049107966634,
    "robot-gripper-empty()": 0.8165055910746256,
    "robot-gripping(milk-carton)": 0.40786808387686807,
    "robot-gripping(lemon)": 0.08972986927255988,
    "robot-gripping(green-bottle)": 0.00939784296012173,
    "robot-gripping(loaf-of-bread)": 0.08483770241340001,
    "robot-gripping(red-box-of-cereal)": 0.069294126626725,
    "robot-gripping(red-can-of-soda)": 0.08041414277007182
}