{
    "on-table(milk-carton,wood-table)": 0.592926818858056,
    "on-table(milk-carton,black-table)": 0.2716273820309804,
    "on-table(milk-carton,white-table)": 0.06326924476100733,
    "on-table(lemon,wood-table)": 0.1525719231479646,
    "on-table(lemon,black-table)": 0.03811552067296967,
    "on-table(lemon,white-table)": 0.9736169179280599,
    "on-table(green-bottle,wood-table)": 0.1693279326730893,
    "on-table(green-bottle,black-table)": 0.8353356989100575,
    "on-table(green-bottle,white-table)": 0.0011076268304653543,
    "on-table(loaf-of-bread,wood-table)": 0.28307749330997467,
    "on-table(loaf-of-bread,black-table)": 0.4460054680239409,
    "on-table(loaf-of-bread,white-table)": 0.03387699922313914,
    "on-table(red-box-of-cereal,wood-table)": 0.31515381491044536,
    "on-table(red-box-of-cereal,black-table)": 0.06155907787615433,
    "on-table(red-box-of-cereal,white-table)": 0.0018222915356697438,
    "on-table(red-can-of-soda,wood-table)": 0.7665464757010341,
    "on-table(red-can-of-soda,black-table)": 0.17009740065880882,
    "on-table(red-can-of-soda,white-table)": 0.002783719392709827,
    "robot-gripper-empty()": 0.8818780879179636,
    "robot-gripping(milk-carton)": 0.18188053835183382,
    "robot-gripping(lemon)": 0.058519561522795506,
    "robot-gripping(green-bottle)": 0.13176084808461988,
    "robot-gripping(loaf-of-bread)": 0.12452227730924885,
    "robot-gripping(red-box-of-cereal)": 0.0491732401230062,
    "robot-gripping(red-can-of-soda)": 0.1918434053271388
}