{
    "on-table(milk-carton,wood-table)": 0.538282039303643,
    "on-table(milk-carton,black-table)": 0.2712776701159025,
    "on-table(milk-carton,white-table)": 0.0397070417895217,
    "on-table(lemon,wood-table)": 0.208616419021079,
    "on-table(lemon,black-table)": 0.0009447618208469066,
    "on-table(lemon,white-table)": 0.9918476243813833,
    "on-table(green-bottle,wood-table)": 0.9994349280993143,
    "on-table(green-bottle,black-table)": 0.33326973402726406,
    "on-table(green-bottle,white-table)": 0.0063132917279062895,
    "on-table(loaf-of-bread,wood-table)": 0.14041964259619513,
    "on-table(loaf-of-bread,black-table)": 0.13084996703158444,
    "on-table(loaf-of-bread,white-table)": 0.13350672778324224,
    "on-table(red-box-of-cereal,wood-table)": 0.08664397359825671,
    "on-table(red-box-of-cereal,black-table)": 0.028527778456918895,
    "on-table(red-box-of-cereal,white-table)": 0.0021472717926371843,
    "on-table(red-can-of-soda,wood-table)": 0.8353245469431082,
    "on-table(red-can-of-soda,black-table)": 0.17124655810751696,
    "on-table(red-can-of-soda,white-table)": 0.0025538905844465867,
    "robot-gripper-empty()": 0.7924407174189886,
    "robot-gripping(milk-carton)": 0.3601034488528967,
    "robot-gripping(lemon)": 0.09753403874735038,
    "robot-gripping(green-bottle)": 0.055875156074762344,
    "robot-gripping(loaf-of-bread)": 0.1490849107503891,
    "robot-gripping(red-box-of-cereal)": 0.1624062640282015,
    "robot-gripping(red-can-of-soda)": 0.2782429289072752
}