{
    "on-table(milk-carton,wood-table)": 0.18749444687273353,
    "on-table(milk-carton,black-table)": 0.029360165184092086,
    "on-table(milk-carton,white-table)": 0.6926970568795999,
    "on-table(lemon,wood-table)": 0.13656436450401088,
    "on-table(lemon,black-table)": 0.17996220497055523,
    "on-table(lemon,white-table)": 0.016938089684117585,
    "on-table(green-bottle,wood-table)": 0.9994481106599172,
    "on-table(green-bottle,black-table)": 0.3331484524589712,
    "on-table(green-bottle,white-table)": 0.00373300197414513,
    "on-table(loaf-of-bread,wood-table)": 0.04802183340264795,
    "on-table(loaf-of-bread,black-table)": 0.020707336167106405,
    "on-table(loaf-of-bread,white-table)": 0.0961896510173877,
    "on-table(red-box-of-cereal,wood-table)": 0.047831532550238386,
    "on-table(red-box-of-cereal,black-table)": 0.0012671424474319792,
    "on-table(red-box-of-cereal,white-table)": 0.8128846668017408,
    "on-table(red-can-of-soda,wood-table)": 0.133351981704133,
    "on-table(red-can-of-soda,black-table)": 0.00012144193609249972,
    "on-table(red-can-of-soda,white-table)": 0.8320553678495344,
    "robot-gripper-empty()": 0.9648776451746622,
    "robot-gripping(milk-carton)": 0.36379729739079875,
    "robot-gripping(lemon)": 0.06720577304561932,
    "robot-gripping(green-bottle)": 0.03606467320544956,
    "robot-gripping(loaf-of-bread)": 0.14432716990510622,
    "robot-gripping(red-box-of-cereal)": 0.046491529792547226,
    "robot-gripping(red-can-of-soda)": 0.05623986145171026
}