{
    "on-table(milk-carton,wood-table)": 0.5739084001009663,
    "on-table(milk-carton,black-table)": 0.08912218808351706,
    "on-table(milk-carton,white-table)": 0.23234228817697536,
    "on-table(lemon,wood-table)": 0.019946959349908866,
    "on-table(lemon,black-table)": 0.00047090422837451723,
    "on-table(lemon,white-table)": 0.5614906986472002,
    "on-table(green-bottle,wood-table)": 0.16914648551270753,
    "on-table(green-bottle,black-table)": 0.004502019006849878,
    "on-table(green-bottle,white-table)": 0.8843328307072321,
    "on-table(loaf-of-bread,wood-table)": 0.0399049874007081,
    "on-table(loaf-of-bread,black-table)": 0.007025299715072227,
    "on-table(loaf-of-bread,white-table)": 0.23494049155851826,
    "on-table(red-box-of-cereal,wood-table)": 0.002836030449543614,
    "on-table(red-box-of-cereal,black-table)": 0.5149839153164066,
    "on-table(red-box-of-cereal,white-table)": 0.014815531779580246,
    "on-table(red-can-of-soda,wood-table)": 0.16576580205583014,
    "on-table(red-can-of-soda,black-table)": 0.8241127873382842,
    "on-table(red-can-of-soda,white-table)": 0.05366826798126567,
    "robot-gripper-empty()": 0.758950856824716,
    "robot-gripping(milk-carton)": 0.2802858976647258,
    "robot-gripping(lemon)": 0.0365233119421949,
    "robot-gripping(green-bottle)": 0.029845729974719386,
    "robot-gripping(loaf-of-bread)": 0.07210251968353987,
    "robot-gripping(red-box-of-cereal)": 0.06232645960214237,
    "robot-gripping(red-can-of-soda)": 0.09437672689091414
}