{
    "on-table(milk-carton,wood-table)": 0.2512029179682334,
    "on-table(milk-carton,black-table)": 0.47877994428078335,
    "on-table(milk-carton,white-table)": 0.24467997431444624,
    "on-table(lemon,wood-table)": 0.3557636219775304,
    "on-table(lemon,black-table)": 0.10255586241851233,
    "on-table(lemon,white-table)": 0.8680770546197891,
    "on-table(green-bottle,wood-table)": 0.2800909568613861,
    "on-table(green-bottle,black-table)": 0.4407486430524538,
    "on-table(green-bottle,white-table)": 0.15215466676211994,
    "on-table(loaf-of-bread,wood-table)": 0.1031591040858378,
    "on-table(loaf-of-bread,black-table)": 0.527892188479503,
    "on-table(loaf-of-bread,white-table)": 0.23476296822506507,
    "on-table(red-box-of-cereal,wood-table)": 0.32755634949232143,
    "on-table(red-box-of-cereal,black-table)": 0.8476609786351522,
    "on-table(red-box-of-cereal,white-table)": 0.008293046019389294,
    "on-table(red-can-of-soda,wood-table)": 0.9847288032372793,
    "on-table(red-can-of-soda,black-table)": 0.3383154672724989,
    "on-table(red-can-of-soda,white-table)": 0.01233374548894517,
    "robot-gripper-empty()": 0.9730773170789083,
    "robot-gripping(milk-carton)": 0.26941488434871036,
    "robot-gripping(lemon)": 0.07223581274350484,
    "robot-gripping(green-bottle)": 0.09350832908724745,
    "robot-gripping(loaf-of-bread)": 0.08920057925085227,
    "robot-gripping(red-box-of-cereal)": 0.03834880484888951,
    "robot-gripping(red-can-of-soda)": 0.11582059583937128
}