{
    "on-table(milk-carton,wood-table)": 0.27936836242831004,
    "on-table(milk-carton,black-table)": 0.8688309192657471,
    "on-table(milk-carton,white-table)": 0.06351022546853831,
    "on-table(lemon,wood-table)": 0.08169437482138164,
    "on-table(lemon,black-table)": 0.0061453164535881415,
    "on-table(lemon,white-table)": 0.8362276392678419,
    "on-table(green-bottle,wood-table)": 0.169368909439072,
    "on-table(green-bottle,black-table)": 0.0019293823338557559,
    "on-table(green-bottle,white-table)": 0.8353095628942052,
    "on-table(loaf-of-bread,wood-table)": 0.37827627174556255,
    "on-table(loaf-of-bread,black-table)": 0.09132272812227409,
    "on-table(loaf-of-bread,white-table)": 0.386510799638927,
    "on-table(red-box-of-cereal,wood-table)": 0.3468364772658485,
    "on-table(red-box-of-cereal,black-table)": 0.9537694454193115,
    "on-table(red-box-of-cereal,white-table)": 0.018191224258165068,
    "on-table(red-can-of-soda,wood-table)": 0.3230919944859731,
    "on-table(red-can-of-soda,black-table)": 0.9959456324577332,
    "on-table(red-can-of-soda,white-table)": 0.0033917916669755264,
    "robot-gripper-empty()": 0.9675915340582529,
    "robot-gripping(milk-carton)": 0.1063335370272398,
    "robot-gripping(lemon)": 0.06974536269747962,
    "robot-gripping(green-bottle)": 0.03923080511352358,
    "robot-gripping(loaf-of-bread)": 0.08312738236660759,
    "robot-gripping(red-box-of-cereal)": 0.04111952417103263,
    "robot-gripping(red-can-of-soda)": 0.055642560318422817
}