{
    "on-table(milk-carton,wood-table)": 0.39279671092663193,
    "on-table(milk-carton,black-table)": 0.6602960885502398,
    "on-table(milk-carton,white-table)": 0.011298315216360303,
    "on-table(lemon,wood-table)": 0.022745672846212983,
    "on-table(lemon,black-table)": 0.014313572707275549,
    "on-table(lemon,white-table)": 0.1628511541445429,
    "on-table(green-bottle,wood-table)": 0.07695448947682355,
    "on-table(green-bottle,black-table)": 0.004452524616075,
    "on-table(green-bottle,white-table)": 0.9949626823266348,
    "on-table(loaf-of-bread,wood-table)": 0.6437594542900721,
    "on-table(loaf-of-bread,black-table)": 0.11618834683273842,
    "on-table(loaf-of-bread,white-table)": 0.004406141602278997,
    "on-table(red-box-of-cereal,wood-table)": 0.9566042522589365,
    "on-table(red-box-of-cereal,black-table)": 0.3240022201201403,
    "on-table(red-box-of-cereal,white-table)": 0.002739065433919071,
    "on-table(red-can-of-soda,wood-table)": 0.7815357571234927,
    "on-table(red-can-of-soda,black-table)": 0.3234556597062692,
    "on-table(red-can-of-soda,white-table)": 0.0013082168035604507,
    "robot-gripper-empty()": 0.7276470214128494,
    "robot-gripping(milk-carton)": 0.2906273566186428,
    "robot-gripping(lemon)": 0.13002210669219494,
    "robot-gripping(green-bottle)": 0.014482519123703241,
    "robot-gripping(loaf-of-bread)": 0.123845174908638,
    "robot-gripping(red-box-of-cereal)": 0.13628713615859547,
    "robot-gripping(red-can-of-soda)": 0.28946869137386483
}