{
    "on-table(milk-carton,wood-table)": 0.3205472734601547,
    "on-table(milk-carton,black-table)": 0.8562812606493632,
    "on-table(milk-carton,white-table)": 0.021912623751025723,
    "on-table(lemon,wood-table)": 0.11644057471615572,
    "on-table(lemon,black-table)": 0.19701466088493666,
    "on-table(lemon,white-table)": 0.17434589673454562,
    "on-table(green-bottle,wood-table)": 0.16533315443666652,
    "on-table(green-bottle,black-table)": 0.002497794060218439,
    "on-table(green-bottle,white-table)": 0.9986744125684103,
    "on-table(loaf-of-bread,wood-table)": 0.566618732487162,
    "on-table(loaf-of-bread,black-table)": 0.2862147150250773,
    "on-table(loaf-of-bread,white-table)": 0.021757833880352944,
    "on-table(red-box-of-cereal,wood-table)": 0.3745289190749948,
    "on-table(red-box-of-cereal,black-table)": 0.7894346974790096,
    "on-table(red-box-of-cereal,white-table)": 0.14962401697024083,
    "on-table(red-can-of-soda,wood-table)": 0.9925268193085989,
    "on-table(red-can-of-soda,black-table)": 0.33809079286481847,
    "on-table(red-can-of-soda,white-table)": 0.018908710308475445,
    "robot-gripper-empty()": 0.9091769754886627,
    "robot-gripping(milk-carton)": 0.2898966409265995,
    "robot-gripping(lemon)": 0.23240675777196884,
    "robot-gripping(green-bottle)": 0.01780276440937693,
    "robot-gripping(loaf-of-bread)": 0.17602972717334828,
    "robot-gripping(red-box-of-cereal)": 0.07762891581902902,
    "robot-gripping(red-can-of-soda)": 0.21523661725223064
}