{
    "on-table(milk-carton,wood-table)": 0.4922611948956425,
    "on-table(milk-carton,black-table)": 0.5624983484546343,
    "on-table(milk-carton,white-table)": 0.13636368989318726,
    "on-table(lemon,wood-table)": 0.542583622969687,
    "on-table(lemon,black-table)": 0.27958717016554147,
    "on-table(lemon,white-table)": 0.11903451072066673,
    "on-table(green-bottle,wood-table)": 0.6884173951111734,
    "on-table(green-bottle,black-table)": 0.35808007163844496,
    "on-table(green-bottle,white-table)": 0.12268293733689006,
    "on-table(loaf-of-bread,wood-table)": 0.5640393476933241,
    "on-table(loaf-of-bread,black-table)": 0.22929338365793228,
    "on-table(loaf-of-bread,white-table)": 0.1605001820231943,
    "on-table(red-box-of-cereal,wood-table)": 0.9620372354984283,
    "on-table(red-box-of-cereal,black-table)": 0.2785011827942678,
    "on-table(red-box-of-cereal,white-table)": 0.10356209808348164,
    "on-table(red-can-of-soda,wood-table)": 0.7540951507204833,
    "on-table(red-can-of-soda,black-table)": 0.2514429859581166,
    "on-table(red-can-of-soda,white-table)": 0.09488189029260259,
    "robot-gripper-empty()": 0.9308377603689829,
    "robot-gripping(milk-carton)": 0.09838518500328064,
    "robot-gripping(lemon)": 0.09180316173781951,
    "robot-gripping(green-bottle)": 0.06149204292645057,
    "robot-gripping(loaf-of-bread)": 0.10536031238734722,
    "robot-gripping(red-box-of-cereal)": 0.1315418539258341,
    "robot-gripping(red-can-of-soda)": 0.1804834771901369
}