{
    "on-table(milk-carton,wood-table)": 0.25813805280874175,
    "on-table(milk-carton,black-table)": 0.7671109189589819,
    "on-table(milk-carton,white-table)": 0.16493309828607985,
    "on-table(lemon,wood-table)": 0.005030708913788355,
    "on-table(lemon,black-table)": 0.029199393774130538,
    "on-table(lemon,white-table)": 0.018735895299566135,
    "on-table(green-bottle,wood-table)": 0.20237747086018013,
    "on-table(green-bottle,black-table)": 0.8641974156101545,
    "on-table(green-bottle,white-table)": 0.052640144338056416,
    "on-table(loaf-of-bread,wood-table)": 0.19479191054900488,
    "on-table(loaf-of-bread,black-table)": 0.7441686689853668,
    "on-table(loaf-of-bread,white-table)": 0.0854922753739326,
    "on-table(red-box-of-cereal,wood-table)": 0.2229191088117659,
    "on-table(red-box-of-cereal,black-table)": 0.7915671987769505,
    "on-table(red-box-of-cereal,white-table)": 0.07233017776646496,
    "on-table(red-can-of-soda,wood-table)": 0.1640708093958286,
    "on-table(red-can-of-soda,black-table)": 0.837407392449677,
    "on-table(red-can-of-soda,white-table)": 0.037890388015512144,
    "robot-gripper-empty()": 0.9773092369238535,
    "robot-gripping(milk-carton)": 0.24095330014824867,
    "robot-gripping(lemon)": 0.04224926636864742,
    "robot-gripping(green-bottle)": 0.04530072491616011,
    "robot-gripping(loaf-of-bread)": 0.11381266886989276,
    "robot-gripping(red-box-of-cereal)": 0.044020494911819696,
    "robot-gripping(red-can-of-soda)": 0.06679432652890682
}