{
    "on-table(milk-carton,wood-table)": 0.3497740247597297,
    "on-table(milk-carton,black-table)": 0.14921282037782171,
    "on-table(milk-carton,white-table)": 0.5222085295245051,
    "on-table(lemon,wood-table)": 0.09300587807471554,
    "on-table(lemon,black-table)": 0.00723124325243892,
    "on-table(lemon,white-table)": 0.005447739672187406,
    "on-table(green-bottle,wood-table)": 0.17154898703059493,
    "on-table(green-bottle,black-table)": 0.17083753641509247,
    "on-table(green-bottle,white-table)": 0.002081597916003375,
    "on-table(loaf-of-bread,wood-table)": 0.5502096731991818,
    "on-table(loaf-of-bread,black-table)": 0.001773466504649453,
    "on-table(loaf-of-bread,white-table)": 0.17961351633372638,
    "on-table(red-box-of-cereal,wood-table)": 0.1730265132985854,
    "on-table(red-box-of-cereal,black-table)": 0.20661298316190368,
    "on-table(red-box-of-cereal,white-table)": 0.6763607809940974,
    "on-table(red-can-of-soda,wood-table)": 0.16490181252205124,
    "on-table(red-can-of-soda,black-table)": 0.8200523352910144,
    "on-table(red-can-of-soda,white-table)": 0.31438389629450586,
    "robot-gripper-empty()": 0.4766286783657658,
    "robot-gripping(milk-carton)": 0.39353325342138606,
    "robot-gripping(lemon)": 0.25814706917541724,
    "robot-gripping(green-bottle)": 0.7350031780467058,
    "robot-gripping(loaf-of-bread)": 0.08141187481426944,
    "robot-gripping(red-box-of-cereal)": 0.059959348670721134,
    "robot-gripping(red-can-of-soda)": 0.12504729954525828
}