{
    "on-table(milk-carton,wood-table)": 0.09214761892023186,
    "on-table(milk-carton,black-table)": 0.3419137019664049,
    "on-table(milk-carton,white-table)": 0.10687224878347479,
    "on-table(lemon,wood-table)": 0.12488914599452983,
    "on-table(lemon,black-table)": 0.7397332540713251,
    "on-table(lemon,white-table)": 0.0025424035381244416,
    "on-table(green-bottle,wood-table)": 0.8944100389877955,
    "on-table(green-bottle,black-table)": 0.3196097537665234,
    "on-table(green-bottle,white-table)": 0.02407201797025967,
    "on-table(loaf-of-bread,wood-table)": 0.16189387044869363,
    "on-table(loaf-of-bread,black-table)": 0.16827873294823803,
    "on-table(loaf-of-bread,white-table)": 0.1932415070477873,
    "on-table(red-box-of-cereal,wood-table)": 0.03901635413179368,
    "on-table(red-box-of-cereal,black-table)": 0.01653783690153432,
    "on-table(red-box-of-cereal,white-table)": 0.1939748855132469,
    "on-table(red-can-of-soda,wood-table)": 0.012756201184250434,
    "on-table(red-can-of-soda,black-table)": 0.013309145667411334,
    "on-table(red-can-of-soda,white-table)": 0.17383959917212147,
    "robot-gripper-empty()": 0.6090204815069834,
    "robot-gripping(milk-carton)": 0.4774813875555992,
    "robot-gripping(lemon)": 0.24670803267508745,
    "robot-gripping(green-bottle)": 0.17934832038978735,
    "robot-gripping(loaf-of-bread)": 0.2061619684100151,
    "robot-gripping(red-box-of-cereal)": 0.04998302816723784,
    "robot-gripping(red-can-of-soda)": 0.14623710326850414
}