{
    "on-table(milk-carton,wood-table)": 0.24037659478684267,
    "on-table(milk-carton,black-table)": 0.10304975137114525,
    "on-table(milk-carton,white-table)": 0.23999497760087252,
    "on-table(lemon,wood-table)": 0.07307747732071827,
    "on-table(lemon,black-table)": 0.22138045540001863,
    "on-table(lemon,white-table)": 0.185037258391579,
    "on-table(green-bottle,wood-table)": 0.0012912164371906936,
    "on-table(green-bottle,black-table)": 0.0035488042964667934,
    "on-table(green-bottle,white-table)": 0.030748281789177174,
    "on-table(loaf-of-bread,wood-table)": 0.47392942806861055,
    "on-table(loaf-of-bread,black-table)": 0.177832282022185,
    "on-table(loaf-of-bread,white-table)": 0.31842225563013926,
    "on-table(red-box-of-cereal,wood-table)": 0.03547911744196123,
    "on-table(red-box-of-cereal,black-table)": 0.0446460177966704,
    "on-table(red-box-of-cereal,white-table)": 0.028141299650693934,
    "on-table(red-can-of-soda,wood-table)": 0.020573561370838434,
    "on-table(red-can-of-soda,black-table)": 0.060785510009736754,
    "on-table(red-can-of-soda,white-table)": 0.008597461539466167,
    "robot-gripper-empty()": 0.6339145389695963,
    "robot-gripping(milk-carton)": 0.3998320692529281,
    "robot-gripping(lemon)": 0.37108933242658776,
    "robot-gripping(green-bottle)": 0.10971571423579007,
    "robot-gripping(loaf-of-bread)": 0.3350415607759108,
    "robot-gripping(red-box-of-cereal)": 0.16159320461641377,
    "robot-gripping(red-can-of-soda)": 0.3019247316600134
}