{
    "on-table(milk-carton,wood-table)": 0.3195048750688632,
    "on-table(milk-carton,black-table)": 0.1629909873008728,
    "on-table(milk-carton,white-table)": 0.11869775519395868,
    "on-table(lemon,wood-table)": 0.16597955801019756,
    "on-table(lemon,black-table)": 0.673182055198898,
    "on-table(lemon,white-table)": 0.003817217762237609,
    "on-table(green-bottle,wood-table)": 0.010219321645915139,
    "on-table(green-bottle,black-table)": 0.09942223673935284,
    "on-table(green-bottle,white-table)": 0.0014005016558561085,
    "on-table(loaf-of-bread,wood-table)": 0.6772160256902376,
    "on-table(loaf-of-bread,black-table)": 0.008990696058996642,
    "on-table(loaf-of-bread,white-table)": 0.10429976649356831,
    "on-table(red-box-of-cereal,wood-table)": 0.03840234466285134,
    "on-table(red-box-of-cereal,black-table)": 0.5017315269991135,
    "on-table(red-box-of-cereal,white-table)": 0.10827968717300489,
    "on-table(red-can-of-soda,wood-table)": 0.14832896317542085,
    "on-table(red-can-of-soda,black-table)": 0.7043266470233599,
    "on-table(red-can-of-soda,white-table)": 0.05638522913462415,
    "robot-gripper-empty()": 0.963969091574351,
    "robot-gripping(milk-carton)": 0.2773525671412547,
    "robot-gripping(lemon)": 0.04720872097338239,
    "robot-gripping(green-bottle)": 0.015109089921073368,
    "robot-gripping(loaf-of-bread)": 0.0776917515322566,
    "robot-gripping(red-box-of-cereal)": 0.1421121146219472,
    "robot-gripping(red-can-of-soda)": 0.26952494370440644
}