{
    "on-table(milk-carton,wood-table)": 0.16524079769927388,
    "on-table(milk-carton,black-table)": 0.5037253107099483,
    "on-table(milk-carton,white-table)": 0.5845812338860318,
    "on-table(lemon,wood-table)": 0.11974829603423132,
    "on-table(lemon,black-table)": 0.8350556686831018,
    "on-table(lemon,white-table)": 0.15024051605322106,
    "on-table(green-bottle,wood-table)": 0.16476572181030255,
    "on-table(green-bottle,black-table)": 0.7029159182372192,
    "on-table(green-bottle,white-table)": 0.003945489129970762,
    "on-table(loaf-of-bread,wood-table)": 0.2124297358483697,
    "on-table(loaf-of-bread,black-table)": 0.10308415923888485,
    "on-table(loaf-of-bread,white-table)": 0.5764008611440659,
    "on-table(red-box-of-cereal,wood-table)": 0.3399789938412141,
    "on-table(red-box-of-cereal,black-table)": 0.006916928993329445,
    "on-table(red-box-of-cereal,white-table)": 0.8560512463251749,
    "on-table(red-can-of-soda,wood-table)": 0.9989367723464966,
    "on-table(red-can-of-soda,black-table)": 0.16794316570940282,
    "on-table(red-can-of-soda,white-table)": 0.22134117790058858,
    "robot-gripper-empty()": 0.910956064860026,
    "robot-gripping(milk-carton)": 0.15637389943003654,
    "robot-gripping(lemon)": 0.019776590440111857,
    "robot-gripping(green-bottle)": 0.07723154628183693,
    "robot-gripping(loaf-of-bread)": 0.14548284203434983,
    "robot-gripping(red-box-of-cereal)": 0.13890773810756704,
    "robot-gripping(red-can-of-soda)": 0.20541715276582787
}