{
    "on-table(milk-carton,wood-table)": 0.2775018438696861,
    "on-table(milk-carton,black-table)": 0.13480989169329405,
    "on-table(milk-carton,white-table)": 0.2467112566033999,
    "on-table(lemon,wood-table)": 0.331388541807731,
    "on-table(lemon,black-table)": 0.19553028869753084,
    "on-table(lemon,white-table)": 0.07469944407542546,
    "on-table(green-bottle,wood-table)": 0.3593979220216473,
    "on-table(green-bottle,black-table)": 0.03140094482417529,
    "on-table(green-bottle,white-table)": 0.17696679238967286,
    "on-table(loaf-of-bread,wood-table)": 0.4858636260032654,
    "on-table(loaf-of-bread,black-table)": 0.1350398670474533,
    "on-table(loaf-of-bread,white-table)": 0.24083107275267443,
    "on-table(red-box-of-cereal,wood-table)": 0.020321861239305388,
    "on-table(red-box-of-cereal,black-table)": 0.012868118258969238,
    "on-table(red-box-of-cereal,white-table)": 0.008031782635953277,
    "on-table(red-can-of-soda,wood-table)": 0.07824532579009731,
    "on-table(red-can-of-soda,black-table)": 0.06706661756228034,
    "on-table(red-can-of-soda,white-table)": 0.02782072712822507,
    "robot-gripper-empty()": 0.6077038485867282,
    "robot-gripping(milk-carton)": 0.4258552224685748,
    "robot-gripping(lemon)": 0.4642927224437396,
    "robot-gripping(green-bottle)": 0.08147842794035871,
    "robot-gripping(loaf-of-bread)": 0.3479555118829012,
    "robot-gripping(red-box-of-cereal)": 0.034570969097937145,
    "robot-gripping(red-can-of-soda)": 0.17171823613656065
}