{
    "on-table(milk-carton,wood-table)": 0.24720835615880787,
    "on-table(milk-carton,black-table)": 0.04652416928001912,
    "on-table(milk-carton,white-table)": 0.6658194412787756,
    "on-table(lemon,wood-table)": 0.3197629580135981,
    "on-table(lemon,black-table)": 0.9759064515431722,
    "on-table(lemon,white-table)": 0.002921167034704316,
    "on-table(green-bottle,wood-table)": 0.9951718946297964,
    "on-table(green-bottle,black-table)": 0.33307860909856873,
    "on-table(green-bottle,white-table)": 0.0040087694290681,
    "on-table(loaf-of-bread,wood-table)": 0.752665204461664,
    "on-table(loaf-of-bread,black-table)": 0.2683531186339678,
    "on-table(loaf-of-bread,white-table)": 0.01857269590012341,
    "on-table(red-box-of-cereal,wood-table)": 0.021049020198309638,
    "on-table(red-box-of-cereal,black-table)": 0.019210241930219734,
    "on-table(red-box-of-cereal,white-table)": 0.03416523280308562,
    "on-table(red-can-of-soda,wood-table)": 0.01472584765724605,
    "on-table(red-can-of-soda,black-table)": 0.02508556979773857,
    "on-table(red-can-of-soda,white-table)": 0.015584556156985249,
    "robot-gripper-empty()": 0.9300007422765096,
    "robot-gripping(milk-carton)": 0.07156546056891482,
    "robot-gripping(lemon)": 0.12337815218294661,
    "robot-gripping(green-bottle)": 0.07104506203904748,
    "robot-gripping(loaf-of-bread)": 0.08639164734631777,
    "robot-gripping(red-box-of-cereal)": 0.010314352965603272,
    "robot-gripping(red-can-of-soda)": 0.021761058131232858
}