{
    "on-table(milk-carton,wood-table)": 0.32243155569691834,
    "on-table(milk-carton,black-table)": 0.49701307838161785,
    "on-table(milk-carton,white-table)": 0.14291132499783998,
    "on-table(lemon,wood-table)": 0.15144433228609464,
    "on-table(lemon,black-table)": 0.8207331308318923,
    "on-table(lemon,white-table)": 0.12685366804301643,
    "on-table(green-bottle,wood-table)": 0.0012067165395516592,
    "on-table(green-bottle,black-table)": 0.1777405695077808,
    "on-table(green-bottle,white-table)": 0.0019920663823237796,
    "on-table(loaf-of-bread,wood-table)": 0.827965798166891,
    "on-table(loaf-of-bread,black-table)": 0.09808409339166246,
    "on-table(loaf-of-bread,white-table)": 0.16787089467591917,
    "on-table(red-box-of-cereal,wood-table)": 0.8522173290451368,
    "on-table(red-box-of-cereal,black-table)": 0.0833653575085312,
    "on-table(red-box-of-cereal,white-table)": 0.02003402491952026,
    "on-table(red-can-of-soda,wood-table)": 0.5275612170031915,
    "on-table(red-can-of-soda,black-table)": 0.21648921792317802,
    "on-table(red-can-of-soda,white-table)": 0.015314494664683783,
    "robot-gripper-empty()": 0.8112494697173437,
    "robot-gripping(milk-carton)": 0.17980949704845747,
    "robot-gripping(lemon)": 0.12343510473147035,
    "robot-gripping(green-bottle)": 0.09778273493672411,
    "robot-gripping(loaf-of-bread)": 0.14740235855182013,
    "robot-gripping(red-box-of-cereal)": 0.27104449504986405,
    "robot-gripping(red-can-of-soda)": 0.49180172321697074
}