{
    "on-table(milk-carton,wood-table)": 0.6599342872699102,
    "on-table(milk-carton,black-table)": 0.12409907008130479,
    "on-table(milk-carton,white-table)": 0.16383515641973645,
    "on-table(lemon,wood-table)": 0.8646743496259054,
    "on-table(lemon,black-table)": 0.1784170551703331,
    "on-table(lemon,white-table)": 0.08838084721840762,
    "on-table(green-bottle,wood-table)": 0.3245695914204892,
    "on-table(green-bottle,black-table)": 0.9995258847872416,
    "on-table(green-bottle,white-table)": 0.16813679607200052,
    "on-table(loaf-of-bread,wood-table)": 0.24627164735769233,
    "on-table(loaf-of-bread,black-table)": 0.14383060744512477,
    "on-table(loaf-of-bread,white-table)": 0.1471005082615496,
    "on-table(red-box-of-cereal,wood-table)": 0.5663109333254397,
    "on-table(red-box-of-cereal,black-table)": 0.21790927917512212,
    "on-table(red-box-of-cereal,white-table)": 0.11422670517640654,
    "on-table(red-can-of-soda,wood-table)": 0.9821863571802775,
    "on-table(red-can-of-soda,black-table)": 0.3324666138899109,
    "on-table(red-can-of-soda,white-table)": 0.04632014990049053,
    "robot-gripper-empty()": 0.9012482116619746,
    "robot-gripping(milk-carton)": 0.1676920255025228,
    "robot-gripping(lemon)": 0.1804852488761147,
    "robot-gripping(green-bottle)": 0.04633172003862759,
    "robot-gripping(loaf-of-bread)": 0.09170329415549834,
    "robot-gripping(red-box-of-cereal)": 0.03660765538613001,
    "robot-gripping(red-can-of-soda)": 0.10742164294545849
}