{
    "on-table(milk-carton,wood-table)": 0.21509628473237777,
    "on-table(milk-carton,black-table)": 0.10356941857996087,
    "on-table(milk-carton,white-table)": 0.8521864960590998,
    "on-table(lemon,wood-table)": 0.02779397174405555,
    "on-table(lemon,black-table)": 0.15834466380389736,
    "on-table(lemon,white-table)": 0.011149657647668695,
    "on-table(green-bottle,wood-table)": 0.3369144690029013,
    "on-table(green-bottle,black-table)": 0.9954961538314819,
    "on-table(green-bottle,white-table)": 0.01878630440372338,
    "on-table(loaf-of-bread,wood-table)": 0.18882913887500763,
    "on-table(loaf-of-bread,black-table)": 0.22120439189408594,
    "on-table(loaf-of-bread,white-table)": 0.11112887462756287,
    "on-table(red-box-of-cereal,wood-table)": 0.17766791016523106,
    "on-table(red-box-of-cereal,black-table)": 0.17922734950358668,
    "on-table(red-box-of-cereal,white-table)": 0.0088849538199914,
    "on-table(red-can-of-soda,wood-table)": 0.18817383499117568,
    "on-table(red-can-of-soda,black-table)": 0.1942067631559136,
    "on-table(red-can-of-soda,white-table)": 0.009250128636873947,
    "robot-gripper-empty()": 0.40311816848892096,
    "robot-gripping(milk-carton)": 0.5045309836665789,
    "robot-gripping(lemon)": 0.08036387688480318,
    "robot-gripping(green-bottle)": 0.18693368676273772,
    "robot-gripping(loaf-of-bread)": 0.2869019415229559,
    "robot-gripping(red-box-of-cereal)": 0.7354338501269618,
    "robot-gripping(red-can-of-soda)": 0.8233541461328665
}