{
    "on-table(milk-carton,wood-table)": 0.5306363894875782,
    "on-table(milk-carton,black-table)": 0.008927328046411276,
    "on-table(milk-carton,white-table)": 0.5776782213555028,
    "on-table(lemon,wood-table)": 0.015902341110631824,
    "on-table(lemon,black-table)": 0.3386731341597624,
    "on-table(lemon,white-table)": 0.14075575659323172,
    "on-table(green-bottle,wood-table)": 0.009594857668465314,
    "on-table(green-bottle,black-table)": 0.4517285785501978,
    "on-table(green-bottle,white-table)": 0.11188511032378301,
    "on-table(loaf-of-bread,wood-table)": 0.19740411402017344,
    "on-table(loaf-of-bread,black-table)": 0.023308542855678144,
    "on-table(loaf-of-bread,white-table)": 0.3867526079217593,
    "on-table(red-box-of-cereal,wood-table)": 0.7802630010992289,
    "on-table(red-box-of-cereal,black-table)": 0.007974202188506752,
    "on-table(red-box-of-cereal,white-table)": 0.15554704458221144,
    "on-table(red-can-of-soda,wood-table)": 0.8114385108153025,
    "on-table(red-can-of-soda,black-table)": 0.18407933421046133,
    "on-table(red-can-of-soda,white-table)": 0.13196298770587114,
    "robot-gripper-empty()": 0.7710318217674891,
    "robot-gripping(milk-carton)": 0.19610399256149927,
    "robot-gripping(lemon)": 0.17498357345660528,
    "robot-gripping(green-bottle)": 0.17984518750260273,
    "robot-gripping(loaf-of-bread)": 0.15604866947978735,
    "robot-gripping(red-box-of-cereal)": 0.17029206990264356,
    "robot-gripping(red-can-of-soda)": 0.2016794877126813
}