{
    "on-table(milk-carton,wood-table)": 0.07989274578479429,
    "on-table(milk-carton,black-table)": 0.7041972180207571,
    "on-table(milk-carton,white-table)": 0.07328169497001606,
    "on-table(lemon,wood-table)": 0.8937547355890274,
    "on-table(lemon,black-table)": 0.178870727407381,
    "on-table(lemon,white-table)": 0.1425108693116878,
    "on-table(green-bottle,wood-table)": 0.16631354010557212,
    "on-table(green-bottle,black-table)": 0.010677158932897632,
    "on-table(green-bottle,white-table)": 0.9772277474403381,
    "on-table(loaf-of-bread,wood-table)": 0.20884404323684672,
    "on-table(loaf-of-bread,black-table)": 0.15222237817943096,
    "on-table(loaf-of-bread,white-table)": 0.57255117315799,
    "on-table(red-box-of-cereal,wood-table)": 0.19884710075954595,
    "on-table(red-box-of-cereal,black-table)": 0.8616060217221578,
    "on-table(red-box-of-cereal,white-table)": 0.04050743660021302,
    "on-table(red-can-of-soda,wood-table)": 0.19997906699912468,
    "on-table(red-can-of-soda,black-table)": 0.8802318572998047,
    "on-table(red-can-of-soda,white-table)": 0.004734631377080707,
    "robot-gripper-empty()": 0.8330666720867157,
    "robot-gripping(milk-carton)": 0.13931136205792427,
    "robot-gripping(lemon)": 0.19346943264827132,
    "robot-gripping(green-bottle)": 0.03919709241017699,
    "robot-gripping(loaf-of-bread)": 0.12980026751756668,
    "robot-gripping(red-box-of-cereal)": 0.08634139931139846,
    "robot-gripping(red-can-of-soda)": 0.1206204486079514
}