{
    "on-table(milk-carton,wood-table)": 0.5004934087725511,
    "on-table(milk-carton,black-table)": 0.5267363338886449,
    "on-table(milk-carton,white-table)": 0.13547285070429402,
    "on-table(lemon,wood-table)": 0.1632178983927588,
    "on-table(lemon,black-table)": 0.7895456606832644,
    "on-table(lemon,white-table)": 0.14655964479879913,
    "on-table(green-bottle,wood-table)": 0.002389540798806896,
    "on-table(green-bottle,black-table)": 0.1034002852939011,
    "on-table(green-bottle,white-table)": 0.0027516722705816696,
    "on-table(loaf-of-bread,wood-table)": 0.6989085666524867,
    "on-table(loaf-of-bread,black-table)": 0.18609179208093943,
    "on-table(loaf-of-bread,white-table)": 0.16619323911921433,
    "on-table(red-box-of-cereal,wood-table)": 0.8669349849224091,
    "on-table(red-box-of-cereal,black-table)": 0.26380987058958755,
    "on-table(red-box-of-cereal,white-table)": 0.030360544127688627,
    "on-table(red-can-of-soda,wood-table)": 0.8993067195018133,
    "on-table(red-can-of-soda,black-table)": 0.2934011791900654,
    "on-table(red-can-of-soda,white-table)": 0.07318320518747139,
    "robot-gripper-empty()": 0.878738005956014,
    "robot-gripping(milk-carton)": 0.16406993909428516,
    "robot-gripping(lemon)": 0.07557542218516271,
    "robot-gripping(green-bottle)": 0.09273067151661962,
    "robot-gripping(loaf-of-bread)": 0.15086650561230877,
    "robot-gripping(red-box-of-cereal)": 0.12044966438164313,
    "robot-gripping(red-can-of-soda)": 0.1408734085659186
}