{
    "on-table(milk-carton,wood-table)": 0.2534603274737795,
    "on-table(milk-carton,black-table)": 0.5770288337177286,
    "on-table(milk-carton,white-table)": 0.02334405402264868,
    "on-table(lemon,wood-table)": 0.9848495721817017,
    "on-table(lemon,black-table)": 0.30483375587906875,
    "on-table(lemon,white-table)": 0.1275202803975238,
    "on-table(green-bottle,wood-table)": 0.8525047103563944,
    "on-table(green-bottle,black-table)": 0.3340447227331917,
    "on-table(green-bottle,white-table)": 0.004644844645554258,
    "on-table(loaf-of-bread,wood-table)": 0.8841181695461273,
    "on-table(loaf-of-bread,black-table)": 0.2007916781876702,
    "on-table(loaf-of-bread,white-table)": 0.16845412598164936,
    "on-table(red-box-of-cereal,wood-table)": 0.22283813351289913,
    "on-table(red-box-of-cereal,black-table)": 0.023778317532863486,
    "on-table(red-box-of-cereal,white-table)": 0.2109464542403051,
    "on-table(red-can-of-soda,wood-table)": 0.043964374244751525,
    "on-table(red-can-of-soda,black-table)": 0.012303921093158957,
    "on-table(red-can-of-soda,white-table)": 0.1601666840682204,
    "robot-gripper-empty()": 0.8732433418432871,
    "robot-gripping(milk-carton)": 0.10916556231677532,
    "robot-gripping(lemon)": 0.15451917595540485,
    "robot-gripping(green-bottle)": 0.057095035134504236,
    "robot-gripping(loaf-of-bread)": 0.1872893593584498,
    "robot-gripping(red-box-of-cereal)": 0.023575717078832287,
    "robot-gripping(red-can-of-soda)": 0.0736623473931104
}