{
    "on-table(milk-carton,wood-table)": 0.48731357336509973,
    "on-table(milk-carton,black-table)": 0.006542170751345111,
    "on-table(milk-carton,white-table)": 0.667881103339217,
    "on-table(lemon,wood-table)": 0.18804895865226476,
    "on-table(lemon,black-table)": 0.0850319479470727,
    "on-table(lemon,white-table)": 0.6951767085120082,
    "on-table(green-bottle,wood-table)": 0.008004034024149101,
    "on-table(green-bottle,black-table)": 0.4020533037158505,
    "on-table(green-bottle,white-table)": 0.09113524506756221,
    "on-table(loaf-of-bread,wood-table)": 0.3786466272431426,
    "on-table(loaf-of-bread,black-table)": 0.003983296529137685,
    "on-table(loaf-of-bread,white-table)": 0.35707617302735645,
    "on-table(red-box-of-cereal,wood-table)": 0.9939964612325033,
    "on-table(red-box-of-cereal,black-table)": 0.337999165343111,
    "on-table(red-box-of-cereal,white-table)": 0.005206143733024267,
    "on-table(red-can-of-soda,wood-table)": 0.5005671195685863,
    "on-table(red-can-of-soda,black-table)": 0.7453251009186109,
    "on-table(red-can-of-soda,white-table)": 0.003622320730452581,
    "robot-gripper-empty()": 0.8268782446781794,
    "robot-gripping(milk-carton)": 0.25408789453407127,
    "robot-gripping(lemon)": 0.15005754019754627,
    "robot-gripping(green-bottle)": 0.18493922598039111,
    "robot-gripping(loaf-of-bread)": 0.11315348946178953,
    "robot-gripping(red-box-of-cereal)": 0.12132664599145453,
    "robot-gripping(red-can-of-soda)": 0.21350504465711614
}