{
    "on-table(milk-carton,wood-table)": 0.07187576826739435,
    "on-table(milk-carton,black-table)": 0.681198508789142,
    "on-table(milk-carton,white-table)": 0.031622199405925734,
    "on-table(lemon,wood-table)": 0.20904992959306887,
    "on-table(lemon,black-table)": 0.3595317459354798,
    "on-table(lemon,white-table)": 0.18742784058607262,
    "on-table(green-bottle,wood-table)": 0.12073616696094784,
    "on-table(green-bottle,black-table)": 0.9218364457289377,
    "on-table(green-bottle,white-table)": 0.010696004110286594,
    "on-table(loaf-of-bread,wood-table)": 0.4147925637662411,
    "on-table(loaf-of-bread,black-table)": 0.03436247849216064,
    "on-table(loaf-of-bread,white-table)": 0.6373738882442316,
    "on-table(red-box-of-cereal,wood-table)": 0.021290908373581868,
    "on-table(red-box-of-cereal,black-table)": 0.6359358268479506,
    "on-table(red-box-of-cereal,white-table)": 0.0045769293695533024,
    "on-table(red-can-of-soda,wood-table)": 0.021291791053954512,
    "on-table(red-can-of-soda,black-table)": 0.8080687566349903,
    "on-table(red-can-of-soda,white-table)": 0.06497686084245895,
    "robot-gripper-empty()": 0.9186367591222128,
    "robot-gripping(milk-carton)": 0.1015577179690202,
    "robot-gripping(lemon)": 0.0846582834298412,
    "robot-gripping(green-bottle)": 0.05823074902097384,
    "robot-gripping(loaf-of-bread)": 0.14340943718949953,
    "robot-gripping(red-box-of-cereal)": 0.04833943140693009,
    "robot-gripping(red-can-of-soda)": 0.0937937709192435
}