{
    "on-table(milk-carton,wood-table)": 0.7797991881767908,
    "on-table(milk-carton,black-table)": 0.03720065464343255,
    "on-table(milk-carton,white-table)": 0.2436933185720894,
    "on-table(lemon,wood-table)": 0.022842910412388544,
    "on-table(lemon,black-table)": 0.254578207260541,
    "on-table(lemon,white-table)": 0.07475469741621055,
    "on-table(green-bottle,wood-table)": 0.01051303823866571,
    "on-table(green-bottle,black-table)": 0.4770080886228243,
    "on-table(green-bottle,white-table)": 0.12922728853542745,
    "on-table(loaf-of-bread,wood-table)": 0.32323997042840347,
    "on-table(loaf-of-bread,black-table)": 0.00813434650929897,
    "on-table(loaf-of-bread,white-table)": 0.5128894339626034,
    "on-table(red-box-of-cereal,wood-table)": 0.9953171014785767,
    "on-table(red-box-of-cereal,black-table)": 0.3273967419777364,
    "on-table(red-box-of-cereal,white-table)": 0.17213101101879147,
    "on-table(red-can-of-soda,wood-table)": 0.9961245556672415,
    "on-table(red-can-of-soda,black-table)": 0.3183458149260711,
    "on-table(red-can-of-soda,white-table)": 0.15082163987131025,
    "robot-gripper-empty()": 0.9382329682509104,
    "robot-gripping(milk-carton)": 0.3087293654680252,
    "robot-gripping(lemon)": 0.15605940576642752,
    "robot-gripping(green-bottle)": 0.18055978572616974,
    "robot-gripping(loaf-of-bread)": 0.09599913128962119,
    "robot-gripping(red-box-of-cereal)": 0.036378398071974516,
    "robot-gripping(red-can-of-soda)": 0.05605350527912378
}