{
    "on-table(milk-carton,wood-table)": 0.12413676529346655,
    "on-table(milk-carton,black-table)": 0.755624902745088,
    "on-table(milk-carton,white-table)": 0.11966036753923011,
    "on-table(lemon,wood-table)": 0.15051303439152738,
    "on-table(lemon,black-table)": 0.13023192683855692,
    "on-table(lemon,white-table)": 0.5585250228177756,
    "on-table(green-bottle,wood-table)": 0.29966497071291087,
    "on-table(green-bottle,black-table)": 0.03516682440840668,
    "on-table(green-bottle,white-table)": 0.9744901458422343,
    "on-table(loaf-of-bread,wood-table)": 0.21635101518283287,
    "on-table(loaf-of-bread,black-table)": 0.16833275764171654,
    "on-table(loaf-of-bread,white-table)": 0.5692899130905668,
    "on-table(red-box-of-cereal,wood-table)": 0.20731358585180715,
    "on-table(red-box-of-cereal,black-table)": 0.8733262519041697,
    "on-table(red-box-of-cereal,white-table)": 0.045864188884782685,
    "on-table(red-can-of-soda,wood-table)": 0.19600184008595534,
    "on-table(red-can-of-soda,black-table)": 0.9213088949521383,
    "on-table(red-can-of-soda,white-table)": 0.015739004087360325,
    "robot-gripper-empty()": 0.8957802454630533,
    "robot-gripping(milk-carton)": 0.1504081984361013,
    "robot-gripping(lemon)": 0.2284479389588038,
    "robot-gripping(green-bottle)": 0.050293106702156365,
    "robot-gripping(loaf-of-bread)": 0.10028080611179273,
    "robot-gripping(red-box-of-cereal)": 0.04725593887269497,
    "robot-gripping(red-can-of-soda)": 0.10268918952594201
}