{
    "on-table(milk-carton,wood-table)": 0.8228178670008978,
    "on-table(milk-carton,black-table)": 0.3243751568564524,
    "on-table(milk-carton,white-table)": 0.033965275545294084,
    "on-table(lemon,wood-table)": 0.17004842197638936,
    "on-table(lemon,black-table)": 0.01658108922235139,
    "on-table(lemon,white-table)": 0.8354446664452553,
    "on-table(green-bottle,wood-table)": 0.16539026285196692,
    "on-table(green-bottle,black-table)": 0.0007890148190578353,
    "on-table(green-bottle,white-table)": 0.8342868345789611,
    "on-table(loaf-of-bread,wood-table)": 0.4129402929296096,
    "on-table(loaf-of-bread,black-table)": 0.36847464538489777,
    "on-table(loaf-of-bread,white-table)": 0.2324304098826057,
    "on-table(red-box-of-cereal,wood-table)": 0.17105101486473964,
    "on-table(red-box-of-cereal,black-table)": 0.8409518835445245,
    "on-table(red-box-of-cereal,white-table)": 0.04749319083445395,
    "on-table(red-can-of-soda,wood-table)": 0.1625210996765721,
    "on-table(red-can-of-soda,black-table)": 0.1685425880505136,
    "on-table(red-can-of-soda,white-table)": 0.8337033209778989,
    "robot-gripper-empty()": 0.7176514615615209,
    "robot-gripping(milk-carton)": 0.6012453306466341,
    "robot-gripping(lemon)": 0.2895370436211427,
    "robot-gripping(green-bottle)": 0.09127682369823258,
    "robot-gripping(loaf-of-bread)": 0.31352198993166286,
    "robot-gripping(red-box-of-cereal)": 0.30976957237968844,
    "robot-gripping(red-can-of-soda)": 0.37617860982815426
}