{
    "on-table(milk-carton,wood-table)": 0.2130542048253119,
    "on-table(milk-carton,black-table)": 0.5714852263530096,
    "on-table(milk-carton,white-table)": 0.3741969110487844,
    "on-table(lemon,wood-table)": 0.17964514442913546,
    "on-table(lemon,black-table)": 0.28842483822685,
    "on-table(lemon,white-table)": 0.11894316607413202,
    "on-table(green-bottle,wood-table)": 0.16841583338585528,
    "on-table(green-bottle,black-table)": 0.8334827300471565,
    "on-table(green-bottle,white-table)": 0.0012945426063500538,
    "on-table(loaf-of-bread,wood-table)": 0.2633982192104061,
    "on-table(loaf-of-bread,black-table)": 0.49279411261280376,
    "on-table(loaf-of-bread,white-table)": 0.07334014486211042,
    "on-table(red-box-of-cereal,wood-table)": 0.1343732246896252,
    "on-table(red-box-of-cereal,black-table)": 0.048592803609305214,
    "on-table(red-box-of-cereal,white-table)": 0.9949976603190104,
    "on-table(red-can-of-soda,wood-table)": 0.025120908103417605,
    "on-table(red-can-of-soda,black-table)": 0.07179651959631883,
    "on-table(red-can-of-soda,white-table)": 0.9986880819002787,
    "robot-gripper-empty()": 0.934528519709905,
    "robot-gripping(milk-carton)": 0.08996924059465528,
    "robot-gripping(lemon)": 0.027362822749031086,
    "robot-gripping(green-bottle)": 0.167780222526441,
    "robot-gripping(loaf-of-bread)": 0.07397153895969193,
    "robot-gripping(red-box-of-cereal)": 0.07754944720848773,
    "robot-gripping(red-can-of-soda)": 0.13021199335344136
}