{
    "on-table(milk-carton,wood-table)": 0.7663927130245914,
    "on-table(milk-carton,black-table)": 0.47773958697992686,
    "on-table(milk-carton,white-table)": 0.04518959780883355,
    "on-table(lemon,wood-table)": 0.19734398995812322,
    "on-table(lemon,black-table)": 0.9670377969741821,
    "on-table(lemon,white-table)": 0.001084737464149536,
    "on-table(green-bottle,wood-table)": 0.106140445592852,
    "on-table(green-bottle,black-table)": 0.0038888592154459425,
    "on-table(green-bottle,white-table)": 0.9448100129763285,
    "on-table(loaf-of-bread,wood-table)": 0.8045105238755544,
    "on-table(loaf-of-bread,black-table)": 0.37899451831011294,
    "on-table(loaf-of-bread,white-table)": 0.03293959662581377,
    "on-table(red-box-of-cereal,wood-table)": 0.2927548257478823,
    "on-table(red-box-of-cereal,black-table)": 0.9052743911743164,
    "on-table(red-box-of-cereal,white-table)": 0.17967860213927148,
    "on-table(red-can-of-soda,wood-table)": 0.1672288617852852,
    "on-table(red-can-of-soda,black-table)": 0.15280219463208292,
    "on-table(red-can-of-soda,white-table)": 0.84061209919552,
    "robot-gripper-empty()": 0.9058249493439993,
    "robot-gripping(milk-carton)": 0.30653765704482794,
    "robot-gripping(lemon)": 0.07056796795222908,
    "robot-gripping(green-bottle)": 0.021937202332386125,
    "robot-gripping(loaf-of-bread)": 0.26708401475722593,
    "robot-gripping(red-box-of-cereal)": 0.21084616410856447,
    "robot-gripping(red-can-of-soda)": 0.17641957798817506
}