{
    "on-table(milk-carton,wood-table)": 0.3350775094392399,
    "on-table(milk-carton,black-table)": 0.7648840596278509,
    "on-table(milk-carton,white-table)": 0.3575551137328148,
    "on-table(lemon,wood-table)": 0.011178438173374161,
    "on-table(lemon,black-table)": 0.00297113446140429,
    "on-table(lemon,white-table)": 0.011614756940010315,
    "on-table(green-bottle,wood-table)": 0.168412851979762,
    "on-table(green-bottle,black-table)": 0.009293619870391012,
    "on-table(green-bottle,white-table)": 0.9754590193430582,
    "on-table(loaf-of-bread,wood-table)": 0.787391796708107,
    "on-table(loaf-of-bread,black-table)": 0.20277304970659316,
    "on-table(loaf-of-bread,white-table)": 0.011430983564423514,
    "on-table(red-box-of-cereal,wood-table)": 0.3410554965763974,
    "on-table(red-box-of-cereal,black-table)": 0.34034072250748676,
    "on-table(red-box-of-cereal,white-table)": 0.6963579555352529,
    "on-table(red-can-of-soda,wood-table)": 0.1610315927537158,
    "on-table(red-can-of-soda,black-table)": 0.7459179235156626,
    "on-table(red-can-of-soda,white-table)": 0.271217293300045,
    "robot-gripper-empty()": 0.9642982085545858,
    "robot-gripping(milk-carton)": 0.11624383771171172,
    "robot-gripping(lemon)": 0.03135787330878278,
    "robot-gripping(green-bottle)": 0.038498088620447866,
    "robot-gripping(loaf-of-bread)": 0.10637572205935915,
    "robot-gripping(red-box-of-cereal)": 0.0755940917879343,
    "robot-gripping(red-can-of-soda)": 0.11157546429118763
}