{
    "on-table(milk-carton,wood-table)": 0.41323966121611494,
    "on-table(milk-carton,black-table)": 0.32414299602775526,
    "on-table(milk-carton,white-table)": 0.12674719118513167,
    "on-table(lemon,wood-table)": 0.19040917664339455,
    "on-table(lemon,black-table)": 0.0009377323399348825,
    "on-table(lemon,white-table)": 0.9997764925161997,
    "on-table(green-bottle,wood-table)": 0.16560022308840416,
    "on-table(green-bottle,black-table)": 0.004884781882689519,
    "on-table(green-bottle,white-table)": 0.9628797471523285,
    "on-table(loaf-of-bread,wood-table)": 0.3510716324672103,
    "on-table(loaf-of-bread,black-table)": 0.10867020057048649,
    "on-table(loaf-of-bread,white-table)": 0.5292914794602742,
    "on-table(red-box-of-cereal,wood-table)": 0.17902108718893336,
    "on-table(red-box-of-cereal,black-table)": 0.1750022272365944,
    "on-table(red-box-of-cereal,white-table)": 0.10918163552802677,
    "on-table(red-can-of-soda,wood-table)": 0.1960570287774317,
    "on-table(red-can-of-soda,black-table)": 0.020805975458642934,
    "on-table(red-can-of-soda,white-table)": 0.005155786901013926,
    "robot-gripper-empty()": 0.5613677880222289,
    "robot-gripping(milk-carton)": 0.586049901942412,
    "robot-gripping(lemon)": 0.06815690702448289,
    "robot-gripping(green-bottle)": 0.02936375463226189,
    "robot-gripping(loaf-of-bread)": 0.28105047314117354,
    "robot-gripping(red-box-of-cereal)": 0.5597972286244234,
    "robot-gripping(red-can-of-soda)": 0.7584420386701822
}