{
    "on-table(milk-carton,wood-table)": 0.20209786242533787,
    "on-table(milk-carton,black-table)": 0.03519999726995593,
    "on-table(milk-carton,white-table)": 0.8516735980908076,
    "on-table(lemon,wood-table)": 0.01064651227594974,
    "on-table(lemon,black-table)": 0.0075240608354458045,
    "on-table(lemon,white-table)": 0.16291631431280015,
    "on-table(green-bottle,wood-table)": 0.27014486510112573,
    "on-table(green-bottle,black-table)": 0.9462944765885671,
    "on-table(green-bottle,white-table)": 0.010393955755641096,
    "on-table(loaf-of-bread,wood-table)": 0.36763417162001133,
    "on-table(loaf-of-bread,black-table)": 0.06358539715680915,
    "on-table(loaf-of-bread,white-table)": 0.6578017671902975,
    "on-table(red-box-of-cereal,wood-table)": 0.24059058943142494,
    "on-table(red-box-of-cereal,black-table)": 0.6995211641769856,
    "on-table(red-box-of-cereal,white-table)": 0.24388012301642448,
    "on-table(red-can-of-soda,wood-table)": 0.037553395804328225,
    "on-table(red-can-of-soda,black-table)": 0.65391062766624,
    "on-table(red-can-of-soda,white-table)": 0.021727071503846673,
    "robot-gripper-empty()": 0.7717191651463509,
    "robot-gripping(milk-carton)": 0.23399718897417188,
    "robot-gripping(lemon)": 0.06895461274931829,
    "robot-gripping(green-bottle)": 0.21042266891648373,
    "robot-gripping(loaf-of-bread)": 0.13507441648592552,
    "robot-gripping(red-box-of-cereal)": 0.17985820615043244,
    "robot-gripping(red-can-of-soda)": 0.6093081304182609
}