{
    "on-table(milk-carton,wood-table)": 0.2150083667753885,
    "on-table(milk-carton,black-table)": 0.7134530954062939,
    "on-table(milk-carton,white-table)": 0.10708710868372388,
    "on-table(lemon,wood-table)": 0.07852780896549423,
    "on-table(lemon,black-table)": 0.030356528994161636,
    "on-table(lemon,white-table)": 0.3511020628114541,
    "on-table(green-bottle,wood-table)": 0.17437205024180003,
    "on-table(green-bottle,black-table)": 0.0007155830438326424,
    "on-table(green-bottle,white-table)": 0.9382806221644083,
    "on-table(loaf-of-bread,wood-table)": 0.40201607656975585,
    "on-table(loaf-of-bread,black-table)": 0.1943221183028072,
    "on-table(loaf-of-bread,white-table)": 0.19317855701471368,
    "on-table(red-box-of-cereal,wood-table)": 0.05010315117882177,
    "on-table(red-box-of-cereal,black-table)": 0.20963163606938906,
    "on-table(red-box-of-cereal,white-table)": 0.2195150283029458,
    "on-table(red-can-of-soda,wood-table)": 0.16802674074703342,
    "on-table(red-can-of-soda,black-table)": 0.0003101629228391782,
    "on-table(red-can-of-soda,white-table)": 0.8334119054682864,
    "robot-gripper-empty()": 0.9379980464776357,
    "robot-gripping(milk-carton)": 0.08381422019253175,
    "robot-gripping(lemon)": 0.07509923648710053,
    "robot-gripping(green-bottle)": 0.08972676990864177,
    "robot-gripping(loaf-of-bread)": 0.11437546228989959,
    "robot-gripping(red-box-of-cereal)": 0.0540368112269789,
    "robot-gripping(red-can-of-soda)": 0.12318037438672036
}