{
    "on-table(milk-carton,wood-table)": 0.36894045242418844,
    "on-table(milk-carton,black-table)": 0.006164747605604741,
    "on-table(milk-carton,white-table)": 0.7035982166416943,
    "on-table(lemon,wood-table)": 0.6765606176729003,
    "on-table(lemon,black-table)": 0.16529019760370525,
    "on-table(lemon,white-table)": 0.3491851262997443,
    "on-table(green-bottle,wood-table)": 0.8389945346862078,
    "on-table(green-bottle,black-table)": 0.1740610985729063,
    "on-table(green-bottle,white-table)": 0.0016459332033491592,
    "on-table(loaf-of-bread,wood-table)": 0.34280450580020744,
    "on-table(loaf-of-bread,black-table)": 0.0028333973947762083,
    "on-table(loaf-of-bread,white-table)": 0.6303108776919544,
    "on-table(red-box-of-cereal,wood-table)": 0.8252444042979429,
    "on-table(red-box-of-cereal,black-table)": 0.16841109104279894,
    "on-table(red-box-of-cereal,white-table)": 0.004529911685494881,
    "on-table(red-can-of-soda,wood-table)": 0.38016750666308025,
    "on-table(red-can-of-soda,black-table)": 0.8209981153098246,
    "on-table(red-can-of-soda,white-table)": 0.002608897940717725,
    "robot-gripper-empty()": 0.8343645706772804,
    "robot-gripping(milk-carton)": 0.13968435705949864,
    "robot-gripping(lemon)": 0.042361611345162,
    "robot-gripping(green-bottle)": 0.11095300068457921,
    "robot-gripping(loaf-of-bread)": 0.06128415915494164,
    "robot-gripping(red-box-of-cereal)": 0.06067465230201682,
    "robot-gripping(red-can-of-soda)": 0.19866898531715074
}