{
    "on-table(milk-carton,wood-table)": 0.3448287976595263,
    "on-table(milk-carton,black-table)": 0.08577719377353787,
    "on-table(milk-carton,white-table)": 0.5073325904086232,
    "on-table(lemon,wood-table)": 0.11379873525584117,
    "on-table(lemon,black-table)": 0.0982884755115568,
    "on-table(lemon,white-table)": 0.09096245880937204,
    "on-table(green-bottle,wood-table)": 0.17558570114852046,
    "on-table(green-bottle,black-table)": 0.008390343491479749,
    "on-table(green-bottle,white-table)": 0.8422984890639782,
    "on-table(loaf-of-bread,wood-table)": 0.3529885767881448,
    "on-table(loaf-of-bread,black-table)": 0.06167926057241857,
    "on-table(loaf-of-bread,white-table)": 0.09370517857799616,
    "on-table(red-box-of-cereal,wood-table)": 0.1103353152817969,
    "on-table(red-box-of-cereal,black-table)": 0.003090973814626826,
    "on-table(red-box-of-cereal,white-table)": 0.5155479852110147,
    "on-table(red-can-of-soda,wood-table)": 0.07902778072457295,
    "on-table(red-can-of-soda,black-table)": 0.00034077200264922186,
    "on-table(red-can-of-soda,white-table)": 0.8109766944059326,
    "robot-gripper-empty()": 0.9519020120302836,
    "robot-gripping(milk-carton)": 0.41125657844046754,
    "robot-gripping(lemon)": 0.08867426340778668,
    "robot-gripping(green-bottle)": 0.03406936535611749,
    "robot-gripping(loaf-of-bread)": 0.15618628853311142,
    "robot-gripping(red-box-of-cereal)": 0.08190565536885212,
    "robot-gripping(red-can-of-soda)": 0.1414602448542913
}