{
    "on-table(milk-carton,wood-table)": 0.15227448391669895,
    "on-table(milk-carton,black-table)": 0.024517677218076035,
    "on-table(milk-carton,white-table)": 0.9509390791257223,
    "on-table(lemon,wood-table)": 0.034641917794942856,
    "on-table(lemon,black-table)": 0.0004959425470284865,
    "on-table(lemon,white-table)": 0.76469069874535,
    "on-table(green-bottle,wood-table)": 0.828043253471454,
    "on-table(green-bottle,black-table)": 0.1679157621935019,
    "on-table(green-bottle,white-table)": 0.0015768756561556074,
    "on-table(loaf-of-bread,wood-table)": 0.029070173817065854,
    "on-table(loaf-of-bread,black-table)": 0.0023358172717659422,
    "on-table(loaf-of-bread,white-table)": 0.1161256037497272,
    "on-table(red-box-of-cereal,wood-table)": 0.16980230469683497,
    "on-table(red-box-of-cereal,black-table)": 0.5797725330630783,
    "on-table(red-box-of-cereal,white-table)": 0.019565215215455584,
    "on-table(red-can-of-soda,wood-table)": 0.16679260582168354,
    "on-table(red-can-of-soda,black-table)": 0.8294313075214935,
    "on-table(red-can-of-soda,white-table)": 0.01007455169443953,
    "robot-gripper-empty()": 0.8295045128713051,
    "robot-gripping(milk-carton)": 0.12956868639836708,
    "robot-gripping(lemon)": 0.04381075563530127,
    "robot-gripping(green-bottle)": 0.17214113636873662,
    "robot-gripping(loaf-of-bread)": 0.0652068608130018,
    "robot-gripping(red-box-of-cereal)": 0.0653684043015043,
    "robot-gripping(red-can-of-soda)": 0.12130754448783894
}