{
    "on-table(milk-carton,wood-table)": 0.6842825710773468,
    "on-table(milk-carton,black-table)": 0.09109476294058065,
    "on-table(milk-carton,white-table)": 0.1574662712131006,
    "on-table(lemon,wood-table)": 0.17888396632527778,
    "on-table(lemon,black-table)": 0.8142764419317245,
    "on-table(lemon,white-table)": 0.04513150729114083,
    "on-table(green-bottle,wood-table)": 0.16832496776866415,
    "on-table(green-bottle,black-table)": 0.16822175539679543,
    "on-table(green-bottle,white-table)": 0.0026419409793258333,
    "on-table(loaf-of-bread,wood-table)": 0.334593846462667,
    "on-table(loaf-of-bread,black-table)": 0.14383410718680048,
    "on-table(loaf-of-bread,white-table)": 0.19034793968118416,
    "on-table(red-box-of-cereal,wood-table)": 0.14029138193412413,
    "on-table(red-box-of-cereal,black-table)": 0.0018281774907033348,
    "on-table(red-box-of-cereal,white-table)": 0.0049922455473279115,
    "on-table(red-can-of-soda,wood-table)": 0.1090723430000556,
    "on-table(red-can-of-soda,black-table)": 0.0024115993564919336,
    "on-table(red-can-of-soda,white-table)": 0.004720786002508248,
    "robot-gripper-empty()": 0.2299052446614951,
    "robot-gripping(milk-carton)": 0.4290717616677284,
    "robot-gripping(lemon)": 0.2754837238850693,
    "robot-gripping(green-bottle)": 0.823575829466184,
    "robot-gripping(loaf-of-bread)": 0.09807595750316978,
    "robot-gripping(red-box-of-cereal)": 0.016916145143720012,
    "robot-gripping(red-can-of-soda)": 0.13603725222249827
}