{
    "on-table(milk-carton,wood-table)": 0.6291893274368098,
    "on-table(milk-carton,black-table)": 0.3289049183381394,
    "on-table(milk-carton,white-table)": 0.03348172354738684,
    "on-table(lemon,wood-table)": 0.193909919122234,
    "on-table(lemon,black-table)": 0.008522847799516361,
    "on-table(lemon,white-table)": 0.9770583113034567,
    "on-table(green-bottle,wood-table)": 0.17016362927339893,
    "on-table(green-bottle,black-table)": 0.8522378727793694,
    "on-table(green-bottle,white-table)": 0.001643195063593339,
    "on-table(loaf-of-bread,wood-table)": 0.256549386618038,
    "on-table(loaf-of-bread,black-table)": 0.38191785554712016,
    "on-table(loaf-of-bread,white-table)": 0.12635957509822524,
    "on-table(red-box-of-cereal,wood-table)": 0.22453457966912538,
    "on-table(red-box-of-cereal,black-table)": 0.28511555267808336,
    "on-table(red-box-of-cereal,white-table)": 0.006750318871733422,
    "on-table(red-can-of-soda,wood-table)": 0.16657584339554887,
    "on-table(red-can-of-soda,black-table)": 0.8789866169293722,
    "on-table(red-can-of-soda,white-table)": 0.0060813383453629894,
    "robot-gripper-empty()": 0.9058304776748022,
    "robot-gripping(milk-carton)": 0.21972906899948916,
    "robot-gripping(lemon)": 0.09404089883901179,
    "robot-gripping(green-bottle)": 0.03180881927255541,
    "robot-gripping(loaf-of-bread)": 0.15754705326010784,
    "robot-gripping(red-box-of-cereal)": 0.021296956886847813,
    "robot-gripping(red-can-of-soda)": 0.06303644882670294
}