{
    "on-table(milk-carton,wood-table)": 0.9709128439426422,
    "on-table(milk-carton,black-table)": 0.2626452864521222,
    "on-table(milk-carton,white-table)": 0.01830628916892844,
    "on-table(lemon,wood-table)": 0.5786205204203725,
    "on-table(lemon,black-table)": 0.17491718529951564,
    "on-table(lemon,white-table)": 0.005027679613704095,
    "on-table(green-bottle,wood-table)": 0.17162924984828956,
    "on-table(green-bottle,black-table)": 0.17143012751512288,
    "on-table(green-bottle,white-table)": 0.0011437898307728271,
    "on-table(loaf-of-bread,wood-table)": 0.5939961032321056,
    "on-table(loaf-of-bread,black-table)": 0.1928956366634035,
    "on-table(loaf-of-bread,white-table)": 0.004340156927355565,
    "on-table(red-box-of-cereal,wood-table)": 0.9968205293019613,
    "on-table(red-box-of-cereal,black-table)": 0.3321484921073837,
    "on-table(red-box-of-cereal,white-table)": 0.02232689250619539,
    "on-table(red-can-of-soda,wood-table)": 0.26923504980368307,
    "on-table(red-can-of-soda,black-table)": 0.0006766709366274881,
    "on-table(red-can-of-soda,white-table)": 0.8427610583603382,
    "robot-gripper-empty()": 0.36179823271231726,
    "robot-gripping(milk-carton)": 0.09210715175140649,
    "robot-gripping(lemon)": 0.35646733280736953,
    "robot-gripping(green-bottle)": 0.7179746693000197,
    "robot-gripping(loaf-of-bread)": 0.03421281421712289,
    "robot-gripping(red-box-of-cereal)": 0.025476371733626973,
    "robot-gripping(red-can-of-soda)": 0.037944755099791415
}