{
    "on-table(milk-carton,wood-table)": 0.28290458613385755,
    "on-table(milk-carton,black-table)": 0.668031508103013,
    "on-table(milk-carton,white-table)": 0.05508982349419966,
    "on-table(lemon,wood-table)": 0.22907678987515587,
    "on-table(lemon,black-table)": 0.0009485171154513713,
    "on-table(lemon,white-table)": 0.8345813003058234,
    "on-table(green-bottle,wood-table)": 0.16826995906012598,
    "on-table(green-bottle,black-table)": 0.00027662024503645927,
    "on-table(green-bottle,white-table)": 0.8336221581945816,
    "on-table(loaf-of-bread,wood-table)": 0.7019020744288961,
    "on-table(loaf-of-bread,black-table)": 0.34146586499021697,
    "on-table(loaf-of-bread,white-table)": 0.04479821444450257,
    "on-table(red-box-of-cereal,wood-table)": 0.30526681932315114,
    "on-table(red-box-of-cereal,black-table)": 0.9035656750202179,
    "on-table(red-box-of-cereal,white-table)": 0.017024667682865886,
    "on-table(red-can-of-soda,wood-table)": 0.3296795491296507,
    "on-table(red-can-of-soda,black-table)": 0.9926094710826874,
    "on-table(red-can-of-soda,white-table)": 0.005457968213136155,
    "robot-gripper-empty()": 0.9245431025822958,
    "robot-gripping(milk-carton)": 0.12623100417355695,
    "robot-gripping(lemon)": 0.0998310464201495,
    "robot-gripping(green-bottle)": 0.01947475714647832,
    "robot-gripping(loaf-of-bread)": 0.1655517484371861,
    "robot-gripping(red-box-of-cereal)": 0.013594521849881858,
    "robot-gripping(red-can-of-soda)": 0.02484337834175676
}