{
    "on-table(milk-carton,wood-table)": 0.19756833634649715,
    "on-table(milk-carton,black-table)": 0.1939783984174331,
    "on-table(milk-carton,white-table)": 0.1026485978315274,
    "on-table(lemon,wood-table)": 0.3307882121880539,
    "on-table(lemon,black-table)": 0.9706003765265147,
    "on-table(lemon,white-table)": 0.08099006035217826,
    "on-table(green-bottle,wood-table)": 0.8618405039111773,
    "on-table(green-bottle,black-table)": 0.21726791406559678,
    "on-table(green-bottle,white-table)": 0.018201064490464585,
    "on-table(loaf-of-bread,wood-table)": 0.4999574760052686,
    "on-table(loaf-of-bread,black-table)": 0.0716602746300244,
    "on-table(loaf-of-bread,white-table)": 0.022738449153015,
    "on-table(red-box-of-cereal,wood-table)": 0.015952160785673186,
    "on-table(red-box-of-cereal,black-table)": 0.28375043236883357,
    "on-table(red-box-of-cereal,white-table)": 0.021242610334108274,
    "on-table(red-can-of-soda,wood-table)": 0.0854399561600682,
    "on-table(red-can-of-soda,black-table)": 0.28961499165355536,
    "on-table(red-can-of-soda,white-table)": 0.008285632861467699,
    "robot-gripper-empty()": 0.919851690530777,
    "robot-gripping(milk-carton)": 0.18663638706008592,
    "robot-gripping(lemon)": 0.14374938638259968,
    "robot-gripping(green-bottle)": 0.06410297037412722,
    "robot-gripping(loaf-of-bread)": 0.105517132828633,
    "robot-gripping(red-box-of-cereal)": 0.15099375105152527,
    "robot-gripping(red-can-of-soda)": 0.5287245884537697
}