{
    "on-table(milk-carton,wood-table)": 0.8851345181465149,
    "on-table(milk-carton,black-table)": 0.11275864844340806,
    "on-table(milk-carton,white-table)": 0.17320359563927923,
    "on-table(lemon,wood-table)": 0.17648207529176338,
    "on-table(lemon,black-table)": 0.22794747907513133,
    "on-table(lemon,white-table)": 0.3387813507579267,
    "on-table(green-bottle,wood-table)": 0.3322567211277298,
    "on-table(green-bottle,black-table)": 0.9995381832122803,
    "on-table(green-bottle,white-table)": 0.001517408783153466,
    "on-table(loaf-of-bread,wood-table)": 0.3541226030016939,
    "on-table(loaf-of-bread,black-table)": 0.002416840987280011,
    "on-table(loaf-of-bread,white-table)": 0.4822044746639828,
    "on-table(red-box-of-cereal,wood-table)": 0.802438709884882,
    "on-table(red-box-of-cereal,black-table)": 0.054126498855263584,
    "on-table(red-box-of-cereal,white-table)": 0.004035809027679231,
    "on-table(red-can-of-soda,wood-table)": 0.8334170799159134,
    "on-table(red-can-of-soda,black-table)": 0.1666807446246518,
    "on-table(red-can-of-soda,white-table)": 0.0010501463412614005,
    "robot-gripper-empty()": 0.8636347403128942,
    "robot-gripping(milk-carton)": 0.1124493187914292,
    "robot-gripping(lemon)": 0.261366859699289,
    "robot-gripping(green-bottle)": 0.18133671457568803,
    "robot-gripping(loaf-of-bread)": 0.14540194688985744,
    "robot-gripping(red-box-of-cereal)": 0.03364090128646543,
    "robot-gripping(red-can-of-soda)": 0.07857649105911453
}