{
    "on-table(milk-carton,wood-table)": 0.7992422183354696,
    "on-table(milk-carton,black-table)": 0.1882350081577897,
    "on-table(milk-carton,white-table)": 0.18139580392744392,
    "on-table(lemon,wood-table)": 0.020797013353634004,
    "on-table(lemon,black-table)": 0.01881372030523683,
    "on-table(lemon,white-table)": 0.03612225874773382,
    "on-table(green-bottle,wood-table)": 0.8956057081619898,
    "on-table(green-bottle,black-table)": 0.26982484070307083,
    "on-table(green-bottle,white-table)": 0.050802655940932105,
    "on-table(loaf-of-bread,wood-table)": 0.7130642384290695,
    "on-table(loaf-of-bread,black-table)": 0.32933812894467945,
    "on-table(loaf-of-bread,white-table)": 0.20773709569554435,
    "on-table(red-box-of-cereal,wood-table)": 0.9965195059776306,
    "on-table(red-box-of-cereal,black-table)": 0.30543623878475046,
    "on-table(red-box-of-cereal,white-table)": 0.24201165639048364,
    "on-table(red-can-of-soda,wood-table)": 0.994561900695165,
    "on-table(red-can-of-soda,black-table)": 0.3307994207129544,
    "on-table(red-can-of-soda,white-table)": 0.15355330173383663,
    "robot-gripper-empty()": 0.8450249706705412,
    "robot-gripping(milk-carton)": 0.20642994716763496,
    "robot-gripping(lemon)": 0.05190498133500417,
    "robot-gripping(green-bottle)": 0.18373724542713413,
    "robot-gripping(loaf-of-bread)": 0.1426887564981977,
    "robot-gripping(red-box-of-cereal)": 0.10279000690206885,
    "robot-gripping(red-can-of-soda)": 0.11589762475341558
}