{
    "on-table(milk-carton,wood-table)": 0.3113490802546342,
    "on-table(milk-carton,black-table)": 0.17908673516164222,
    "on-table(milk-carton,white-table)": 0.6002008120218912,
    "on-table(lemon,wood-table)": 0.20135162568961582,
    "on-table(lemon,black-table)": 0.030872589031181025,
    "on-table(lemon,white-table)": 0.9133282601833344,
    "on-table(green-bottle,wood-table)": 0.17314846251004687,
    "on-table(green-bottle,black-table)": 0.18476567334861707,
    "on-table(green-bottle,white-table)": 0.023256839496752946,
    "on-table(loaf-of-bread,wood-table)": 0.19313978139931956,
    "on-table(loaf-of-bread,black-table)": 0.5171378185817351,
    "on-table(loaf-of-bread,white-table)": 0.21677881525829434,
    "on-table(red-box-of-cereal,wood-table)": 0.147515635190454,
    "on-table(red-box-of-cereal,black-table)": 0.05713234716192043,
    "on-table(red-box-of-cereal,white-table)": 0.9924361705780029,
    "on-table(red-can-of-soda,wood-table)": 0.16863514118813328,
    "on-table(red-can-of-soda,black-table)": 0.03523441469784908,
    "on-table(red-can-of-soda,white-table)": 0.9953294297059377,
    "robot-gripper-empty()": 0.43863168852597784,
    "robot-gripping(milk-carton)": 0.2302039678518971,
    "robot-gripping(lemon)": 0.0817366069337974,
    "robot-gripping(green-bottle)": 0.6924660230676333,
    "robot-gripping(loaf-of-bread)": 0.07476448834252854,
    "robot-gripping(red-box-of-cereal)": 0.06341226007013272,
    "robot-gripping(red-can-of-soda)": 0.12522472160344478
}