{
    "on-table(milk-carton,wood-table)": 0.29025762516539544,
    "on-table(milk-carton,black-table)": 0.7803759823242823,
    "on-table(milk-carton,white-table)": 0.1676955651522197,
    "on-table(lemon,wood-table)": 0.8608652353286743,
    "on-table(lemon,black-table)": 0.23160480915976223,
    "on-table(lemon,white-table)": 0.09868027084939968,
    "on-table(green-bottle,wood-table)": 0.005725684658197376,
    "on-table(green-bottle,black-table)": 0.8359730156759421,
    "on-table(green-bottle,white-table)": 0.0056299266854390835,
    "on-table(loaf-of-bread,wood-table)": 0.1731101405651619,
    "on-table(loaf-of-bread,black-table)": 0.38125997843841714,
    "on-table(loaf-of-bread,white-table)": 0.17497855862166034,
    "on-table(red-box-of-cereal,wood-table)": 0.3308242321169625,
    "on-table(red-box-of-cereal,black-table)": 0.942892869313558,
    "on-table(red-box-of-cereal,white-table)": 0.20750370871004029,
    "on-table(red-can-of-soda,wood-table)": 0.93780384461085,
    "on-table(red-can-of-soda,black-table)": 0.3220685771223846,
    "on-table(red-can-of-soda,white-table)": 0.17188237272087767,
    "robot-gripper-empty()": 0.7068252364794413,
    "robot-gripping(milk-carton)": 0.3354548861583074,
    "robot-gripping(lemon)": 0.1146573203926285,
    "robot-gripping(green-bottle)": 0.06654032878577709,
    "robot-gripping(loaf-of-bread)": 0.1679927557706833,
    "robot-gripping(red-box-of-cereal)": 0.1701854324589173,
    "robot-gripping(red-can-of-soda)": 0.36330882211526233
}