{
    "on-table(milk-carton,wood-table)": 0.48065314478784177,
    "on-table(milk-carton,black-table)": 0.5476736827986315,
    "on-table(milk-carton,white-table)": 0.15916825636122667,
    "on-table(lemon,wood-table)": 0.061596172557377336,
    "on-table(lemon,black-table)": 0.098114972309304,
    "on-table(lemon,white-table)": 0.07316606203009239,
    "on-table(green-bottle,wood-table)": 0.06831523309786765,
    "on-table(green-bottle,black-table)": 0.8152866480716815,
    "on-table(green-bottle,white-table)": 0.007306765408808739,
    "on-table(loaf-of-bread,wood-table)": 0.5537833912918965,
    "on-table(loaf-of-bread,black-table)": 0.035954694301229516,
    "on-table(loaf-of-bread,white-table)": 0.18463824492876788,
    "on-table(red-box-of-cereal,wood-table)": 0.9646657407283783,
    "on-table(red-box-of-cereal,black-table)": 0.33110253218607494,
    "on-table(red-box-of-cereal,white-table)": 0.17459350984427147,
    "on-table(red-can-of-soda,wood-table)": 0.5656355889126038,
    "on-table(red-can-of-soda,black-table)": 0.5229605217076218,
    "on-table(red-can-of-soda,white-table)": 0.03365010676194894,
    "robot-gripper-empty()": 0.9142353534698486,
    "robot-gripping(milk-carton)": 0.09704257858296235,
    "robot-gripping(lemon)": 0.06359256068632628,
    "robot-gripping(green-bottle)": 0.0944131847160558,
    "robot-gripping(loaf-of-bread)": 0.12114759751905997,
    "robot-gripping(red-box-of-cereal)": 0.15291893109679222,
    "robot-gripping(red-can-of-soda)": 0.25091854607065517
}