{
    "on-table(milk-carton,wood-table)": 0.4639659946163495,
    "on-table(milk-carton,black-table)": 0.4293915673430699,
    "on-table(milk-carton,white-table)": 0.015364603066094181,
    "on-table(lemon,wood-table)": 0.3176358786355801,
    "on-table(lemon,black-table)": 0.00025554204459391866,
    "on-table(lemon,white-table)": 0.8340215303469449,
    "on-table(green-bottle,wood-table)": 0.8451595815519491,
    "on-table(green-bottle,black-table)": 0.2313502206591617,
    "on-table(green-bottle,white-table)": 0.0019278988605340903,
    "on-table(loaf-of-bread,wood-table)": 0.433854670583969,
    "on-table(loaf-of-bread,black-table)": 0.5219759295820646,
    "on-table(loaf-of-bread,white-table)": 0.036613848972895845,
    "on-table(red-box-of-cereal,wood-table)": 0.9395507375399271,
    "on-table(red-box-of-cereal,black-table)": 0.2233124582774811,
    "on-table(red-box-of-cereal,white-table)": 0.010204152381144619,
    "on-table(red-can-of-soda,wood-table)": 0.4686389449634589,
    "on-table(red-can-of-soda,black-table)": 0.8497285395860672,
    "on-table(red-can-of-soda,white-table)": 0.003046066035191567,
    "robot-gripper-empty()": 0.8580696557958921,
    "robot-gripping(milk-carton)": 0.19902309371779361,
    "robot-gripping(lemon)": 0.04804424964822829,
    "robot-gripping(green-bottle)": 0.16993760348608097,
    "robot-gripping(loaf-of-bread)": 0.07971342978999019,
    "robot-gripping(red-box-of-cereal)": 0.07357214080790679,
    "robot-gripping(red-can-of-soda)": 0.27372517460025847
}