{
    "on-table(milk-carton,wood-table)": 0.34750673609475297,
    "on-table(milk-carton,black-table)": 0.28015841945064796,
    "on-table(milk-carton,white-table)": 0.4612888526171446,
    "on-table(lemon,wood-table)": 0.7601229610542456,
    "on-table(lemon,black-table)": 0.4256226920115296,
    "on-table(lemon,white-table)": 0.009857084206184178,
    "on-table(green-bottle,wood-table)": 0.014564358825737145,
    "on-table(green-bottle,black-table)": 0.003563699023288791,
    "on-table(green-bottle,white-table)": 0.9903406798839569,
    "on-table(loaf-of-bread,wood-table)": 0.39180613107358414,
    "on-table(loaf-of-bread,black-table)": 0.5944918766617775,
    "on-table(loaf-of-bread,white-table)": 0.005961015325738117,
    "on-table(red-box-of-cereal,wood-table)": 0.9114669462045034,
    "on-table(red-box-of-cereal,black-table)": 0.3336625041647494,
    "on-table(red-box-of-cereal,white-table)": 0.023138861229805723,
    "on-table(red-can-of-soda,wood-table)": 0.9988137781620026,
    "on-table(red-can-of-soda,black-table)": 0.33252090374871085,
    "on-table(red-can-of-soda,white-table)": 0.0027052764403379115,
    "robot-gripper-empty()": 0.8814257582028707,
    "robot-gripping(milk-carton)": 0.10701444869240125,
    "robot-gripping(lemon)": 0.08136102448528011,
    "robot-gripping(green-bottle)": 0.037793941679410636,
    "robot-gripping(loaf-of-bread)": 0.23127139328668514,
    "robot-gripping(red-box-of-cereal)": 0.1814787753392011,
    "robot-gripping(red-can-of-soda)": 0.2015892514027655
}