{
    "on-table(milk-carton,wood-table)": 0.416666812011196,
    "on-table(milk-carton,black-table)": 0.6976618568102518,
    "on-table(milk-carton,white-table)": 0.08473109349870356,
    "on-table(lemon,wood-table)": 0.17637309067261717,
    "on-table(lemon,black-table)": 0.4562225391467412,
    "on-table(lemon,white-table)": 0.027403901288077275,
    "on-table(green-bottle,wood-table)": 0.2494274417986162,
    "on-table(green-bottle,black-table)": 0.995016853014628,
    "on-table(green-bottle,white-table)": 0.00207635382139415,
    "on-table(loaf-of-bread,wood-table)": 0.4774038828909397,
    "on-table(loaf-of-bread,black-table)": 0.30594361934345216,
    "on-table(loaf-of-bread,white-table)": 0.2563579076959286,
    "on-table(red-box-of-cereal,wood-table)": 0.995626171429952,
    "on-table(red-box-of-cereal,black-table)": 0.24812293156295104,
    "on-table(red-box-of-cereal,white-table)": 0.26174636879295576,
    "on-table(red-can-of-soda,wood-table)": 0.9937768280506134,
    "on-table(red-can-of-soda,black-table)": 0.29577006907902614,
    "on-table(red-can-of-soda,white-table)": 0.19177428825274015,
    "robot-gripper-empty()": 0.839020108183225,
    "robot-gripping(milk-carton)": 0.16654764488339424,
    "robot-gripping(lemon)": 0.04236031168450912,
    "robot-gripping(green-bottle)": 0.17629503893355528,
    "robot-gripping(loaf-of-bread)": 0.12277010610948007,
    "robot-gripping(red-box-of-cereal)": 0.18634575388083854,
    "robot-gripping(red-can-of-soda)": 0.20687587124605974
}