{
    "on-table(milk-carton,wood-table)": 0.26105320123800385,
    "on-table(milk-carton,black-table)": 0.5198641919220487,
    "on-table(milk-carton,white-table)": 0.11466348467123073,
    "on-table(lemon,wood-table)": 0.06588162078211705,
    "on-table(lemon,black-table)": 0.2116148911882192,
    "on-table(lemon,white-table)": 0.01788143301382661,
    "on-table(green-bottle,wood-table)": 0.0055721850685586105,
    "on-table(green-bottle,black-table)": 0.06022250711551654,
    "on-table(green-bottle,white-table)": 0.0010498535004899168,
    "on-table(loaf-of-bread,wood-table)": 0.7591823025917014,
    "on-table(loaf-of-bread,black-table)": 0.018951595554729767,
    "on-table(loaf-of-bread,white-table)": 0.17269060742607203,
    "on-table(red-box-of-cereal,wood-table)": 0.14314331288915128,
    "on-table(red-box-of-cereal,black-table)": 0.5663325453836782,
    "on-table(red-box-of-cereal,white-table)": 0.06979012355926291,
    "on-table(red-can-of-soda,wood-table)": 0.05867546705364172,
    "on-table(red-can-of-soda,black-table)": 0.8282707980833948,
    "on-table(red-can-of-soda,white-table)": 0.0711173586660152,
    "robot-gripper-empty()": 0.7656162629524866,
    "robot-gripping(milk-carton)": 0.3005452621728182,
    "robot-gripping(lemon)": 0.3394636232405901,
    "robot-gripping(green-bottle)": 0.019844578695483506,
    "robot-gripping(loaf-of-bread)": 0.17373542006437978,
    "robot-gripping(red-box-of-cereal)": 0.22733884087453285,
    "robot-gripping(red-can-of-soda)": 0.3628045963123441
}