{
    "on-table(milk-carton,wood-table)": 0.18149965578534952,
    "on-table(milk-carton,black-table)": 0.0052738749624647125,
    "on-table(milk-carton,white-table)": 0.8409556125601133,
    "on-table(lemon,wood-table)": 0.1722222907616621,
    "on-table(lemon,black-table)": 0.003306164749119489,
    "on-table(lemon,white-table)": 0.9993143280347189,
    "on-table(green-bottle,wood-table)": 0.9854308366775513,
    "on-table(green-bottle,black-table)": 0.2887298683726082,
    "on-table(green-bottle,white-table)": 0.023485868052792586,
    "on-table(loaf-of-bread,wood-table)": 0.9630906681219736,
    "on-table(loaf-of-bread,black-table)": 0.2581906384824227,
    "on-table(loaf-of-bread,white-table)": 0.034188706695810346,
    "on-table(red-box-of-cereal,wood-table)": 0.6410139948129654,
    "on-table(red-box-of-cereal,black-table)": 0.29594621679765015,
    "on-table(red-box-of-cereal,white-table)": 0.005530080862323909,
    "on-table(red-can-of-soda,wood-table)": 0.6019359507287542,
    "on-table(red-can-of-soda,black-table)": 0.3057536831232331,
    "on-table(red-can-of-soda,white-table)": 0.002860435973464822,
    "robot-gripper-empty()": 0.9073592225710551,
    "robot-gripping(milk-carton)": 0.09742757771164179,
    "robot-gripping(lemon)": 0.04854615346994251,
    "robot-gripping(green-bottle)": 0.039087613695301116,
    "robot-gripping(loaf-of-bread)": 0.15712210396304727,
    "robot-gripping(red-box-of-cereal)": 0.09701049126063784,
    "robot-gripping(red-can-of-soda)": 0.16498538525775075
}