{
    "on-table(milk-carton,wood-table)": 0.30022478247216594,
    "on-table(milk-carton,black-table)": 0.007346531068227098,
    "on-table(milk-carton,white-table)": 0.8279574861129125,
    "on-table(lemon,wood-table)": 0.2927953382556249,
    "on-table(lemon,black-table)": 0.9495483934879303,
    "on-table(lemon,white-table)": 0.17014143179888683,
    "on-table(green-bottle,wood-table)": 0.16741991969562756,
    "on-table(green-bottle,black-table)": 0.8212486322348317,
    "on-table(green-bottle,white-table)": 0.00948135099550503,
    "on-table(loaf-of-bread,wood-table)": 0.4359592118610938,
    "on-table(loaf-of-bread,black-table)": 0.008672897315894565,
    "on-table(loaf-of-bread,white-table)": 0.6507519924392303,
    "on-table(red-box-of-cereal,wood-table)": 0.8271220214664936,
    "on-table(red-box-of-cereal,black-table)": 0.04763236297367257,
    "on-table(red-box-of-cereal,white-table)": 0.0338128393803648,
    "on-table(red-can-of-soda,wood-table)": 0.4790851523648598,
    "on-table(red-can-of-soda,black-table)": 0.8584509690602621,
    "on-table(red-can-of-soda,white-table)": 0.008441920883039225,
    "robot-gripper-empty()": 0.9425081809361776,
    "robot-gripping(milk-carton)": 0.09485546421880524,
    "robot-gripping(lemon)": 0.03918721992522478,
    "robot-gripping(green-bottle)": 0.05101093116293972,
    "robot-gripping(loaf-of-bread)": 0.13499036772797504,
    "robot-gripping(red-box-of-cereal)": 0.16887761295462647,
    "robot-gripping(red-can-of-soda)": 0.16717687419926128
}