{
    "on-table(milk-carton,wood-table)": 0.2958277548896149,
    "on-table(milk-carton,black-table)": 0.04946604105073978,
    "on-table(milk-carton,white-table)": 0.9511432846387228,
    "on-table(lemon,wood-table)": 0.17827083426042614,
    "on-table(lemon,black-table)": 0.026566553492784806,
    "on-table(lemon,white-table)": 0.9997560381889343,
    "on-table(green-bottle,wood-table)": 0.17376922782083662,
    "on-table(green-bottle,black-table)": 0.013419298497600115,
    "on-table(green-bottle,white-table)": 0.8684587751825651,
    "on-table(loaf-of-bread,wood-table)": 0.347880531878521,
    "on-table(loaf-of-bread,black-table)": 0.042545128400282316,
    "on-table(loaf-of-bread,white-table)": 0.18011907231993973,
    "on-table(red-box-of-cereal,wood-table)": 0.08018764733181645,
    "on-table(red-box-of-cereal,black-table)": 0.32226371113210917,
    "on-table(red-box-of-cereal,white-table)": 0.008748676506608414,
    "on-table(red-can-of-soda,wood-table)": 0.12572122669856375,
    "on-table(red-can-of-soda,black-table)": 0.6835416179771224,
    "on-table(red-can-of-soda,white-table)": 0.004384633454416568,
    "robot-gripper-empty()": 0.6261645519795517,
    "robot-gripping(milk-carton)": 0.2645727535709739,
    "robot-gripping(lemon)": 0.044454862111403294,
    "robot-gripping(green-bottle)": 0.02676116341414551,
    "robot-gripping(loaf-of-bread)": 0.29734803053239983,
    "robot-gripping(red-box-of-cereal)": 0.6473601687078675,
    "robot-gripping(red-can-of-soda)": 0.5116945380965868
}