{
    "on-table(milk-carton,wood-table)": 0.2132543968812873,
    "on-table(milk-carton,black-table)": 0.27762174877958995,
    "on-table(milk-carton,white-table)": 0.8287709566454092,
    "on-table(lemon,wood-table)": 0.15854944815995017,
    "on-table(lemon,black-table)": 0.38171654719796305,
    "on-table(lemon,white-table)": 0.09236768006606629,
    "on-table(green-bottle,wood-table)": 0.20139774640362398,
    "on-table(green-bottle,black-table)": 0.00725908162333629,
    "on-table(green-bottle,white-table)": 0.1786642665568555,
    "on-table(loaf-of-bread,wood-table)": 0.20609095157124102,
    "on-table(loaf-of-bread,black-table)": 0.47116696105028194,
    "on-table(loaf-of-bread,white-table)": 0.12474949016177561,
    "on-table(red-box-of-cereal,wood-table)": 0.6749503817409277,
    "on-table(red-box-of-cereal,black-table)": 0.3384191478350355,
    "on-table(red-box-of-cereal,white-table)": 0.06243625881324988,
    "on-table(red-can-of-soda,wood-table)": 0.9936613937218984,
    "on-table(red-can-of-soda,black-table)": 0.3330978801215186,
    "on-table(red-can-of-soda,white-table)": 0.015473516455055384,
    "robot-gripper-empty()": 0.8764674365520477,
    "robot-gripping(milk-carton)": 0.17929276575644812,
    "robot-gripping(lemon)": 0.07540680460321407,
    "robot-gripping(green-bottle)": 0.14829547082384428,
    "robot-gripping(loaf-of-bread)": 0.09611351074030001,
    "robot-gripping(red-box-of-cereal)": 0.12116002508749564,
    "robot-gripping(red-can-of-soda)": 0.19342316392188272
}