{
    "on-table(milk-carton,wood-table)": 0.12725116149522364,
    "on-table(milk-carton,black-table)": 0.06928559772010583,
    "on-table(milk-carton,white-table)": 0.27079414275552455,
    "on-table(lemon,wood-table)": 0.16512923072635508,
    "on-table(lemon,black-table)": 0.8332030544988811,
    "on-table(lemon,white-table)": 0.0030158373186471485,
    "on-table(green-bottle,wood-table)": 0.17623477814292224,
    "on-table(green-bottle,black-table)": 0.0025551456419634633,
    "on-table(green-bottle,white-table)": 0.8350137093414863,
    "on-table(loaf-of-bread,wood-table)": 0.25993299883945536,
    "on-table(loaf-of-bread,black-table)": 0.004690121015300974,
    "on-table(loaf-of-bread,white-table)": 0.05561346102331299,
    "on-table(red-box-of-cereal,wood-table)": 0.027598520020546857,
    "on-table(red-box-of-cereal,black-table)": 0.0900276882603066,
    "on-table(red-box-of-cereal,white-table)": 0.2602633462520316,
    "on-table(red-can-of-soda,wood-table)": 0.02366367888559277,
    "on-table(red-can-of-soda,black-table)": 0.041401993854378816,
    "on-table(red-can-of-soda,white-table)": 0.08186111855805696,
    "robot-gripper-empty()": 0.9615163505077362,
    "robot-gripping(milk-carton)": 0.2608542861416936,
    "robot-gripping(lemon)": 0.0526338608081763,
    "robot-gripping(green-bottle)": 0.010256895485023657,
    "robot-gripping(loaf-of-bread)": 0.03453782650952538,
    "robot-gripping(red-box-of-cereal)": 0.020885424183992047,
    "robot-gripping(red-can-of-soda)": 0.06002300030862292
}