{
    "on-table(milk-carton,wood-table)": 0.5333974951257309,
    "on-table(milk-carton,black-table)": 0.2992573499377613,
    "on-table(milk-carton,white-table)": 0.2686794164328603,
    "on-table(lemon,wood-table)": 0.25262047585177544,
    "on-table(lemon,black-table)": 0.6554846956084172,
    "on-table(lemon,white-table)": 0.006759168834832963,
    "on-table(green-bottle,wood-table)": 0.9896011352539062,
    "on-table(green-bottle,black-table)": 0.33228336185970875,
    "on-table(green-bottle,white-table)": 0.0006765635345497382,
    "on-table(loaf-of-bread,wood-table)": 0.17222798522561789,
    "on-table(loaf-of-bread,black-table)": 0.4713366363818447,
    "on-table(loaf-of-bread,white-table)": 0.17498076823540032,
    "on-table(red-box-of-cereal,wood-table)": 0.22851141615925977,
    "on-table(red-box-of-cereal,black-table)": 0.02119770608987892,
    "on-table(red-box-of-cereal,white-table)": 0.8495686004559199,
    "on-table(red-can-of-soda,wood-table)": 0.9450139005978903,
    "on-table(red-can-of-soda,black-table)": 0.04644138570853329,
    "on-table(red-can-of-soda,white-table)": 0.3729154927058668,
    "robot-gripper-empty()": 0.7619354461009303,
    "robot-gripping(milk-carton)": 0.17757546404997507,
    "robot-gripping(lemon)": 0.35884201029936474,
    "robot-gripping(green-bottle)": 0.13247270556166768,
    "robot-gripping(loaf-of-bread)": 0.17199478639910618,
    "robot-gripping(red-box-of-cereal)": 0.036705804988741875,
    "robot-gripping(red-can-of-soda)": 0.08685116209865858
}