{
    "on-table(milk-carton,wood-table)": 0.30565722864290973,
    "on-table(milk-carton,black-table)": 0.021664189642706333,
    "on-table(milk-carton,white-table)": 0.6815063934773207,
    "on-table(lemon,wood-table)": 0.2207055473299988,
    "on-table(lemon,black-table)": 0.0210709532684632,
    "on-table(lemon,white-table)": 0.10024530243814904,
    "on-table(green-bottle,wood-table)": 0.8354723369702697,
    "on-table(green-bottle,black-table)": 0.1700616669367984,
    "on-table(green-bottle,white-table)": 0.008277633405024668,
    "on-table(loaf-of-bread,wood-table)": 0.9056371748447418,
    "on-table(loaf-of-bread,black-table)": 0.15822652252973057,
    "on-table(loaf-of-bread,white-table)": 0.14906991976628584,
    "on-table(red-box-of-cereal,wood-table)": 0.5848498648653427,
    "on-table(red-box-of-cereal,black-table)": 0.4021564788805942,
    "on-table(red-box-of-cereal,white-table)": 0.006827722681919113,
    "on-table(red-can-of-soda,wood-table)": 0.19796763256090344,
    "on-table(red-can-of-soda,black-table)": 0.8993896593650182,
    "on-table(red-can-of-soda,white-table)": 0.0030827814883499136,
    "robot-gripper-empty()": 0.9147094984849294,
    "robot-gripping(milk-carton)": 0.17496481025591493,
    "robot-gripping(lemon)": 0.08254272413129608,
    "robot-gripping(green-bottle)": 0.15669209122036895,
    "robot-gripping(loaf-of-bread)": 0.16793095972388983,
    "robot-gripping(red-box-of-cereal)": 0.15348215665047368,
    "robot-gripping(red-can-of-soda)": 0.19187345852454504
}