{
    "on-table(milk-carton,wood-table)": 0.8531157175699869,
    "on-table(milk-carton,black-table)": 0.36939129867823794,
    "on-table(milk-carton,white-table)": 0.14194504165789112,
    "on-table(lemon,wood-table)": 0.11167619053837068,
    "on-table(lemon,black-table)": 0.8484828459719816,
    "on-table(lemon,white-table)": 0.0020429233199668793,
    "on-table(green-bottle,wood-table)": 0.1321994997360889,
    "on-table(green-bottle,black-table)": 0.8350080959498882,
    "on-table(green-bottle,white-table)": 0.002020972404409349,
    "on-table(loaf-of-bread,wood-table)": 0.3016925419991215,
    "on-table(loaf-of-bread,black-table)": 0.3599777752533555,
    "on-table(loaf-of-bread,white-table)": 0.024518765407265164,
    "on-table(red-box-of-cereal,wood-table)": 0.09199502586852759,
    "on-table(red-box-of-cereal,black-table)": 0.5362537159235217,
    "on-table(red-box-of-cereal,white-table)": 0.145303448405078,
    "on-table(red-can-of-soda,wood-table)": 0.1252967392805052,
    "on-table(red-can-of-soda,black-table)": 0.16462106056800016,
    "on-table(red-can-of-soda,white-table)": 0.8347759821141759,
    "robot-gripper-empty()": 0.9577271441618601,
    "robot-gripping(milk-carton)": 0.15179333835840225,
    "robot-gripping(lemon)": 0.048259303090162575,
    "robot-gripping(green-bottle)": 0.055272156411471464,
    "robot-gripping(loaf-of-bread)": 0.07737219349170725,
    "robot-gripping(red-box-of-cereal)": 0.05954982883607348,
    "robot-gripping(red-can-of-soda)": 0.05502392691172039
}