{
    "on-table(milk-carton,wood-table)": 0.1582143254345283,
    "on-table(milk-carton,black-table)": 0.751564068098863,
    "on-table(milk-carton,white-table)": 0.05371187906348496,
    "on-table(lemon,wood-table)": 0.027845259468449512,
    "on-table(lemon,black-table)": 0.8358342867965499,
    "on-table(lemon,white-table)": 0.007594862768200983,
    "on-table(green-bottle,wood-table)": 0.16931152469866598,
    "on-table(green-bottle,black-table)": 0.1720287668479917,
    "on-table(green-bottle,white-table)": 0.0024942378511999173,
    "on-table(loaf-of-bread,wood-table)": 0.13701882391857603,
    "on-table(loaf-of-bread,black-table)": 0.0889234471154244,
    "on-table(loaf-of-bread,white-table)": 0.3349865765000383,
    "on-table(red-box-of-cereal,wood-table)": 0.5941427101691564,
    "on-table(red-box-of-cereal,black-table)": 0.8378533447782198,
    "on-table(red-box-of-cereal,white-table)": 0.00448207488564852,
    "on-table(red-can-of-soda,wood-table)": 0.9024431506792704,
    "on-table(red-can-of-soda,black-table)": 0.33395965297131625,
    "on-table(red-can-of-soda,white-table)": 0.0057324661956954515,
    "robot-gripper-empty()": 0.5078475317180468,
    "robot-gripping(milk-carton)": 0.21538036207978925,
    "robot-gripping(lemon)": 0.1253420757323814,
    "robot-gripping(green-bottle)": 0.6550278719514608,
    "robot-gripping(loaf-of-bread)": 0.0739084907496969,
    "robot-gripping(red-box-of-cereal)": 0.05208311196959888,
    "robot-gripping(red-can-of-soda)": 0.13443856944407648
}