{
    "on-table(milk-carton,wood-table)": 0.9106104969978333,
    "on-table(milk-carton,black-table)": 0.2364544975048375,
    "on-table(milk-carton,white-table)": 0.17237072869496237,
    "on-table(lemon,wood-table)": 0.011094018428896865,
    "on-table(lemon,black-table)": 0.19489011352804178,
    "on-table(lemon,white-table)": 0.035131003241986036,
    "on-table(green-bottle,wood-table)": 0.16630094032977163,
    "on-table(green-bottle,black-table)": 0.8339236026319364,
    "on-table(green-bottle,white-table)": 0.07553966900134886,
    "on-table(loaf-of-bread,wood-table)": 0.12559544931476316,
    "on-table(loaf-of-bread,black-table)": 0.014014116638766913,
    "on-table(loaf-of-bread,white-table)": 0.01782388826298605,
    "on-table(red-box-of-cereal,wood-table)": 0.9978327552477518,
    "on-table(red-box-of-cereal,black-table)": 0.1675465476749499,
    "on-table(red-box-of-cereal,white-table)": 0.1674541745511912,
    "on-table(red-can-of-soda,wood-table)": 0.33437887752612977,
    "on-table(red-can-of-soda,black-table)": 0.0021821028180966096,
    "on-table(red-can-of-soda,white-table)": 0.8342489916055152,
    "robot-gripper-empty()": 0.7753535360097885,
    "robot-gripping(milk-carton)": 0.3266054919610421,
    "robot-gripping(lemon)": 0.19038835602502027,
    "robot-gripping(green-bottle)": 0.2082371412155529,
    "robot-gripping(loaf-of-bread)": 0.12387161081035931,
    "robot-gripping(red-box-of-cereal)": 0.10270196571946144,
    "robot-gripping(red-can-of-soda)": 0.21762869538118443
}