{
    "on-table(milk-carton,wood-table)": 0.6784666428963343,
    "on-table(milk-carton,black-table)": 0.11235788670213272,
    "on-table(milk-carton,white-table)": 0.1321030722465366,
    "on-table(lemon,wood-table)": 0.01646078930934891,
    "on-table(lemon,black-table)": 0.008254085119309215,
    "on-table(lemon,white-table)": 0.20110790518810973,
    "on-table(green-bottle,wood-table)": 0.0004002146203371619,
    "on-table(green-bottle,black-table)": 0.00475391101281275,
    "on-table(green-bottle,white-table)": 0.3026280814143926,
    "on-table(loaf-of-bread,wood-table)": 0.525380072183907,
    "on-table(loaf-of-bread,black-table)": 0.15887487532260516,
    "on-table(loaf-of-bread,white-table)": 0.14732576968769232,
    "on-table(red-box-of-cereal,wood-table)": 0.8263491972271974,
    "on-table(red-box-of-cereal,black-table)": 0.13393355500496304,
    "on-table(red-box-of-cereal,white-table)": 0.011537337747843898,
    "on-table(red-can-of-soda,wood-table)": 0.8340628251122931,
    "on-table(red-can-of-soda,black-table)": 0.16780416862271372,
    "on-table(red-can-of-soda,white-table)": 0.003664279412229613,
    "robot-gripper-empty()": 0.9249103665351868,
    "robot-gripping(milk-carton)": 0.20463195101668438,
    "robot-gripping(lemon)": 0.05231803091010079,
    "robot-gripping(green-bottle)": 0.03881343098570748,
    "robot-gripping(loaf-of-bread)": 0.14144848007708788,
    "robot-gripping(red-box-of-cereal)": 0.15711443910064796,
    "robot-gripping(red-can-of-soda)": 0.18458063753011325
}