{
    "on-table(milk-carton,wood-table)": 0.12962603669924042,
    "on-table(milk-carton,black-table)": 0.634568566766878,
    "on-table(milk-carton,white-table)": 0.20631995657943966,
    "on-table(lemon,wood-table)": 0.1702147166894671,
    "on-table(lemon,black-table)": 0.31941262190707675,
    "on-table(lemon,white-table)": 0.5968160887714475,
    "on-table(green-bottle,wood-table)": 0.141568148273412,
    "on-table(green-bottle,black-table)": 0.829177160107065,
    "on-table(green-bottle,white-table)": 0.0022230774081132645,
    "on-table(loaf-of-bread,wood-table)": 0.21174361106629172,
    "on-table(loaf-of-bread,black-table)": 0.653688792915394,
    "on-table(loaf-of-bread,white-table)": 0.024358801854153473,
    "on-table(red-box-of-cereal,wood-table)": 0.3025405939940053,
    "on-table(red-box-of-cereal,black-table)": 0.020485741590770584,
    "on-table(red-box-of-cereal,white-table)": 0.8104160192112128,
    "on-table(red-can-of-soda,wood-table)": 0.23302260676670508,
    "on-table(red-can-of-soda,black-table)": 0.021401170318616398,
    "on-table(red-can-of-soda,white-table)": 0.9984407722949982,
    "robot-gripper-empty()": 0.9084276159604391,
    "robot-gripping(milk-carton)": 0.14044620655477047,
    "robot-gripping(lemon)": 0.07460340477215748,
    "robot-gripping(green-bottle)": 0.17332613557421914,
    "robot-gripping(loaf-of-bread)": 0.19034047316138944,
    "robot-gripping(red-box-of-cereal)": 0.18696732295211405,
    "robot-gripping(red-can-of-soda)": 0.20236402629719427
}