{
    "on-table(milk-carton,wood-table)": 0.8470787356297175,
    "on-table(milk-carton,black-table)": 0.188861086716012,
    "on-table(milk-carton,white-table)": 0.1718037033933797,
    "on-table(lemon,wood-table)": 0.18100946406896887,
    "on-table(lemon,black-table)": 0.8373032445088029,
    "on-table(lemon,white-table)": 0.02504080544243455,
    "on-table(green-bottle,wood-table)": 0.3330598439873332,
    "on-table(green-bottle,black-table)": 0.9973408182462057,
    "on-table(green-bottle,white-table)": 0.0070075119173604134,
    "on-table(loaf-of-bread,wood-table)": 0.17141136907351515,
    "on-table(loaf-of-bread,black-table)": 0.003182554462303718,
    "on-table(loaf-of-bread,white-table)": 0.6259556721197441,
    "on-table(red-box-of-cereal,wood-table)": 0.9105225205421448,
    "on-table(red-box-of-cereal,black-table)": 0.29051250665346134,
    "on-table(red-box-of-cereal,white-table)": 0.08043191401005363,
    "on-table(red-can-of-soda,wood-table)": 0.9863771398862203,
    "on-table(red-can-of-soda,black-table)": 0.32899950290370344,
    "on-table(red-can-of-soda,white-table)": 0.08267485063189876,
    "robot-gripper-empty()": 0.8937786221504211,
    "robot-gripping(milk-carton)": 0.2059073063234488,
    "robot-gripping(lemon)": 0.02924028302853306,
    "robot-gripping(green-bottle)": 0.07216490923504655,
    "robot-gripping(loaf-of-bread)": 0.07494693901389837,
    "robot-gripping(red-box-of-cereal)": 0.11379091550285618,
    "robot-gripping(red-can-of-soda)": 0.1729469548445195
}