{
    "on-table(milk-carton,wood-table)": 0.25278577022254467,
    "on-table(milk-carton,black-table)": 0.4270828828836481,
    "on-table(milk-carton,white-table)": 0.44944283704292803,
    "on-table(lemon,wood-table)": 0.06161567195764898,
    "on-table(lemon,black-table)": 0.28466500530612393,
    "on-table(lemon,white-table)": 0.02308411012139307,
    "on-table(green-bottle,wood-table)": 0.16723296909670657,
    "on-table(green-bottle,black-table)": 0.8329697464165898,
    "on-table(green-bottle,white-table)": 0.0024198506453861532,
    "on-table(loaf-of-bread,wood-table)": 0.23730272722120085,
    "on-table(loaf-of-bread,black-table)": 0.5428154285376271,
    "on-table(loaf-of-bread,white-table)": 0.15158463930129074,
    "on-table(red-box-of-cereal,wood-table)": 0.056152145455901824,
    "on-table(red-box-of-cereal,black-table)": 0.06398160328899394,
    "on-table(red-box-of-cereal,white-table)": 0.9974352022012075,
    "on-table(red-can-of-soda,wood-table)": 0.06584245392393011,
    "on-table(red-can-of-soda,black-table)": 0.06236360181734805,
    "on-table(red-can-of-soda,white-table)": 0.9995445807774862,
    "robot-gripper-empty()": 0.9112965067227682,
    "robot-gripping(milk-carton)": 0.16448397189378738,
    "robot-gripping(lemon)": 0.045034905235903956,
    "robot-gripping(green-bottle)": 0.14691130192174265,
    "robot-gripping(loaf-of-bread)": 0.08743578653472166,
    "robot-gripping(red-box-of-cereal)": 0.1044019393933316,
    "robot-gripping(red-can-of-soda)": 0.1701476457916821
}