{
    "on-table(milk-carton,wood-table)": 0.04109587751251335,
    "on-table(milk-carton,black-table)": 0.6831784745057424,
    "on-table(milk-carton,white-table)": 0.18004034689026108,
    "on-table(lemon,wood-table)": 0.3254089925079218,
    "on-table(lemon,black-table)": 0.1696774673036998,
    "on-table(lemon,white-table)": 0.376596173926373,
    "on-table(green-bottle,wood-table)": 0.6991297580922643,
    "on-table(green-bottle,black-table)": 0.17032581630102564,
    "on-table(green-bottle,white-table)": 0.00477687658966867,
    "on-table(loaf-of-bread,wood-table)": 0.16939461898679534,
    "on-table(loaf-of-bread,black-table)": 0.024719396302922785,
    "on-table(loaf-of-bread,white-table)": 0.5279746428132057,
    "on-table(red-box-of-cereal,wood-table)": 0.0995498532235312,
    "on-table(red-box-of-cereal,black-table)": 0.7533101476728916,
    "on-table(red-box-of-cereal,white-table)": 0.021476982448196697,
    "on-table(red-can-of-soda,wood-table)": 0.15478512978976747,
    "on-table(red-can-of-soda,black-table)": 0.8925077517827352,
    "on-table(red-can-of-soda,white-table)": 0.007888118020370408,
    "robot-gripper-empty()": 0.8059783970626692,
    "robot-gripping(milk-carton)": 0.09364174430569012,
    "robot-gripping(lemon)": 0.23227831969658533,
    "robot-gripping(green-bottle)": 0.1071086577527846,
    "robot-gripping(loaf-of-bread)": 0.18172949086874723,
    "robot-gripping(red-box-of-cereal)": 0.049716651594887175,
    "robot-gripping(red-can-of-soda)": 0.13937854673713446
}