{
    "on-table(milk-carton,wood-table)": 0.12509508083652085,
    "on-table(milk-carton,black-table)": 0.6864994931966066,
    "on-table(milk-carton,white-table)": 0.12518340306996834,
    "on-table(lemon,wood-table)": 0.8600040972232819,
    "on-table(lemon,black-table)": 0.17712884308313429,
    "on-table(lemon,white-table)": 0.0589718701506475,
    "on-table(green-bottle,wood-table)": 0.1658227185883637,
    "on-table(green-bottle,black-table)": 0.003289728845894994,
    "on-table(green-bottle,white-table)": 0.8365177419036627,
    "on-table(loaf-of-bread,wood-table)": 0.313209709400932,
    "on-table(loaf-of-bread,black-table)": 0.15195273763189712,
    "on-table(loaf-of-bread,white-table)": 0.45006869655723375,
    "on-table(red-box-of-cereal,wood-table)": 0.07057973877696593,
    "on-table(red-box-of-cereal,black-table)": 0.05624669407310042,
    "on-table(red-box-of-cereal,white-table)": 0.7596913973490397,
    "on-table(red-can-of-soda,wood-table)": 0.14589461099482529,
    "on-table(red-can-of-soda,black-table)": 0.015741489409871672,
    "on-table(red-can-of-soda,white-table)": 0.9797759354114532,
    "robot-gripper-empty()": 0.9226550857226054,
    "robot-gripping(milk-carton)": 0.15317106215904155,
    "robot-gripping(lemon)": 0.16819896234665066,
    "robot-gripping(green-bottle)": 0.0126121725285581,
    "robot-gripping(loaf-of-bread)": 0.1075237135713299,
    "robot-gripping(red-box-of-cereal)": 0.04248688214768966,
    "robot-gripping(red-can-of-soda)": 0.09583881586634864
}