{
    "on-table(milk-carton,wood-table)": 0.13195955116922656,
    "on-table(milk-carton,black-table)": 0.3854624630281857,
    "on-table(milk-carton,white-table)": 0.604886592986683,
    "on-table(lemon,wood-table)": 0.27312178653664887,
    "on-table(lemon,black-table)": 0.3209503943344316,
    "on-table(lemon,white-table)": 0.006141228489468631,
    "on-table(green-bottle,wood-table)": 0.9956321020921072,
    "on-table(green-bottle,black-table)": 0.33385060029867947,
    "on-table(green-bottle,white-table)": 0.001559351853378151,
    "on-table(loaf-of-bread,wood-table)": 0.16282324718000987,
    "on-table(loaf-of-bread,black-table)": 0.5024555251002312,
    "on-table(loaf-of-bread,white-table)": 0.24125602829735726,
    "on-table(red-box-of-cereal,wood-table)": 0.16342994900575528,
    "on-table(red-box-of-cereal,black-table)": 0.05851904887761824,
    "on-table(red-box-of-cereal,white-table)": 0.6762460993292431,
    "on-table(red-can-of-soda,wood-table)": 0.16586138271183395,
    "on-table(red-can-of-soda,black-table)": 0.0007019678854855252,
    "on-table(red-can-of-soda,white-table)": 0.9831762810548147,
    "robot-gripper-empty()": 0.9664720694224039,
    "robot-gripping(milk-carton)": 0.11576374930640061,
    "robot-gripping(lemon)": 0.036083068077762924,
    "robot-gripping(green-bottle)": 0.07586654842210312,
    "robot-gripping(loaf-of-bread)": 0.0851208867194752,
    "robot-gripping(red-box-of-cereal)": 0.07018756042331613,
    "robot-gripping(red-can-of-soda)": 0.13224062598116385
}