{
    "on-table(milk-carton,wood-table)": 0.0893908407354805,
    "on-table(milk-carton,black-table)": 0.6454053748554239,
    "on-table(milk-carton,white-table)": 0.3388917412182006,
    "on-table(lemon,wood-table)": 0.9257862667242686,
    "on-table(lemon,black-table)": 0.30177924544744883,
    "on-table(lemon,white-table)": 0.012461986615259471,
    "on-table(green-bottle,wood-table)": 0.831287427029262,
    "on-table(green-bottle,black-table)": 0.17268176254810896,
    "on-table(green-bottle,white-table)": 0.0007610733885788553,
    "on-table(loaf-of-bread,wood-table)": 0.19743979314807802,
    "on-table(loaf-of-bread,black-table)": 0.41317048606773216,
    "on-table(loaf-of-bread,white-table)": 0.2364989015914034,
    "on-table(red-box-of-cereal,wood-table)": 0.14195546731934883,
    "on-table(red-box-of-cereal,black-table)": 0.011110727786217467,
    "on-table(red-box-of-cereal,white-table)": 0.8339672937678794,
    "on-table(red-can-of-soda,wood-table)": 0.12027425037922512,
    "on-table(red-can-of-soda,black-table)": 0.0011265083535363374,
    "on-table(red-can-of-soda,white-table)": 0.8333615278776657,
    "robot-gripper-empty()": 0.8312298282980919,
    "robot-gripping(milk-carton)": 0.11489238900442918,
    "robot-gripping(lemon)": 0.13272778241662309,
    "robot-gripping(green-bottle)": 0.17649423005059361,
    "robot-gripping(loaf-of-bread)": 0.1749995411373675,
    "robot-gripping(red-box-of-cereal)": 0.06222928646214617,
    "robot-gripping(red-can-of-soda)": 0.05051966385993486
}