{
    "on-table(milk-carton,wood-table)": 0.235516691886005,
    "on-table(milk-carton,black-table)": 0.01631324191597135,
    "on-table(milk-carton,white-table)": 0.7772112426658472,
    "on-table(lemon,wood-table)": 0.16967220280275797,
    "on-table(lemon,black-table)": 0.8323128880777707,
    "on-table(lemon,white-table)": 0.01171120474714371,
    "on-table(green-bottle,wood-table)": 0.1666793667948999,
    "on-table(green-bottle,black-table)": 0.818930347323961,
    "on-table(green-bottle,white-table)": 0.0057376319317275675,
    "on-table(loaf-of-bread,wood-table)": 0.069805013636748,
    "on-table(loaf-of-bread,black-table)": 0.03298506936213622,
    "on-table(loaf-of-bread,white-table)": 0.3964446463311712,
    "on-table(red-box-of-cereal,wood-table)": 0.44116592277229455,
    "on-table(red-box-of-cereal,black-table)": 0.005679744177844744,
    "on-table(red-box-of-cereal,white-table)": 0.82457226049155,
    "on-table(red-can-of-soda,wood-table)": 0.9920662343502045,
    "on-table(red-can-of-soda,black-table)": 0.16636674289353928,
    "on-table(red-can-of-soda,white-table)": 0.18608287205885668,
    "robot-gripper-empty()": 0.7906735415259997,
    "robot-gripping(milk-carton)": 0.1486604780269166,
    "robot-gripping(lemon)": 0.06972045255436872,
    "robot-gripping(green-bottle)": 0.15616386597199985,
    "robot-gripping(loaf-of-bread)": 0.09319652430713177,
    "robot-gripping(red-box-of-cereal)": 0.16094246056551734,
    "robot-gripping(red-can-of-soda)": 0.19653965307710072
}