{
    "on-table(milk-carton,wood-table)": 0.12600722109588483,
    "on-table(milk-carton,black-table)": 0.2561510257946793,
    "on-table(milk-carton,white-table)": 0.6419298366333047,
    "on-table(lemon,wood-table)": 0.3036027003545314,
    "on-table(lemon,black-table)": 0.3206169842020851,
    "on-table(lemon,white-table)": 0.004579146447213134,
    "on-table(green-bottle,wood-table)": 0.9972118337949117,
    "on-table(green-bottle,black-table)": 0.333461581518075,
    "on-table(green-bottle,white-table)": 0.0035335838332078615,
    "on-table(loaf-of-bread,wood-table)": 0.15969490500477454,
    "on-table(loaf-of-bread,black-table)": 0.5118210761963079,
    "on-table(loaf-of-bread,white-table)": 0.13034508974912265,
    "on-table(red-box-of-cereal,wood-table)": 0.10907325030226882,
    "on-table(red-box-of-cereal,black-table)": 0.0034399369754585982,
    "on-table(red-box-of-cereal,white-table)": 0.679412403764824,
    "on-table(red-can-of-soda,wood-table)": 0.1002087366117242,
    "on-table(red-can-of-soda,black-table)": 0.002166340007837183,
    "on-table(red-can-of-soda,white-table)": 0.9912777741750082,
    "robot-gripper-empty()": 0.930663675069809,
    "robot-gripping(milk-carton)": 0.14232191381355128,
    "robot-gripping(lemon)": 0.041568655520677567,
    "robot-gripping(green-bottle)": 0.09403741503289591,
    "robot-gripping(loaf-of-bread)": 0.07834881031885743,
    "robot-gripping(red-box-of-cereal)": 0.09921336917129035,
    "robot-gripping(red-can-of-soda)": 0.1766984605928883
}