{
    "on-table(milk-carton,wood-table)": 0.7740484476089478,
    "on-table(milk-carton,black-table)": 0.26289101542594534,
    "on-table(milk-carton,white-table)": 0.02383572270628065,
    "on-table(lemon,wood-table)": 0.17531422762355456,
    "on-table(lemon,black-table)": 0.05275631022262436,
    "on-table(lemon,white-table)": 0.8341822842291245,
    "on-table(green-bottle,wood-table)": 0.1657916627106412,
    "on-table(green-bottle,black-table)": 0.834190247580409,
    "on-table(green-bottle,white-table)": 0.0013047240317973774,
    "on-table(loaf-of-bread,wood-table)": 0.583903053154548,
    "on-table(loaf-of-bread,black-table)": 0.42484617978334427,
    "on-table(loaf-of-bread,white-table)": 0.09300364653487729,
    "on-table(red-box-of-cereal,wood-table)": 0.30311960974358954,
    "on-table(red-box-of-cereal,black-table)": 0.9893205761909485,
    "on-table(red-box-of-cereal,white-table)": 0.08890091511178373,
    "on-table(red-can-of-soda,wood-table)": 0.27756709001550917,
    "on-table(red-can-of-soda,black-table)": 0.8525439302126566,
    "on-table(red-can-of-soda,white-table)": 0.015505628779161876,
    "robot-gripper-empty()": 0.8197210480769476,
    "robot-gripping(milk-carton)": 0.31308976250390214,
    "robot-gripping(lemon)": 0.057577794029687844,
    "robot-gripping(green-bottle)": 0.07606122456490993,
    "robot-gripping(loaf-of-bread)": 0.0716955636938413,
    "robot-gripping(red-box-of-cereal)": 0.2439823386569818,
    "robot-gripping(red-can-of-soda)": 0.44130606452624005
}