{
    "on-table(milk-carton,wood-table)": 0.5989167560668042,
    "on-table(milk-carton,black-table)": 0.33725876958002726,
    "on-table(milk-carton,white-table)": 0.3224438669531082,
    "on-table(lemon,wood-table)": 0.23912135981421065,
    "on-table(lemon,black-table)": 0.17246382782980163,
    "on-table(lemon,white-table)": 0.6722776778430367,
    "on-table(green-bottle,wood-table)": 0.9824477036794027,
    "on-table(green-bottle,black-table)": 0.331276554382157,
    "on-table(green-bottle,white-table)": 0.0021245423539918797,
    "on-table(loaf-of-bread,wood-table)": 0.2198231080546975,
    "on-table(loaf-of-bread,black-table)": 0.613149474064509,
    "on-table(loaf-of-bread,white-table)": 0.2253037085174583,
    "on-table(red-box-of-cereal,wood-table)": 0.29973307787440717,
    "on-table(red-box-of-cereal,black-table)": 0.08730504327104427,
    "on-table(red-box-of-cereal,white-table)": 0.804113857448101,
    "on-table(red-can-of-soda,wood-table)": 0.979300985733668,
    "on-table(red-can-of-soda,black-table)": 0.07345067306116941,
    "on-table(red-can-of-soda,white-table)": 0.343175317229831,
    "robot-gripper-empty()": 0.9308058321475983,
    "robot-gripping(milk-carton)": 0.1882226689097782,
    "robot-gripping(lemon)": 0.08758171911661823,
    "robot-gripping(green-bottle)": 0.17076527688186616,
    "robot-gripping(loaf-of-bread)": 0.10071767897655566,
    "robot-gripping(red-box-of-cereal)": 0.05264908432339629,
    "robot-gripping(red-can-of-soda)": 0.12209190602879971
}