{
    "on-table(milk-carton,wood-table)": 0.4191584562261899,
    "on-table(milk-carton,black-table)": 0.08784878187968086,
    "on-table(milk-carton,white-table)": 0.3346681115217507,
    "on-table(lemon,wood-table)": 0.11944119502247001,
    "on-table(lemon,black-table)": 0.4116345022339374,
    "on-table(lemon,white-table)": 0.24311183424045643,
    "on-table(green-bottle,wood-table)": 0.28138851359835826,
    "on-table(green-bottle,black-table)": 0.971437027057012,
    "on-table(green-bottle,white-table)": 0.013911082598951907,
    "on-table(loaf-of-bread,wood-table)": 0.18425648900059363,
    "on-table(loaf-of-bread,black-table)": 0.06179347434954252,
    "on-table(loaf-of-bread,white-table)": 0.33238968524771434,
    "on-table(red-box-of-cereal,wood-table)": 0.00624037431650019,
    "on-table(red-box-of-cereal,black-table)": 0.034791933767943796,
    "on-table(red-box-of-cereal,white-table)": 0.18561037573575354,
    "on-table(red-can-of-soda,wood-table)": 0.027919812195856746,
    "on-table(red-can-of-soda,black-table)": 0.7640186466742307,
    "on-table(red-can-of-soda,white-table)": 0.012157677911697343,
    "robot-gripper-empty()": 0.7273035597366592,
    "robot-gripping(milk-carton)": 0.3377692687014739,
    "robot-gripping(lemon)": 0.311373857781291,
    "robot-gripping(green-bottle)": 0.1389508245823284,
    "robot-gripping(loaf-of-bread)": 0.21027303719893098,
    "robot-gripping(red-box-of-cereal)": 0.04599560605129227,
    "robot-gripping(red-can-of-soda)": 0.18898774776607752
}