{
    "on-table(milk-carton,wood-table)": 0.11149053605428587,
    "on-table(milk-carton,black-table)": 0.6910206836958727,
    "on-table(milk-carton,white-table)": 0.011403619094683867,
    "on-table(lemon,wood-table)": 0.680821921210736,
    "on-table(lemon,black-table)": 0.28372564802066336,
    "on-table(lemon,white-table)": 0.006625658143851372,
    "on-table(green-bottle,wood-table)": 0.16639133421025085,
    "on-table(green-bottle,black-table)": 0.00905653768298483,
    "on-table(green-bottle,white-table)": 0.9902740915616354,
    "on-table(loaf-of-bread,wood-table)": 0.18135304514241093,
    "on-table(loaf-of-bread,black-table)": 0.6532138141919859,
    "on-table(loaf-of-bread,white-table)": 0.006881949858022078,
    "on-table(red-box-of-cereal,wood-table)": 0.3099017043132335,
    "on-table(red-box-of-cereal,black-table)": 0.7061917645235857,
    "on-table(red-box-of-cereal,white-table)": 0.008855466522315206,
    "on-table(red-can-of-soda,wood-table)": 0.9965143501758575,
    "on-table(red-can-of-soda,black-table)": 0.3334641797579631,
    "on-table(red-can-of-soda,white-table)": 0.0018507506132815859,
    "robot-gripper-empty()": 0.8801670471827189,
    "robot-gripping(milk-carton)": 0.11140140394369762,
    "robot-gripping(lemon)": 0.17435754144874713,
    "robot-gripping(green-bottle)": 0.07551596060026593,
    "robot-gripping(loaf-of-bread)": 0.12174042065938313,
    "robot-gripping(red-box-of-cereal)": 0.08838819401959579,
    "robot-gripping(red-can-of-soda)": 0.20311728538945317
}