{
    "on-table(milk-carton,wood-table)": 0.7640284113585949,
    "on-table(milk-carton,black-table)": 0.14539138510493407,
    "on-table(milk-carton,white-table)": 0.1409414306981489,
    "on-table(lemon,wood-table)": 0.4108121596849135,
    "on-table(lemon,black-table)": 0.19660477931029163,
    "on-table(lemon,white-table)": 0.06326983434458573,
    "on-table(green-bottle,wood-table)": 0.7821531037334353,
    "on-table(green-bottle,black-table)": 0.167991498461627,
    "on-table(green-bottle,white-table)": 0.0024330122154575897,
    "on-table(loaf-of-bread,wood-table)": 0.6480810943370064,
    "on-table(loaf-of-bread,black-table)": 0.08265658819156367,
    "on-table(loaf-of-bread,white-table)": 0.1586307995706496,
    "on-table(red-box-of-cereal,wood-table)": 0.13319189669709885,
    "on-table(red-box-of-cereal,black-table)": 0.6633276711218059,
    "on-table(red-box-of-cereal,white-table)": 0.0936397161167406,
    "on-table(red-can-of-soda,wood-table)": 0.14289715581010873,
    "on-table(red-can-of-soda,black-table)": 0.8090830030851066,
    "on-table(red-can-of-soda,white-table)": 0.09645066627179706,
    "robot-gripper-empty()": 0.8957695960998535,
    "robot-gripping(milk-carton)": 0.27989849634468555,
    "robot-gripping(lemon)": 0.31118506503601867,
    "robot-gripping(green-bottle)": 0.15279209551711878,
    "robot-gripping(loaf-of-bread)": 0.08242933296908934,
    "robot-gripping(red-box-of-cereal)": 0.13017709475631514,
    "robot-gripping(red-can-of-soda)": 0.1899717307339112
}