{
    "on-table(milk-carton,wood-table)": 0.20567213040582524,
    "on-table(milk-carton,black-table)": 0.2496199951710878,
    "on-table(milk-carton,white-table)": 0.7373207837032775,
    "on-table(lemon,wood-table)": 0.33871580963023007,
    "on-table(lemon,black-table)": 0.14639851377857363,
    "on-table(lemon,white-table)": 0.9590036571025848,
    "on-table(green-bottle,wood-table)": 0.3224297464621486,
    "on-table(green-bottle,black-table)": 0.5070615566219203,
    "on-table(green-bottle,white-table)": 0.16429444059031084,
    "on-table(loaf-of-bread,wood-table)": 0.21558537248832485,
    "on-table(loaf-of-bread,black-table)": 0.3667698780967233,
    "on-table(loaf-of-bread,white-table)": 0.37220322880117845,
    "on-table(red-box-of-cereal,wood-table)": 0.2163256221295645,
    "on-table(red-box-of-cereal,black-table)": 0.8250883933311949,
    "on-table(red-box-of-cereal,white-table)": 0.1786809376292998,
    "on-table(red-can-of-soda,wood-table)": 0.19603453894766668,
    "on-table(red-can-of-soda,black-table)": 0.7226443948845068,
    "on-table(red-can-of-soda,white-table)": 0.043331159509155746,
    "robot-gripper-empty()": 0.8339646756649017,
    "robot-gripping(milk-carton)": 0.20423515855024257,
    "robot-gripping(lemon)": 0.1727943103760481,
    "robot-gripping(green-bottle)": 0.1692196986017128,
    "robot-gripping(loaf-of-bread)": 0.20491336720685163,
    "robot-gripping(red-box-of-cereal)": 0.22359297750517726,
    "robot-gripping(red-can-of-soda)": 0.5053197493155798
}