{
    "on-table(milk-carton,wood-table)": 0.5062586109852418,
    "on-table(milk-carton,black-table)": 0.349268416587923,
    "on-table(milk-carton,white-table)": 0.00813363831305954,
    "on-table(lemon,wood-table)": 0.17086904680278772,
    "on-table(lemon,black-table)": 0.1659639552444787,
    "on-table(lemon,white-table)": 0.8337969791997845,
    "on-table(green-bottle,wood-table)": 0.16740579981463574,
    "on-table(green-bottle,black-table)": 0.8338979643303901,
    "on-table(green-bottle,white-table)": 0.022990637160546612,
    "on-table(loaf-of-bread,wood-table)": 0.5300936705122391,
    "on-table(loaf-of-bread,black-table)": 0.01096480271856611,
    "on-table(loaf-of-bread,white-table)": 0.08448713492786435,
    "on-table(red-box-of-cereal,wood-table)": 0.4188181747837613,
    "on-table(red-box-of-cereal,black-table)": 0.3357767153405196,
    "on-table(red-box-of-cereal,white-table)": 0.00856948908767663,
    "on-table(red-can-of-soda,wood-table)": 0.8418078726778427,
    "on-table(red-can-of-soda,black-table)": 0.17590051852319752,
    "on-table(red-can-of-soda,white-table)": 0.0036837995803201315,
    "robot-gripper-empty()": 0.776443631737493,
    "robot-gripping(milk-carton)": 0.4511626362800598,
    "robot-gripping(lemon)": 0.05552194841826955,
    "robot-gripping(green-bottle)": 0.09845684569639464,
    "robot-gripping(loaf-of-bread)": 0.16534827401240668,
    "robot-gripping(red-box-of-cereal)": 0.4263735829542081,
    "robot-gripping(red-can-of-soda)": 0.26628088764846325
}