{
    "on-table(milk-carton,wood-table)": 0.13234757676643008,
    "on-table(milk-carton,black-table)": 0.6723038144409657,
    "on-table(milk-carton,white-table)": 0.3298515856998468,
    "on-table(lemon,wood-table)": 0.1612370608660664,
    "on-table(lemon,black-table)": 0.8325684325148662,
    "on-table(lemon,white-table)": 0.1662292399426709,
    "on-table(green-bottle,wood-table)": 0.7022469059253732,
    "on-table(green-bottle,black-table)": 0.17052593231303112,
    "on-table(green-bottle,white-table)": 0.0012492295120788792,
    "on-table(loaf-of-bread,wood-table)": 0.14754510779554644,
    "on-table(loaf-of-bread,black-table)": 0.31315672482984763,
    "on-table(loaf-of-bread,white-table)": 0.2319647204130888,
    "on-table(red-box-of-cereal,wood-table)": 0.12008762561405699,
    "on-table(red-box-of-cereal,black-table)": 0.8076391580204169,
    "on-table(red-box-of-cereal,white-table)": 0.05571427824907005,
    "on-table(red-can-of-soda,wood-table)": 0.8024307464559873,
    "on-table(red-can-of-soda,black-table)": 0.32790358548785054,
    "on-table(red-can-of-soda,white-table)": 0.03141294199440381,
    "robot-gripper-empty()": 0.9205781817436218,
    "robot-gripping(milk-carton)": 0.11579492005209129,
    "robot-gripping(lemon)": 0.05605872115120292,
    "robot-gripping(green-bottle)": 0.1589390355705594,
    "robot-gripping(loaf-of-bread)": 0.092607533869644,
    "robot-gripping(red-box-of-cereal)": 0.06351305140803258,
    "robot-gripping(red-can-of-soda)": 0.1718099556552867
}