{
    "on-table(milk-carton,wood-table)": 0.6082753439744314,
    "on-table(milk-carton,black-table)": 0.373348794450673,
    "on-table(milk-carton,white-table)": 0.016186873059875023,
    "on-table(lemon,wood-table)": 0.6958363434920708,
    "on-table(lemon,black-table)": 0.24807798868422046,
    "on-table(lemon,white-table)": 0.010231554530340267,
    "on-table(green-bottle,wood-table)": 0.16982107102133645,
    "on-table(green-bottle,black-table)": 0.0027337760966095934,
    "on-table(green-bottle,white-table)": 0.9959564308325449,
    "on-table(loaf-of-bread,wood-table)": 0.4811205267906189,
    "on-table(loaf-of-bread,black-table)": 0.5030287108384073,
    "on-table(loaf-of-bread,white-table)": 0.06178069290035637,
    "on-table(red-box-of-cereal,wood-table)": 0.8358585610985756,
    "on-table(red-box-of-cereal,black-table)": 0.45194197371408035,
    "on-table(red-box-of-cereal,white-table)": 0.00515051876209327,
    "on-table(red-can-of-soda,wood-table)": 0.3494369486094608,
    "on-table(red-can-of-soda,black-table)": 0.9503157635529836,
    "on-table(red-can-of-soda,white-table)": 0.0031458916597936573,
    "robot-gripper-empty()": 0.9439424971739451,
    "robot-gripping(milk-carton)": 0.37589287633697194,
    "robot-gripping(lemon)": 0.02576500674088796,
    "robot-gripping(green-bottle)": 0.022384362295269966,
    "robot-gripping(loaf-of-bread)": 0.07771354665358861,
    "robot-gripping(red-box-of-cereal)": 0.05709766906996568,
    "robot-gripping(red-can-of-soda)": 0.09198043867945671
}