{
    "on-table(milk-carton,wood-table)": 0.30547504002849263,
    "on-table(milk-carton,black-table)": 0.0782762276454984,
    "on-table(milk-carton,white-table)": 0.5812487347672383,
    "on-table(lemon,wood-table)": 0.023147861822508276,
    "on-table(lemon,black-table)": 0.3299073039088398,
    "on-table(lemon,white-table)": 0.07728239679515052,
    "on-table(green-bottle,wood-table)": 0.15532221771233404,
    "on-table(green-bottle,black-table)": 0.832484089420177,
    "on-table(green-bottle,white-table)": 0.0156471250593313,
    "on-table(loaf-of-bread,wood-table)": 0.34738898898164433,
    "on-table(loaf-of-bread,black-table)": 0.037210295127200275,
    "on-table(loaf-of-bread,white-table)": 0.45029926602728665,
    "on-table(red-box-of-cereal,wood-table)": 0.1151101805541354,
    "on-table(red-box-of-cereal,black-table)": 0.010874570894278198,
    "on-table(red-box-of-cereal,white-table)": 0.8545183191696802,
    "on-table(red-can-of-soda,wood-table)": 0.2415187906687303,
    "on-table(red-can-of-soda,black-table)": 0.0074891548222998,
    "on-table(red-can-of-soda,white-table)": 0.9391814768314362,
    "robot-gripper-empty()": 0.7736767349609485,
    "robot-gripping(milk-carton)": 0.29735698364675045,
    "robot-gripping(lemon)": 0.2548304128771027,
    "robot-gripping(green-bottle)": 0.18229161117536327,
    "robot-gripping(loaf-of-bread)": 0.12794785713776946,
    "robot-gripping(red-box-of-cereal)": 0.08471855474635959,
    "robot-gripping(red-can-of-soda)": 0.16468302602879703
}