{
    "on-table(milk-carton,wood-table)": 0.5302353370934725,
    "on-table(milk-carton,black-table)": 0.47987079767820734,
    "on-table(milk-carton,white-table)": 0.18753125243044147,
    "on-table(lemon,wood-table)": 0.1751446013149689,
    "on-table(lemon,black-table)": 0.7707189073165258,
    "on-table(lemon,white-table)": 0.05168839494687442,
    "on-table(green-bottle,wood-table)": 0.1507876313965729,
    "on-table(green-bottle,black-table)": 0.821345696846644,
    "on-table(green-bottle,white-table)": 0.007358657848878162,
    "on-table(loaf-of-bread,wood-table)": 0.21424135309644043,
    "on-table(loaf-of-bread,black-table)": 0.1790187619626522,
    "on-table(loaf-of-bread,white-table)": 0.19711370449901247,
    "on-table(red-box-of-cereal,wood-table)": 0.23192517561013423,
    "on-table(red-box-of-cereal,black-table)": 0.8981465399265289,
    "on-table(red-box-of-cereal,white-table)": 0.16013514486257918,
    "on-table(red-can-of-soda,wood-table)": 0.3450559809886424,
    "on-table(red-can-of-soda,black-table)": 0.5421149585163221,
    "on-table(red-can-of-soda,white-table)": 0.04513289820655094,
    "robot-gripper-empty()": 0.7655582328637441,
    "robot-gripping(milk-carton)": 0.33399453945457935,
    "robot-gripping(lemon)": 0.04853060143068433,
    "robot-gripping(green-bottle)": 0.046568567088494696,
    "robot-gripping(loaf-of-bread)": 0.07625164402027924,
    "robot-gripping(red-box-of-cereal)": 0.20709388330578804,
    "robot-gripping(red-can-of-soda)": 0.49600934733947116
}