{
    "on-table(milk-carton,wood-table)": 0.765327125787735,
    "on-table(milk-carton,black-table)": 0.03265851447819538,
    "on-table(milk-carton,white-table)": 0.2989418987975417,
    "on-table(lemon,wood-table)": 0.1709211022728899,
    "on-table(lemon,black-table)": 0.027851352197709883,
    "on-table(lemon,white-table)": 0.9987988471984863,
    "on-table(green-bottle,wood-table)": 0.16460806775285164,
    "on-table(green-bottle,black-table)": 0.8333225422150766,
    "on-table(green-bottle,white-table)": 0.00047405603481820435,
    "on-table(loaf-of-bread,wood-table)": 0.22043503681197762,
    "on-table(loaf-of-bread,black-table)": 0.006675536493276013,
    "on-table(loaf-of-bread,white-table)": 0.5640834032868346,
    "on-table(red-box-of-cereal,wood-table)": 0.8730097810427347,
    "on-table(red-box-of-cereal,black-table)": 0.1480002170186102,
    "on-table(red-box-of-cereal,white-table)": 0.17255026155226005,
    "on-table(red-can-of-soda,wood-table)": 0.3798312947874365,
    "on-table(red-can-of-soda,black-table)": 0.890775998433431,
    "on-table(red-can-of-soda,white-table)": 0.17189727035777955,
    "robot-gripper-empty()": 0.9589820802211761,
    "robot-gripping(milk-carton)": 0.11867507516096036,
    "robot-gripping(lemon)": 0.06272268516477197,
    "robot-gripping(green-bottle)": 0.12392631925952931,
    "robot-gripping(loaf-of-bread)": 0.07290226314216852,
    "robot-gripping(red-box-of-cereal)": 0.07315415244859953,
    "robot-gripping(red-can-of-soda)": 0.1627432762955626
}