{
    "on-table(milk-carton,wood-table)": 0.0607984559610486,
    "on-table(milk-carton,black-table)": 0.006874418429409464,
    "on-table(milk-carton,white-table)": 0.05192105394477645,
    "on-table(lemon,wood-table)": 0.6699351131295165,
    "on-table(lemon,black-table)": 0.003607381200064689,
    "on-table(lemon,white-table)": 0.009230439849488903,
    "on-table(green-bottle,wood-table)": 0.16752374117883542,
    "on-table(green-bottle,black-table)": 0.16803952574809955,
    "on-table(green-bottle,white-table)": 0.0010743147771184642,
    "on-table(loaf-of-bread,wood-table)": 0.03823449579067528,
    "on-table(loaf-of-bread,black-table)": 0.0020194355941688022,
    "on-table(loaf-of-bread,white-table)": 0.02410476526711136,
    "on-table(red-box-of-cereal,wood-table)": 0.17360547287777686,
    "on-table(red-box-of-cereal,black-table)": 0.0026203426969004795,
    "on-table(red-box-of-cereal,white-table)": 0.043296575289180815,
    "on-table(red-can-of-soda,wood-table)": 0.6667949304634627,
    "on-table(red-can-of-soda,black-table)": 0.1651839824179433,
    "on-table(red-can-of-soda,white-table)": 0.00212591142853095,
    "robot-gripper-empty()": 0.27184955627308227,
    "robot-gripping(milk-carton)": 0.17696388997137547,
    "robot-gripping(lemon)": 0.34280195320025086,
    "robot-gripping(green-bottle)": 0.8144750113909444,
    "robot-gripping(loaf-of-bread)": 0.0590026238351129,
    "robot-gripping(red-box-of-cereal)": 0.01699177652092961,
    "robot-gripping(red-can-of-soda)": 0.10918946020926039
}