{
    "on-table(milk-carton,wood-table)": 0.5654164254665375,
    "on-table(milk-carton,black-table)": 0.01520252078626072,
    "on-table(milk-carton,white-table)": 0.038090664912791304,
    "on-table(lemon,wood-table)": 0.1506110844008314,
    "on-table(lemon,black-table)": 0.0032420318960551717,
    "on-table(lemon,white-table)": 0.00956196462175285,
    "on-table(green-bottle,wood-table)": 0.16914445402411124,
    "on-table(green-bottle,black-table)": 0.1700605863649495,
    "on-table(green-bottle,white-table)": 0.0025983279459372475,
    "on-table(loaf-of-bread,wood-table)": 0.37777504134768,
    "on-table(loaf-of-bread,black-table)": 0.007511401466520813,
    "on-table(loaf-of-bread,white-table)": 0.009236101691688722,
    "on-table(red-box-of-cereal,wood-table)": 0.7053326976795992,
    "on-table(red-box-of-cereal,black-table)": 0.0039038575978338486,
    "on-table(red-box-of-cereal,white-table)": 0.2490584207430402,
    "on-table(red-can-of-soda,wood-table)": 0.3156253934509247,
    "on-table(red-can-of-soda,black-table)": 0.0010105572723659861,
    "on-table(red-can-of-soda,white-table)": 0.8756306022405624,
    "robot-gripper-empty()": 0.37563285405243124,
    "robot-gripping(milk-carton)": 0.2893732562661171,
    "robot-gripping(lemon)": 0.3099096173730989,
    "robot-gripping(green-bottle)": 0.7376308684082081,
    "robot-gripping(loaf-of-bread)": 0.0644272204178075,
    "robot-gripping(red-box-of-cereal)": 0.027399045575293712,
    "robot-gripping(red-can-of-soda)": 0.1306545362022007
}