{
    "on-table(milk-carton,wood-table)": 0.34323243202622206,
    "on-table(milk-carton,black-table)": 0.03396069664571163,
    "on-table(milk-carton,white-table)": 0.674547600443475,
    "on-table(lemon,wood-table)": 0.7205183232824007,
    "on-table(lemon,black-table)": 0.26701838365632585,
    "on-table(lemon,white-table)": 0.011385682458239899,
    "on-table(green-bottle,wood-table)": 0.16403792735460834,
    "on-table(green-bottle,black-table)": 0.002924180053772337,
    "on-table(green-bottle,white-table)": 0.9947194159030914,
    "on-table(loaf-of-bread,wood-table)": 0.40744680042068165,
    "on-table(loaf-of-bread,black-table)": 0.6770136306683222,
    "on-table(loaf-of-bread,white-table)": 0.008978486487952372,
    "on-table(red-box-of-cereal,wood-table)": 0.8272508171697458,
    "on-table(red-box-of-cereal,black-table)": 0.40627402311656624,
    "on-table(red-box-of-cereal,white-table)": 0.004678189250019689,
    "on-table(red-can-of-soda,wood-table)": 0.4669911776582012,
    "on-table(red-can-of-soda,black-table)": 0.9549343983332316,
    "on-table(red-can-of-soda,white-table)": 0.0033171332185399174,
    "robot-gripper-empty()": 0.8651533077160517,
    "robot-gripping(milk-carton)": 0.20524726388975978,
    "robot-gripping(lemon)": 0.04437526528878758,
    "robot-gripping(green-bottle)": 0.020188350822233286,
    "robot-gripping(loaf-of-bread)": 0.22136516931156316,
    "robot-gripping(red-box-of-cereal)": 0.16987674846313894,
    "robot-gripping(red-can-of-soda)": 0.1555440848848472
}