{
    "on-table(milk-carton,wood-table)": 0.16450905706733465,
    "on-table(milk-carton,black-table)": 0.7692242736617724,
    "on-table(milk-carton,white-table)": 0.10503192845377878,
    "on-table(lemon,wood-table)": 0.18000857269604845,
    "on-table(lemon,black-table)": 0.034026067763117375,
    "on-table(lemon,white-table)": 0.9104080100854238,
    "on-table(green-bottle,wood-table)": 0.17324922175127236,
    "on-table(green-bottle,black-table)": 0.006019203930350159,
    "on-table(green-bottle,white-table)": 0.8397429951777061,
    "on-table(loaf-of-bread,wood-table)": 0.3072363991911213,
    "on-table(loaf-of-bread,black-table)": 0.35847386593619984,
    "on-table(loaf-of-bread,white-table)": 0.1783491348711929,
    "on-table(red-box-of-cereal,wood-table)": 0.18958242355438415,
    "on-table(red-box-of-cereal,black-table)": 0.715287151436011,
    "on-table(red-box-of-cereal,white-table)": 0.00876488037101808,
    "on-table(red-can-of-soda,wood-table)": 0.15189542895920263,
    "on-table(red-can-of-soda,black-table)": 0.7293862427274386,
    "on-table(red-can-of-soda,white-table)": 0.006856302383160558,
    "robot-gripper-empty()": 0.6649671420454979,
    "robot-gripping(milk-carton)": 0.40162187193830806,
    "robot-gripping(lemon)": 0.10786370933055878,
    "robot-gripping(green-bottle)": 0.03350005653919652,
    "robot-gripping(loaf-of-bread)": 0.2330817449837923,
    "robot-gripping(red-box-of-cereal)": 0.3116494795928399,
    "robot-gripping(red-can-of-soda)": 0.304984283943971
}