{
    "on-table(milk-carton,wood-table)": 0.8445413211981455,
    "on-table(milk-carton,black-table)": 0.1705752976996943,
    "on-table(milk-carton,white-table)": 0.07844673858471651,
    "on-table(lemon,wood-table)": 0.23813325387891382,
    "on-table(lemon,black-table)": 0.08044958325081097,
    "on-table(lemon,white-table)": 0.8365304103742043,
    "on-table(green-bottle,wood-table)": 0.16171303899075914,
    "on-table(green-bottle,black-table)": 0.8333846093543494,
    "on-table(green-bottle,white-table)": 0.019477331861859664,
    "on-table(loaf-of-bread,wood-table)": 0.26612372882664204,
    "on-table(loaf-of-bread,black-table)": 0.15033865060831886,
    "on-table(loaf-of-bread,white-table)": 0.573601659697791,
    "on-table(red-box-of-cereal,wood-table)": 0.8368738306065401,
    "on-table(red-box-of-cereal,black-table)": 0.17356927215359974,
    "on-table(red-box-of-cereal,white-table)": 0.005965911444642795,
    "on-table(red-can-of-soda,wood-table)": 0.8212984769294659,
    "on-table(red-can-of-soda,black-table)": 0.04833044043092135,
    "on-table(red-can-of-soda,white-table)": 0.006410646437719454,
    "robot-gripper-empty()": 0.9450336694717407,
    "robot-gripping(milk-carton)": 0.16325523207585016,
    "robot-gripping(lemon)": 0.06688074115663767,
    "robot-gripping(green-bottle)": 0.17883653612807393,
    "robot-gripping(loaf-of-bread)": 0.05624322655300299,
    "robot-gripping(red-box-of-cereal)": 0.06825732455278437,
    "robot-gripping(red-can-of-soda)": 0.2104641723756989
}