{
    "on-table(milk-carton,wood-table)": 0.19236154590422908,
    "on-table(milk-carton,black-table)": 0.028969385821255855,
    "on-table(milk-carton,white-table)": 0.8303149739901224,
    "on-table(lemon,wood-table)": 0.3155054689474734,
    "on-table(lemon,black-table)": 0.9367655118306478,
    "on-table(lemon,white-table)": 0.0021339883978725993,
    "on-table(green-bottle,wood-table)": 0.16947784694881798,
    "on-table(green-bottle,black-table)": 0.16897207508918655,
    "on-table(green-bottle,white-table)": 0.002072396729090542,
    "on-table(loaf-of-bread,wood-table)": 0.501432731281966,
    "on-table(loaf-of-bread,black-table)": 0.011563488010627529,
    "on-table(loaf-of-bread,white-table)": 0.14164312818563,
    "on-table(red-box-of-cereal,wood-table)": 0.012935589164650688,
    "on-table(red-box-of-cereal,black-table)": 0.0106897500421231,
    "on-table(red-box-of-cereal,white-table)": 0.6678531710058451,
    "on-table(red-can-of-soda,wood-table)": 0.16411485338782464,
    "on-table(red-can-of-soda,black-table)": 0.8310364584479734,
    "on-table(red-can-of-soda,white-table)": 0.34277605693508423,
    "robot-gripper-empty()": 0.4690133423913115,
    "robot-gripping(milk-carton)": 0.15733999603738388,
    "robot-gripping(lemon)": 0.073776490734114,
    "robot-gripping(green-bottle)": 0.6427345033735037,
    "robot-gripping(loaf-of-bread)": 0.04951311694458127,
    "robot-gripping(red-box-of-cereal)": 0.06279881701630075,
    "robot-gripping(red-can-of-soda)": 0.03715265501280859
}