{
    "on-table(milk-carton,wood-table)": 0.7012651010106007,
    "on-table(milk-carton,black-table)": 0.008399030581737557,
    "on-table(milk-carton,white-table)": 0.3319952944293618,
    "on-table(lemon,wood-table)": 0.12088680607848801,
    "on-table(lemon,black-table)": 0.8345066277931134,
    "on-table(lemon,white-table)": 0.011375322997840462,
    "on-table(green-bottle,wood-table)": 0.16866433367249556,
    "on-table(green-bottle,black-table)": 0.1695517942389415,
    "on-table(green-bottle,white-table)": 0.0020683572759783906,
    "on-table(loaf-of-bread,wood-table)": 0.43650493351742625,
    "on-table(loaf-of-bread,black-table)": 0.14284469237706313,
    "on-table(loaf-of-bread,white-table)": 0.27312075284620124,
    "on-table(red-box-of-cereal,wood-table)": 0.736092461583515,
    "on-table(red-box-of-cereal,black-table)": 0.005546260234647586,
    "on-table(red-box-of-cereal,white-table)": 0.18573013009093606,
    "on-table(red-can-of-soda,wood-table)": 0.33951973511526984,
    "on-table(red-can-of-soda,black-table)": 0.005313208016862821,
    "on-table(red-can-of-soda,white-table)": 0.8542009145021439,
    "robot-gripper-empty()": 0.39956394711043686,
    "robot-gripping(milk-carton)": 0.3608078857262929,
    "robot-gripping(lemon)": 0.18537376578509188,
    "robot-gripping(green-bottle)": 0.8067958590108901,
    "robot-gripping(loaf-of-bread)": 0.09936044497104983,
    "robot-gripping(red-box-of-cereal)": 0.039461279656582825,
    "robot-gripping(red-can-of-soda)": 0.12903294315037783
}