{
    "on-table(milk-carton,wood-table)": 0.7182644506295522,
    "on-table(milk-carton,black-table)": 0.3791667536910002,
    "on-table(milk-carton,white-table)": 0.2620288608595729,
    "on-table(lemon,wood-table)": 0.17279223827063106,
    "on-table(lemon,black-table)": 0.0073721918412275045,
    "on-table(lemon,white-table)": 0.9998810390631357,
    "on-table(green-bottle,wood-table)": 0.1746715287930177,
    "on-table(green-bottle,black-table)": 0.04351093373437228,
    "on-table(green-bottle,white-table)": 0.9851343234380087,
    "on-table(loaf-of-bread,wood-table)": 0.11820859974250197,
    "on-table(loaf-of-bread,black-table)": 0.012167952586120615,
    "on-table(loaf-of-bread,white-table)": 0.5264329932009181,
    "on-table(red-box-of-cereal,wood-table)": 0.9989891548951467,
    "on-table(red-box-of-cereal,black-table)": 0.36595630139830365,
    "on-table(red-box-of-cereal,white-table)": 0.13073355428423383,
    "on-table(red-can-of-soda,wood-table)": 0.7000010469637346,
    "on-table(red-can-of-soda,black-table)": 0.7090105352302393,
    "on-table(red-can-of-soda,white-table)": 0.03262472698406782,
    "robot-gripper-empty()": 0.9769415259361267,
    "robot-gripping(milk-carton)": 0.10532763227820396,
    "robot-gripping(lemon)": 0.03536957083269954,
    "robot-gripping(green-bottle)": 0.031746908207423985,
    "robot-gripping(loaf-of-bread)": 0.057087529761095844,
    "robot-gripping(red-box-of-cereal)": 0.03511946147773415,
    "robot-gripping(red-can-of-soda)": 0.046579562205200396
}