{
    "on-table(milk-carton,wood-table)": 0.5103347413241863,
    "on-table(milk-carton,black-table)": 0.1779779520778296,
    "on-table(milk-carton,white-table)": 0.39276528309468023,
    "on-table(lemon,wood-table)": 0.2000222137721721,
    "on-table(lemon,black-table)": 0.12211489366139479,
    "on-table(lemon,white-table)": 0.8342613729958733,
    "on-table(green-bottle,wood-table)": 0.22081588344553893,
    "on-table(green-bottle,black-table)": 0.861220176021258,
    "on-table(green-bottle,white-table)": 0.0010456225643338257,
    "on-table(loaf-of-bread,wood-table)": 0.691133089363575,
    "on-table(loaf-of-bread,black-table)": 0.11865199381281855,
    "on-table(loaf-of-bread,white-table)": 0.08043508876168441,
    "on-table(red-box-of-cereal,wood-table)": 0.22664419687741125,
    "on-table(red-box-of-cereal,black-table)": 0.00861505460246311,
    "on-table(red-box-of-cereal,white-table)": 0.6717090137923757,
    "on-table(red-can-of-soda,wood-table)": 0.32048363867276447,
    "on-table(red-can-of-soda,black-table)": 0.9463624556859335,
    "on-table(red-can-of-soda,white-table)": 0.05259470880446315,
    "robot-gripper-empty()": 0.9152067800362905,
    "robot-gripping(milk-carton)": 0.12024643023808797,
    "robot-gripping(lemon)": 0.10039680575331052,
    "robot-gripping(green-bottle)": 0.015394935539613167,
    "robot-gripping(loaf-of-bread)": 0.15753121053179106,
    "robot-gripping(red-box-of-cereal)": 0.04992514712891231,
    "robot-gripping(red-can-of-soda)": 0.03336194918180505
}