{
    "on-table(milk-carton,wood-table)": 0.18449579672111818,
    "on-table(milk-carton,black-table)": 0.1778201975768449,
    "on-table(milk-carton,white-table)": 0.7346242815256119,
    "on-table(lemon,wood-table)": 0.21244344547206614,
    "on-table(lemon,black-table)": 0.05070370142546684,
    "on-table(lemon,white-table)": 0.7058603533854088,
    "on-table(green-bottle,wood-table)": 0.8318862562688688,
    "on-table(green-bottle,black-table)": 0.16699008400682183,
    "on-table(green-bottle,white-table)": 0.0181608700996397,
    "on-table(loaf-of-bread,wood-table)": 0.45104299547771615,
    "on-table(loaf-of-bread,black-table)": 0.26434798557602335,
    "on-table(loaf-of-bread,white-table)": 0.01950340292387409,
    "on-table(red-box-of-cereal,wood-table)": 0.1738837729159665,
    "on-table(red-box-of-cereal,black-table)": 0.8332428381157418,
    "on-table(red-box-of-cereal,white-table)": 0.029712038124368217,
    "on-table(red-can-of-soda,wood-table)": 0.1392442811629735,
    "on-table(red-can-of-soda,black-table)": 0.18904241036701327,
    "on-table(red-can-of-soda,white-table)": 0.8315884855886301,
    "robot-gripper-empty()": 0.8090380455056826,
    "robot-gripping(milk-carton)": 0.11570145500202973,
    "robot-gripping(lemon)": 0.039111072197556496,
    "robot-gripping(green-bottle)": 0.19445647078100592,
    "robot-gripping(loaf-of-bread)": 0.07690729231884082,
    "robot-gripping(red-box-of-cereal)": 0.13994544829862812,
    "robot-gripping(red-can-of-soda)": 0.18888258064786592
}