{
    "on-table(milk-carton,wood-table)": 0.16088229386756817,
    "on-table(milk-carton,black-table)": 0.5650053471326828,
    "on-table(milk-carton,white-table)": 0.5130915225017816,
    "on-table(lemon,wood-table)": 0.5013177926108862,
    "on-table(lemon,black-table)": 0.18223174408679674,
    "on-table(lemon,white-table)": 0.21980396008196598,
    "on-table(green-bottle,wood-table)": 0.7294063890973727,
    "on-table(green-bottle,black-table)": 0.29121649981179115,
    "on-table(green-bottle,white-table)": 0.002557200471377049,
    "on-table(loaf-of-bread,wood-table)": 0.19427766099882623,
    "on-table(loaf-of-bread,black-table)": 0.39944889217925567,
    "on-table(loaf-of-bread,white-table)": 0.48320031287827686,
    "on-table(red-box-of-cereal,wood-table)": 0.2223117701942101,
    "on-table(red-box-of-cereal,black-table)": 0.8180365515872836,
    "on-table(red-box-of-cereal,white-table)": 0.2861246919686285,
    "on-table(red-can-of-soda,wood-table)": 0.167741082401335,
    "on-table(red-can-of-soda,black-table)": 0.008651246973082985,
    "on-table(red-can-of-soda,white-table)": 0.833730168446588,
    "robot-gripper-empty()": 0.8341023152073225,
    "robot-gripping(milk-carton)": 0.06835818818459909,
    "robot-gripping(lemon)": 0.03601245985676845,
    "robot-gripping(green-bottle)": 0.17747444912674837,
    "robot-gripping(loaf-of-bread)": 0.04448324857124438,
    "robot-gripping(red-box-of-cereal)": 0.032058894634246826,
    "robot-gripping(red-can-of-soda)": 0.03053026704583317
}