{
    "on-table(milk-carton,wood-table)": 0.19954041393551356,
    "on-table(milk-carton,black-table)": 0.13290818043363592,
    "on-table(milk-carton,white-table)": 0.005744176567532122,
    "on-table(lemon,wood-table)": 0.009840549241440991,
    "on-table(lemon,black-table)": 0.09548769690445624,
    "on-table(lemon,white-table)": 0.015750686870887876,
    "on-table(green-bottle,wood-table)": 0.16653240885352716,
    "on-table(green-bottle,black-table)": 0.0010565447453245724,
    "on-table(green-bottle,white-table)": 0.8346859812736511,
    "on-table(loaf-of-bread,wood-table)": 0.08303304462848853,
    "on-table(loaf-of-bread,black-table)": 0.032845199515577406,
    "on-table(loaf-of-bread,white-table)": 0.01235320973986139,
    "on-table(red-box-of-cereal,wood-table)": 0.5366907193626199,
    "on-table(red-box-of-cereal,black-table)": 0.1445589098269314,
    "on-table(red-box-of-cereal,white-table)": 0.0006845990841005308,
    "on-table(red-can-of-soda,wood-table)": 0.833276820963268,
    "on-table(red-can-of-soda,black-table)": 0.16695849716866937,
    "on-table(red-can-of-soda,white-table)": 0.012233074193090943,
    "robot-gripper-empty()": 0.9327894647916158,
    "robot-gripping(milk-carton)": 0.14544517756439745,
    "robot-gripping(lemon)": 0.20718871910745898,
    "robot-gripping(green-bottle)": 0.02053867798531428,
    "robot-gripping(loaf-of-bread)": 0.0983778490529706,
    "robot-gripping(red-box-of-cereal)": 0.05033491826907266,
    "robot-gripping(red-can-of-soda)": 0.17678410769440234
}