{
    "on-table(milk-carton,wood-table)": 0.1606222067687971,
    "on-table(milk-carton,black-table)": 0.6957963015884161,
    "on-table(milk-carton,white-table)": 0.17496871841391717,
    "on-table(lemon,wood-table)": 0.833462518271214,
    "on-table(lemon,black-table)": 0.1667393311575438,
    "on-table(lemon,white-table)": 0.00016641454423430938,
    "on-table(green-bottle,wood-table)": 0.0005147824146357985,
    "on-table(green-bottle,black-table)": 0.0007824899221304804,
    "on-table(green-bottle,white-table)": 0.0003963590070270584,
    "on-table(loaf-of-bread,wood-table)": 0.18895515477440009,
    "on-table(loaf-of-bread,black-table)": 0.7072429910767823,
    "on-table(loaf-of-bread,white-table)": 0.022744312718714355,
    "on-table(red-box-of-cereal,wood-table)": 0.20782879972830415,
    "on-table(red-box-of-cereal,black-table)": 0.6297088191689303,
    "on-table(red-box-of-cereal,white-table)": 0.5318493480056835,
    "on-table(red-can-of-soda,wood-table)": 0.18293772978358902,
    "on-table(red-can-of-soda,black-table)": 0.0014732632718429766,
    "on-table(red-can-of-soda,white-table)": 0.9806438088417053,
    "robot-gripper-empty()": 0.9513183931509653,
    "robot-gripping(milk-carton)": 0.072041857521981,
    "robot-gripping(lemon)": 0.09652773356841256,
    "robot-gripping(green-bottle)": 0.012046042325285574,
    "robot-gripping(loaf-of-bread)": 0.06951581438382466,
    "robot-gripping(red-box-of-cereal)": 0.04247859438570837,
    "robot-gripping(red-can-of-soda)": 0.09512267789493005
}