{
    "on-table(milk-carton,wood-table)": 0.3117756654137338,
    "on-table(milk-carton,black-table)": 0.0037441077971986183,
    "on-table(milk-carton,white-table)": 0.6819756619709855,
    "on-table(lemon,wood-table)": 0.8406073320657015,
    "on-table(lemon,black-table)": 0.16770096839786675,
    "on-table(lemon,white-table)": 0.002182101252325689,
    "on-table(green-bottle,wood-table)": 0.10717767271368454,
    "on-table(green-bottle,black-table)": 0.0025621696556754614,
    "on-table(green-bottle,white-table)": 0.8713553920388222,
    "on-table(loaf-of-bread,wood-table)": 0.4198699230328202,
    "on-table(loaf-of-bread,black-table)": 0.013600770063931122,
    "on-table(loaf-of-bread,white-table)": 0.09258235617016908,
    "on-table(red-box-of-cereal,wood-table)": 0.8132576079418262,
    "on-table(red-box-of-cereal,black-table)": 0.06673863338998369,
    "on-table(red-box-of-cereal,white-table)": 0.006445954180814321,
    "on-table(red-can-of-soda,wood-table)": 0.8332409283223873,
    "on-table(red-can-of-soda,black-table)": 0.1671152520140519,
    "on-table(red-can-of-soda,white-table)": 0.003226632031328336,
    "robot-gripper-empty()": 0.9659981826941172,
    "robot-gripping(milk-carton)": 0.1000785194337368,
    "robot-gripping(lemon)": 0.08548416825942695,
    "robot-gripping(green-bottle)": 0.02540002545962731,
    "robot-gripping(loaf-of-bread)": 0.09126141713932157,
    "robot-gripping(red-box-of-cereal)": 0.10398601447620119,
    "robot-gripping(red-can-of-soda)": 0.16414020559750497
}