{
    "on-table(milk-carton,wood-table)": 0.8465003073215485,
    "on-table(milk-carton,black-table)": 0.14112053862966908,
    "on-table(milk-carton,white-table)": 0.23785898863206967,
    "on-table(lemon,wood-table)": 0.20775513793341815,
    "on-table(lemon,black-table)": 0.5301992005358139,
    "on-table(lemon,white-table)": 0.019454839959507808,
    "on-table(green-bottle,wood-table)": 0.27622152651262394,
    "on-table(green-bottle,black-table)": 0.9988568425178528,
    "on-table(green-bottle,white-table)": 0.003117231580593701,
    "on-table(loaf-of-bread,wood-table)": 0.489552437638243,
    "on-table(loaf-of-bread,black-table)": 0.08072581609788661,
    "on-table(loaf-of-bread,white-table)": 0.21722388852504082,
    "on-table(red-box-of-cereal,wood-table)": 0.9936076998710632,
    "on-table(red-box-of-cereal,black-table)": 0.31793833958482765,
    "on-table(red-box-of-cereal,white-table)": 0.3168299764411889,
    "on-table(red-can-of-soda,wood-table)": 0.9927551448345184,
    "on-table(red-can-of-soda,black-table)": 0.3053350269186315,
    "on-table(red-can-of-soda,white-table)": 0.2392179380513729,
    "robot-gripper-empty()": 0.8949402272701263,
    "robot-gripping(milk-carton)": 0.18961992270002762,
    "robot-gripping(lemon)": 0.05980921986823281,
    "robot-gripping(green-bottle)": 0.1787615939586734,
    "robot-gripping(loaf-of-bread)": 0.10244449911018212,
    "robot-gripping(red-box-of-cereal)": 0.09468539633477728,
    "robot-gripping(red-can-of-soda)": 0.15376963714758554
}