{
    "on-table(milk-carton,wood-table)": 0.06186421060313781,
    "on-table(milk-carton,black-table)": 0.022822998391347937,
    "on-table(milk-carton,white-table)": 0.10892861072594921,
    "on-table(lemon,wood-table)": 0.14839321871598563,
    "on-table(lemon,black-table)": 0.66371349307398,
    "on-table(lemon,white-table)": 0.010548566713017257,
    "on-table(green-bottle,wood-table)": 0.31795432756189257,
    "on-table(green-bottle,black-table)": 0.9779088894526163,
    "on-table(green-bottle,white-table)": 0.01596134125717678,
    "on-table(loaf-of-bread,wood-table)": 0.37351351099399227,
    "on-table(loaf-of-bread,black-table)": 0.14281408242095495,
    "on-table(loaf-of-bread,white-table)": 0.12852413305275454,
    "on-table(red-box-of-cereal,wood-table)": 0.00879790767309411,
    "on-table(red-box-of-cereal,black-table)": 0.0055740890114369295,
    "on-table(red-box-of-cereal,white-table)": 0.343713325370724,
    "on-table(red-can-of-soda,wood-table)": 0.18339907777105205,
    "on-table(red-can-of-soda,black-table)": 0.0023013944622789495,
    "on-table(red-can-of-soda,white-table)": 0.8445849070946375,
    "robot-gripper-empty()": 0.7284321486949921,
    "robot-gripping(milk-carton)": 0.35677069798111916,
    "robot-gripping(lemon)": 0.18006203696131706,
    "robot-gripping(green-bottle)": 0.2120339546042184,
    "robot-gripping(loaf-of-bread)": 0.08690250602861245,
    "robot-gripping(red-box-of-cereal)": 0.08087171039854486,
    "robot-gripping(red-can-of-soda)": 0.24904694966971874
}