{
    "on-table(milk-carton,wood-table)": 0.3977182010033478,
    "on-table(milk-carton,black-table)": 0.3314124457538128,
    "on-table(milk-carton,white-table)": 0.48568053683266044,
    "on-table(lemon,wood-table)": 0.83125439286232,
    "on-table(lemon,black-table)": 0.4082453433275077,
    "on-table(lemon,white-table)": 0.004042493014215627,
    "on-table(green-bottle,wood-table)": 0.2061019526530193,
    "on-table(green-bottle,black-table)": 0.6854128182555238,
    "on-table(green-bottle,white-table)": 0.004285005918063689,
    "on-table(loaf-of-bread,wood-table)": 0.41555072243014973,
    "on-table(loaf-of-bread,black-table)": 0.10367768403375521,
    "on-table(loaf-of-bread,white-table)": 0.18469180857452253,
    "on-table(red-box-of-cereal,wood-table)": 0.4519120156376933,
    "on-table(red-box-of-cereal,black-table)": 0.6633033004278938,
    "on-table(red-box-of-cereal,white-table)": 0.026458518506842665,
    "on-table(red-can-of-soda,wood-table)": 0.9957643846670786,
    "on-table(red-can-of-soda,black-table)": 0.336920163840053,
    "on-table(red-can-of-soda,white-table)": 0.01880931624183783,
    "robot-gripper-empty()": 0.832840695977211,
    "robot-gripping(milk-carton)": 0.21524855742851892,
    "robot-gripping(lemon)": 0.052070033426086106,
    "robot-gripping(green-bottle)": 0.18577405841400227,
    "robot-gripping(loaf-of-bread)": 0.18985970225185156,
    "robot-gripping(red-box-of-cereal)": 0.0975090026234587,
    "robot-gripping(red-can-of-soda)": 0.2568989358842373
}