{
    "on-table(milk-carton,wood-table)": 0.8223431011041006,
    "on-table(milk-carton,black-table)": 0.2176611696013424,
    "on-table(milk-carton,white-table)": 0.15435360197443515,
    "on-table(lemon,wood-table)": 0.18016649205431653,
    "on-table(lemon,black-table)": 0.06642163118158351,
    "on-table(lemon,white-table)": 0.8362936104337374,
    "on-table(green-bottle,wood-table)": 0.17270441319366606,
    "on-table(green-bottle,black-table)": 0.8354691378772259,
    "on-table(green-bottle,white-table)": 0.008069888605329348,
    "on-table(loaf-of-bread,wood-table)": 0.6330041065812111,
    "on-table(loaf-of-bread,black-table)": 0.07846654953755205,
    "on-table(loaf-of-bread,white-table)": 0.08905311732329817,
    "on-table(red-box-of-cereal,wood-table)": 0.34099814887546626,
    "on-table(red-box-of-cereal,black-table)": 0.18193825411920747,
    "on-table(red-box-of-cereal,white-table)": 0.3516379352658987,
    "on-table(red-can-of-soda,wood-table)": 0.16539272986725942,
    "on-table(red-can-of-soda,black-table)": 0.001714310410534381,
    "on-table(red-can-of-soda,white-table)": 0.8474040850996971,
    "robot-gripper-empty()": 0.6919944158289582,
    "robot-gripping(milk-carton)": 0.495805062353611,
    "robot-gripping(lemon)": 0.05829979758709669,
    "robot-gripping(green-bottle)": 0.10753423328666638,
    "robot-gripping(loaf-of-bread)": 0.18008924213548502,
    "robot-gripping(red-box-of-cereal)": 0.6498683653771877,
    "robot-gripping(red-can-of-soda)": 0.3365468584621946
}