{
    "on-table(milk-carton,wood-table)": 0.07608845908544026,
    "on-table(milk-carton,black-table)": 0.24696031057586273,
    "on-table(milk-carton,white-table)": 0.024536449229344726,
    "on-table(lemon,wood-table)": 0.21980536990304245,
    "on-table(lemon,black-table)": 0.006019628742251371,
    "on-table(lemon,white-table)": 0.8645858367284139,
    "on-table(green-bottle,wood-table)": 0.9241025547186533,
    "on-table(green-bottle,black-table)": 0.29606856627049183,
    "on-table(green-bottle,white-table)": 0.007351652759628753,
    "on-table(loaf-of-bread,wood-table)": 0.0687076054358234,
    "on-table(loaf-of-bread,black-table)": 0.23275334333690503,
    "on-table(loaf-of-bread,white-table)": 0.05721752290264703,
    "on-table(red-box-of-cereal,wood-table)": 0.033608853883682364,
    "on-table(red-box-of-cereal,black-table)": 0.016891510052422138,
    "on-table(red-box-of-cereal,white-table)": 0.1089550826739772,
    "on-table(red-can-of-soda,wood-table)": 0.015687830938986735,
    "on-table(red-can-of-soda,black-table)": 0.005591350370044286,
    "on-table(red-can-of-soda,white-table)": 0.10733810987509666,
    "robot-gripper-empty()": 0.8466522892316183,
    "robot-gripping(milk-carton)": 0.3164803422987461,
    "robot-gripping(lemon)": 0.07126289947579305,
    "robot-gripping(green-bottle)": 0.10702901054173708,
    "robot-gripping(loaf-of-bread)": 0.09401498983303706,
    "robot-gripping(red-box-of-cereal)": 0.02380757771121959,
    "robot-gripping(red-can-of-soda)": 0.056792849053939186
}