{
    "on-table(milk-carton,wood-table)": 0.24625449914795658,
    "on-table(milk-carton,black-table)": 0.12690257731204233,
    "on-table(milk-carton,white-table)": 0.4600025104979674,
    "on-table(lemon,wood-table)": 0.20589523690675074,
    "on-table(lemon,black-table)": 0.21420653666973521,
    "on-table(lemon,white-table)": 0.6681776011828333,
    "on-table(green-bottle,wood-table)": 0.33101210337190423,
    "on-table(green-bottle,black-table)": 0.9992700318495432,
    "on-table(green-bottle,white-table)": 0.0702264150774378,
    "on-table(loaf-of-bread,wood-table)": 0.20790603322287401,
    "on-table(loaf-of-bread,black-table)": 0.0039947132342301,
    "on-table(loaf-of-bread,white-table)": 0.7007184734878441,
    "on-table(red-box-of-cereal,wood-table)": 0.3783378383765618,
    "on-table(red-box-of-cereal,black-table)": 0.008685365647882767,
    "on-table(red-box-of-cereal,white-table)": 0.8283504893382391,
    "on-table(red-can-of-soda,wood-table)": 0.9951042036215464,
    "on-table(red-can-of-soda,black-table)": 0.16779483993044172,
    "on-table(red-can-of-soda,white-table)": 0.1733470025051247,
    "robot-gripper-empty()": 0.8106385779877504,
    "robot-gripping(milk-carton)": 0.20917994094391665,
    "robot-gripping(lemon)": 0.07795143356391539,
    "robot-gripping(green-bottle)": 0.16253266980250677,
    "robot-gripping(loaf-of-bread)": 0.08633805283655722,
    "robot-gripping(red-box-of-cereal)": 0.18532840063562617,
    "robot-gripping(red-can-of-soda)": 0.1857961876473079
}