{
    "on-table(milk-carton,wood-table)": 0.1595977163912418,
    "on-table(milk-carton,black-table)": 0.01570547891363579,
    "on-table(milk-carton,white-table)": 0.8485655474166075,
    "on-table(lemon,wood-table)": 0.893689344326655,
    "on-table(lemon,black-table)": 0.3316943918434845,
    "on-table(lemon,white-table)": 0.00021280775839234897,
    "on-table(green-bottle,wood-table)": 0.10996214337743974,
    "on-table(green-bottle,black-table)": 0.783610157299942,
    "on-table(green-bottle,white-table)": 0.024323490876668075,
    "on-table(loaf-of-bread,wood-table)": 0.660640345265468,
    "on-table(loaf-of-bread,black-table)": 0.22894204908516258,
    "on-table(loaf-of-bread,white-table)": 0.057076807856598556,
    "on-table(red-box-of-cereal,wood-table)": 0.16197157061348358,
    "on-table(red-box-of-cereal,black-table)": 0.61831694158415,
    "on-table(red-box-of-cereal,white-table)": 0.5955916494131088,
    "on-table(red-can-of-soda,wood-table)": 0.006483340555253865,
    "on-table(red-can-of-soda,black-table)": 0.13093385636905927,
    "on-table(red-can-of-soda,white-table)": 0.842687172194322,
    "robot-gripper-empty()": 0.8309865196545919,
    "robot-gripping(milk-carton)": 0.1530409587236742,
    "robot-gripping(lemon)": 0.18095412652473897,
    "robot-gripping(green-bottle)": 0.19098917301744223,
    "robot-gripping(loaf-of-bread)": 0.14598809306820235,
    "robot-gripping(red-box-of-cereal)": 0.12492094297582905,
    "robot-gripping(red-can-of-soda)": 0.12669954357746369
}