{
    "on-table(milk-carton,wood-table)": 0.09612560592358932,
    "on-table(milk-carton,black-table)": 0.08092493307776749,
    "on-table(milk-carton,white-table)": 0.0093964187350745,
    "on-table(lemon,wood-table)": 0.8356259251013398,
    "on-table(lemon,black-table)": 0.1111843307488319,
    "on-table(lemon,white-table)": 0.003572844246415722,
    "on-table(green-bottle,wood-table)": 0.16863230307596191,
    "on-table(green-bottle,black-table)": 0.025109520319119838,
    "on-table(green-bottle,white-table)": 0.9367671807607015,
    "on-table(loaf-of-bread,wood-table)": 0.17555434604097778,
    "on-table(loaf-of-bread,black-table)": 0.02296532177327511,
    "on-table(loaf-of-bread,white-table)": 0.01202464294450086,
    "on-table(red-box-of-cereal,wood-table)": 0.0309857062335747,
    "on-table(red-box-of-cereal,black-table)": 0.44543522503226995,
    "on-table(red-box-of-cereal,white-table)": 0.002122225069494258,
    "on-table(red-can-of-soda,wood-table)": 0.13329222226214674,
    "on-table(red-can-of-soda,black-table)": 0.8275315277278423,
    "on-table(red-can-of-soda,white-table)": 0.058646123035790275,
    "robot-gripper-empty()": 0.8281234689056873,
    "robot-gripping(milk-carton)": 0.10942001702884833,
    "robot-gripping(lemon)": 0.18330690633350363,
    "robot-gripping(green-bottle)": 0.02785670182007986,
    "robot-gripping(loaf-of-bread)": 0.09138116042595357,
    "robot-gripping(red-box-of-cereal)": 0.0333116886128361,
    "robot-gripping(red-can-of-soda)": 0.09546788859491546
}