{
    "on-table(milk-carton,wood-table)": 0.32349955399210256,
    "on-table(milk-carton,black-table)": 0.047925265161514595,
    "on-table(milk-carton,white-table)": 0.911576102177302,
    "on-table(lemon,wood-table)": 0.05785990603423367,
    "on-table(lemon,black-table)": 0.2407566441494661,
    "on-table(lemon,white-table)": 0.17146669484767094,
    "on-table(green-bottle,wood-table)": 0.19353506136879636,
    "on-table(green-bottle,black-table)": 0.7056564344093204,
    "on-table(green-bottle,white-table)": 0.005109072237549602,
    "on-table(loaf-of-bread,wood-table)": 0.351697389036417,
    "on-table(loaf-of-bread,black-table)": 0.025114140550916392,
    "on-table(loaf-of-bread,white-table)": 0.6922605608900388,
    "on-table(red-box-of-cereal,wood-table)": 0.33461079963793355,
    "on-table(red-box-of-cereal,black-table)": 0.015465536559834922,
    "on-table(red-box-of-cereal,white-table)": 0.8359234010179838,
    "on-table(red-can-of-soda,wood-table)": 0.16210653741533557,
    "on-table(red-can-of-soda,black-table)": 0.7061131338317258,
    "on-table(red-can-of-soda,white-table)": 0.4594527228667478,
    "robot-gripper-empty()": 0.7018965213404348,
    "robot-gripping(milk-carton)": 0.15466833921770254,
    "robot-gripping(lemon)": 0.2923671950896581,
    "robot-gripping(green-bottle)": 0.17410754746136567,
    "robot-gripping(loaf-of-bread)": 0.2198061946158608,
    "robot-gripping(red-box-of-cereal)": 0.06803537400749822,
    "robot-gripping(red-can-of-soda)": 0.1387009403357903
}