{
    "on-table(milk-carton,wood-table)": 0.06545676054277767,
    "on-table(milk-carton,black-table)": 0.011893159869941883,
    "on-table(milk-carton,white-table)": 0.7397179044783115,
    "on-table(lemon,wood-table)": 0.5193580239429139,
    "on-table(lemon,black-table)": 0.001965902428717451,
    "on-table(lemon,white-table)": 0.06285542991433128,
    "on-table(green-bottle,wood-table)": 0.7784619533922523,
    "on-table(green-bottle,black-table)": 0.16812819596776762,
    "on-table(green-bottle,white-table)": 0.001502428675015229,
    "on-table(loaf-of-bread,wood-table)": 0.17771972624662644,
    "on-table(loaf-of-bread,black-table)": 0.017775273822432307,
    "on-table(loaf-of-bread,white-table)": 0.7172516606127223,
    "on-table(red-box-of-cereal,wood-table)": 0.1668070310067075,
    "on-table(red-box-of-cereal,black-table)": 0.02082852854740243,
    "on-table(red-box-of-cereal,white-table)": 0.8447162161270777,
    "on-table(red-can-of-soda,wood-table)": 0.07547918010580663,
    "on-table(red-can-of-soda,black-table)": 0.8318725521773255,
    "on-table(red-can-of-soda,white-table)": 0.190147111168244,
    "robot-gripper-empty()": 0.9102179110050201,
    "robot-gripping(milk-carton)": 0.1009908386816581,
    "robot-gripping(lemon)": 0.03959313362914448,
    "robot-gripping(green-bottle)": 0.1086401283973828,
    "robot-gripping(loaf-of-bread)": 0.07727301632985473,
    "robot-gripping(red-box-of-cereal)": 0.02640318567379533,
    "robot-gripping(red-can-of-soda)": 0.13324053183896467
}