{
    "on-table(milk-carton,wood-table)": 0.45505839337905246,
    "on-table(milk-carton,black-table)": 0.5328690363094211,
    "on-table(milk-carton,white-table)": 0.21343349402983827,
    "on-table(lemon,wood-table)": 0.6023121069495877,
    "on-table(lemon,black-table)": 0.16856025416927878,
    "on-table(lemon,white-table)": 0.3172122532305366,
    "on-table(green-bottle,wood-table)": 0.6746491959008077,
    "on-table(green-bottle,black-table)": 0.17117356512236861,
    "on-table(green-bottle,white-table)": 0.0020667622437334407,
    "on-table(loaf-of-bread,wood-table)": 0.3180779207808276,
    "on-table(loaf-of-bread,black-table)": 0.01178725630355378,
    "on-table(loaf-of-bread,white-table)": 0.5082647949457169,
    "on-table(red-box-of-cereal,wood-table)": 0.6263505049670736,
    "on-table(red-box-of-cereal,black-table)": 0.007093767084370484,
    "on-table(red-box-of-cereal,white-table)": 0.012517744034388064,
    "on-table(red-can-of-soda,wood-table)": 0.8210651357658207,
    "on-table(red-can-of-soda,black-table)": 0.16792705545098366,
    "on-table(red-can-of-soda,white-table)": 0.009671074299698526,
    "robot-gripper-empty()": 0.845898965994517,
    "robot-gripping(milk-carton)": 0.18046008764455715,
    "robot-gripping(lemon)": 0.20081138145178556,
    "robot-gripping(green-bottle)": 0.13806518904554346,
    "robot-gripping(loaf-of-bread)": 0.14286801172420382,
    "robot-gripping(red-box-of-cereal)": 0.1443259713705629,
    "robot-gripping(red-can-of-soda)": 0.1463380925124511
}