{
    "on-table(milk-carton,wood-table)": 0.29635792567084235,
    "on-table(milk-carton,black-table)": 0.7188937316338221,
    "on-table(milk-carton,white-table)": 0.24253965262323618,
    "on-table(lemon,wood-table)": 0.22021720549673773,
    "on-table(lemon,black-table)": 0.015035251536479185,
    "on-table(lemon,white-table)": 0.9473369916280111,
    "on-table(green-bottle,wood-table)": 0.20532286836532876,
    "on-table(green-bottle,black-table)": 0.004880294015265463,
    "on-table(green-bottle,white-table)": 0.8411769724140564,
    "on-table(loaf-of-bread,wood-table)": 0.31737175956368446,
    "on-table(loaf-of-bread,black-table)": 0.09613551670918241,
    "on-table(loaf-of-bread,white-table)": 0.37918137355397147,
    "on-table(red-box-of-cereal,wood-table)": 0.22691464216525978,
    "on-table(red-box-of-cereal,black-table)": 0.8520058318972588,
    "on-table(red-box-of-cereal,white-table)": 0.033744301623604166,
    "on-table(red-can-of-soda,wood-table)": 0.2128693273795458,
    "on-table(red-can-of-soda,black-table)": 0.8462269144753615,
    "on-table(red-can-of-soda,white-table)": 0.019104400881587935,
    "robot-gripper-empty()": 0.9605705241362253,
    "robot-gripping(milk-carton)": 0.3870515413582325,
    "robot-gripping(lemon)": 0.04590999955932299,
    "robot-gripping(green-bottle)": 0.05041290974865357,
    "robot-gripping(loaf-of-bread)": 0.12030932183067004,
    "robot-gripping(red-box-of-cereal)": 0.06146511691622436,
    "robot-gripping(red-can-of-soda)": 0.09991307479018967
}