{
    "on-table(milk-carton,wood-table)": 0.16749093561278036,
    "on-table(milk-carton,black-table)": 0.4937546024254213,
    "on-table(milk-carton,white-table)": 0.6036275550723076,
    "on-table(lemon,wood-table)": 0.10270064092280033,
    "on-table(lemon,black-table)": 0.5173413016406508,
    "on-table(lemon,white-table)": 0.30618765216786414,
    "on-table(green-bottle,wood-table)": 0.15698566197837258,
    "on-table(green-bottle,black-table)": 0.8332090593564013,
    "on-table(green-bottle,white-table)": 0.0020527743087465447,
    "on-table(loaf-of-bread,wood-table)": 0.2208368267553548,
    "on-table(loaf-of-bread,black-table)": 0.12819554435554892,
    "on-table(loaf-of-bread,white-table)": 0.54259684899201,
    "on-table(red-box-of-cereal,wood-table)": 0.41156315969419666,
    "on-table(red-box-of-cereal,black-table)": 0.007550537227264916,
    "on-table(red-box-of-cereal,white-table)": 0.8659444948037466,
    "on-table(red-can-of-soda,wood-table)": 0.9927824834982554,
    "on-table(red-can-of-soda,black-table)": 0.16857772080584255,
    "on-table(red-can-of-soda,white-table)": 0.2843491312645104,
    "robot-gripper-empty()": 0.7889457130804658,
    "robot-gripping(milk-carton)": 0.21883958329757056,
    "robot-gripping(lemon)": 0.29246516339480877,
    "robot-gripping(green-bottle)": 0.12327400781214237,
    "robot-gripping(loaf-of-bread)": 0.22677599980185428,
    "robot-gripping(red-box-of-cereal)": 0.05657963532333573,
    "robot-gripping(red-can-of-soda)": 0.1330878648441285
}