{
    "on-table(milk-carton,wood-table)": 0.13833928558354577,
    "on-table(milk-carton,black-table)": 0.10975327373792727,
    "on-table(milk-carton,white-table)": 0.4053649729272972,
    "on-table(lemon,wood-table)": 0.17650450022968775,
    "on-table(lemon,black-table)": 0.006095186825026151,
    "on-table(lemon,white-table)": 0.8452415068944296,
    "on-table(green-bottle,wood-table)": 0.1940603891853243,
    "on-table(green-bottle,black-table)": 0.8103851936757565,
    "on-table(green-bottle,white-table)": 0.013997474505231366,
    "on-table(loaf-of-bread,wood-table)": 0.39988496255440015,
    "on-table(loaf-of-bread,black-table)": 0.31465645411905524,
    "on-table(loaf-of-bread,white-table)": 0.25965125757890445,
    "on-table(red-box-of-cereal,wood-table)": 0.03336692646553274,
    "on-table(red-box-of-cereal,black-table)": 0.025760742183289647,
    "on-table(red-box-of-cereal,white-table)": 0.21170932919388483,
    "on-table(red-can-of-soda,wood-table)": 0.2757265812069818,
    "on-table(red-can-of-soda,black-table)": 0.010063623135920352,
    "on-table(red-can-of-soda,white-table)": 0.9448032875855764,
    "robot-gripper-empty()": 0.9292994141578674,
    "robot-gripping(milk-carton)": 0.13413088706632456,
    "robot-gripping(lemon)": 0.06207230112825831,
    "robot-gripping(green-bottle)": 0.17006586911156774,
    "robot-gripping(loaf-of-bread)": 0.08999460314710934,
    "robot-gripping(red-box-of-cereal)": 0.029952003931005795,
    "robot-gripping(red-can-of-soda)": 0.1870312779210508
}