{
    "on-table(milk-carton,wood-table)": 0.14951495826244354,
    "on-table(milk-carton,black-table)": 0.6087034493684769,
    "on-table(milk-carton,white-table)": 0.15888120099164857,
    "on-table(lemon,wood-table)": 0.0406309650085556,
    "on-table(lemon,black-table)": 0.011014039589402577,
    "on-table(lemon,white-table)": 0.08264380866118397,
    "on-table(green-bottle,wood-table)": 0.0024931127142432765,
    "on-table(green-bottle,black-table)": 0.025864088323335938,
    "on-table(green-bottle,white-table)": 0.32053892302671255,
    "on-table(loaf-of-bread,wood-table)": 0.34047473904987174,
    "on-table(loaf-of-bread,black-table)": 0.5114101320505142,
    "on-table(loaf-of-bread,white-table)": 0.22374775602171817,
    "on-table(red-box-of-cereal,wood-table)": 0.18288289330666885,
    "on-table(red-box-of-cereal,black-table)": 0.83335640343527,
    "on-table(red-box-of-cereal,white-table)": 0.07153866555624215,
    "on-table(red-can-of-soda,wood-table)": 0.15425444286180814,
    "on-table(red-can-of-soda,black-table)": 0.8265130066623291,
    "on-table(red-can-of-soda,white-table)": 0.018735108911945037,
    "robot-gripper-empty()": 0.8833318054676056,
    "robot-gripping(milk-carton)": 0.17511864813665548,
    "robot-gripping(lemon)": 0.06923704008416583,
    "robot-gripping(green-bottle)": 0.034257181270125635,
    "robot-gripping(loaf-of-bread)": 0.25159238030513126,
    "robot-gripping(red-box-of-cereal)": 0.15467987690741816,
    "robot-gripping(red-can-of-soda)": 0.16618466299648085
}