{
    "on-table(milk-carton,wood-table)": 0.9046109120051066,
    "on-table(milk-carton,black-table)": 0.3500612807461039,
    "on-table(milk-carton,white-table)": 0.047194198890792904,
    "on-table(lemon,wood-table)": 0.32944947814879316,
    "on-table(lemon,black-table)": 0.9444770117600759,
    "on-table(lemon,white-table)": 0.00309235044566473,
    "on-table(green-bottle,wood-table)": 0.3328301200235728,
    "on-table(green-bottle,black-table)": 0.9975867966810862,
    "on-table(green-bottle,white-table)": 0.0008950825759939107,
    "on-table(loaf-of-bread,wood-table)": 0.2978868812788278,
    "on-table(loaf-of-bread,black-table)": 0.5916945015390714,
    "on-table(loaf-of-bread,white-table)": 0.013553384321615644,
    "on-table(red-box-of-cereal,wood-table)": 0.22037166511290707,
    "on-table(red-box-of-cereal,black-table)": 0.19683859419698516,
    "on-table(red-box-of-cereal,white-table)": 0.06812503344068925,
    "on-table(red-can-of-soda,wood-table)": 0.14270199492845373,
    "on-table(red-can-of-soda,black-table)": 0.0027256599161470754,
    "on-table(red-can-of-soda,white-table)": 0.9257376591364542,
    "robot-gripper-empty()": 0.49351331863241893,
    "robot-gripping(milk-carton)": 0.39095792671044666,
    "robot-gripping(lemon)": 0.055459640764941774,
    "robot-gripping(green-bottle)": 0.11130885453894734,
    "robot-gripping(loaf-of-bread)": 0.2580099167923133,
    "robot-gripping(red-box-of-cereal)": 0.7059383410960436,
    "robot-gripping(red-can-of-soda)": 0.5250633930166563
}