{
    "on-table(milk-carton,wood-table)": 0.6887765750288963,
    "on-table(milk-carton,black-table)": 0.6315487182388703,
    "on-table(milk-carton,white-table)": 0.033861703908769414,
    "on-table(lemon,wood-table)": 0.172857560137345,
    "on-table(lemon,black-table)": 0.024749865001998234,
    "on-table(lemon,white-table)": 0.8356040914853414,
    "on-table(green-bottle,wood-table)": 0.16567837194694826,
    "on-table(green-bottle,black-table)": 0.1709733578900341,
    "on-table(green-bottle,white-table)": 0.0010742973026935942,
    "on-table(loaf-of-bread,wood-table)": 0.285377587346981,
    "on-table(loaf-of-bread,black-table)": 0.6107772641504804,
    "on-table(loaf-of-bread,white-table)": 0.008089002619575089,
    "on-table(red-box-of-cereal,wood-table)": 0.3046479996604224,
    "on-table(red-box-of-cereal,black-table)": 0.9565960466861725,
    "on-table(red-box-of-cereal,white-table)": 0.0135928028660904,
    "on-table(red-can-of-soda,wood-table)": 0.16210737269284436,
    "on-table(red-can-of-soda,black-table)": 0.2816166452416837,
    "on-table(red-can-of-soda,white-table)": 0.8357154495703677,
    "robot-gripper-empty()": 0.5549932866318462,
    "robot-gripping(milk-carton)": 0.30189136144084233,
    "robot-gripping(lemon)": 0.03420334659555616,
    "robot-gripping(green-bottle)": 0.7569903380547961,
    "robot-gripping(loaf-of-bread)": 0.08880348837313552,
    "robot-gripping(red-box-of-cereal)": 0.1174916682842498,
    "robot-gripping(red-can-of-soda)": 0.1688835207169177
}