{
    "on-table(milk-carton,wood-table)": 0.12082593625382287,
    "on-table(milk-carton,black-table)": 0.5294202603399754,
    "on-table(milk-carton,white-table)": 0.25435143761569634,
    "on-table(lemon,wood-table)": 0.9049790700276693,
    "on-table(lemon,black-table)": 0.2579304295474382,
    "on-table(lemon,white-table)": 0.03548126557908896,
    "on-table(green-bottle,wood-table)": 0.17667382635894077,
    "on-table(green-bottle,black-table)": 0.024270272866488085,
    "on-table(green-bottle,white-table)": 0.9964217245578766,
    "on-table(loaf-of-bread,wood-table)": 0.24716005214334777,
    "on-table(loaf-of-bread,black-table)": 0.31500493991188705,
    "on-table(loaf-of-bread,white-table)": 0.18957865740715837,
    "on-table(red-box-of-cereal,wood-table)": 0.09047411609208211,
    "on-table(red-box-of-cereal,black-table)": 0.23454329961289963,
    "on-table(red-box-of-cereal,white-table)": 0.5334803769364953,
    "on-table(red-can-of-soda,wood-table)": 0.028503124427516013,
    "on-table(red-can-of-soda,black-table)": 0.8104538222153982,
    "on-table(red-can-of-soda,white-table)": 0.20680496058412245,
    "robot-gripper-empty()": 0.9642079869906107,
    "robot-gripping(milk-carton)": 0.08452724323918422,
    "robot-gripping(lemon)": 0.1619309841383559,
    "robot-gripping(green-bottle)": 0.026092173851793632,
    "robot-gripping(loaf-of-bread)": 0.07715871883556247,
    "robot-gripping(red-box-of-cereal)": 0.04620167946753403,
    "robot-gripping(red-can-of-soda)": 0.1000210230704397
}