{
    "on-table(milk-carton,wood-table)": 0.6969825352231661,
    "on-table(milk-carton,black-table)": 0.09982243464522374,
    "on-table(milk-carton,white-table)": 0.06459532847414569,
    "on-table(lemon,wood-table)": 0.18768472695956007,
    "on-table(lemon,black-table)": 0.10291521704129991,
    "on-table(lemon,white-table)": 0.8125539156608284,
    "on-table(green-bottle,wood-table)": 0.32860097188313375,
    "on-table(green-bottle,black-table)": 0.9895893633365631,
    "on-table(green-bottle,white-table)": 0.004076022745645484,
    "on-table(loaf-of-bread,wood-table)": 0.3282836616660158,
    "on-table(loaf-of-bread,black-table)": 0.12094485335304246,
    "on-table(loaf-of-bread,white-table)": 0.6922263940796256,
    "on-table(red-box-of-cereal,wood-table)": 0.8335541168926284,
    "on-table(red-box-of-cereal,black-table)": 0.16756969346306505,
    "on-table(red-box-of-cereal,white-table)": 0.004415547931785113,
    "on-table(red-can-of-soda,wood-table)": 0.8322992697358131,
    "on-table(red-can-of-soda,black-table)": 0.08435553671430777,
    "on-table(red-can-of-soda,white-table)": 0.012350184941017991,
    "robot-gripper-empty()": 0.9693262080351511,
    "robot-gripping(milk-carton)": 0.1789775143067042,
    "robot-gripping(lemon)": 0.03698944905772805,
    "robot-gripping(green-bottle)": 0.07978125964291394,
    "robot-gripping(loaf-of-bread)": 0.04841889999806881,
    "robot-gripping(red-box-of-cereal)": 0.07959779538214207,
    "robot-gripping(red-can-of-soda)": 0.2614586018025875
}