{
    "on-table(milk-carton,wood-table)": 0.7201480983446041,
    "on-table(milk-carton,black-table)": 0.29931252786385204,
    "on-table(milk-carton,white-table)": 0.11692833564908749,
    "on-table(lemon,wood-table)": 0.8587271397312483,
    "on-table(lemon,black-table)": 0.19441881866248423,
    "on-table(lemon,white-table)": 0.048527689937297204,
    "on-table(green-bottle,wood-table)": 0.686459065725406,
    "on-table(green-bottle,black-table)": 0.17940070228658556,
    "on-table(green-bottle,white-table)": 0.006325407391500448,
    "on-table(loaf-of-bread,wood-table)": 0.4911937862634659,
    "on-table(loaf-of-bread,black-table)": 0.2415829822421074,
    "on-table(loaf-of-bread,white-table)": 0.17522889108901532,
    "on-table(red-box-of-cereal,wood-table)": 0.3135760567286828,
    "on-table(red-box-of-cereal,black-table)": 0.8825304259856542,
    "on-table(red-box-of-cereal,white-table)": 0.22194626255562375,
    "on-table(red-can-of-soda,wood-table)": 0.3184781138928277,
    "on-table(red-can-of-soda,black-table)": 0.9166532357533773,
    "on-table(red-can-of-soda,white-table)": 0.1530382821904747,
    "robot-gripper-empty()": 0.8969450891017914,
    "robot-gripping(milk-carton)": 0.2005155716712276,
    "robot-gripping(lemon)": 0.05348832719027996,
    "robot-gripping(green-bottle)": 0.16635958252785107,
    "robot-gripping(loaf-of-bread)": 0.08573839347809553,
    "robot-gripping(red-box-of-cereal)": 0.04155812420261403,
    "robot-gripping(red-can-of-soda)": 0.09256560727953911
}