{
    "on-table(milk-carton,wood-table)": 0.265640181566899,
    "on-table(milk-carton,black-table)": 0.7521307021379471,
    "on-table(milk-carton,white-table)": 0.13433605270499052,
    "on-table(lemon,wood-table)": 0.026265169493854046,
    "on-table(lemon,black-table)": 0.21802523297083098,
    "on-table(lemon,white-table)": 0.033212490224589906,
    "on-table(green-bottle,wood-table)": 0.08368741886564142,
    "on-table(green-bottle,black-table)": 0.0037315744506637807,
    "on-table(green-bottle,white-table)": 0.8353715692646801,
    "on-table(loaf-of-bread,wood-table)": 0.2921796528001626,
    "on-table(loaf-of-bread,black-table)": 0.5014583989977837,
    "on-table(loaf-of-bread,white-table)": 0.1181694222711182,
    "on-table(red-box-of-cereal,wood-table)": 0.2220967688675349,
    "on-table(red-box-of-cereal,black-table)": 0.3013480741198388,
    "on-table(red-box-of-cereal,white-table)": 0.668081699948137,
    "on-table(red-can-of-soda,wood-table)": 0.26486229232978076,
    "on-table(red-can-of-soda,black-table)": 0.27603305631540326,
    "on-table(red-can-of-soda,white-table)": 0.7992732413113117,
    "robot-gripper-empty()": 0.8025821248690287,
    "robot-gripping(milk-carton)": 0.2929266408706705,
    "robot-gripping(lemon)": 0.07908976450562477,
    "robot-gripping(green-bottle)": 0.02325093059334904,
    "robot-gripping(loaf-of-bread)": 0.1746285284558932,
    "robot-gripping(red-box-of-cereal)": 0.36416638145844143,
    "robot-gripping(red-can-of-soda)": 0.6415532895674309
}