{
    "on-table(milk-carton,wood-table)": 0.48434207992007333,
    "on-table(milk-carton,black-table)": 0.002935189666459337,
    "on-table(milk-carton,white-table)": 0.5386750168787936,
    "on-table(lemon,wood-table)": 0.9990489482879639,
    "on-table(lemon,black-table)": 0.3324445001099434,
    "on-table(lemon,white-table)": 0.0030738303728412575,
    "on-table(green-bottle,wood-table)": 0.9317756096522013,
    "on-table(green-bottle,black-table)": 0.2832740879306736,
    "on-table(green-bottle,white-table)": 0.012949427989459158,
    "on-table(loaf-of-bread,wood-table)": 0.7375245143969854,
    "on-table(loaf-of-bread,black-table)": 0.16861718429754546,
    "on-table(loaf-of-bread,white-table)": 0.11682643994496782,
    "on-table(red-box-of-cereal,wood-table)": 0.7924179707964262,
    "on-table(red-box-of-cereal,black-table)": 0.16950087437483793,
    "on-table(red-box-of-cereal,white-table)": 0.31641694290253025,
    "on-table(red-can-of-soda,wood-table)": 0.17754236546170432,
    "on-table(red-can-of-soda,black-table)": 0.001054438053188278,
    "on-table(red-can-of-soda,white-table)": 0.8430497851222754,
    "robot-gripper-empty()": 0.9812268614768982,
    "robot-gripping(milk-carton)": 0.10622902105872829,
    "robot-gripping(lemon)": 0.051635299964497484,
    "robot-gripping(green-bottle)": 0.07800114480778575,
    "robot-gripping(loaf-of-bread)": 0.10802130121737719,
    "robot-gripping(red-box-of-cereal)": 0.05833932920359075,
    "robot-gripping(red-can-of-soda)": 0.07008433369143556
}