{
    "on-table(milk-carton,wood-table)": 0.6424051647384962,
    "on-table(milk-carton,black-table)": 0.011110715992496504,
    "on-table(milk-carton,white-table)": 0.07961877641597918,
    "on-table(lemon,wood-table)": 0.18208117596805096,
    "on-table(lemon,black-table)": 0.003393832543224562,
    "on-table(lemon,white-table)": 0.0035569230628122264,
    "on-table(green-bottle,wood-table)": 0.8331971928322067,
    "on-table(green-bottle,black-table)": 0.16766860903480088,
    "on-table(green-bottle,white-table)": 0.0022396493008614016,
    "on-table(loaf-of-bread,wood-table)": 0.15049761265011816,
    "on-table(loaf-of-bread,black-table)": 0.009156262977436805,
    "on-table(loaf-of-bread,white-table)": 0.009807909011821417,
    "on-table(red-box-of-cereal,wood-table)": 0.7176361732029667,
    "on-table(red-box-of-cereal,black-table)": 0.0021147979011099474,
    "on-table(red-box-of-cereal,white-table)": 0.15260990199749358,
    "on-table(red-can-of-soda,wood-table)": 0.334432093803116,
    "on-table(red-can-of-soda,black-table)": 0.004574375850855479,
    "on-table(red-can-of-soda,white-table)": 0.8382062874734402,
    "robot-gripper-empty()": 0.9544498324394226,
    "robot-gripping(milk-carton)": 0.17395966375867525,
    "robot-gripping(lemon)": 0.07278632977977395,
    "robot-gripping(green-bottle)": 0.16334448661655188,
    "robot-gripping(loaf-of-bread)": 0.07019292563199997,
    "robot-gripping(red-box-of-cereal)": 0.06963228500292946,
    "robot-gripping(red-can-of-soda)": 0.11151292896829545
}