{
    "on-table(milk-carton,wood-table)": 0.293307160337766,
    "on-table(milk-carton,black-table)": 0.16994767888293913,
    "on-table(milk-carton,white-table)": 0.36738948337733746,
    "on-table(lemon,wood-table)": 0.1513722090361019,
    "on-table(lemon,black-table)": 0.8343002040249606,
    "on-table(lemon,white-table)": 0.00662462907560742,
    "on-table(green-bottle,wood-table)": 0.1780326333925283,
    "on-table(green-bottle,black-table)": 0.0031892636247903283,
    "on-table(green-bottle,white-table)": 0.836720141582191,
    "on-table(loaf-of-bread,wood-table)": 0.5829974583660563,
    "on-table(loaf-of-bread,black-table)": 0.2878118965988203,
    "on-table(loaf-of-bread,white-table)": 0.22941380743092546,
    "on-table(red-box-of-cereal,wood-table)": 0.17200716592681906,
    "on-table(red-box-of-cereal,black-table)": 0.2411486816733183,
    "on-table(red-box-of-cereal,white-table)": 0.027243543748530403,
    "on-table(red-can-of-soda,wood-table)": 0.06848607831974125,
    "on-table(red-can-of-soda,black-table)": 0.15877213837059875,
    "on-table(red-can-of-soda,white-table)": 0.012832350239477819,
    "robot-gripper-empty()": 0.7870651483535767,
    "robot-gripping(milk-carton)": 0.4896913791696231,
    "robot-gripping(lemon)": 0.17076092671292523,
    "robot-gripping(green-bottle)": 0.029584278585389256,
    "robot-gripping(loaf-of-bread)": 0.16962896784146628,
    "robot-gripping(red-box-of-cereal)": 0.06480108030761282,
    "robot-gripping(red-can-of-soda)": 0.12927755092581114
}