{
    "on-table(milk-carton,wood-table)": 0.06332638549307983,
    "on-table(milk-carton,black-table)": 0.0639082402146111,
    "on-table(milk-carton,white-table)": 0.08062397339381278,
    "on-table(lemon,wood-table)": 0.2254932962047557,
    "on-table(lemon,black-table)": 0.00461503896137098,
    "on-table(lemon,white-table)": 0.8435492751499017,
    "on-table(green-bottle,wood-table)": 0.0065109397255582735,
    "on-table(green-bottle,black-table)": 0.05181291373022153,
    "on-table(green-bottle,white-table)": 0.0012320807929124082,
    "on-table(loaf-of-bread,wood-table)": 0.14513941574841738,
    "on-table(loaf-of-bread,black-table)": 0.07907902030274272,
    "on-table(loaf-of-bread,white-table)": 0.04705270236202826,
    "on-table(red-box-of-cereal,wood-table)": 0.0034726051380857825,
    "on-table(red-box-of-cereal,black-table)": 0.004974445526992592,
    "on-table(red-box-of-cereal,white-table)": 0.0013127752463333309,
    "on-table(red-can-of-soda,wood-table)": 0.007203623224389351,
    "on-table(red-can-of-soda,black-table)": 0.0074081456623389386,
    "on-table(red-can-of-soda,white-table)": 0.004426154287405855,
    "robot-gripper-empty()": 0.6114394168059031,
    "robot-gripping(milk-carton)": 0.5651264786720276,
    "robot-gripping(lemon)": 0.1704090666025877,
    "robot-gripping(green-bottle)": 0.05645981105044484,
    "robot-gripping(loaf-of-bread)": 0.22068960778415203,
    "robot-gripping(red-box-of-cereal)": 0.1381614675046876,
    "robot-gripping(red-can-of-soda)": 0.23992801092875501
}