{
    "on-table(milk-carton,wood-table)": 0.25693408529817435,
    "on-table(milk-carton,black-table)": 0.6239222336250047,
    "on-table(milk-carton,white-table)": 0.01849104572708408,
    "on-table(lemon,wood-table)": 0.8018393144011497,
    "on-table(lemon,black-table)": 0.2885999944462583,
    "on-table(lemon,white-table)": 0.021823695324125463,
    "on-table(green-bottle,wood-table)": 0.16631538603420873,
    "on-table(green-bottle,black-table)": 0.0004562886730733832,
    "on-table(green-bottle,white-table)": 0.8337944853895655,
    "on-table(loaf-of-bread,wood-table)": 0.49979786993935704,
    "on-table(loaf-of-bread,black-table)": 0.4332100754448523,
    "on-table(loaf-of-bread,white-table)": 0.005438183573763429,
    "on-table(red-box-of-cereal,wood-table)": 0.22940340385927507,
    "on-table(red-box-of-cereal,black-table)": 0.19603320486688366,
    "on-table(red-box-of-cereal,white-table)": 0.0055268681802166,
    "on-table(red-can-of-soda,wood-table)": 0.836845263838768,
    "on-table(red-can-of-soda,black-table)": 0.171973549146666,
    "on-table(red-can-of-soda,white-table)": 0.0028286080665793634,
    "robot-gripper-empty()": 0.5508598869976898,
    "robot-gripping(milk-carton)": 0.44052764028310776,
    "robot-gripping(lemon)": 0.09596852492541075,
    "robot-gripping(green-bottle)": 0.005109403563740973,
    "robot-gripping(loaf-of-bread)": 0.3181445663794875,
    "robot-gripping(red-box-of-cereal)": 0.5960087617859244,
    "robot-gripping(red-can-of-soda)": 0.48149253365894157
}