{
    "on-table(milk-carton,wood-table)": 0.3673116772746046,
    "on-table(milk-carton,black-table)": 0.6919984283546606,
    "on-table(milk-carton,white-table)": 0.01806519114567588,
    "on-table(lemon,wood-table)": 0.17867848836855652,
    "on-table(lemon,black-table)": 0.44476081741352874,
    "on-table(lemon,white-table)": 0.042995845217471164,
    "on-table(green-bottle,wood-table)": 0.06197881996195065,
    "on-table(green-bottle,black-table)": 0.8487035085757574,
    "on-table(green-bottle,white-table)": 0.004354447493748618,
    "on-table(loaf-of-bread,wood-table)": 0.6735951652129492,
    "on-table(loaf-of-bread,black-table)": 0.27507948953765055,
    "on-table(loaf-of-bread,white-table)": 0.18641586184245776,
    "on-table(red-box-of-cereal,wood-table)": 0.6791378806034724,
    "on-table(red-box-of-cereal,black-table)": 0.7125493365650376,
    "on-table(red-box-of-cereal,white-table)": 0.13674993783448977,
    "on-table(red-can-of-soda,wood-table)": 0.9033665458361307,
    "on-table(red-can-of-soda,black-table)": 0.3256773307139156,
    "on-table(red-can-of-soda,white-table)": 0.15365679291930215,
    "robot-gripper-empty()": 0.8397800425688425,
    "robot-gripping(milk-carton)": 0.33847719493011635,
    "robot-gripping(lemon)": 0.2621020531902711,
    "robot-gripping(green-bottle)": 0.17943155284350118,
    "robot-gripping(loaf-of-bread)": 0.1598727786913514,
    "robot-gripping(red-box-of-cereal)": 0.18261017324402928,
    "robot-gripping(red-can-of-soda)": 0.2900457140058279
}