{
    "on-table(milk-carton,wood-table)": 0.1247095366124995,
    "on-table(milk-carton,black-table)": 0.030875062286213506,
    "on-table(milk-carton,white-table)": 0.8199684349820018,
    "on-table(lemon,wood-table)": 0.5501566841267049,
    "on-table(lemon,black-table)": 0.42062835919932695,
    "on-table(lemon,white-table)": 0.039518253334487476,
    "on-table(green-bottle,wood-table)": 0.9963918725649515,
    "on-table(green-bottle,black-table)": 0.33341264544624966,
    "on-table(green-bottle,white-table)": 0.0032874519535729028,
    "on-table(loaf-of-bread,wood-table)": 0.4953615789612134,
    "on-table(loaf-of-bread,black-table)": 0.013878880504004579,
    "on-table(loaf-of-bread,white-table)": 0.02886278288497124,
    "on-table(red-box-of-cereal,wood-table)": 0.04037384347369274,
    "on-table(red-box-of-cereal,black-table)": 0.022036415893429268,
    "on-table(red-box-of-cereal,white-table)": 0.761406255265077,
    "on-table(red-can-of-soda,wood-table)": 0.15191415176620163,
    "on-table(red-can-of-soda,black-table)": 0.8321037681707821,
    "on-table(red-can-of-soda,white-table)": 0.34523060711550596,
    "robot-gripper-empty()": 0.7595007863516609,
    "robot-gripping(milk-carton)": 0.13286226708441973,
    "robot-gripping(lemon)": 0.3096313960850239,
    "robot-gripping(green-bottle)": 0.14934685546904802,
    "robot-gripping(loaf-of-bread)": 0.13408740858236948,
    "robot-gripping(red-box-of-cereal)": 0.10535120614804327,
    "robot-gripping(red-can-of-soda)": 0.18782579887192696
}