{
    "on-table(milk-carton,wood-table)": 0.08911984289685886,
    "on-table(milk-carton,black-table)": 0.48408193451662856,
    "on-table(milk-carton,white-table)": 0.11690799577627331,
    "on-table(lemon,wood-table)": 0.00514927312421302,
    "on-table(lemon,black-table)": 0.015109164824631685,
    "on-table(lemon,white-table)": 0.2358779435744509,
    "on-table(green-bottle,wood-table)": 0.00033616902025338885,
    "on-table(green-bottle,black-table)": 0.036237377936534663,
    "on-table(green-bottle,white-table)": 0.2932430277724052,
    "on-table(loaf-of-bread,wood-table)": 0.10681085280763607,
    "on-table(loaf-of-bread,black-table)": 0.3290186208517601,
    "on-table(loaf-of-bread,white-table)": 0.14904431077108407,
    "on-table(red-box-of-cereal,wood-table)": 0.40311304732070613,
    "on-table(red-box-of-cereal,black-table)": 0.8853288193543752,
    "on-table(red-box-of-cereal,white-table)": 0.03794217995891813,
    "on-table(red-can-of-soda,wood-table)": 0.9137397309144338,
    "on-table(red-can-of-soda,black-table)": 0.3291363882559229,
    "on-table(red-can-of-soda,white-table)": 0.00715769241939294,
    "robot-gripper-empty()": 0.6992054556806883,
    "robot-gripping(milk-carton)": 0.21821077975134054,
    "robot-gripping(lemon)": 0.08162330156968285,
    "robot-gripping(green-bottle)": 0.02571630455592337,
    "robot-gripping(loaf-of-bread)": 0.19395788867647448,
    "robot-gripping(red-box-of-cereal)": 0.1849532974883914,
    "robot-gripping(red-can-of-soda)": 0.2306921319104731
}