{
    "on-table(milk-carton,wood-table)": 0.32509176968596876,
    "on-table(milk-carton,black-table)": 0.2891512836746794,
    "on-table(milk-carton,white-table)": 0.1252301485898594,
    "on-table(lemon,wood-table)": 0.8338347114622593,
    "on-table(lemon,black-table)": 0.16684376070522453,
    "on-table(lemon,white-table)": 0.0009815962965452247,
    "on-table(green-bottle,wood-table)": 0.7958934957471987,
    "on-table(green-bottle,black-table)": 0.16737444813975344,
    "on-table(green-bottle,white-table)": 0.0018338807772882622,
    "on-table(loaf-of-bread,wood-table)": 0.15460767693972835,
    "on-table(loaf-of-bread,black-table)": 0.17164190500382878,
    "on-table(loaf-of-bread,white-table)": 0.011959609204495791,
    "on-table(red-box-of-cereal,wood-table)": 0.2093544129699391,
    "on-table(red-box-of-cereal,black-table)": 0.19002026583378515,
    "on-table(red-box-of-cereal,white-table)": 0.21652598657722896,
    "on-table(red-can-of-soda,wood-table)": 0.16623458142081896,
    "on-table(red-can-of-soda,black-table)": 0.0007006427493555142,
    "on-table(red-can-of-soda,white-table)": 0.8335416017992733,
    "robot-gripper-empty()": 0.45091454855476815,
    "robot-gripping(milk-carton)": 0.6801772279043993,
    "robot-gripping(lemon)": 0.05352753233940651,
    "robot-gripping(green-bottle)": 0.09584426181390882,
    "robot-gripping(loaf-of-bread)": 0.3706278894096613,
    "robot-gripping(red-box-of-cereal)": 0.7151062233994404,
    "robot-gripping(red-can-of-soda)": 0.5184529668961962
}