{
    "on-table(milk-carton,wood-table)": 0.17026890018799654,
    "on-table(milk-carton,black-table)": 0.11682704460887787,
    "on-table(milk-carton,white-table)": 0.8724972009658813,
    "on-table(lemon,wood-table)": 0.20439847776045403,
    "on-table(lemon,black-table)": 0.0387747241766192,
    "on-table(lemon,white-table)": 0.021934823094246287,
    "on-table(green-bottle,wood-table)": 0.03462875840098908,
    "on-table(green-bottle,black-table)": 0.001653529825982029,
    "on-table(green-bottle,white-table)": 0.8348650094121695,
    "on-table(loaf-of-bread,wood-table)": 0.28559740353375673,
    "on-table(loaf-of-bread,black-table)": 0.6406124246617159,
    "on-table(loaf-of-bread,white-table)": 0.02702563534451959,
    "on-table(red-box-of-cereal,wood-table)": 0.2032699241923789,
    "on-table(red-box-of-cereal,black-table)": 0.8348829445118705,
    "on-table(red-box-of-cereal,white-table)": 0.05669163545583918,
    "on-table(red-can-of-soda,wood-table)": 0.16230882486706832,
    "on-table(red-can-of-soda,black-table)": 0.2148988982349541,
    "on-table(red-can-of-soda,white-table)": 0.7336221998557448,
    "robot-gripper-empty()": 0.9489046732584635,
    "robot-gripping(milk-carton)": 0.1769019120062391,
    "robot-gripping(lemon)": 0.06120036945988735,
    "robot-gripping(green-bottle)": 0.04195294345845468,
    "robot-gripping(loaf-of-bread)": 0.07302805424357454,
    "robot-gripping(red-box-of-cereal)": 0.06821674954456587,
    "robot-gripping(red-can-of-soda)": 0.15104589750990272
}