{
    "on-table(milk-carton,wood-table)": 0.17770342026293898,
    "on-table(milk-carton,black-table)": 0.012884757859865203,
    "on-table(milk-carton,white-table)": 0.8567486628890038,
    "on-table(lemon,wood-table)": 0.8334127512450019,
    "on-table(lemon,black-table)": 0.16673782932260414,
    "on-table(lemon,white-table)": 0.00017994861900660908,
    "on-table(green-bottle,wood-table)": 0.0012712196839856915,
    "on-table(green-bottle,black-table)": 0.0023825337399709192,
    "on-table(green-bottle,white-table)": 0.000519673660164699,
    "on-table(loaf-of-bread,wood-table)": 0.15365455369465053,
    "on-table(loaf-of-bread,black-table)": 0.6320419736827413,
    "on-table(loaf-of-bread,white-table)": 0.09400307671360981,
    "on-table(red-box-of-cereal,wood-table)": 0.18367870431393385,
    "on-table(red-box-of-cereal,black-table)": 0.81993438443169,
    "on-table(red-box-of-cereal,white-table)": 0.43542882773423724,
    "on-table(red-can-of-soda,wood-table)": 0.16649226900093103,
    "on-table(red-can-of-soda,black-table)": 0.025267312024425337,
    "on-table(red-can-of-soda,white-table)": 0.9958781699339548,
    "robot-gripper-empty()": 0.9586549500624338,
    "robot-gripping(milk-carton)": 0.10090178903192282,
    "robot-gripping(lemon)": 0.06999073352199048,
    "robot-gripping(green-bottle)": 0.034844571224918276,
    "robot-gripping(loaf-of-bread)": 0.10771985165774822,
    "robot-gripping(red-box-of-cereal)": 0.09987202026726057,
    "robot-gripping(red-can-of-soda)": 0.10301726874119292
}