{
    "on-table(milk-carton,wood-table)": 0.2892182015348226,
    "on-table(milk-carton,black-table)": 0.20143800692797717,
    "on-table(milk-carton,white-table)": 0.6944147422909737,
    "on-table(lemon,wood-table)": 0.019283507446137566,
    "on-table(lemon,black-table)": 0.17691746583053222,
    "on-table(lemon,white-table)": 0.025305457743039977,
    "on-table(green-bottle,wood-table)": 0.002460968455125112,
    "on-table(green-bottle,black-table)": 0.11493194632021186,
    "on-table(green-bottle,white-table)": 0.25044327043300046,
    "on-table(loaf-of-bread,wood-table)": 0.2646859889112723,
    "on-table(loaf-of-bread,black-table)": 0.11971844619741508,
    "on-table(loaf-of-bread,white-table)": 0.7813188123206297,
    "on-table(red-box-of-cereal,wood-table)": 0.20466968634476265,
    "on-table(red-box-of-cereal,black-table)": 0.15135731703291336,
    "on-table(red-box-of-cereal,white-table)": 0.7142880211273829,
    "on-table(red-can-of-soda,wood-table)": 0.1472923761466518,
    "on-table(red-can-of-soda,black-table)": 0.8318927476648241,
    "on-table(red-can-of-soda,white-table)": 0.17118790473341505,
    "robot-gripper-empty()": 0.692487666150555,
    "robot-gripping(milk-carton)": 0.13928269315510988,
    "robot-gripping(lemon)": 0.25151254880862933,
    "robot-gripping(green-bottle)": 0.020514549493479233,
    "robot-gripping(loaf-of-bread)": 0.133139966831853,
    "robot-gripping(red-box-of-cereal)": 0.11158296782135342,
    "robot-gripping(red-can-of-soda)": 0.20732011281264326
}