{
    "on-table(milk-carton,wood-table)": 0.16072034925067177,
    "on-table(milk-carton,black-table)": 0.06899913498394501,
    "on-table(milk-carton,white-table)": 0.4980924439926942,
    "on-table(lemon,wood-table)": 0.21116232079414962,
    "on-table(lemon,black-table)": 0.8462136350572109,
    "on-table(lemon,white-table)": 0.01245514035205512,
    "on-table(green-bottle,wood-table)": 0.0033261553671763977,
    "on-table(green-bottle,black-table)": 0.028860522511119296,
    "on-table(green-bottle,white-table)": 0.006240236309167813,
    "on-table(loaf-of-bread,wood-table)": 0.19251296760436767,
    "on-table(loaf-of-bread,black-table)": 0.03838931650898303,
    "on-table(loaf-of-bread,white-table)": 0.2054139822915507,
    "on-table(red-box-of-cereal,wood-table)": 0.25106035168088664,
    "on-table(red-box-of-cereal,black-table)": 0.0620749904846889,
    "on-table(red-box-of-cereal,white-table)": 0.012974587943366108,
    "on-table(red-can-of-soda,wood-table)": 0.9976806243260702,
    "on-table(red-can-of-soda,black-table)": 0.3263861627114011,
    "on-table(red-can-of-soda,white-table)": 0.1643840067970359,
    "robot-gripper-empty()": 0.9070555567741394,
    "robot-gripping(milk-carton)": 0.106193824360768,
    "robot-gripping(lemon)": 0.12694188921401897,
    "robot-gripping(green-bottle)": 0.0315296018573766,
    "robot-gripping(loaf-of-bread)": 0.036458806755642094,
    "robot-gripping(red-box-of-cereal)": 0.03516438122217854,
    "robot-gripping(red-can-of-soda)": 0.17646197974681854
}