{
    "on-table(milk-carton,wood-table)": 0.19690398926225802,
    "on-table(milk-carton,black-table)": 0.7652484426895777,
    "on-table(milk-carton,white-table)": 0.10984718063749217,
    "on-table(lemon,wood-table)": 0.32740247606610257,
    "on-table(lemon,black-table)": 0.9126742482185364,
    "on-table(lemon,white-table)": 0.11875752882284966,
    "on-table(green-bottle,wood-table)": 0.20287321991903204,
    "on-table(green-bottle,black-table)": 0.7535913250564287,
    "on-table(green-bottle,white-table)": 0.027929365283853258,
    "on-table(loaf-of-bread,wood-table)": 0.41312887022892636,
    "on-table(loaf-of-bread,black-table)": 0.43263779518504936,
    "on-table(loaf-of-bread,white-table)": 0.07427575408170621,
    "on-table(red-box-of-cereal,wood-table)": 0.36640759320774424,
    "on-table(red-box-of-cereal,black-table)": 0.8455560232202212,
    "on-table(red-box-of-cereal,white-table)": 0.09467837408495446,
    "on-table(red-can-of-soda,wood-table)": 0.20010299541172571,
    "on-table(red-can-of-soda,black-table)": 0.7264832034707069,
    "on-table(red-can-of-soda,white-table)": 0.03429584624245763,
    "robot-gripper-empty()": 0.8846608996391296,
    "robot-gripping(milk-carton)": 0.30303350649774075,
    "robot-gripping(lemon)": 0.1046079033985734,
    "robot-gripping(green-bottle)": 0.07443534831206004,
    "robot-gripping(loaf-of-bread)": 0.16313554470737776,
    "robot-gripping(red-box-of-cereal)": 0.40146961621940136,
    "robot-gripping(red-can-of-soda)": 0.6099478742107749
}