{
    "on-table(milk-carton,wood-table)": 0.36907511742780724,
    "on-table(milk-carton,black-table)": 0.5316794265915329,
    "on-table(milk-carton,white-table)": 0.015081029338640898,
    "on-table(lemon,wood-table)": 0.8399304635822773,
    "on-table(lemon,black-table)": 0.15737456283144033,
    "on-table(lemon,white-table)": 0.006618096508342812,
    "on-table(green-bottle,wood-table)": 0.15808206812653225,
    "on-table(green-bottle,black-table)": 0.0027864086264344223,
    "on-table(green-bottle,white-table)": 0.9784310460090637,
    "on-table(loaf-of-bread,wood-table)": 0.7814552647372087,
    "on-table(loaf-of-bread,black-table)": 0.1612277557657459,
    "on-table(loaf-of-bread,white-table)": 0.008937198601718896,
    "on-table(red-box-of-cereal,wood-table)": 0.8517783718804518,
    "on-table(red-box-of-cereal,black-table)": 0.24569769889543144,
    "on-table(red-box-of-cereal,white-table)": 0.013860081597764898,
    "on-table(red-can-of-soda,wood-table)": 0.713196823062996,
    "on-table(red-can-of-soda,black-table)": 0.39972206872092403,
    "on-table(red-can-of-soda,white-table)": 0.0462596792400897,
    "robot-gripper-empty()": 0.8658961256345113,
    "robot-gripping(milk-carton)": 0.06246833875775337,
    "robot-gripping(lemon)": 0.11306555072466533,
    "robot-gripping(green-bottle)": 0.01616392007660276,
    "robot-gripping(loaf-of-bread)": 0.12049858605799575,
    "robot-gripping(red-box-of-cereal)": 0.1442068487716218,
    "robot-gripping(red-can-of-soda)": 0.206873193072776
}