{
    "on-table(milk-carton,wood-table)": 0.21701827195162574,
    "on-table(milk-carton,black-table)": 0.7276363025108973,
    "on-table(milk-carton,white-table)": 0.03515734126752553,
    "on-table(lemon,wood-table)": 0.22878665904621207,
    "on-table(lemon,black-table)": 0.010216652474809962,
    "on-table(lemon,white-table)": 0.9995963275432587,
    "on-table(green-bottle,wood-table)": 0.2335157582128886,
    "on-table(green-bottle,black-table)": 0.9694510300954183,
    "on-table(green-bottle,white-table)": 0.0015939701752358815,
    "on-table(loaf-of-bread,wood-table)": 0.41304411366581917,
    "on-table(loaf-of-bread,black-table)": 0.19764109452565512,
    "on-table(loaf-of-bread,white-table)": 0.2227076354805225,
    "on-table(red-box-of-cereal,wood-table)": 0.4399155893673499,
    "on-table(red-box-of-cereal,black-table)": 0.5974992592819035,
    "on-table(red-box-of-cereal,white-table)": 0.008205674860316018,
    "on-table(red-can-of-soda,wood-table)": 0.887496660153071,
    "on-table(red-can-of-soda,black-table)": 0.34885668897974637,
    "on-table(red-can-of-soda,white-table)": 0.0026252970666670685,
    "robot-gripper-empty()": 0.881737565000852,
    "robot-gripping(milk-carton)": 0.11714667485406001,
    "robot-gripping(lemon)": 0.04504376017333319,
    "robot-gripping(green-bottle)": 0.0570348318045338,
    "robot-gripping(loaf-of-bread)": 0.13831367048745355,
    "robot-gripping(red-box-of-cereal)": 0.07094520671914022,
    "robot-gripping(red-can-of-soda)": 0.19695053463025639
}