{
    "on-table(milk-carton,wood-table)": 0.20907540681461492,
    "on-table(milk-carton,black-table)": 0.8689781427383423,
    "on-table(milk-carton,white-table)": 0.023947967810575694,
    "on-table(lemon,wood-table)": 0.18946987183880992,
    "on-table(lemon,black-table)": 0.9736703534921011,
    "on-table(lemon,white-table)": 0.005321622824036846,
    "on-table(green-bottle,wood-table)": 0.3011397534343511,
    "on-table(green-bottle,black-table)": 0.8075488650550445,
    "on-table(green-bottle,white-table)": 0.002744544285860684,
    "on-table(loaf-of-bread,wood-table)": 0.18904627890636524,
    "on-table(loaf-of-bread,black-table)": 0.5749304859588543,
    "on-table(loaf-of-bread,white-table)": 0.015172151130779335,
    "on-table(red-box-of-cereal,wood-table)": 0.23497152976536503,
    "on-table(red-box-of-cereal,black-table)": 0.7243923768401146,
    "on-table(red-box-of-cereal,white-table)": 0.23518245071560764,
    "on-table(red-can-of-soda,wood-table)": 0.17752026596281212,
    "on-table(red-can-of-soda,black-table)": 0.030851536963382387,
    "on-table(red-can-of-soda,white-table)": 0.9621963699658712,
    "robot-gripper-empty()": 0.9610467056433359,
    "robot-gripping(milk-carton)": 0.08485058508813381,
    "robot-gripping(lemon)": 0.030840535337726276,
    "robot-gripping(green-bottle)": 0.037612572234744825,
    "robot-gripping(loaf-of-bread)": 0.06564507136742274,
    "robot-gripping(red-box-of-cereal)": 0.07206103097026546,
    "robot-gripping(red-can-of-soda)": 0.1310865538349996
}