{
    "on-table(milk-carton,wood-table)": 0.2770541710148488,
    "on-table(milk-carton,black-table)": 0.004719404827180067,
    "on-table(milk-carton,white-table)": 0.8514961103598276,
    "on-table(lemon,wood-table)": 0.307455937636405,
    "on-table(lemon,black-table)": 0.3107653401027619,
    "on-table(lemon,white-table)": 0.3491271258487056,
    "on-table(green-bottle,wood-table)": 0.9991318980852762,
    "on-table(green-bottle,black-table)": 0.33330271307149434,
    "on-table(green-bottle,white-table)": 0.05559570369367369,
    "on-table(loaf-of-bread,wood-table)": 0.5026354684183995,
    "on-table(loaf-of-bread,black-table)": 0.024004551426817972,
    "on-table(loaf-of-bread,white-table)": 0.12082898888426523,
    "on-table(red-box-of-cereal,wood-table)": 0.33590640746600303,
    "on-table(red-box-of-cereal,black-table)": 0.17485630620770584,
    "on-table(red-box-of-cereal,white-table)": 0.8357962096730868,
    "on-table(red-can-of-soda,wood-table)": 0.8278709358225266,
    "on-table(red-can-of-soda,black-table)": 0.11873400099041949,
    "on-table(red-can-of-soda,white-table)": 0.34161637135548517,
    "robot-gripper-empty()": 0.9202256401379904,
    "robot-gripping(milk-carton)": 0.14100535943483314,
    "robot-gripping(lemon)": 0.08483199402689934,
    "robot-gripping(green-bottle)": 0.07720719464123249,
    "robot-gripping(loaf-of-bread)": 0.17155712811897197,
    "robot-gripping(red-box-of-cereal)": 0.16303241124842316,
    "robot-gripping(red-can-of-soda)": 0.2530001700700571
}