{
    "on-table(milk-carton,wood-table)": 0.19312621428980492,
    "on-table(milk-carton,black-table)": 0.081893787146934,
    "on-table(milk-carton,white-table)": 0.20419880390788117,
    "on-table(lemon,wood-table)": 0.8704333752393723,
    "on-table(lemon,black-table)": 0.17433454261466372,
    "on-table(lemon,white-table)": 0.061018027404467524,
    "on-table(green-bottle,wood-table)": 0.16496210669477782,
    "on-table(green-bottle,black-table)": 0.9963621298472086,
    "on-table(green-bottle,white-table)": 0.02962809846242938,
    "on-table(loaf-of-bread,wood-table)": 0.2179176645974318,
    "on-table(loaf-of-bread,black-table)": 0.011903811275260523,
    "on-table(loaf-of-bread,white-table)": 0.1863830109941773,
    "on-table(red-box-of-cereal,wood-table)": 0.0020806010579690337,
    "on-table(red-box-of-cereal,black-table)": 0.0018723504593557057,
    "on-table(red-box-of-cereal,white-table)": 0.0028527756900681802,
    "on-table(red-can-of-soda,wood-table)": 0.002381798406228578,
    "on-table(red-can-of-soda,black-table)": 0.0034313483508109735,
    "on-table(red-can-of-soda,white-table)": 0.0034234764922681884,
    "robot-gripper-empty()": 0.7578321422139803,
    "robot-gripping(milk-carton)": 0.12024824103961389,
    "robot-gripping(lemon)": 0.18024760050078234,
    "robot-gripping(green-bottle)": 0.145050923039283,
    "robot-gripping(loaf-of-bread)": 0.056169410313790046,
    "robot-gripping(red-box-of-cereal)": 0.00721250082521389,
    "robot-gripping(red-can-of-soda)": 0.011962769242624441
}