{
    "on-table(milk-carton,wood-table)": 0.40012507161979255,
    "on-table(milk-carton,black-table)": 0.47337858006358147,
    "on-table(milk-carton,white-table)": 0.14486389066344904,
    "on-table(lemon,wood-table)": 0.8316924758255482,
    "on-table(lemon,black-table)": 0.16968832478316168,
    "on-table(lemon,white-table)": 0.016327304153643734,
    "on-table(green-bottle,wood-table)": 0.8345835820461313,
    "on-table(green-bottle,black-table)": 0.16803310405551505,
    "on-table(green-bottle,white-table)": 0.0011803305692410504,
    "on-table(loaf-of-bread,wood-table)": 0.3651511662950118,
    "on-table(loaf-of-bread,black-table)": 0.25884420874839026,
    "on-table(loaf-of-bread,white-table)": 0.16533134772422878,
    "on-table(red-box-of-cereal,wood-table)": 0.33890413157253835,
    "on-table(red-box-of-cereal,black-table)": 0.9756291707356771,
    "on-table(red-box-of-cereal,white-table)": 0.3157515106613573,
    "on-table(red-can-of-soda,wood-table)": 0.9758578936258951,
    "on-table(red-can-of-soda,black-table)": 0.3957450590202522,
    "on-table(red-can-of-soda,white-table)": 0.16462533382764377,
    "robot-gripper-empty()": 0.9638800919055939,
    "robot-gripping(milk-carton)": 0.445797361433506,
    "robot-gripping(lemon)": 0.07634859004368384,
    "robot-gripping(green-bottle)": 0.11128169934575756,
    "robot-gripping(loaf-of-bread)": 0.15757091778020063,
    "robot-gripping(red-box-of-cereal)": 0.12459385332961877,
    "robot-gripping(red-can-of-soda)": 0.204567218820254
}