{
    "on-table(milk-carton,wood-table)": 0.11848204645017783,
    "on-table(milk-carton,black-table)": 0.03212303032826943,
    "on-table(milk-carton,white-table)": 0.5000836967180172,
    "on-table(lemon,wood-table)": 0.04794422245079962,
    "on-table(lemon,black-table)": 0.03426848519256964,
    "on-table(lemon,white-table)": 0.6516108754634237,
    "on-table(green-bottle,wood-table)": 0.18065243175563714,
    "on-table(green-bottle,black-table)": 0.18485826461073884,
    "on-table(green-bottle,white-table)": 0.01682571551646106,
    "on-table(loaf-of-bread,wood-table)": 0.1359191555675352,
    "on-table(loaf-of-bread,black-table)": 0.012550265173861893,
    "on-table(loaf-of-bread,white-table)": 0.4788987907813862,
    "on-table(red-box-of-cereal,wood-table)": 0.12998391461830275,
    "on-table(red-box-of-cereal,black-table)": 0.017799449037435505,
    "on-table(red-box-of-cereal,white-table)": 0.904736171166102,
    "on-table(red-can-of-soda,wood-table)": 0.19390227763991183,
    "on-table(red-can-of-soda,black-table)": 0.025235586399503518,
    "on-table(red-can-of-soda,white-table)": 0.9722011983394623,
    "robot-gripper-empty()": 0.1900564833000923,
    "robot-gripping(milk-carton)": 0.5216720576087633,
    "robot-gripping(lemon)": 0.11352744915833075,
    "robot-gripping(green-bottle)": 0.8355180385212103,
    "robot-gripping(loaf-of-bread)": 0.05245335369060437,
    "robot-gripping(red-box-of-cereal)": 0.022271295383688994,
    "robot-gripping(red-can-of-soda)": 0.08968856062468451
}