{
    "on-table(milk-carton,wood-table)": 0.4597726861344806,
    "on-table(milk-carton,black-table)": 0.4879693053662777,
    "on-table(milk-carton,white-table)": 0.19470804002776276,
    "on-table(lemon,wood-table)": 0.02134069932314257,
    "on-table(lemon,black-table)": 0.20377742168299542,
    "on-table(lemon,white-table)": 0.19504013500894266,
    "on-table(green-bottle,wood-table)": 0.011809421195115041,
    "on-table(green-bottle,black-table)": 0.3895956685494942,
    "on-table(green-bottle,white-table)": 0.06817975041546258,
    "on-table(loaf-of-bread,wood-table)": 0.37663638897356577,
    "on-table(loaf-of-bread,black-table)": 0.011122514551061613,
    "on-table(loaf-of-bread,white-table)": 0.6600220628703634,
    "on-table(red-box-of-cereal,wood-table)": 0.8928363770246506,
    "on-table(red-box-of-cereal,black-table)": 0.17130161773290334,
    "on-table(red-box-of-cereal,white-table)": 0.11773151730509805,
    "on-table(red-can-of-soda,wood-table)": 0.7735312034686407,
    "on-table(red-can-of-soda,black-table)": 0.032796690609757206,
    "on-table(red-can-of-soda,white-table)": 0.1262654637042336,
    "robot-gripper-empty()": 0.7257968982060751,
    "robot-gripping(milk-carton)": 0.2316755804543694,
    "robot-gripping(lemon)": 0.17575114903350672,
    "robot-gripping(green-bottle)": 0.27401191034975153,
    "robot-gripping(loaf-of-bread)": 0.11898902679483096,
    "robot-gripping(red-box-of-cereal)": 0.1774329305626452,
    "robot-gripping(red-can-of-soda)": 0.35515531214574975
}