{
    "on-table(milk-carton,wood-table)": 0.21093122707679868,
    "on-table(milk-carton,black-table)": 0.19042228708713083,
    "on-table(milk-carton,white-table)": 0.7273380408684412,
    "on-table(lemon,wood-table)": 0.17977113253436983,
    "on-table(lemon,black-table)": 0.2349997633136809,
    "on-table(lemon,white-table)": 0.34604003889035084,
    "on-table(green-bottle,wood-table)": 0.015510838983270029,
    "on-table(green-bottle,black-table)": 0.027643432947418962,
    "on-table(green-bottle,white-table)": 0.016278595188244555,
    "on-table(loaf-of-bread,wood-table)": 0.31251608945118886,
    "on-table(loaf-of-bread,black-table)": 0.6759448818241557,
    "on-table(loaf-of-bread,white-table)": 0.36288022794906283,
    "on-table(red-box-of-cereal,wood-table)": 0.33528184310610715,
    "on-table(red-box-of-cereal,black-table)": 0.7309471778571606,
    "on-table(red-box-of-cereal,white-table)": 0.17709680671881264,
    "on-table(red-can-of-soda,wood-table)": 0.16963193447251493,
    "on-table(red-can-of-soda,black-table)": 0.014438181918724998,
    "on-table(red-can-of-soda,white-table)": 0.8404862986256679,
    "robot-gripper-empty()": 0.8373908698558807,
    "robot-gripping(milk-carton)": 0.28306720902522403,
    "robot-gripping(lemon)": 0.307534775386254,
    "robot-gripping(green-bottle)": 0.13344112240398923,
    "robot-gripping(loaf-of-bread)": 0.22459696078052124,
    "robot-gripping(red-box-of-cereal)": 0.18069144105538726,
    "robot-gripping(red-can-of-soda)": 0.19397177764525017
}