{
    "on-table(milk-carton,wood-table)": 0.4884132935355107,
    "on-table(milk-carton,black-table)": 0.22150306527813277,
    "on-table(milk-carton,white-table)": 0.016446508952261258,
    "on-table(lemon,wood-table)": 0.2416288667251744,
    "on-table(lemon,black-table)": 0.9553916851679484,
    "on-table(lemon,white-table)": 0.008612176564990174,
    "on-table(green-bottle,wood-table)": 0.16636189537045235,
    "on-table(green-bottle,black-table)": 0.004933765470620226,
    "on-table(green-bottle,white-table)": 0.9992923041184744,
    "on-table(loaf-of-bread,wood-table)": 0.7938011083751917,
    "on-table(loaf-of-bread,black-table)": 0.20344424003754588,
    "on-table(loaf-of-bread,white-table)": 0.022688416884041846,
    "on-table(red-box-of-cereal,wood-table)": 0.4430335235471527,
    "on-table(red-box-of-cereal,black-table)": 0.6086659465994065,
    "on-table(red-box-of-cereal,white-table)": 0.009931691936799325,
    "on-table(red-can-of-soda,wood-table)": 0.936698297659556,
    "on-table(red-can-of-soda,black-table)": 0.33361226849202313,
    "on-table(red-can-of-soda,white-table)": 0.000655599756025064,
    "robot-gripper-empty()": 0.9609073996543884,
    "robot-gripping(milk-carton)": 0.2518014783660571,
    "robot-gripping(lemon)": 0.058439463609829545,
    "robot-gripping(green-bottle)": 0.10206758487038314,
    "robot-gripping(loaf-of-bread)": 0.08477987131724755,
    "robot-gripping(red-box-of-cereal)": 0.04075416658694545,
    "robot-gripping(red-can-of-soda)": 0.08196036517620087
}