{
    "on-table(milk-carton,wood-table)": 0.4538285266608,
    "on-table(milk-carton,black-table)": 0.46702963548401993,
    "on-table(milk-carton,white-table)": 0.2828490446554497,
    "on-table(lemon,wood-table)": 0.03682713157104445,
    "on-table(lemon,black-table)": 0.006297747288044775,
    "on-table(lemon,white-table)": 0.01110460067745104,
    "on-table(green-bottle,wood-table)": 0.9999128977457682,
    "on-table(green-bottle,black-table)": 0.33299457108820246,
    "on-table(green-bottle,white-table)": 0.005120850063216646,
    "on-table(loaf-of-bread,wood-table)": 0.5896292187583944,
    "on-table(loaf-of-bread,black-table)": 0.09882330022507328,
    "on-table(loaf-of-bread,white-table)": 0.019097833513418056,
    "on-table(red-box-of-cereal,wood-table)": 0.6677008122205734,
    "on-table(red-box-of-cereal,black-table)": 0.0029585470256279223,
    "on-table(red-box-of-cereal,white-table)": 0.01172376405399215,
    "on-table(red-can-of-soda,wood-table)": 0.32589582579385024,
    "on-table(red-can-of-soda,black-table)": 0.00150574359319459,
    "on-table(red-can-of-soda,white-table)": 0.834191267301018,
    "robot-gripper-empty()": 0.9071854750315348,
    "robot-gripping(milk-carton)": 0.1929331043114265,
    "robot-gripping(lemon)": 0.044984067945430674,
    "robot-gripping(green-bottle)": 0.038849999041606985,
    "robot-gripping(loaf-of-bread)": 0.15242551577587923,
    "robot-gripping(red-box-of-cereal)": 0.07300842157565057,
    "robot-gripping(red-can-of-soda)": 0.10058055476595958
}