{
    "on-table(milk-carton,wood-table)": 0.29327101853414206,
    "on-table(milk-carton,black-table)": 0.0008826843874582361,
    "on-table(milk-carton,white-table)": 0.8469590296347936,
    "on-table(lemon,wood-table)": 0.15110439618244223,
    "on-table(lemon,black-table)": 0.0034586038121536453,
    "on-table(lemon,white-table)": 0.9985903998215994,
    "on-table(green-bottle,wood-table)": 0.14720682924477538,
    "on-table(green-bottle,black-table)": 0.003149850016977022,
    "on-table(green-bottle,white-table)": 0.8424372387429079,
    "on-table(loaf-of-bread,wood-table)": 0.6896239345272382,
    "on-table(loaf-of-bread,black-table)": 0.13564249281140897,
    "on-table(loaf-of-bread,white-table)": 0.06864158008587158,
    "on-table(red-box-of-cereal,wood-table)": 0.839824186017116,
    "on-table(red-box-of-cereal,black-table)": 0.16675409458305998,
    "on-table(red-box-of-cereal,white-table)": 0.011326362995229525,
    "on-table(red-can-of-soda,wood-table)": 0.7092356922900459,
    "on-table(red-can-of-soda,black-table)": 0.2574800736814116,
    "on-table(red-can-of-soda,white-table)": 0.05887567161092496,
    "robot-gripper-empty()": 0.841348667939504,
    "robot-gripping(milk-carton)": 0.13073462465157112,
    "robot-gripping(lemon)": 0.04274428403005004,
    "robot-gripping(green-bottle)": 0.06431800647017856,
    "robot-gripping(loaf-of-bread)": 0.12847978187104067,
    "robot-gripping(red-box-of-cereal)": 0.23978535799930492,
    "robot-gripping(red-can-of-soda)": 0.6047096264859041
}