{
    "on-table(milk-carton,wood-table)": 0.4896909780509304,
    "on-table(milk-carton,black-table)": 0.6615079057325298,
    "on-table(milk-carton,white-table)": 0.016264394981286994,
    "on-table(lemon,wood-table)": 0.012555788193518916,
    "on-table(lemon,black-table)": 0.34535588252886856,
    "on-table(lemon,white-table)": 0.012268573099087613,
    "on-table(green-bottle,wood-table)": 0.16728636085432905,
    "on-table(green-bottle,black-table)": 0.00037520900392943685,
    "on-table(green-bottle,white-table)": 0.8336289852159098,
    "on-table(loaf-of-bread,wood-table)": 0.38857072199850035,
    "on-table(loaf-of-bread,black-table)": 0.16961006148873517,
    "on-table(loaf-of-bread,white-table)": 0.02604150088154711,
    "on-table(red-box-of-cereal,wood-table)": 0.9029673139254252,
    "on-table(red-box-of-cereal,black-table)": 0.26122133031488676,
    "on-table(red-box-of-cereal,white-table)": 0.011517635018208239,
    "on-table(red-can-of-soda,wood-table)": 0.8398778506865104,
    "on-table(red-can-of-soda,black-table)": 0.17335895739779517,
    "on-table(red-can-of-soda,white-table)": 0.0035510061251594984,
    "robot-gripper-empty()": 0.8776204685370127,
    "robot-gripping(milk-carton)": 0.11527951030681531,
    "robot-gripping(lemon)": 0.034796359638373055,
    "robot-gripping(green-bottle)": 0.004771814312941085,
    "robot-gripping(loaf-of-bread)": 0.07883327702681224,
    "robot-gripping(red-box-of-cereal)": 0.22924269794020802,
    "robot-gripping(red-can-of-soda)": 0.3330853475878636
}