{
    "on-table(milk-carton,wood-table)": 0.5815226365884882,
    "on-table(milk-carton,black-table)": 0.6594448519560198,
    "on-table(milk-carton,white-table)": 0.011384147426724667,
    "on-table(lemon,wood-table)": 0.04698051853726307,
    "on-table(lemon,black-table)": 0.30898151298364,
    "on-table(lemon,white-table)": 0.17330856637757583,
    "on-table(green-bottle,wood-table)": 0.09192602526551734,
    "on-table(green-bottle,black-table)": 0.0036560488807329725,
    "on-table(green-bottle,white-table)": 0.9790112276872,
    "on-table(loaf-of-bread,wood-table)": 0.7026849060008923,
    "on-table(loaf-of-bread,black-table)": 0.22120620589703321,
    "on-table(loaf-of-bread,white-table)": 0.006147121719853506,
    "on-table(red-box-of-cereal,wood-table)": 0.9926771422227224,
    "on-table(red-box-of-cereal,black-table)": 0.3389532509766771,
    "on-table(red-box-of-cereal,white-table)": 0.004254521295933955,
    "on-table(red-can-of-soda,wood-table)": 0.8177101239950085,
    "on-table(red-can-of-soda,black-table)": 0.33217211477676756,
    "on-table(red-can-of-soda,white-table)": 0.0030894205242475437,
    "robot-gripper-empty()": 0.8814625491698583,
    "robot-gripping(milk-carton)": 0.07207162585109472,
    "robot-gripping(lemon)": 0.05124455799038211,
    "robot-gripping(green-bottle)": 0.009269387082895264,
    "robot-gripping(loaf-of-bread)": 0.15622161243421337,
    "robot-gripping(red-box-of-cereal)": 0.17172960673148432,
    "robot-gripping(red-can-of-soda)": 0.18393044096107283
}