{
    "on-table(milk-carton,wood-table)": 0.20652275951579213,
    "on-table(milk-carton,black-table)": 0.5650831383342544,
    "on-table(milk-carton,white-table)": 0.1570258157250161,
    "on-table(lemon,wood-table)": 0.022597225707916852,
    "on-table(lemon,black-table)": 0.8360875407233834,
    "on-table(lemon,white-table)": 0.0031841427359419563,
    "on-table(green-bottle,wood-table)": 0.00892117446407307,
    "on-table(green-bottle,black-table)": 0.1442024918099681,
    "on-table(green-bottle,white-table)": 0.0016140843174525799,
    "on-table(loaf-of-bread,wood-table)": 0.7831741981208324,
    "on-table(loaf-of-bread,black-table)": 0.023998583465678774,
    "on-table(loaf-of-bread,white-table)": 0.1828723823709879,
    "on-table(red-box-of-cereal,wood-table)": 0.1722244822109739,
    "on-table(red-box-of-cereal,black-table)": 0.5081830855536585,
    "on-table(red-box-of-cereal,white-table)": 0.22529549231694546,
    "on-table(red-can-of-soda,wood-table)": 0.08510271563136484,
    "on-table(red-can-of-soda,black-table)": 0.8201237474568188,
    "on-table(red-can-of-soda,white-table)": 0.09778367444717635,
    "robot-gripper-empty()": 0.8881125946839651,
    "robot-gripping(milk-carton)": 0.1376640492429336,
    "robot-gripping(lemon)": 0.06595009829228123,
    "robot-gripping(green-bottle)": 0.02509924389111499,
    "robot-gripping(loaf-of-bread)": 0.15293301735073328,
    "robot-gripping(red-box-of-cereal)": 0.19076579754861692,
    "robot-gripping(red-can-of-soda)": 0.3198348362930119
}