{
    "on-table(milk-carton,wood-table)": 0.9100597600142161,
    "on-table(milk-carton,black-table)": 0.3103574687224864,
    "on-table(milk-carton,white-table)": 0.02646335005617099,
    "on-table(lemon,wood-table)": 0.15747682061676946,
    "on-table(lemon,black-table)": 0.6878484040498734,
    "on-table(lemon,white-table)": 0.1812163624454115,
    "on-table(green-bottle,wood-table)": 0.17060613120096,
    "on-table(green-bottle,black-table)": 0.0037722051421648453,
    "on-table(green-bottle,white-table)": 0.9924652377764384,
    "on-table(loaf-of-bread,wood-table)": 0.19325386794904867,
    "on-table(loaf-of-bread,black-table)": 0.042177781537854266,
    "on-table(loaf-of-bread,white-table)": 0.04844146206354102,
    "on-table(red-box-of-cereal,wood-table)": 0.6890079295844771,
    "on-table(red-box-of-cereal,black-table)": 0.3332015599917213,
    "on-table(red-box-of-cereal,white-table)": 0.013338048400934591,
    "on-table(red-can-of-soda,wood-table)": 0.999025305112203,
    "on-table(red-can-of-soda,black-table)": 0.3331655084762512,
    "on-table(red-can-of-soda,white-table)": 0.000958300058414352,
    "robot-gripper-empty()": 0.9292005399862925,
    "robot-gripping(milk-carton)": 0.1938992141125103,
    "robot-gripping(lemon)": 0.03377329569775611,
    "robot-gripping(green-bottle)": 0.0489179392849716,
    "robot-gripping(loaf-of-bread)": 0.0901793666028728,
    "robot-gripping(red-box-of-cereal)": 0.06109676913668712,
    "robot-gripping(red-can-of-soda)": 0.12363796603555481
}