{
    "on-table(milk-carton,wood-table)": 0.0997034724180897,
    "on-table(milk-carton,black-table)": 0.21874169750177921,
    "on-table(milk-carton,white-table)": 0.6766097890213132,
    "on-table(lemon,wood-table)": 0.30831703542692895,
    "on-table(lemon,black-table)": 0.9827358623345693,
    "on-table(lemon,white-table)": 0.0023999308587766186,
    "on-table(green-bottle,wood-table)": 0.6878112878960868,
    "on-table(green-bottle,black-table)": 0.16783027614375592,
    "on-table(green-bottle,white-table)": 0.010916520017341705,
    "on-table(loaf-of-bread,wood-table)": 0.24035680604477724,
    "on-table(loaf-of-bread,black-table)": 0.6674812720157206,
    "on-table(loaf-of-bread,white-table)": 0.026043957577106387,
    "on-table(red-box-of-cereal,wood-table)": 0.18317163682271106,
    "on-table(red-box-of-cereal,black-table)": 0.8068108519849678,
    "on-table(red-box-of-cereal,white-table)": 0.18487112150372317,
    "on-table(red-can-of-soda,wood-table)": 0.17104960991976745,
    "on-table(red-can-of-soda,black-table)": 0.030868278348558913,
    "on-table(red-can-of-soda,white-table)": 0.8315598463329176,
    "robot-gripper-empty()": 0.845404048760732,
    "robot-gripping(milk-carton)": 0.2191903096002837,
    "robot-gripping(lemon)": 0.04519825832297405,
    "robot-gripping(green-bottle)": 0.1714692490447002,
    "robot-gripping(loaf-of-bread)": 0.16432648431509733,
    "robot-gripping(red-box-of-cereal)": 0.1383276735044395,
    "robot-gripping(red-can-of-soda)": 0.11683857960936923
}