{
    "on-table(milk-carton,wood-table)": 0.13304082847510776,
    "on-table(milk-carton,black-table)": 0.17759392457082868,
    "on-table(milk-carton,white-table)": 0.23208352556684986,
    "on-table(lemon,wood-table)": 0.17596036990289576,
    "on-table(lemon,black-table)": 0.0036447551055971417,
    "on-table(lemon,white-table)": 0.839875694985191,
    "on-table(green-bottle,wood-table)": 0.16917889235386005,
    "on-table(green-bottle,black-table)": 0.68192493605117,
    "on-table(green-bottle,white-table)": 0.0044369049508835206,
    "on-table(loaf-of-bread,wood-table)": 0.39963684665660065,
    "on-table(loaf-of-bread,black-table)": 0.32293122898166376,
    "on-table(loaf-of-bread,white-table)": 0.2454583685224255,
    "on-table(red-box-of-cereal,wood-table)": 0.011760536295090182,
    "on-table(red-box-of-cereal,black-table)": 0.07027032265129189,
    "on-table(red-box-of-cereal,white-table)": 0.00556840837089112,
    "on-table(red-can-of-soda,wood-table)": 0.022157566699509818,
    "on-table(red-can-of-soda,black-table)": 0.17323802023505172,
    "on-table(red-can-of-soda,white-table)": 0.011669533821986988,
    "robot-gripper-empty()": 0.8097146054108938,
    "robot-gripping(milk-carton)": 0.18514187261462212,
    "robot-gripping(lemon)": 0.06791587856908639,
    "robot-gripping(green-bottle)": 0.19465309691925844,
    "robot-gripping(loaf-of-bread)": 0.10723137234648068,
    "robot-gripping(red-box-of-cereal)": 0.08223333271841209,
    "robot-gripping(red-can-of-soda)": 0.5513763135919968
}