{
    "on-table(milk-carton,wood-table)": 0.8859514643748602,
    "on-table(milk-carton,black-table)": 0.3203243306585743,
    "on-table(milk-carton,white-table)": 0.011057275005441625,
    "on-table(lemon,wood-table)": 0.12334301925269149,
    "on-table(lemon,black-table)": 0.016722368054833698,
    "on-table(lemon,white-table)": 0.9984789788722992,
    "on-table(green-bottle,wood-table)": 0.16480908331019842,
    "on-table(green-bottle,black-table)": 0.0004025155672782906,
    "on-table(green-bottle,white-table)": 0.8338734206433097,
    "on-table(loaf-of-bread,wood-table)": 0.16682737739756703,
    "on-table(loaf-of-bread,black-table)": 0.13073865461046807,
    "on-table(loaf-of-bread,white-table)": 0.41610292764380574,
    "on-table(red-box-of-cereal,wood-table)": 0.9871835013230642,
    "on-table(red-box-of-cereal,black-table)": 0.34432777503873996,
    "on-table(red-box-of-cereal,white-table)": 0.006790277971352528,
    "on-table(red-can-of-soda,wood-table)": 0.6823842362306701,
    "on-table(red-can-of-soda,black-table)": 0.8462311998009682,
    "on-table(red-can-of-soda,white-table)": 0.004806671666301554,
    "robot-gripper-empty()": 0.9764481782913208,
    "robot-gripping(milk-carton)": 0.15036324939380089,
    "robot-gripping(lemon)": 0.05283779158101728,
    "robot-gripping(green-bottle)": 0.02073823302149928,
    "robot-gripping(loaf-of-bread)": 0.08244021112720172,
    "robot-gripping(red-box-of-cereal)": 0.08272569440305233,
    "robot-gripping(red-can-of-soda)": 0.06848649540916085
}