{
    "on-table(milk-carton,wood-table)": 0.9661360085010529,
    "on-table(milk-carton,black-table)": 0.31318647756900947,
    "on-table(milk-carton,white-table)": 0.01207198235594357,
    "on-table(lemon,wood-table)": 0.16297378613671754,
    "on-table(lemon,black-table)": 0.8325044438242912,
    "on-table(lemon,white-table)": 0.1581912399489435,
    "on-table(green-bottle,wood-table)": 0.10273141757716076,
    "on-table(green-bottle,black-table)": 0.0003184867705764797,
    "on-table(green-bottle,white-table)": 0.8336590062050769,
    "on-table(loaf-of-bread,wood-table)": 0.24159728238979974,
    "on-table(loaf-of-bread,black-table)": 0.18430815693379068,
    "on-table(loaf-of-bread,white-table)": 0.23173027264419943,
    "on-table(red-box-of-cereal,wood-table)": 0.9938160280386606,
    "on-table(red-box-of-cereal,black-table)": 0.3299108119651161,
    "on-table(red-box-of-cereal,white-table)": 0.060121560879148696,
    "on-table(red-can-of-soda,wood-table)": 0.6975100074584285,
    "on-table(red-can-of-soda,black-table)": 0.001520404973537855,
    "on-table(red-can-of-soda,white-table)": 0.8329855881941816,
    "robot-gripper-empty()": 0.9690684278806051,
    "robot-gripping(milk-carton)": 0.14921467565000057,
    "robot-gripping(lemon)": 0.09242608295365547,
    "robot-gripping(green-bottle)": 0.03541972233506385,
    "robot-gripping(loaf-of-bread)": 0.11405301280319691,
    "robot-gripping(red-box-of-cereal)": 0.1009278657535712,
    "robot-gripping(red-can-of-soda)": 0.1719630922501286
}