{
    "on-table(milk-carton,wood-table)": 0.8070962925752004,
    "on-table(milk-carton,black-table)": 0.1869145457421837,
    "on-table(milk-carton,white-table)": 0.007657604654620324,
    "on-table(lemon,wood-table)": 0.712934470619075,
    "on-table(lemon,black-table)": 0.0028034592224533603,
    "on-table(lemon,white-table)": 0.21816598447276192,
    "on-table(green-bottle,wood-table)": 0.17110324624324372,
    "on-table(green-bottle,black-table)": 0.17299651032984306,
    "on-table(green-bottle,white-table)": 0.0007280202892919382,
    "on-table(loaf-of-bread,wood-table)": 0.4556509553610037,
    "on-table(loaf-of-bread,black-table)": 0.15008624617864066,
    "on-table(loaf-of-bread,white-table)": 0.13650960164765516,
    "on-table(red-box-of-cereal,wood-table)": 0.9666908184687296,
    "on-table(red-box-of-cereal,black-table)": 0.33802228545149166,
    "on-table(red-box-of-cereal,white-table)": 0.012480285429774085,
    "on-table(red-can-of-soda,wood-table)": 0.4148370707407594,
    "on-table(red-can-of-soda,black-table)": 0.8675120895107588,
    "on-table(red-can-of-soda,white-table)": 0.007598357226621981,
    "robot-gripper-empty()": 0.48416109579072025,
    "robot-gripping(milk-carton)": 0.06870872403184573,
    "robot-gripping(lemon)": 0.2042956576527407,
    "robot-gripping(green-bottle)": 0.6421429573868712,
    "robot-gripping(loaf-of-bread)": 0.040961395910320185,
    "robot-gripping(red-box-of-cereal)": 0.029545132992401097,
    "robot-gripping(red-can-of-soda)": 0.09552513237576932
}