{
    "on-table(milk-carton,wood-table)": 0.21333090138311187,
    "on-table(milk-carton,black-table)": 0.13185948580212425,
    "on-table(milk-carton,white-table)": 0.7376189480225245,
    "on-table(lemon,wood-table)": 0.18917189076698074,
    "on-table(lemon,black-table)": 0.8302573412656784,
    "on-table(lemon,white-table)": 0.00906532646119255,
    "on-table(green-bottle,wood-table)": 0.17360723486247784,
    "on-table(green-bottle,black-table)": 0.17709753675687048,
    "on-table(green-bottle,white-table)": 0.004091922817072676,
    "on-table(loaf-of-bread,wood-table)": 0.20954438066110015,
    "on-table(loaf-of-bread,black-table)": 0.49853922550876933,
    "on-table(loaf-of-bread,white-table)": 0.012629781189995507,
    "on-table(red-box-of-cereal,wood-table)": 0.22069661165975654,
    "on-table(red-box-of-cereal,black-table)": 0.6661364282869423,
    "on-table(red-box-of-cereal,white-table)": 0.025149018483716645,
    "on-table(red-can-of-soda,wood-table)": 0.19621918736568963,
    "on-table(red-can-of-soda,black-table)": 0.6570679242916716,
    "on-table(red-can-of-soda,white-table)": 0.004382401268230751,
    "robot-gripper-empty()": 0.19362575937217721,
    "robot-gripping(milk-carton)": 0.2054069903679192,
    "robot-gripping(lemon)": 0.17781201750040054,
    "robot-gripping(green-bottle)": 0.8298965923798581,
    "robot-gripping(loaf-of-bread)": 0.07539762579835951,
    "robot-gripping(red-box-of-cereal)": 0.01455151082094138,
    "robot-gripping(red-can-of-soda)": 0.13041400273020068
}