{
    "on-table(milk-carton,wood-table)": 0.1144011525514846,
    "on-table(milk-carton,black-table)": 0.7637225886185964,
    "on-table(milk-carton,white-table)": 0.12317354796990305,
    "on-table(lemon,wood-table)": 0.1456136063740511,
    "on-table(lemon,black-table)": 0.0968163379093691,
    "on-table(lemon,white-table)": 0.9939542214075724,
    "on-table(green-bottle,wood-table)": 0.18327645566993547,
    "on-table(green-bottle,black-table)": 0.030081765242963836,
    "on-table(green-bottle,white-table)": 0.9692010879516602,
    "on-table(loaf-of-bread,wood-table)": 0.21779852193625024,
    "on-table(loaf-of-bread,black-table)": 0.1764792644729217,
    "on-table(loaf-of-bread,white-table)": 0.6048170290887356,
    "on-table(red-box-of-cereal,wood-table)": 0.2563250795355998,
    "on-table(red-box-of-cereal,black-table)": 0.9230180084705353,
    "on-table(red-box-of-cereal,white-table)": 0.05618046108550819,
    "on-table(red-can-of-soda,wood-table)": 0.207267277908007,
    "on-table(red-can-of-soda,black-table)": 0.8735880156358083,
    "on-table(red-can-of-soda,white-table)": 0.01016994216721893,
    "robot-gripper-empty()": 0.9667888482411703,
    "robot-gripping(milk-carton)": 0.10736343109359343,
    "robot-gripping(lemon)": 0.09039211793181796,
    "robot-gripping(green-bottle)": 0.03579519768633569,
    "robot-gripping(loaf-of-bread)": 0.10852034219230215,
    "robot-gripping(red-box-of-cereal)": 0.06702530164814864,
    "robot-gripping(red-can-of-soda)": 0.1117469243472442
}