{
    "on-table(milk-carton,wood-table)": 0.0926098432391882,
    "on-table(milk-carton,black-table)": 0.007231405334702383,
    "on-table(milk-carton,white-table)": 0.8081768987079462,
    "on-table(lemon,wood-table)": 0.5079507794095358,
    "on-table(lemon,black-table)": 0.0014774305433415218,
    "on-table(lemon,white-table)": 0.02570722927892651,
    "on-table(green-bottle,wood-table)": 0.7815169371121252,
    "on-table(green-bottle,black-table)": 0.16758669924920847,
    "on-table(green-bottle,white-table)": 0.001359021895495971,
    "on-table(loaf-of-bread,wood-table)": 0.16565010114572942,
    "on-table(loaf-of-bread,black-table)": 0.0023131263806135394,
    "on-table(loaf-of-bread,white-table)": 0.7235136490004758,
    "on-table(red-box-of-cereal,wood-table)": 0.17514710126367086,
    "on-table(red-box-of-cereal,black-table)": 0.027662953300932713,
    "on-table(red-box-of-cereal,white-table)": 0.8489084790150324,
    "on-table(red-can-of-soda,wood-table)": 0.05401179196633166,
    "on-table(red-can-of-soda,black-table)": 0.8289500198200889,
    "on-table(red-can-of-soda,white-table)": 0.36633301875266017,
    "robot-gripper-empty()": 0.9402979811032613,
    "robot-gripping(milk-carton)": 0.37018517777323723,
    "robot-gripping(lemon)": 0.0507895020612826,
    "robot-gripping(green-bottle)": 0.05357721890322864,
    "robot-gripping(loaf-of-bread)": 0.08747065191467603,
    "robot-gripping(red-box-of-cereal)": 0.03927213869368037,
    "robot-gripping(red-can-of-soda)": 0.11492054459328453
}