{
    "on-table(milk-carton,wood-table)": 0.377086777628089,
    "on-table(milk-carton,black-table)": 0.059758889396107406,
    "on-table(milk-carton,white-table)": 0.9243337213993073,
    "on-table(lemon,wood-table)": 0.24571972708023773,
    "on-table(lemon,black-table)": 0.0495988702446842,
    "on-table(lemon,white-table)": 0.9755805532137553,
    "on-table(green-bottle,wood-table)": 0.12610940375452628,
    "on-table(green-bottle,black-table)": 0.6789933471009135,
    "on-table(green-bottle,white-table)": 0.005192205511472518,
    "on-table(loaf-of-bread,wood-table)": 0.3330370436112086,
    "on-table(loaf-of-bread,black-table)": 0.011166632738119612,
    "on-table(loaf-of-bread,white-table)": 0.8292411888639132,
    "on-table(red-box-of-cereal,wood-table)": 0.27462828531861305,
    "on-table(red-box-of-cereal,black-table)": 0.02375656962006663,
    "on-table(red-box-of-cereal,white-table)": 0.7982155059774717,
    "on-table(red-can-of-soda,wood-table)": 0.15582799954184642,
    "on-table(red-can-of-soda,black-table)": 0.7204745143535547,
    "on-table(red-can-of-soda,white-table)": 0.43381737422472116,
    "robot-gripper-empty()": 0.939048578341802,
    "robot-gripping(milk-carton)": 0.18512774910777807,
    "robot-gripping(lemon)": 0.11204122860605518,
    "robot-gripping(green-bottle)": 0.15232565651725358,
    "robot-gripping(loaf-of-bread)": 0.13834363718827566,
    "robot-gripping(red-box-of-cereal)": 0.15490900166332722,
    "robot-gripping(red-can-of-soda)": 0.22136465933484337
}