{
    "on-table(milk-carton,wood-table)": 0.1378194633483266,
    "on-table(milk-carton,black-table)": 0.13285991797844568,
    "on-table(milk-carton,white-table)": 0.2849440314651777,
    "on-table(lemon,wood-table)": 0.3023761629568374,
    "on-table(lemon,black-table)": 0.9335625867048899,
    "on-table(lemon,white-table)": 0.16826043918869496,
    "on-table(green-bottle,wood-table)": 0.8199046949545542,
    "on-table(green-bottle,black-table)": 0.3333959618321387,
    "on-table(green-bottle,white-table)": 0.0012349537726284627,
    "on-table(loaf-of-bread,wood-table)": 0.1503049720195122,
    "on-table(loaf-of-bread,black-table)": 0.09221845927337806,
    "on-table(loaf-of-bread,white-table)": 0.5371214682236314,
    "on-table(red-box-of-cereal,wood-table)": 0.4210938353401919,
    "on-table(red-box-of-cereal,black-table)": 0.2822458614440014,
    "on-table(red-box-of-cereal,white-table)": 0.014868585421936586,
    "on-table(red-can-of-soda,wood-table)": 0.6987675219619026,
    "on-table(red-can-of-soda,black-table)": 0.16924346496428674,
    "on-table(red-can-of-soda,white-table)": 0.0008697247170251406,
    "robot-gripper-empty()": 0.8406961237390836,
    "robot-gripping(milk-carton)": 0.16118207263449827,
    "robot-gripping(lemon)": 0.08401449567948778,
    "robot-gripping(green-bottle)": 0.17369027016684413,
    "robot-gripping(loaf-of-bread)": 0.13022085900108019,
    "robot-gripping(red-box-of-cereal)": 0.15588733608213565,
    "robot-gripping(red-can-of-soda)": 0.20016853286263844
}