{
    "on-table(milk-carton,wood-table)": 0.23690379783511162,
    "on-table(milk-carton,black-table)": 0.35160308610647917,
    "on-table(milk-carton,white-table)": 0.6408536384503046,
    "on-table(lemon,wood-table)": 0.037372858695259005,
    "on-table(lemon,black-table)": 0.24871409888517823,
    "on-table(lemon,white-table)": 0.01663873695148747,
    "on-table(green-bottle,wood-table)": 0.17628202877919344,
    "on-table(green-bottle,black-table)": 0.8325586963037495,
    "on-table(green-bottle,white-table)": 0.015067945638255273,
    "on-table(loaf-of-bread,wood-table)": 0.25363915506750345,
    "on-table(loaf-of-bread,black-table)": 0.5454943561926484,
    "on-table(loaf-of-bread,white-table)": 0.14045222596420595,
    "on-table(red-box-of-cereal,wood-table)": 0.16482746042311192,
    "on-table(red-box-of-cereal,black-table)": 0.07465988420275001,
    "on-table(red-box-of-cereal,white-table)": 0.9987547198931376,
    "on-table(red-can-of-soda,wood-table)": 0.07838282696320675,
    "on-table(red-can-of-soda,black-table)": 0.05595719853423967,
    "on-table(red-can-of-soda,white-table)": 0.9997097353140513,
    "robot-gripper-empty()": 0.8832606772581736,
    "robot-gripping(milk-carton)": 0.3243241297701995,
    "robot-gripping(lemon)": 0.043594692988942065,
    "robot-gripping(green-bottle)": 0.17012414111134908,
    "robot-gripping(loaf-of-bread)": 0.11810341943055391,
    "robot-gripping(red-box-of-cereal)": 0.08162734393651287,
    "robot-gripping(red-can-of-soda)": 0.20403944281861186
}