{
    "on-table(milk-carton,wood-table)": 0.8170998965700468,
    "on-table(milk-carton,black-table)": 0.1662529530173439,
    "on-table(milk-carton,white-table)": 0.09458880475964786,
    "on-table(lemon,wood-table)": 0.3412485125894212,
    "on-table(lemon,black-table)": 0.9608127375443777,
    "on-table(lemon,white-table)": 0.0014929208139164984,
    "on-table(green-bottle,wood-table)": 0.3350749870232903,
    "on-table(green-bottle,black-table)": 0.999352385600408,
    "on-table(green-bottle,white-table)": 0.0004089333140200324,
    "on-table(loaf-of-bread,wood-table)": 0.23414713602202633,
    "on-table(loaf-of-bread,black-table)": 0.37021443399135023,
    "on-table(loaf-of-bread,white-table)": 0.007950236312050643,
    "on-table(red-box-of-cereal,wood-table)": 0.641074873196582,
    "on-table(red-box-of-cereal,black-table)": 0.0397321285357369,
    "on-table(red-box-of-cereal,white-table)": 0.18170314687631617,
    "on-table(red-can-of-soda,wood-table)": 0.3823814136045864,
    "on-table(red-can-of-soda,black-table)": 0.029601009499098534,
    "on-table(red-can-of-soda,white-table)": 0.8367659294356903,
    "robot-gripper-empty()": 0.9479913910230001,
    "robot-gripping(milk-carton)": 0.17395085158447424,
    "robot-gripping(lemon)": 0.05661258082060764,
    "robot-gripping(green-bottle)": 0.033616289302396275,
    "robot-gripping(loaf-of-bread)": 0.0986014693044126,
    "robot-gripping(red-box-of-cereal)": 0.07144617747205,
    "robot-gripping(red-can-of-soda)": 0.09089261254606147
}