{
    "on-table(milk-carton,wood-table)": 0.4539658460222806,
    "on-table(milk-carton,black-table)": 0.5845972392708063,
    "on-table(milk-carton,white-table)": 0.1560938567854464,
    "on-table(lemon,wood-table)": 0.7205076795071363,
    "on-table(lemon,black-table)": 0.32226821299006286,
    "on-table(lemon,white-table)": 0.010399182715749097,
    "on-table(green-bottle,wood-table)": 0.13920400782505263,
    "on-table(green-bottle,black-table)": 0.8372651540363828,
    "on-table(green-bottle,white-table)": 0.012814011826624968,
    "on-table(loaf-of-bread,wood-table)": 0.49789460096508265,
    "on-table(loaf-of-bread,black-table)": 0.249407270612816,
    "on-table(loaf-of-bread,white-table)": 0.17213547909341287,
    "on-table(red-box-of-cereal,wood-table)": 0.3455309496809302,
    "on-table(red-box-of-cereal,black-table)": 0.7759721685821811,
    "on-table(red-box-of-cereal,white-table)": 0.06947484829167176,
    "on-table(red-can-of-soda,wood-table)": 0.940959225098292,
    "on-table(red-can-of-soda,black-table)": 0.33081654268941446,
    "on-table(red-can-of-soda,white-table)": 0.004028357586397154,
    "robot-gripper-empty()": 0.9535259008407593,
    "robot-gripping(milk-carton)": 0.287550854186217,
    "robot-gripping(lemon)": 0.05272058459619681,
    "robot-gripping(green-bottle)": 0.0668820090747128,
    "robot-gripping(loaf-of-bread)": 0.1718690594037374,
    "robot-gripping(red-box-of-cereal)": 0.10806056065484881,
    "robot-gripping(red-can-of-soda)": 0.11570077544699113
}