{
    "on-table(milk-carton,wood-table)": 0.03738123974956883,
    "on-table(milk-carton,black-table)": 0.7585518993825341,
    "on-table(milk-carton,white-table)": 0.013572008174378425,
    "on-table(lemon,wood-table)": 0.3345821106704534,
    "on-table(lemon,black-table)": 0.00011686925999280599,
    "on-table(lemon,white-table)": 0.8337082198122516,
    "on-table(green-bottle,wood-table)": 0.8325976101914421,
    "on-table(green-bottle,black-table)": 0.17248810307266163,
    "on-table(green-bottle,white-table)": 0.006582926946180123,
    "on-table(loaf-of-bread,wood-table)": 0.11490316299993235,
    "on-table(loaf-of-bread,black-table)": 0.449086900606441,
    "on-table(loaf-of-bread,white-table)": 0.018025689992403688,
    "on-table(red-box-of-cereal,wood-table)": 0.2233149019521079,
    "on-table(red-box-of-cereal,black-table)": 0.7889903575414792,
    "on-table(red-box-of-cereal,white-table)": 0.013759992885146252,
    "on-table(red-can-of-soda,wood-table)": 0.0156544283660575,
    "on-table(red-can-of-soda,black-table)": 0.5743098688932756,
    "on-table(red-can-of-soda,white-table)": 0.004958918029236277,
    "robot-gripper-empty()": 0.8862369855244955,
    "robot-gripping(milk-carton)": 0.18955002476771673,
    "robot-gripping(lemon)": 0.02826139231910929,
    "robot-gripping(green-bottle)": 0.17372145488237342,
    "robot-gripping(loaf-of-bread)": 0.06995614804327488,
    "robot-gripping(red-box-of-cereal)": 0.18881204972664514,
    "robot-gripping(red-can-of-soda)": 0.4380905845512946
}