{
    "on-table(milk-carton,wood-table)": 0.0624685701332055,
    "on-table(milk-carton,black-table)": 0.5088789518922567,
    "on-table(milk-carton,white-table)": 0.011281215571216308,
    "on-table(lemon,wood-table)": 0.010983674263115972,
    "on-table(lemon,black-table)": 0.005003970058169216,
    "on-table(lemon,white-table)": 0.014730516277874509,
    "on-table(green-bottle,wood-table)": 0.1650387428877972,
    "on-table(green-bottle,black-table)": 0.0005624141470737717,
    "on-table(green-bottle,white-table)": 0.8338095539559921,
    "on-table(loaf-of-bread,wood-table)": 0.09663346176481961,
    "on-table(loaf-of-bread,black-table)": 0.5810321802273393,
    "on-table(loaf-of-bread,white-table)": 0.0060031515507337945,
    "on-table(red-box-of-cereal,wood-table)": 0.3004387723825251,
    "on-table(red-box-of-cereal,black-table)": 0.2112410954044511,
    "on-table(red-box-of-cereal,white-table)": 0.0028714369012353322,
    "on-table(red-can-of-soda,wood-table)": 0.8442636703451475,
    "on-table(red-can-of-soda,black-table)": 0.16995848960785528,
    "on-table(red-can-of-soda,white-table)": 0.010877277826618107,
    "robot-gripper-empty()": 0.4908044134111454,
    "robot-gripping(milk-carton)": 0.524233840405941,
    "robot-gripping(lemon)": 0.06405448727309704,
    "robot-gripping(green-bottle)": 0.003684542879151801,
    "robot-gripping(loaf-of-bread)": 0.1835619881749153,
    "robot-gripping(red-box-of-cereal)": 0.5999172845234474,
    "robot-gripping(red-can-of-soda)": 0.5377142491439978
}