{
    "on-table(milk-carton,wood-table)": 0.29626906011253595,
    "on-table(milk-carton,black-table)": 0.039267060850155154,
    "on-table(milk-carton,white-table)": 0.6025294909874598,
    "on-table(lemon,wood-table)": 0.16588525979508026,
    "on-table(lemon,black-table)": 0.00679058287554805,
    "on-table(lemon,white-table)": 0.8187214160958926,
    "on-table(green-bottle,wood-table)": 0.16596906090611205,
    "on-table(green-bottle,black-table)": 0.024367881112993928,
    "on-table(green-bottle,white-table)": 0.834910623729229,
    "on-table(loaf-of-bread,wood-table)": 0.1355163913734335,
    "on-table(loaf-of-bread,black-table)": 0.0066975734074124675,
    "on-table(loaf-of-bread,white-table)": 0.9271761576334635,
    "on-table(red-box-of-cereal,wood-table)": 0.15527557100479802,
    "on-table(red-box-of-cereal,black-table)": 0.10621643748163478,
    "on-table(red-box-of-cereal,white-table)": 0.5790718602947891,
    "on-table(red-can-of-soda,wood-table)": 0.9949654539426168,
    "on-table(red-can-of-soda,black-table)": 0.16679094550302884,
    "on-table(red-can-of-soda,white-table)": 0.18931808350309134,
    "robot-gripper-empty()": 0.8986185491085052,
    "robot-gripping(milk-carton)": 0.13740815284351507,
    "robot-gripping(lemon)": 0.04986187613879641,
    "robot-gripping(green-bottle)": 0.034858592688882105,
    "robot-gripping(loaf-of-bread)": 0.0933386345859617,
    "robot-gripping(red-box-of-cereal)": 0.07578837180820604,
    "robot-gripping(red-can-of-soda)": 0.1936352711636573
}