{
    "on-table(milk-carton,wood-table)": 0.15449117647949606,
    "on-table(milk-carton,black-table)": 0.4588180386150877,
    "on-table(milk-carton,white-table)": 0.22654795458220178,
    "on-table(lemon,wood-table)": 0.14714598040639734,
    "on-table(lemon,black-table)": 0.04415159873315133,
    "on-table(lemon,white-table)": 0.0860009749206559,
    "on-table(green-bottle,wood-table)": 0.18645650989492424,
    "on-table(green-bottle,black-table)": 0.18360467716896287,
    "on-table(green-bottle,white-table)": 0.013701713682015301,
    "on-table(loaf-of-bread,wood-table)": 0.2906890995024393,
    "on-table(loaf-of-bread,black-table)": 0.036735164312024914,
    "on-table(loaf-of-bread,white-table)": 0.13713805812100568,
    "on-table(red-box-of-cereal,wood-table)": 0.19797724775465517,
    "on-table(red-box-of-cereal,black-table)": 0.0036855964942030064,
    "on-table(red-box-of-cereal,white-table)": 0.7797137042507529,
    "on-table(red-can-of-soda,wood-table)": 0.21071975306646587,
    "on-table(red-can-of-soda,black-table)": 0.00032455701754467253,
    "on-table(red-can-of-soda,white-table)": 0.8319449087915322,
    "robot-gripper-empty()": 0.3886826776142698,
    "robot-gripping(milk-carton)": 0.34219374631841976,
    "robot-gripping(lemon)": 0.1137465313076973,
    "robot-gripping(green-bottle)": 0.8011984241505464,
    "robot-gripping(loaf-of-bread)": 0.09029701864346862,
    "robot-gripping(red-box-of-cereal)": 0.024768079999679078,
    "robot-gripping(red-can-of-soda)": 0.15761913636864242
}