{
    "on-table(milk-carton,wood-table)": 0.3303985670208931,
    "on-table(milk-carton,black-table)": 0.09066661369676392,
    "on-table(milk-carton,white-table)": 0.5125103898656865,
    "on-table(lemon,wood-table)": 0.45779370204157505,
    "on-table(lemon,black-table)": 0.9123464028040568,
    "on-table(lemon,white-table)": 0.001848307984649485,
    "on-table(green-bottle,wood-table)": 0.9946634471416473,
    "on-table(green-bottle,black-table)": 0.33218813887282295,
    "on-table(green-bottle,white-table)": 0.0011484864636296759,
    "on-table(loaf-of-bread,wood-table)": 0.6378890173509717,
    "on-table(loaf-of-bread,black-table)": 0.126823833744614,
    "on-table(loaf-of-bread,white-table)": 0.019176810027602187,
    "on-table(red-box-of-cereal,wood-table)": 0.1681540334636035,
    "on-table(red-box-of-cereal,black-table)": 0.11548793932646124,
    "on-table(red-box-of-cereal,white-table)": 0.6711174640804529,
    "on-table(red-can-of-soda,wood-table)": 0.16576981735124718,
    "on-table(red-can-of-soda,black-table)": 0.8310121120885015,
    "on-table(red-can-of-soda,white-table)": 0.24632758402155255,
    "robot-gripper-empty()": 0.9280419747034708,
    "robot-gripping(milk-carton)": 0.2798387811829646,
    "robot-gripping(lemon)": 0.029099259021071095,
    "robot-gripping(green-bottle)": 0.16158905745639154,
    "robot-gripping(loaf-of-bread)": 0.0898483656346798,
    "robot-gripping(red-box-of-cereal)": 0.04139349656179547,
    "robot-gripping(red-can-of-soda)": 0.06043541532320281
}