{
    "on-table(milk-carton,wood-table)": 0.3421408698583643,
    "on-table(milk-carton,black-table)": 0.5865882982810339,
    "on-table(milk-carton,white-table)": 0.24133896548300982,
    "on-table(lemon,wood-table)": 0.015896589035643654,
    "on-table(lemon,black-table)": 0.002138984575140057,
    "on-table(lemon,white-table)": 0.0032654808346705977,
    "on-table(green-bottle,wood-table)": 0.16986787503992673,
    "on-table(green-bottle,black-table)": 0.16993142485322701,
    "on-table(green-bottle,white-table)": 0.001053296518875868,
    "on-table(loaf-of-bread,wood-table)": 0.6890096136679252,
    "on-table(loaf-of-bread,black-table)": 0.1731518863459011,
    "on-table(loaf-of-bread,white-table)": 0.007404771906900957,
    "on-table(red-box-of-cereal,wood-table)": 0.2615156196213017,
    "on-table(red-box-of-cereal,black-table)": 0.2264070817279086,
    "on-table(red-box-of-cereal,white-table)": 0.7918605729937553,
    "on-table(red-can-of-soda,wood-table)": 0.16738073389084698,
    "on-table(red-can-of-soda,black-table)": 0.6065831136268874,
    "on-table(red-can-of-soda,white-table)": 0.5916036408422466,
    "robot-gripper-empty()": 0.423270133517993,
    "robot-gripping(milk-carton)": 0.4825967587530613,
    "robot-gripping(lemon)": 0.08857640662851433,
    "robot-gripping(green-bottle)": 0.7687890639839073,
    "robot-gripping(loaf-of-bread)": 0.08372255810536444,
    "robot-gripping(red-box-of-cereal)": 0.04579518583098737,
    "robot-gripping(red-can-of-soda)": 0.1282151243503904
}