{
    "on-table(milk-carton,wood-table)": 0.3186598719718556,
    "on-table(milk-carton,black-table)": 0.40068496701618034,
    "on-table(milk-carton,white-table)": 0.14043356912831464,
    "on-table(lemon,wood-table)": 0.845789493372043,
    "on-table(lemon,black-table)": 0.33222687847520166,
    "on-table(lemon,white-table)": 0.00017857549020542743,
    "on-table(green-bottle,wood-table)": 0.06474589620847837,
    "on-table(green-bottle,black-table)": 0.8032822926761582,
    "on-table(green-bottle,white-table)": 0.03068237896119778,
    "on-table(loaf-of-bread,wood-table)": 0.6446417135496935,
    "on-table(loaf-of-bread,black-table)": 0.20727760309819132,
    "on-table(loaf-of-bread,white-table)": 0.04278886659449199,
    "on-table(red-box-of-cereal,wood-table)": 0.05016922597618153,
    "on-table(red-box-of-cereal,black-table)": 0.637594897581342,
    "on-table(red-box-of-cereal,white-table)": 0.534578625112772,
    "on-table(red-can-of-soda,wood-table)": 0.16512817796926052,
    "on-table(red-can-of-soda,black-table)": 0.14932975147576144,
    "on-table(red-can-of-soda,white-table)": 0.8432682218650976,
    "robot-gripper-empty()": 0.9353479544321696,
    "robot-gripping(milk-carton)": 0.270103703563412,
    "robot-gripping(lemon)": 0.12553509258820364,
    "robot-gripping(green-bottle)": 0.10328253669043382,
    "robot-gripping(loaf-of-bread)": 0.11937271306912105,
    "robot-gripping(red-box-of-cereal)": 0.06345324233795206,
    "robot-gripping(red-can-of-soda)": 0.09180247612918417
}