{
    "on-table(milk-carton,wood-table)": 0.18203567075155055,
    "on-table(milk-carton,black-table)": 0.7089634947478771,
    "on-table(milk-carton,white-table)": 0.014344632383047914,
    "on-table(lemon,wood-table)": 0.8129567443393171,
    "on-table(lemon,black-table)": 0.3295565750167195,
    "on-table(lemon,white-table)": 0.0031956049424479716,
    "on-table(green-bottle,wood-table)": 0.16606082214275375,
    "on-table(green-bottle,black-table)": 0.0034179085791947728,
    "on-table(green-bottle,white-table)": 0.9923830429712931,
    "on-table(loaf-of-bread,wood-table)": 0.18079779151594266,
    "on-table(loaf-of-bread,black-table)": 0.4900345461598287,
    "on-table(loaf-of-bread,white-table)": 0.006144628784871505,
    "on-table(red-box-of-cereal,wood-table)": 0.3147463205968961,
    "on-table(red-box-of-cereal,black-table)": 0.23802297849518558,
    "on-table(red-box-of-cereal,white-table)": 0.0068062592957479255,
    "on-table(red-can-of-soda,wood-table)": 0.8562886665264765,
    "on-table(red-can-of-soda,black-table)": 0.1849673664585604,
    "on-table(red-can-of-soda,white-table)": 0.0058912513312255515,
    "robot-gripper-empty()": 0.6765539132757112,
    "robot-gripping(milk-carton)": 0.48983103161056835,
    "robot-gripping(lemon)": 0.11481961297492187,
    "robot-gripping(green-bottle)": 0.02832661800008888,
    "robot-gripping(loaf-of-bread)": 0.2594634663934509,
    "robot-gripping(red-box-of-cereal)": 0.5660959836095572,
    "robot-gripping(red-can-of-soda)": 0.4463077060257395
}