{
    "on-table(milk-carton,wood-table)": 0.1465954000595957,
    "on-table(milk-carton,black-table)": 0.7085547465831041,
    "on-table(milk-carton,white-table)": 0.14667246638176343,
    "on-table(lemon,wood-table)": 0.09056671592406929,
    "on-table(lemon,black-table)": 0.22917245681552836,
    "on-table(lemon,white-table)": 0.43580045917769894,
    "on-table(green-bottle,wood-table)": 0.17586112756301495,
    "on-table(green-bottle,black-table)": 0.010592708246690563,
    "on-table(green-bottle,white-table)": 0.8447542116045952,
    "on-table(loaf-of-bread,wood-table)": 0.41606952250003815,
    "on-table(loaf-of-bread,black-table)": 0.16634483534532288,
    "on-table(loaf-of-bread,white-table)": 0.48604393377900124,
    "on-table(red-box-of-cereal,wood-table)": 0.2769355565542355,
    "on-table(red-box-of-cereal,black-table)": 0.024245559752065066,
    "on-table(red-box-of-cereal,white-table)": 0.6003113969539603,
    "on-table(red-can-of-soda,wood-table)": 0.2677512460310633,
    "on-table(red-can-of-soda,black-table)": 0.012306970089715227,
    "on-table(red-can-of-soda,white-table)": 0.8046811247865359,
    "robot-gripper-empty()": 0.8783249954382578,
    "robot-gripping(milk-carton)": 0.266497324531277,
    "robot-gripping(lemon)": 0.25737954179445904,
    "robot-gripping(green-bottle)": 0.020682855043560266,
    "robot-gripping(loaf-of-bread)": 0.10548698374380668,
    "robot-gripping(red-box-of-cereal)": 0.09111286653205752,
    "robot-gripping(red-can-of-soda)": 0.23449670057743788
}