{
    "on-table(milk-carton,wood-table)": 0.33978498230377835,
    "on-table(milk-carton,black-table)": 0.1515795843054851,
    "on-table(milk-carton,white-table)": 0.27804463853438693,
    "on-table(lemon,wood-table)": 0.4019556390121579,
    "on-table(lemon,black-table)": 0.20600639974387983,
    "on-table(lemon,white-table)": 0.11667865243119498,
    "on-table(green-bottle,wood-table)": 0.397511955195417,
    "on-table(green-bottle,black-table)": 0.05031508378063639,
    "on-table(green-bottle,white-table)": 0.1790791882085614,
    "on-table(loaf-of-bread,wood-table)": 0.5160041600465775,
    "on-table(loaf-of-bread,black-table)": 0.12441599540761672,
    "on-table(loaf-of-bread,white-table)": 0.2533118352293968,
    "on-table(red-box-of-cereal,wood-table)": 0.08800451104373981,
    "on-table(red-box-of-cereal,black-table)": 0.014087432529777288,
    "on-table(red-box-of-cereal,white-table)": 0.014218973975706225,
    "on-table(red-can-of-soda,wood-table)": 0.14602096646558493,
    "on-table(red-can-of-soda,black-table)": 0.04777604104795804,
    "on-table(red-can-of-soda,white-table)": 0.03568622225429863,
    "robot-gripper-empty()": 0.6788204511006674,
    "robot-gripping(milk-carton)": 0.4120674878358841,
    "robot-gripping(lemon)": 0.4943764079362154,
    "robot-gripping(green-bottle)": 0.12982731902350983,
    "robot-gripping(loaf-of-bread)": 0.27457619675745565,
    "robot-gripping(red-box-of-cereal)": 0.06254245441717406,
    "robot-gripping(red-can-of-soda)": 0.22900505654979497
}