{
    "on-table(milk-carton,wood-table)": 0.20364406217898554,
    "on-table(milk-carton,black-table)": 0.6413451091696819,
    "on-table(milk-carton,white-table)": 0.07942729497517576,
    "on-table(lemon,wood-table)": 0.03393080555057774,
    "on-table(lemon,black-table)": 0.2963158475455809,
    "on-table(lemon,white-table)": 0.043818777431927934,
    "on-table(green-bottle,wood-table)": 0.16761816367943538,
    "on-table(green-bottle,black-table)": 0.0003588490129307805,
    "on-table(green-bottle,white-table)": 0.8336504118245406,
    "on-table(loaf-of-bread,wood-table)": 0.5380553302044669,
    "on-table(loaf-of-bread,black-table)": 0.1476152382553361,
    "on-table(loaf-of-bread,white-table)": 0.3513154451963298,
    "on-table(red-box-of-cereal,wood-table)": 0.8837260007858276,
    "on-table(red-box-of-cereal,black-table)": 0.17542786732519744,
    "on-table(red-box-of-cereal,white-table)": 0.4710055014365935,
    "on-table(red-can-of-soda,wood-table)": 0.9919384121894836,
    "on-table(red-can-of-soda,black-table)": 0.29686281103136025,
    "on-table(red-can-of-soda,white-table)": 0.1960755530356361,
    "robot-gripper-empty()": 0.8939601431290308,
    "robot-gripping(milk-carton)": 0.0958566766542693,
    "robot-gripping(lemon)": 0.04567965337385734,
    "robot-gripping(green-bottle)": 0.00428477197419852,
    "robot-gripping(loaf-of-bread)": 0.1025455262279138,
    "robot-gripping(red-box-of-cereal)": 0.09505298694906135,
    "robot-gripping(red-can-of-soda)": 0.2085118789691478
}