{
    "on-table(milk-carton,wood-table)": 0.15610284265130758,
    "on-table(milk-carton,black-table)": 0.11062290573803087,
    "on-table(milk-carton,white-table)": 0.041989971922400095,
    "on-table(lemon,wood-table)": 0.12355877443527181,
    "on-table(lemon,black-table)": 0.014814818670856766,
    "on-table(lemon,white-table)": 0.04794831620529294,
    "on-table(green-bottle,wood-table)": 0.1680839933202757,
    "on-table(green-bottle,black-table)": 0.1690510870127279,
    "on-table(green-bottle,white-table)": 0.0024155440150934737,
    "on-table(loaf-of-bread,wood-table)": 0.4291662467876449,
    "on-table(loaf-of-bread,black-table)": 0.0020590882437924543,
    "on-table(loaf-of-bread,white-table)": 0.028526657316433557,
    "on-table(red-box-of-cereal,wood-table)": 0.007484801562289552,
    "on-table(red-box-of-cereal,black-table)": 0.1965238646347037,
    "on-table(red-box-of-cereal,white-table)": 0.09478349033634004,
    "on-table(red-can-of-soda,wood-table)": 0.04489506907702889,
    "on-table(red-can-of-soda,black-table)": 0.7560952267764757,
    "on-table(red-can-of-soda,white-table)": 0.07975025807168852,
    "robot-gripper-empty()": 0.32454984391612623,
    "robot-gripping(milk-carton)": 0.30299618033071357,
    "robot-gripping(lemon)": 0.4550209927062194,
    "robot-gripping(green-bottle)": 0.810294379790624,
    "robot-gripping(loaf-of-bread)": 0.09677855612244457,
    "robot-gripping(red-box-of-cereal)": 0.02695936448193,
    "robot-gripping(red-can-of-soda)": 0.1639844517533978
}