{
    "on-table(milk-carton,wood-table)": 0.4573254144440095,
    "on-table(milk-carton,black-table)": 0.2852298994694138,
    "on-table(milk-carton,white-table)": 0.38315819727722555,
    "on-table(lemon,wood-table)": 0.7790544355909029,
    "on-table(lemon,black-table)": 0.4323308400435053,
    "on-table(lemon,white-table)": 0.012058303177582275,
    "on-table(green-bottle,wood-table)": 0.01038732186134439,
    "on-table(green-bottle,black-table)": 0.0021136946253742885,
    "on-table(green-bottle,white-table)": 0.9644317030906677,
    "on-table(loaf-of-bread,wood-table)": 0.4539808835834265,
    "on-table(loaf-of-bread,black-table)": 0.466303297628959,
    "on-table(loaf-of-bread,white-table)": 0.007984494635214409,
    "on-table(red-box-of-cereal,wood-table)": 0.9746841788291931,
    "on-table(red-box-of-cereal,black-table)": 0.4518305074113111,
    "on-table(red-box-of-cereal,white-table)": 0.004494512841726343,
    "on-table(red-can-of-soda,wood-table)": 0.5065135158559618,
    "on-table(red-can-of-soda,black-table)": 0.9466368655363718,
    "on-table(red-can-of-soda,white-table)": 0.0008902517565729795,
    "robot-gripper-empty()": 0.9321073889732361,
    "robot-gripping(milk-carton)": 0.10056755288193624,
    "robot-gripping(lemon)": 0.054896296778072916,
    "robot-gripping(green-bottle)": 0.03838716127211228,
    "robot-gripping(loaf-of-bread)": 0.1356430168574055,
    "robot-gripping(red-box-of-cereal)": 0.1312406447250396,
    "robot-gripping(red-can-of-soda)": 0.09114159022768338
}