{
    "on-table(milk-carton,wood-table)": 0.46996747027151287,
    "on-table(milk-carton,black-table)": 0.5098553854816904,
    "on-table(milk-carton,white-table)": 0.0372105839754416,
    "on-table(lemon,wood-table)": 0.18115079109581225,
    "on-table(lemon,black-table)": 0.8299452445159355,
    "on-table(lemon,white-table)": 0.0008070838345399048,
    "on-table(green-bottle,wood-table)": 0.1700599261021125,
    "on-table(green-bottle,black-table)": 0.1697905944406557,
    "on-table(green-bottle,white-table)": 0.0012094591074855998,
    "on-table(loaf-of-bread,wood-table)": 0.6300919751326243,
    "on-table(loaf-of-bread,black-table)": 0.017001261255548645,
    "on-table(loaf-of-bread,white-table)": 0.16792617604369298,
    "on-table(red-box-of-cereal,wood-table)": 0.32710908601681393,
    "on-table(red-box-of-cereal,black-table)": 0.0015848939710849663,
    "on-table(red-box-of-cereal,white-table)": 0.6723745982162654,
    "on-table(red-can-of-soda,wood-table)": 0.836427488985161,
    "on-table(red-can-of-soda,black-table)": 0.16661920444191006,
    "on-table(red-can-of-soda,white-table)": 0.16950710779534953,
    "robot-gripper-empty()": 0.45411627741608146,
    "robot-gripping(milk-carton)": 0.21512928480903307,
    "robot-gripping(lemon)": 0.09925683948677033,
    "robot-gripping(green-bottle)": 0.7371995057134578,
    "robot-gripping(loaf-of-bread)": 0.0483653275296092,
    "robot-gripping(red-box-of-cereal)": 0.02781477772805374,
    "robot-gripping(red-can-of-soda)": 0.09394506928704989
}