{
    "on-table(milk-carton,wood-table)": 0.5968978106975555,
    "on-table(milk-carton,black-table)": 0.17457295907176254,
    "on-table(milk-carton,white-table)": 0.17679253102384487,
    "on-table(lemon,wood-table)": 0.1807102748862235,
    "on-table(lemon,black-table)": 0.0052735930460888385,
    "on-table(lemon,white-table)": 0.9908857842286428,
    "on-table(green-bottle,wood-table)": 0.14897683070254666,
    "on-table(green-bottle,black-table)": 0.17010584602273107,
    "on-table(green-bottle,white-table)": 0.0026405188188315756,
    "on-table(loaf-of-bread,wood-table)": 0.12385306892489704,
    "on-table(loaf-of-bread,black-table)": 0.002427751676805201,
    "on-table(loaf-of-bread,white-table)": 0.4821636377212902,
    "on-table(red-box-of-cereal,wood-table)": 0.013729069314043349,
    "on-table(red-box-of-cereal,black-table)": 0.2337837115774164,
    "on-table(red-box-of-cereal,white-table)": 0.014645222729692856,
    "on-table(red-can-of-soda,wood-table)": 0.15803121169422715,
    "on-table(red-can-of-soda,black-table)": 0.8326460052436838,
    "on-table(red-can-of-soda,white-table)": 0.007218237024517293,
    "robot-gripper-empty()": 0.35247918823733926,
    "robot-gripping(milk-carton)": 0.27966422292714316,
    "robot-gripping(lemon)": 0.07303135888651013,
    "robot-gripping(green-bottle)": 0.8190703056752682,
    "robot-gripping(loaf-of-bread)": 0.09707259916467592,
    "robot-gripping(red-box-of-cereal)": 0.029779222362170305,
    "robot-gripping(red-can-of-soda)": 0.15415479172952473
}