{
    "on-table(milk-carton,wood-table)": 0.12546573635578775,
    "on-table(milk-carton,black-table)": 0.6863608302858969,
    "on-table(milk-carton,white-table)": 0.14516011336430287,
    "on-table(lemon,wood-table)": 0.8507002405822277,
    "on-table(lemon,black-table)": 0.17434289886098972,
    "on-table(lemon,white-table)": 0.037453350760794514,
    "on-table(green-bottle,wood-table)": 0.16632540024875198,
    "on-table(green-bottle,black-table)": 0.01088834210126303,
    "on-table(green-bottle,white-table)": 0.8446708309153715,
    "on-table(loaf-of-bread,wood-table)": 0.30699183403824765,
    "on-table(loaf-of-bread,black-table)": 0.15156976506114006,
    "on-table(loaf-of-bread,white-table)": 0.6014825304349264,
    "on-table(red-box-of-cereal,wood-table)": 0.08675480764941312,
    "on-table(red-box-of-cereal,black-table)": 0.016291387965490383,
    "on-table(red-box-of-cereal,white-table)": 0.5937581760808825,
    "on-table(red-can-of-soda,wood-table)": 0.160976604524573,
    "on-table(red-can-of-soda,black-table)": 0.011870609713696467,
    "on-table(red-can-of-soda,white-table)": 0.9389684498310089,
    "robot-gripper-empty()": 0.8391393050551414,
    "robot-gripping(milk-carton)": 0.16788017377257347,
    "robot-gripping(lemon)": 0.1837427318096161,
    "robot-gripping(green-bottle)": 0.012278152765550962,
    "robot-gripping(loaf-of-bread)": 0.12344691654046376,
    "robot-gripping(red-box-of-cereal)": 0.04273579727547864,
    "robot-gripping(red-can-of-soda)": 0.09209654747974128
}