{
    "on-table(milk-carton,wood-table)": 0.1492993450180317,
    "on-table(milk-carton,black-table)": 0.37227056282184395,
    "on-table(milk-carton,white-table)": 0.5847212047083303,
    "on-table(lemon,wood-table)": 0.3055868945860614,
    "on-table(lemon,black-table)": 0.3287251781075611,
    "on-table(lemon,white-table)": 0.0030963616033356325,
    "on-table(green-bottle,wood-table)": 0.9988971849282583,
    "on-table(green-bottle,black-table)": 0.3332720763794252,
    "on-table(green-bottle,white-table)": 0.0007909052207727049,
    "on-table(loaf-of-bread,wood-table)": 0.18022810302985212,
    "on-table(loaf-of-bread,black-table)": 0.522043433583652,
    "on-table(loaf-of-bread,white-table)": 0.20539870191229662,
    "on-table(red-box-of-cereal,wood-table)": 0.04097334727218064,
    "on-table(red-box-of-cereal,black-table)": 0.003737624346589049,
    "on-table(red-box-of-cereal,white-table)": 0.6797222984799495,
    "on-table(red-can-of-soda,wood-table)": 0.08088719778364369,
    "on-table(red-can-of-soda,black-table)": 0.04255257464016419,
    "on-table(red-can-of-soda,white-table)": 0.7915869652254818,
    "robot-gripper-empty()": 0.9207721054553986,
    "robot-gripping(milk-carton)": 0.15976856959362826,
    "robot-gripping(lemon)": 0.0447240878517429,
    "robot-gripping(green-bottle)": 0.03539718850515783,
    "robot-gripping(loaf-of-bread)": 0.06545514613389969,
    "robot-gripping(red-box-of-cereal)": 0.07885475386865437,
    "robot-gripping(red-can-of-soda)": 0.46272210124880075
}