{
    "on-table(milk-carton,wood-table)": 0.15963207030047974,
    "on-table(milk-carton,black-table)": 0.13611918784833202,
    "on-table(milk-carton,white-table)": 0.8438185751438141,
    "on-table(lemon,wood-table)": 0.275934060899696,
    "on-table(lemon,black-table)": 0.9849268893400828,
    "on-table(lemon,white-table)": 0.0025763260862277093,
    "on-table(green-bottle,wood-table)": 0.3295434747512142,
    "on-table(green-bottle,black-table)": 0.9821119705835978,
    "on-table(green-bottle,white-table)": 0.11243082688505031,
    "on-table(loaf-of-bread,wood-table)": 0.24402531290737292,
    "on-table(loaf-of-bread,black-table)": 0.5745024814580878,
    "on-table(loaf-of-bread,white-table)": 0.15436926238665669,
    "on-table(red-box-of-cereal,wood-table)": 0.15341418439493282,
    "on-table(red-box-of-cereal,black-table)": 0.008984871845314046,
    "on-table(red-box-of-cereal,white-table)": 0.8354366729035974,
    "on-table(red-can-of-soda,wood-table)": 0.15265905365595245,
    "on-table(red-can-of-soda,black-table)": 0.014790977146428,
    "on-table(red-can-of-soda,white-table)": 0.9843150575955709,
    "robot-gripper-empty()": 0.9735952615737915,
    "robot-gripping(milk-carton)": 0.11310033469150464,
    "robot-gripping(lemon)": 0.04359450129171213,
    "robot-gripping(green-bottle)": 0.05674769269535318,
    "robot-gripping(loaf-of-bread)": 0.09604740173866351,
    "robot-gripping(red-box-of-cereal)": 0.06432167064243306,
    "robot-gripping(red-can-of-soda)": 0.13187025774580738
}