{
    "on-table(milk-carton,wood-table)": 0.8073640863100687,
    "on-table(milk-carton,black-table)": 0.16087552533766333,
    "on-table(milk-carton,white-table)": 0.029975510652851273,
    "on-table(lemon,wood-table)": 0.19899048285272633,
    "on-table(lemon,black-table)": 0.0002733696357305841,
    "on-table(lemon,white-table)": 0.8353353724814951,
    "on-table(green-bottle,wood-table)": 0.8786645630995432,
    "on-table(green-bottle,black-table)": 0.24869657796324418,
    "on-table(green-bottle,white-table)": 0.004221465154766217,
    "on-table(loaf-of-bread,wood-table)": 0.5027587095391937,
    "on-table(loaf-of-bread,black-table)": 0.12808373039539825,
    "on-table(loaf-of-bread,white-table)": 0.07975928166342783,
    "on-table(red-box-of-cereal,wood-table)": 0.9197566111882528,
    "on-table(red-box-of-cereal,black-table)": 0.3277677522482918,
    "on-table(red-box-of-cereal,white-table)": 0.03252786013035802,
    "on-table(red-can-of-soda,wood-table)": 0.9780702590942383,
    "on-table(red-can-of-soda,black-table)": 0.3290874862142725,
    "on-table(red-can-of-soda,white-table)": 0.014382618072356005,
    "robot-gripper-empty()": 0.9564531743526459,
    "robot-gripping(milk-carton)": 0.12486770376563072,
    "robot-gripping(lemon)": 0.032905241125263274,
    "robot-gripping(green-bottle)": 0.10083738799827795,
    "robot-gripping(loaf-of-bread)": 0.07466543403764565,
    "robot-gripping(red-box-of-cereal)": 0.06458908474693696,
    "robot-gripping(red-can-of-soda)": 0.085597046961387
}