{
    "on-table(milk-carton,wood-table)": 0.9012498060862223,
    "on-table(milk-carton,black-table)": 0.2761409961191627,
    "on-table(milk-carton,white-table)": 0.008999404031783342,
    "on-table(lemon,wood-table)": 0.1367996118691129,
    "on-table(lemon,black-table)": 0.006637770145781967,
    "on-table(lemon,white-table)": 0.999127209186554,
    "on-table(green-bottle,wood-table)": 0.1723181860143086,
    "on-table(green-bottle,black-table)": 0.17668735711155628,
    "on-table(green-bottle,white-table)": 0.0009704383865027921,
    "on-table(loaf-of-bread,wood-table)": 0.17946617429455122,
    "on-table(loaf-of-bread,black-table)": 0.16288960176946907,
    "on-table(loaf-of-bread,white-table)": 0.48632972113167244,
    "on-table(red-box-of-cereal,wood-table)": 0.9902887443701426,
    "on-table(red-box-of-cereal,black-table)": 0.3385624755853011,
    "on-table(red-box-of-cereal,white-table)": 0.003868837038074465,
    "on-table(red-can-of-soda,wood-table)": 0.5699084786077341,
    "on-table(red-can-of-soda,black-table)": 0.838964850952228,
    "on-table(red-can-of-soda,white-table)": 0.004763487700984115,
    "robot-gripper-empty()": 0.457753161356474,
    "robot-gripping(milk-carton)": 0.12062714109197259,
    "robot-gripping(lemon)": 0.05688892762797574,
    "robot-gripping(green-bottle)": 0.698658955283463,
    "robot-gripping(loaf-of-bread)": 0.04802208327843497,
    "robot-gripping(red-box-of-cereal)": 0.03663685808229881,
    "robot-gripping(red-can-of-soda)": 0.12873354728799313
}