{
    "on-table(milk-carton,wood-table)": 0.03043514854895572,
    "on-table(milk-carton,black-table)": 0.44863615091890097,
    "on-table(milk-carton,white-table)": 0.14253373028865704,
    "on-table(lemon,wood-table)": 0.8426928222179413,
    "on-table(lemon,black-table)": 0.15202566113142288,
    "on-table(lemon,white-table)": 0.022739048734365497,
    "on-table(green-bottle,wood-table)": 0.16851061145037724,
    "on-table(green-bottle,black-table)": 0.17066312718816334,
    "on-table(green-bottle,white-table)": 0.002470157525143198,
    "on-table(loaf-of-bread,wood-table)": 0.05152225048126032,
    "on-table(loaf-of-bread,black-table)": 0.1153581733815372,
    "on-table(loaf-of-bread,white-table)": 0.34709927514389466,
    "on-table(red-box-of-cereal,wood-table)": 0.006160512566566467,
    "on-table(red-box-of-cereal,black-table)": 0.24836774568151063,
    "on-table(red-box-of-cereal,white-table)": 0.012952262351367002,
    "on-table(red-can-of-soda,wood-table)": 0.01052110995321224,
    "on-table(red-can-of-soda,black-table)": 0.3601883209873146,
    "on-table(red-can-of-soda,white-table)": 0.10535149516363163,
    "robot-gripper-empty()": 0.3406470263823091,
    "robot-gripping(milk-carton)": 0.4459535075972478,
    "robot-gripping(lemon)": 0.14073436163986722,
    "robot-gripping(green-bottle)": 0.8296340225885311,
    "robot-gripping(loaf-of-bread)": 0.13074760884046555,
    "robot-gripping(red-box-of-cereal)": 0.0677510100552657,
    "robot-gripping(red-can-of-soda)": 0.4192052996950224
}