{
    "on-table(milk-carton,wood-table)": 0.13575022496903935,
    "on-table(milk-carton,black-table)": 0.034566481170865394,
    "on-table(milk-carton,white-table)": 0.7387100085616112,
    "on-table(lemon,wood-table)": 0.22237774180878964,
    "on-table(lemon,black-table)": 0.011477251297340748,
    "on-table(lemon,white-table)": 0.0021316258589649806,
    "on-table(green-bottle,wood-table)": 0.8307861945747087,
    "on-table(green-bottle,black-table)": 0.16771642887427637,
    "on-table(green-bottle,white-table)": 0.001434220482830521,
    "on-table(loaf-of-bread,wood-table)": 0.07979016952837507,
    "on-table(loaf-of-bread,black-table)": 0.04269260490157952,
    "on-table(loaf-of-bread,white-table)": 0.2536384219614168,
    "on-table(red-box-of-cereal,wood-table)": 0.22464294127227427,
    "on-table(red-box-of-cereal,black-table)": 0.03162631493008424,
    "on-table(red-box-of-cereal,white-table)": 0.9936965008576711,
    "on-table(red-can-of-soda,wood-table)": 0.1875065294249604,
    "on-table(red-can-of-soda,black-table)": 0.006801540648211812,
    "on-table(red-can-of-soda,white-table)": 0.9933655659357706,
    "robot-gripper-empty()": 0.8289101657768091,
    "robot-gripping(milk-carton)": 0.10868092253804207,
    "robot-gripping(lemon)": 0.021899892870957654,
    "robot-gripping(green-bottle)": 0.17649651815493902,
    "robot-gripping(loaf-of-bread)": 0.10742002880821626,
    "robot-gripping(red-box-of-cereal)": 0.03801278816536069,
    "robot-gripping(red-can-of-soda)": 0.060698514338582754
}