{
    "on-table(milk-carton,wood-table)": 0.27641823546340066,
    "on-table(milk-carton,black-table)": 0.40939385110201937,
    "on-table(milk-carton,white-table)": 0.5839739317695299,
    "on-table(lemon,wood-table)": 0.18933291787592074,
    "on-table(lemon,black-table)": 0.6863980069756508,
    "on-table(lemon,white-table)": 0.0653335099564174,
    "on-table(green-bottle,wood-table)": 0.28811936246832676,
    "on-table(green-bottle,black-table)": 0.945832222700119,
    "on-table(green-bottle,white-table)": 0.005087840935857457,
    "on-table(loaf-of-bread,wood-table)": 0.16899699857458472,
    "on-table(loaf-of-bread,black-table)": 0.02958949616489311,
    "on-table(loaf-of-bread,white-table)": 0.4485764267543952,
    "on-table(red-box-of-cereal,wood-table)": 0.21510596348283192,
    "on-table(red-box-of-cereal,black-table)": 0.006009967961290386,
    "on-table(red-box-of-cereal,white-table)": 0.8400764527420203,
    "on-table(red-can-of-soda,wood-table)": 0.163792734228385,
    "on-table(red-can-of-soda,black-table)": 0.016734359304109603,
    "on-table(red-can-of-soda,white-table)": 0.9819534222284952,
    "robot-gripper-empty()": 0.9379751980304718,
    "robot-gripping(milk-carton)": 0.21716679322222868,
    "robot-gripping(lemon)": 0.07588351036732395,
    "robot-gripping(green-bottle)": 0.1545736490127941,
    "robot-gripping(loaf-of-bread)": 0.1376120907564958,
    "robot-gripping(red-box-of-cereal)": 0.12484581811198343,
    "robot-gripping(red-can-of-soda)": 0.17918100984146199
}