{
    "on-table(milk-carton,wood-table)": 0.09897165310879548,
    "on-table(milk-carton,black-table)": 0.7895105710874001,
    "on-table(milk-carton,white-table)": 0.05377981065369871,
    "on-table(lemon,wood-table)": 0.10463036019549084,
    "on-table(lemon,black-table)": 0.655144267094632,
    "on-table(lemon,white-table)": 0.016475710731659394,
    "on-table(green-bottle,wood-table)": 0.16097755276132375,
    "on-table(green-bottle,black-table)": 0.003793930502903701,
    "on-table(green-bottle,white-table)": 0.8367190590749184,
    "on-table(loaf-of-bread,wood-table)": 0.3100665287832574,
    "on-table(loaf-of-bread,black-table)": 0.18227910193430338,
    "on-table(loaf-of-bread,white-table)": 0.3866283791527773,
    "on-table(red-box-of-cereal,wood-table)": 0.1925928480438112,
    "on-table(red-box-of-cereal,black-table)": 0.8295662032905966,
    "on-table(red-box-of-cereal,white-table)": 0.017618617825064575,
    "on-table(red-can-of-soda,wood-table)": 0.03166365971992491,
    "on-table(red-can-of-soda,black-table)": 0.7714021267990271,
    "on-table(red-can-of-soda,white-table)": 0.00887164232365952,
    "robot-gripper-empty()": 0.8216685851414999,
    "robot-gripping(milk-carton)": 0.1632942029585441,
    "robot-gripping(lemon)": 0.05211496104796728,
    "robot-gripping(green-bottle)": 0.021508727183875937,
    "robot-gripping(loaf-of-bread)": 0.07538933213800192,
    "robot-gripping(red-box-of-cereal)": 0.18314240981514254,
    "robot-gripping(red-can-of-soda)": 0.4076664311190446
}