{
    "on-table(milk-carton,wood-table)": 0.8143330017725626,
    "on-table(milk-carton,black-table)": 0.14831772018563547,
    "on-table(milk-carton,white-table)": 0.16122168063035738,
    "on-table(lemon,wood-table)": 0.8423678676287333,
    "on-table(lemon,black-table)": 0.17671892881412532,
    "on-table(lemon,white-table)": 0.02976355534868465,
    "on-table(green-bottle,wood-table)": 0.7760743947389225,
    "on-table(green-bottle,black-table)": 0.16989171116586968,
    "on-table(green-bottle,white-table)": 0.003240783008550352,
    "on-table(loaf-of-bread,wood-table)": 0.7758439506093661,
    "on-table(loaf-of-bread,black-table)": 0.15395129969025825,
    "on-table(loaf-of-bread,white-table)": 0.16459277906233183,
    "on-table(red-box-of-cereal,wood-table)": 0.14524522318000285,
    "on-table(red-box-of-cereal,black-table)": 0.6643985544797033,
    "on-table(red-box-of-cereal,white-table)": 0.0854256785648128,
    "on-table(red-can-of-soda,wood-table)": 0.1270140362200133,
    "on-table(red-can-of-soda,black-table)": 0.8154706174973398,
    "on-table(red-can-of-soda,white-table)": 0.08017476500704863,
    "robot-gripper-empty()": 0.964614083369573,
    "robot-gripping(milk-carton)": 0.15380196397503218,
    "robot-gripping(lemon)": 0.04741336296622952,
    "robot-gripping(green-bottle)": 0.1138594838945816,
    "robot-gripping(loaf-of-bread)": 0.07759246602654457,
    "robot-gripping(red-box-of-cereal)": 0.04195344463611642,
    "robot-gripping(red-can-of-soda)": 0.12124425902341802
}