{
    "on-table(milk-carton,wood-table)": 0.2617715825326741,
    "on-table(milk-carton,black-table)": 0.1320556029677391,
    "on-table(milk-carton,white-table)": 0.6493056761100888,
    "on-table(lemon,wood-table)": 0.8382806324710449,
    "on-table(lemon,black-table)": 0.1669148476899712,
    "on-table(lemon,white-table)": 0.006537890573175294,
    "on-table(green-bottle,wood-table)": 0.16838774012285285,
    "on-table(green-bottle,black-table)": 0.16915678654004296,
    "on-table(green-bottle,white-table)": 0.002628078123962041,
    "on-table(loaf-of-bread,wood-table)": 0.11227284449463089,
    "on-table(loaf-of-bread,black-table)": 0.00465340093554308,
    "on-table(loaf-of-bread,white-table)": 0.25972641072197195,
    "on-table(red-box-of-cereal,wood-table)": 0.3145353745203465,
    "on-table(red-box-of-cereal,black-table)": 0.15580432082060724,
    "on-table(red-box-of-cereal,white-table)": 0.8752567768096924,
    "on-table(red-can-of-soda,wood-table)": 0.15960496217303444,
    "on-table(red-can-of-soda,black-table)": 0.6996309490447553,
    "on-table(red-can-of-soda,white-table)": 0.4818574729376148,
    "robot-gripper-empty()": 0.5067864243562022,
    "robot-gripping(milk-carton)": 0.3851548917591572,
    "robot-gripping(lemon)": 0.20467094704508781,
    "robot-gripping(green-bottle)": 0.6627365519137433,
    "robot-gripping(loaf-of-bread)": 0.08514130922655265,
    "robot-gripping(red-box-of-cereal)": 0.04578398112304664,
    "robot-gripping(red-can-of-soda)": 0.09282486088583634
}