{
    "on-table(milk-carton,wood-table)": 0.05322836620810752,
    "on-table(milk-carton,black-table)": 0.6782940564056238,
    "on-table(milk-carton,white-table)": 0.1429261319596359,
    "on-table(lemon,wood-table)": 0.9766299426555634,
    "on-table(lemon,black-table)": 0.16685752256004585,
    "on-table(lemon,white-table)": 0.16570989888593127,
    "on-table(green-bottle,wood-table)": 0.6717817300620178,
    "on-table(green-bottle,black-table)": 0.1692329702756107,
    "on-table(green-bottle,white-table)": 0.002609529684112507,
    "on-table(loaf-of-bread,wood-table)": 0.190735236586382,
    "on-table(loaf-of-bread,black-table)": 0.018269401470509667,
    "on-table(loaf-of-bread,white-table)": 0.7402278656760851,
    "on-table(red-box-of-cereal,wood-table)": 0.13448861877259333,
    "on-table(red-box-of-cereal,black-table)": 0.8449427386124929,
    "on-table(red-box-of-cereal,white-table)": 0.036474763797741616,
    "on-table(red-can-of-soda,wood-table)": 0.1661228238250866,
    "on-table(red-can-of-soda,black-table)": 0.8960451086362203,
    "on-table(red-can-of-soda,white-table)": 0.0019260666958871298,
    "robot-gripper-empty()": 0.8302212953567505,
    "robot-gripping(milk-carton)": 0.10296122636646032,
    "robot-gripping(lemon)": 0.10404616128653288,
    "robot-gripping(green-bottle)": 0.17600777607488757,
    "robot-gripping(loaf-of-bread)": 0.05312607561548551,
    "robot-gripping(red-box-of-cereal)": 0.0614442564935113,
    "robot-gripping(red-can-of-soda)": 0.12151185283437371
}