{
    "on-table(milk-carton,wood-table)": 0.45177140707770985,
    "on-table(milk-carton,black-table)": 0.04121588705553828,
    "on-table(milk-carton,white-table)": 0.28195739995135227,
    "on-table(lemon,wood-table)": 0.3338017591983468,
    "on-table(lemon,black-table)": 0.9170903066794077,
    "on-table(lemon,white-table)": 0.01874208964848852,
    "on-table(green-bottle,wood-table)": 0.166662550541029,
    "on-table(green-bottle,black-table)": 0.8222593347309157,
    "on-table(green-bottle,white-table)": 0.004677662970758926,
    "on-table(loaf-of-bread,wood-table)": 0.4834059650699298,
    "on-table(loaf-of-bread,black-table)": 0.004777347547739434,
    "on-table(loaf-of-bread,white-table)": 0.1893134896454285,
    "on-table(red-box-of-cereal,wood-table)": 0.08471530904838194,
    "on-table(red-box-of-cereal,black-table)": 0.041012982410999634,
    "on-table(red-box-of-cereal,white-table)": 0.2366557584706849,
    "on-table(red-can-of-soda,wood-table)": 0.4180049809995883,
    "on-table(red-can-of-soda,black-table)": 0.7245052102953196,
    "on-table(red-can-of-soda,white-table)": 0.015559306318815894,
    "robot-gripper-empty()": 0.9108262658119202,
    "robot-gripping(milk-carton)": 0.1120153268178304,
    "robot-gripping(lemon)": 0.043593859455237784,
    "robot-gripping(green-bottle)": 0.028172766401742894,
    "robot-gripping(loaf-of-bread)": 0.06039025844074786,
    "robot-gripping(red-box-of-cereal)": 0.027583559916820377,
    "robot-gripping(red-can-of-soda)": 0.05716065798575679
}