{
    "on-table(milk-carton,wood-table)": 0.19824518936608607,
    "on-table(milk-carton,black-table)": 0.13744407392126354,
    "on-table(milk-carton,white-table)": 0.935307373603185,
    "on-table(lemon,wood-table)": 0.215722553790935,
    "on-table(lemon,black-table)": 0.11833324059989536,
    "on-table(lemon,white-table)": 0.9269301990667979,
    "on-table(green-bottle,wood-table)": 0.9822615285714468,
    "on-table(green-bottle,black-table)": 0.3323736773309065,
    "on-table(green-bottle,white-table)": 0.0021768000495588544,
    "on-table(loaf-of-bread,wood-table)": 0.18790463307717195,
    "on-table(loaf-of-bread,black-table)": 0.4816853019098441,
    "on-table(loaf-of-bread,white-table)": 0.3146752864122391,
    "on-table(red-box-of-cereal,wood-table)": 0.16557667926341915,
    "on-table(red-box-of-cereal,black-table)": 0.05349922847138563,
    "on-table(red-box-of-cereal,white-table)": 0.9985349277655283,
    "on-table(red-can-of-soda,wood-table)": 0.16213123487917377,
    "on-table(red-can-of-soda,black-table)": 0.006397695364777671,
    "on-table(red-can-of-soda,white-table)": 0.9981306989987692,
    "robot-gripper-empty()": 0.9178761740525564,
    "robot-gripping(milk-carton)": 0.11558380350470543,
    "robot-gripping(lemon)": 0.07238050627832611,
    "robot-gripping(green-bottle)": 0.1686613893446823,
    "robot-gripping(loaf-of-bread)": 0.09151303519805272,
    "robot-gripping(red-box-of-cereal)": 0.06977068345683317,
    "robot-gripping(red-can-of-soda)": 0.1102670638744409
}