{
    "on-table(milk-carton,wood-table)": 0.3937046653785122,
    "on-table(milk-carton,black-table)": 0.6965139247477055,
    "on-table(milk-carton,white-table)": 0.21837213135737935,
    "on-table(lemon,wood-table)": 0.018319226102903485,
    "on-table(lemon,black-table)": 0.27030318005320925,
    "on-table(lemon,white-table)": 0.2943845674089971,
    "on-table(green-bottle,wood-table)": 0.01267775441131865,
    "on-table(green-bottle,black-table)": 0.4093797166327325,
    "on-table(green-bottle,white-table)": 0.058226478643215764,
    "on-table(loaf-of-bread,wood-table)": 0.3012389352467532,
    "on-table(loaf-of-bread,black-table)": 0.008780382460372493,
    "on-table(loaf-of-bread,white-table)": 0.5099479593336582,
    "on-table(red-box-of-cereal,wood-table)": 0.8352511146416267,
    "on-table(red-box-of-cereal,black-table)": 0.1676443078830895,
    "on-table(red-box-of-cereal,white-table)": 0.01780728013166784,
    "on-table(red-can-of-soda,wood-table)": 0.8390630452583233,
    "on-table(red-can-of-soda,black-table)": 0.1663988696553247,
    "on-table(red-can-of-soda,white-table)": 0.01757551291787725,
    "robot-gripper-empty()": 0.8981296916802725,
    "robot-gripping(milk-carton)": 0.1896025507400433,
    "robot-gripping(lemon)": 0.16068180665994683,
    "robot-gripping(green-bottle)": 0.21465684023375312,
    "robot-gripping(loaf-of-bread)": 0.13091936505710086,
    "robot-gripping(red-box-of-cereal)": 0.11996844480745494,
    "robot-gripping(red-can-of-soda)": 0.15821921390791735
}