{
    "on-table(milk-carton,wood-table)": 0.22432212337541083,
    "on-table(milk-carton,black-table)": 0.007969062183595573,
    "on-table(milk-carton,white-table)": 0.834699577341477,
    "on-table(lemon,wood-table)": 0.3010182012961498,
    "on-table(lemon,black-table)": 0.8816590408484141,
    "on-table(lemon,white-table)": 0.00221982024307484,
    "on-table(green-bottle,wood-table)": 0.16855637151699435,
    "on-table(green-bottle,black-table)": 0.1687144331081072,
    "on-table(green-bottle,white-table)": 0.005378538164829176,
    "on-table(loaf-of-bread,wood-table)": 0.508430114792039,
    "on-table(loaf-of-bread,black-table)": 0.009501979077564707,
    "on-table(loaf-of-bread,white-table)": 0.13990105774913295,
    "on-table(red-box-of-cereal,wood-table)": 0.021370102554404486,
    "on-table(red-box-of-cereal,black-table)": 0.014497272165802618,
    "on-table(red-box-of-cereal,white-table)": 0.7437752516319355,
    "on-table(red-can-of-soda,wood-table)": 0.16415603045425087,
    "on-table(red-can-of-soda,black-table)": 0.8276952770684147,
    "on-table(red-can-of-soda,white-table)": 0.34247867796148057,
    "robot-gripper-empty()": 0.4316293681816508,
    "robot-gripping(milk-carton)": 0.18523487324515978,
    "robot-gripping(lemon)": 0.1509379818647479,
    "robot-gripping(green-bottle)": 0.6928596484164397,
    "robot-gripping(loaf-of-bread)": 0.06701628460238378,
    "robot-gripping(red-box-of-cereal)": 0.21935279878865308,
    "robot-gripping(red-can-of-soda)": 0.0631321628849643
}