{
    "on-table(milk-carton,wood-table)": 0.21691821236163378,
    "on-table(milk-carton,black-table)": 0.2850295884224276,
    "on-table(milk-carton,white-table)": 0.08024966895269851,
    "on-table(lemon,wood-table)": 0.1753800557150195,
    "on-table(lemon,black-table)": 0.8004336321998077,
    "on-table(lemon,white-table)": 0.1355929858827949,
    "on-table(green-bottle,wood-table)": 0.0022198338629095815,
    "on-table(green-bottle,black-table)": 0.006918465804725808,
    "on-table(green-bottle,white-table)": 0.2711151269710778,
    "on-table(loaf-of-bread,wood-table)": 0.5110606302817663,
    "on-table(loaf-of-bread,black-table)": 0.37646721210330725,
    "on-table(loaf-of-bread,white-table)": 0.2545158106368035,
    "on-table(red-box-of-cereal,wood-table)": 0.20247591841810694,
    "on-table(red-box-of-cereal,black-table)": 0.3537000437596968,
    "on-table(red-box-of-cereal,white-table)": 0.09317083037361347,
    "on-table(red-can-of-soda,wood-table)": 0.18910079794780663,
    "on-table(red-can-of-soda,black-table)": 0.37585720560552244,
    "on-table(red-can-of-soda,white-table)": 0.08137418153880087,
    "robot-gripper-empty()": 0.6059274902023996,
    "robot-gripping(milk-carton)": 0.5834207932154337,
    "robot-gripping(lemon)": 0.07195784186478704,
    "robot-gripping(green-bottle)": 0.03520799649413675,
    "robot-gripping(loaf-of-bread)": 0.3362364446123441,
    "robot-gripping(red-box-of-cereal)": 0.754222663740317,
    "robot-gripping(red-can-of-soda)": 0.843514675895373
}