{
    "on-table(milk-carton,wood-table)": 0.3020316772162914,
    "on-table(milk-carton,black-table)": 0.0312314514691631,
    "on-table(milk-carton,white-table)": 0.7553686946630478,
    "on-table(lemon,wood-table)": 0.24974567747752494,
    "on-table(lemon,black-table)": 0.16463300703708228,
    "on-table(lemon,white-table)": 0.8334699883901825,
    "on-table(green-bottle,wood-table)": 0.16515736608077228,
    "on-table(green-bottle,black-table)": 0.8330101530688504,
    "on-table(green-bottle,white-table)": 0.002680221123531131,
    "on-table(loaf-of-bread,wood-table)": 0.6730303590496381,
    "on-table(loaf-of-bread,black-table)": 0.039802808741418026,
    "on-table(loaf-of-bread,white-table)": 0.13836796610848978,
    "on-table(red-box-of-cereal,wood-table)": 0.11804708430039075,
    "on-table(red-box-of-cereal,black-table)": 0.005965863083474687,
    "on-table(red-box-of-cereal,white-table)": 0.8334334365402659,
    "on-table(red-can-of-soda,wood-table)": 0.1623351464246904,
    "on-table(red-can-of-soda,black-table)": 0.0016151484017730884,
    "on-table(red-can-of-soda,white-table)": 0.8395059518516064,
    "robot-gripper-empty()": 0.9358095626036326,
    "robot-gripping(milk-carton)": 0.09587635720769565,
    "robot-gripping(lemon)": 0.0512348220217973,
    "robot-gripping(green-bottle)": 0.04659941679953287,
    "robot-gripping(loaf-of-bread)": 0.14494229077051082,
    "robot-gripping(red-box-of-cereal)": 0.02786218235269189,
    "robot-gripping(red-can-of-soda)": 0.06835773998561005
}