{
    "on-table(milk-carton,wood-table)": 0.6961822208637992,
    "on-table(milk-carton,black-table)": 0.3731104453496907,
    "on-table(milk-carton,white-table)": 0.1789154363408064,
    "on-table(lemon,wood-table)": 0.002392617088238088,
    "on-table(lemon,black-table)": 0.11442854466683154,
    "on-table(lemon,white-table)": 0.08733459034798823,
    "on-table(green-bottle,wood-table)": 0.2904878377424514,
    "on-table(green-bottle,black-table)": 0.9419921040534973,
    "on-table(green-bottle,white-table)": 0.15750835773322555,
    "on-table(loaf-of-bread,wood-table)": 0.19061846317102513,
    "on-table(loaf-of-bread,black-table)": 0.7622128129005432,
    "on-table(loaf-of-bread,white-table)": 0.06703070204336352,
    "on-table(red-box-of-cereal,wood-table)": 0.2262096443058302,
    "on-table(red-box-of-cereal,black-table)": 0.7793900494774183,
    "on-table(red-box-of-cereal,white-table)": 0.1119470271805767,
    "on-table(red-can-of-soda,wood-table)": 0.19853386754524158,
    "on-table(red-can-of-soda,black-table)": 0.848400205373764,
    "on-table(red-can-of-soda,white-table)": 0.09332685585195577,
    "robot-gripper-empty()": 0.9515344798564911,
    "robot-gripping(milk-carton)": 0.19501603301614523,
    "robot-gripping(lemon)": 0.040404512352931,
    "robot-gripping(green-bottle)": 0.12691546429414302,
    "robot-gripping(loaf-of-bread)": 0.1619252647118022,
    "robot-gripping(red-box-of-cereal)": 0.07783101452514529,
    "robot-gripping(red-can-of-soda)": 0.14571101078763604
}