{
    "on-table(milk-carton,wood-table)": 0.28075035319974023,
    "on-table(milk-carton,black-table)": 0.7210301707188288,
    "on-table(milk-carton,white-table)": 0.3530559304635972,
    "on-table(lemon,wood-table)": 0.036479974165558815,
    "on-table(lemon,black-table)": 0.029480312880574882,
    "on-table(lemon,white-table)": 0.05561347693825761,
    "on-table(green-bottle,wood-table)": 0.1674528209065708,
    "on-table(green-bottle,black-table)": 0.003650105174926921,
    "on-table(green-bottle,white-table)": 0.8356931194042166,
    "on-table(loaf-of-bread,wood-table)": 0.2821441376581788,
    "on-table(loaf-of-bread,black-table)": 0.11131795526792605,
    "on-table(loaf-of-bread,white-table)": 0.07941014643680926,
    "on-table(red-box-of-cereal,wood-table)": 0.16118477259684974,
    "on-table(red-box-of-cereal,black-table)": 0.13676136619324097,
    "on-table(red-box-of-cereal,white-table)": 0.6653541574875513,
    "on-table(red-can-of-soda,wood-table)": 0.2427083910733927,
    "on-table(red-can-of-soda,black-table)": 0.10974380549570621,
    "on-table(red-can-of-soda,white-table)": 0.9983170429865519,
    "robot-gripper-empty()": 0.6723867257436117,
    "robot-gripping(milk-carton)": 0.5794129048784574,
    "robot-gripping(lemon)": 0.20072247770925364,
    "robot-gripping(green-bottle)": 0.10674111886570851,
    "robot-gripping(loaf-of-bread)": 0.3513550100227197,
    "robot-gripping(red-box-of-cereal)": 0.3874502442777157,
    "robot-gripping(red-can-of-soda)": 0.4931242826084296
}