{
    "on-table(milk-carton,wood-table)": 0.5115996196012323,
    "on-table(milk-carton,black-table)": 0.19217986662814232,
    "on-table(milk-carton,white-table)": 0.015225084078944443,
    "on-table(lemon,wood-table)": 0.19370164387267627,
    "on-table(lemon,black-table)": 0.0009256951557290449,
    "on-table(lemon,white-table)": 0.9364504714806875,
    "on-table(green-bottle,wood-table)": 0.9996630648771921,
    "on-table(green-bottle,black-table)": 0.33324418800388383,
    "on-table(green-bottle,white-table)": 0.005008275826753561,
    "on-table(loaf-of-bread,wood-table)": 0.15370694606099278,
    "on-table(loaf-of-bread,black-table)": 0.12076812647865154,
    "on-table(loaf-of-bread,white-table)": 0.22633283734709644,
    "on-table(red-box-of-cereal,wood-table)": 0.0477904788373659,
    "on-table(red-box-of-cereal,black-table)": 0.025704755331389606,
    "on-table(red-box-of-cereal,white-table)": 0.002944144051677237,
    "on-table(red-can-of-soda,wood-table)": 0.8280830206349492,
    "on-table(red-can-of-soda,black-table)": 0.17114434012061489,
    "on-table(red-can-of-soda,white-table)": 0.003330979792887471,
    "robot-gripper-empty()": 0.8670899868011475,
    "robot-gripping(milk-carton)": 0.1780734045120577,
    "robot-gripping(lemon)": 0.07101159612648189,
    "robot-gripping(green-bottle)": 0.05101393477525562,
    "robot-gripping(loaf-of-bread)": 0.09226469982725878,
    "robot-gripping(red-box-of-cereal)": 0.04178317007608712,
    "robot-gripping(red-can-of-soda)": 0.20907546494466564
}