{
    "on-table(milk-carton,wood-table)": 0.21052098309155554,
    "on-table(milk-carton,black-table)": 0.5705900533745686,
    "on-table(milk-carton,white-table)": 0.36938696732977405,
    "on-table(lemon,wood-table)": 0.13467996858040956,
    "on-table(lemon,black-table)": 0.11635346043010486,
    "on-table(lemon,white-table)": 0.9990145663420359,
    "on-table(green-bottle,wood-table)": 0.14849847345612943,
    "on-table(green-bottle,black-table)": 0.6876813909815004,
    "on-table(green-bottle,white-table)": 0.005410450472481898,
    "on-table(loaf-of-bread,wood-table)": 0.32066676144798595,
    "on-table(loaf-of-bread,black-table)": 0.18077905256844437,
    "on-table(loaf-of-bread,white-table)": 0.41086324863135815,
    "on-table(red-box-of-cereal,wood-table)": 0.14890029126157364,
    "on-table(red-box-of-cereal,black-table)": 0.33393815986346453,
    "on-table(red-box-of-cereal,white-table)": 0.8331804474194845,
    "on-table(red-can-of-soda,wood-table)": 0.15049088744369024,
    "on-table(red-can-of-soda,black-table)": 0.597641131374985,
    "on-table(red-can-of-soda,white-table)": 0.6120513103511863,
    "robot-gripper-empty()": 0.9627818465232849,
    "robot-gripping(milk-carton)": 0.11921510410805543,
    "robot-gripping(lemon)": 0.06630711649389316,
    "robot-gripping(green-bottle)": 0.05740359240250351,
    "robot-gripping(loaf-of-bread)": 0.08223954409671326,
    "robot-gripping(red-box-of-cereal)": 0.14312519672481963,
    "robot-gripping(red-can-of-soda)": 0.24156514423278472
}