{
    "on-table(milk-carton,wood-table)": 0.4742731886605422,
    "on-table(milk-carton,black-table)": 0.3437485595544179,
    "on-table(milk-carton,white-table)": 0.04237872523178036,
    "on-table(lemon,wood-table)": 0.8714159627755483,
    "on-table(lemon,black-table)": 0.18322483955065158,
    "on-table(lemon,white-table)": 0.057712230602191994,
    "on-table(green-bottle,wood-table)": 0.1687123085357598,
    "on-table(green-bottle,black-table)": 0.17160195133358988,
    "on-table(green-bottle,white-table)": 0.0013881337915033025,
    "on-table(loaf-of-bread,wood-table)": 0.23244142811745405,
    "on-table(loaf-of-bread,black-table)": 0.166598217561841,
    "on-table(loaf-of-bread,white-table)": 0.17033243062663436,
    "on-table(red-box-of-cereal,wood-table)": 0.15252325752711235,
    "on-table(red-box-of-cereal,black-table)": 0.4296258795269144,
    "on-table(red-box-of-cereal,white-table)": 0.011428345377983836,
    "on-table(red-can-of-soda,wood-table)": 0.04658396850815431,
    "on-table(red-can-of-soda,black-table)": 0.8365184313928088,
    "on-table(red-can-of-soda,white-table)": 0.0034207264182744743,
    "robot-gripper-empty()": 0.48190025734947994,
    "robot-gripping(milk-carton)": 0.1495786199811846,
    "robot-gripping(lemon)": 0.1950390188333889,
    "robot-gripping(green-bottle)": 0.6593273744607965,
    "robot-gripping(loaf-of-bread)": 0.042853079813842974,
    "robot-gripping(red-box-of-cereal)": 0.013008040764058629,
    "robot-gripping(red-can-of-soda)": 0.03478911449201405
}