{
    "on-table(milk-carton,wood-table)": 0.11456919686558346,
    "on-table(milk-carton,black-table)": 0.2196759581565857,
    "on-table(milk-carton,white-table)": 0.10717476019635797,
    "on-table(lemon,wood-table)": 0.8425947719564041,
    "on-table(lemon,black-table)": 0.1690832130019165,
    "on-table(lemon,white-table)": 0.016856526408749534,
    "on-table(green-bottle,wood-table)": 0.8352030341823896,
    "on-table(green-bottle,black-table)": 0.17087970429229435,
    "on-table(green-bottle,white-table)": 0.010901078626204708,
    "on-table(loaf-of-bread,wood-table)": 0.565968983185788,
    "on-table(loaf-of-bread,black-table)": 0.15817864813046376,
    "on-table(loaf-of-bread,white-table)": 0.019031795480562625,
    "on-table(red-box-of-cereal,wood-table)": 0.004907769655498366,
    "on-table(red-box-of-cereal,black-table)": 0.23940008255885914,
    "on-table(red-box-of-cereal,white-table)": 0.04804054271274557,
    "on-table(red-can-of-soda,wood-table)": 0.0036634682522465787,
    "on-table(red-can-of-soda,black-table)": 0.2727072798103715,
    "on-table(red-can-of-soda,white-table)": 0.07567767606815323,
    "robot-gripper-empty()": 0.867140660683314,
    "robot-gripping(milk-carton)": 0.1755066371212403,
    "robot-gripping(lemon)": 0.07981068136480947,
    "robot-gripping(green-bottle)": 0.09469318164822955,
    "robot-gripping(loaf-of-bread)": 0.18138534614505866,
    "robot-gripping(red-box-of-cereal)": 0.03133724594954401,
    "robot-gripping(red-can-of-soda)": 0.12183654587715864
}