{
    "on-table(milk-carton,wood-table)": 0.2059829800079266,
    "on-table(milk-carton,black-table)": 0.025595816356750827,
    "on-table(milk-carton,white-table)": 0.6474032613138357,
    "on-table(lemon,wood-table)": 0.23665093759579273,
    "on-table(lemon,black-table)": 0.0060554012014411756,
    "on-table(lemon,white-table)": 0.015907266231806716,
    "on-table(green-bottle,wood-table)": 0.0920856127049774,
    "on-table(green-bottle,black-table)": 0.7639659982911932,
    "on-table(green-bottle,white-table)": 0.004710302104740549,
    "on-table(loaf-of-bread,wood-table)": 0.2645937430982788,
    "on-table(loaf-of-bread,black-table)": 0.008307298742389927,
    "on-table(loaf-of-bread,white-table)": 0.6493125398022433,
    "on-table(red-box-of-cereal,wood-table)": 0.09939428655585895,
    "on-table(red-box-of-cereal,black-table)": 0.018723964671759557,
    "on-table(red-box-of-cereal,white-table)": 0.8245679773390293,
    "on-table(red-can-of-soda,wood-table)": 0.016291110718157142,
    "on-table(red-can-of-soda,black-table)": 0.6591870744208185,
    "on-table(red-can-of-soda,white-table)": 0.3402767751722422,
    "robot-gripper-empty()": 0.9728474020957947,
    "robot-gripping(milk-carton)": 0.12641099033256373,
    "robot-gripping(lemon)": 0.036207541512946285,
    "robot-gripping(green-bottle)": 0.050871828376936414,
    "robot-gripping(loaf-of-bread)": 0.09682700651076932,
    "robot-gripping(red-box-of-cereal)": 0.0850978442079698,
    "robot-gripping(red-can-of-soda)": 0.08054110174998641
}