{
    "on-table(milk-carton,wood-table)": 0.56095724987487,
    "on-table(milk-carton,black-table)": 0.019505620064592222,
    "on-table(milk-carton,white-table)": 0.27117680077572004,
    "on-table(lemon,wood-table)": 0.8214877592399716,
    "on-table(lemon,black-table)": 0.16757186429574253,
    "on-table(lemon,white-table)": 0.0011839229986586968,
    "on-table(green-bottle,wood-table)": 0.8317396851683346,
    "on-table(green-bottle,black-table)": 0.16755425207245858,
    "on-table(green-bottle,white-table)": 0.0018980721685769215,
    "on-table(loaf-of-bread,wood-table)": 0.12703152598502734,
    "on-table(loaf-of-bread,black-table)": 0.02863443343085237,
    "on-table(loaf-of-bread,white-table)": 0.10341906660808793,
    "on-table(red-box-of-cereal,wood-table)": 0.2054501672197754,
    "on-table(red-box-of-cereal,black-table)": 0.010421405750093982,
    "on-table(red-box-of-cereal,white-table)": 0.8365654411415259,
    "on-table(red-can-of-soda,wood-table)": 0.16627191303026242,
    "on-table(red-can-of-soda,black-table)": 0.05820304293835458,
    "on-table(red-can-of-soda,white-table)": 0.9934558769067129,
    "robot-gripper-empty()": 0.9296814401944479,
    "robot-gripping(milk-carton)": 0.14443673100322485,
    "robot-gripping(lemon)": 0.0744450533723769,
    "robot-gripping(green-bottle)": 0.191791912385573,
    "robot-gripping(loaf-of-bread)": 0.11051257466897368,
    "robot-gripping(red-box-of-cereal)": 0.04942148537763084,
    "robot-gripping(red-can-of-soda)": 0.11032684950623661
}