{
    "on-table(milk-carton,wood-table)": 0.7678983857234319,
    "on-table(milk-carton,black-table)": 0.18831550252313414,
    "on-table(milk-carton,white-table)": 0.17806090217588158,
    "on-table(lemon,wood-table)": 0.18847647480045757,
    "on-table(lemon,black-table)": 0.4551273584365845,
    "on-table(lemon,white-table)": 0.03601355086721014,
    "on-table(green-bottle,wood-table)": 0.3223765214497689,
    "on-table(green-bottle,black-table)": 0.997873455286026,
    "on-table(green-bottle,white-table)": 0.0017596165992775543,
    "on-table(loaf-of-bread,wood-table)": 0.46509213248888653,
    "on-table(loaf-of-bread,black-table)": 0.217897934402572,
    "on-table(loaf-of-bread,white-table)": 0.2702066622150596,
    "on-table(red-box-of-cereal,wood-table)": 0.996036171913147,
    "on-table(red-box-of-cereal,black-table)": 0.2833690145073433,
    "on-table(red-box-of-cereal,white-table)": 0.2565535887332923,
    "on-table(red-can-of-soda,wood-table)": 0.9955732027689616,
    "on-table(red-can-of-soda,black-table)": 0.3248832676314919,
    "on-table(red-can-of-soda,white-table)": 0.17750021088734988,
    "robot-gripper-empty()": 0.8560790022214254,
    "robot-gripping(milk-carton)": 0.4026944525539875,
    "robot-gripping(lemon)": 0.06402861357976992,
    "robot-gripping(green-bottle)": 0.16301979419464865,
    "robot-gripping(loaf-of-bread)": 0.09179568290710449,
    "robot-gripping(red-box-of-cereal)": 0.04553503403440118,
    "robot-gripping(red-can-of-soda)": 0.06990018518020709
}