{
    "on-table(milk-carton,wood-table)": 0.37662101288636524,
    "on-table(milk-carton,black-table)": 0.057610796698099875,
    "on-table(milk-carton,white-table)": 0.8350582706431547,
    "on-table(lemon,wood-table)": 0.9931885202725729,
    "on-table(lemon,black-table)": 0.32896275404755215,
    "on-table(lemon,white-table)": 0.01615868239938815,
    "on-table(green-bottle,wood-table)": 0.853422075510025,
    "on-table(green-bottle,black-table)": 0.3334593928254132,
    "on-table(green-bottle,white-table)": 0.02464787413434048,
    "on-table(loaf-of-bread,wood-table)": 0.6938914321362972,
    "on-table(loaf-of-bread,black-table)": 0.12486228650959674,
    "on-table(loaf-of-bread,white-table)": 0.09556742208224023,
    "on-table(red-box-of-cereal,wood-table)": 0.07913181519446273,
    "on-table(red-box-of-cereal,black-table)": 0.012723058408179591,
    "on-table(red-box-of-cereal,white-table)": 0.09589790825460416,
    "on-table(red-can-of-soda,wood-table)": 0.013857668138371082,
    "on-table(red-can-of-soda,black-table)": 0.011281161035185505,
    "on-table(red-can-of-soda,white-table)": 0.0859202925697294,
    "robot-gripper-empty()": 0.9327436089515686,
    "robot-gripping(milk-carton)": 0.09077991917729378,
    "robot-gripping(lemon)": 0.07703266944736242,
    "robot-gripping(green-bottle)": 0.06839334219694138,
    "robot-gripping(loaf-of-bread)": 0.10639473237097263,
    "robot-gripping(red-box-of-cereal)": 0.014022436225786805,
    "robot-gripping(red-can-of-soda)": 0.029445883274699252
}