{
    "on-table(milk-carton,wood-table)": 0.839905763665835,
    "on-table(milk-carton,black-table)": 0.4347623606263369,
    "on-table(milk-carton,white-table)": 0.012500992277030795,
    "on-table(lemon,wood-table)": 0.1676110771271245,
    "on-table(lemon,black-table)": 0.010953774708373961,
    "on-table(lemon,white-table)": 0.8350255916205546,
    "on-table(green-bottle,wood-table)": 0.15491337888427856,
    "on-table(green-bottle,black-table)": 0.0006648499064946615,
    "on-table(green-bottle,white-table)": 0.8376575233414769,
    "on-table(loaf-of-bread,wood-table)": 0.5300045960272352,
    "on-table(loaf-of-bread,black-table)": 0.5220404410113891,
    "on-table(loaf-of-bread,white-table)": 0.011238659761147574,
    "on-table(red-box-of-cereal,wood-table)": 0.9733263452847799,
    "on-table(red-box-of-cereal,black-table)": 0.3363692774601077,
    "on-table(red-box-of-cereal,white-table)": 0.01850044399482916,
    "on-table(red-can-of-soda,wood-table)": 0.35296294232830405,
    "on-table(red-can-of-soda,black-table)": 0.9907841483751932,
    "on-table(red-can-of-soda,white-table)": 0.001664056069178817,
    "robot-gripper-empty()": 0.9626446863015493,
    "robot-gripping(milk-carton)": 0.19012809451669455,
    "robot-gripping(lemon)": 0.03435552508259813,
    "robot-gripping(green-bottle)": 0.011272926489861371,
    "robot-gripping(loaf-of-bread)": 0.08787514998887976,
    "robot-gripping(red-box-of-cereal)": 0.09954503163074453,
    "robot-gripping(red-can-of-soda)": 0.18818619661033154
}