{
    "on-table(milk-carton,wood-table)": 0.3699148844461888,
    "on-table(milk-carton,black-table)": 0.5968998869260153,
    "on-table(milk-carton,white-table)": 0.023481596649313968,
    "on-table(lemon,wood-table)": 0.19710656456300057,
    "on-table(lemon,black-table)": 0.10041746266051632,
    "on-table(lemon,white-table)": 0.8770994246006012,
    "on-table(green-bottle,wood-table)": 0.16892216031556018,
    "on-table(green-bottle,black-table)": 0.43043996046617394,
    "on-table(green-bottle,white-table)": 0.09940105892443778,
    "on-table(loaf-of-bread,wood-table)": 0.17824845565094924,
    "on-table(loaf-of-bread,black-table)": 0.6588905956596136,
    "on-table(loaf-of-bread,white-table)": 0.040194865358595656,
    "on-table(red-box-of-cereal,wood-table)": 0.5020528249442577,
    "on-table(red-box-of-cereal,black-table)": 0.703376847008864,
    "on-table(red-box-of-cereal,white-table)": 0.003515581314180357,
    "on-table(red-can-of-soda,wood-table)": 0.8495474184552828,
    "on-table(red-can-of-soda,black-table)": 0.3398099197142794,
    "on-table(red-can-of-soda,white-table)": 0.0030491672686707716,
    "robot-gripper-empty()": 0.9701392948627472,
    "robot-gripping(milk-carton)": 0.21905804425477982,
    "robot-gripping(lemon)": 0.09555292595177889,
    "robot-gripping(green-bottle)": 0.11416372540406883,
    "robot-gripping(loaf-of-bread)": 0.0613325871527195,
    "robot-gripping(red-box-of-cereal)": 0.0518670406502982,
    "robot-gripping(red-can-of-soda)": 0.16614025792417428
}