{
    "on-table(milk-carton,wood-table)": 0.1233449251934265,
    "on-table(milk-carton,black-table)": 0.7585766706615686,
    "on-table(milk-carton,white-table)": 0.14023475794723103,
    "on-table(lemon,wood-table)": 0.13711811576407248,
    "on-table(lemon,black-table)": 0.6487428890541196,
    "on-table(lemon,white-table)": 0.18389928204123862,
    "on-table(green-bottle,wood-table)": 0.28805510986421723,
    "on-table(green-bottle,black-table)": 0.9787504971027374,
    "on-table(green-bottle,white-table)": 0.12708438222504506,
    "on-table(loaf-of-bread,wood-table)": 0.10916578661029537,
    "on-table(loaf-of-bread,black-table)": 0.5568658481352031,
    "on-table(loaf-of-bread,white-table)": 0.04637851506413426,
    "on-table(red-box-of-cereal,wood-table)": 0.3062074384555065,
    "on-table(red-box-of-cereal,black-table)": 0.6745520225570848,
    "on-table(red-box-of-cereal,white-table)": 0.05426236586936284,
    "on-table(red-can-of-soda,wood-table)": 0.8610279882947603,
    "on-table(red-can-of-soda,black-table)": 0.3354925451740958,
    "on-table(red-can-of-soda,white-table)": 0.0032983112544873925,
    "robot-gripper-empty()": 0.8945222496986389,
    "robot-gripping(milk-carton)": 0.1753703293701013,
    "robot-gripping(lemon)": 0.18040524826695523,
    "robot-gripping(green-bottle)": 0.04489812130729357,
    "robot-gripping(loaf-of-bread)": 0.10795240352551143,
    "robot-gripping(red-box-of-cereal)": 0.04230656164387862,
    "robot-gripping(red-can-of-soda)": 0.15224864954749742
}