{
    "on-table(milk-carton,wood-table)": 0.8550815085570017,
    "on-table(milk-carton,black-table)": 0.33877970326769474,
    "on-table(milk-carton,white-table)": 0.05259549211283835,
    "on-table(lemon,wood-table)": 0.19072041719967578,
    "on-table(lemon,black-table)": 0.045399235536327374,
    "on-table(lemon,white-table)": 0.9998948772748312,
    "on-table(green-bottle,wood-table)": 0.22448994115499468,
    "on-table(green-bottle,black-table)": 0.8783799906571707,
    "on-table(green-bottle,white-table)": 0.0009122638136886962,
    "on-table(loaf-of-bread,wood-table)": 0.19848538314302763,
    "on-table(loaf-of-bread,black-table)": 0.17473490462483218,
    "on-table(loaf-of-bread,white-table)": 0.3561553652010237,
    "on-table(red-box-of-cereal,wood-table)": 0.31565859091157716,
    "on-table(red-box-of-cereal,black-table)": 0.9929979940255483,
    "on-table(red-box-of-cereal,white-table)": 0.006489808167922699,
    "on-table(red-can-of-soda,wood-table)": 0.26014106228831224,
    "on-table(red-can-of-soda,black-table)": 0.985861579577128,
    "on-table(red-can-of-soda,white-table)": 0.0013591362103397842,
    "robot-gripper-empty()": 0.8056619862715403,
    "robot-gripping(milk-carton)": 0.47025762870907784,
    "robot-gripping(lemon)": 0.08692889070759217,
    "robot-gripping(green-bottle)": 0.1482081493983666,
    "robot-gripping(loaf-of-bread)": 0.15222046275933585,
    "robot-gripping(red-box-of-cereal)": 0.15918223870297274,
    "robot-gripping(red-can-of-soda)": 0.24279938079416752
}