{
    "on-table(milk-carton,wood-table)": 0.24728396406862885,
    "on-table(milk-carton,black-table)": 0.5699908919632435,
    "on-table(milk-carton,white-table)": 0.1660993152448403,
    "on-table(lemon,wood-table)": 0.16899215484348437,
    "on-table(lemon,black-table)": 0.009959317664235337,
    "on-table(lemon,white-table)": 0.9230493704477946,
    "on-table(green-bottle,wood-table)": 0.16699449756864246,
    "on-table(green-bottle,black-table)": 0.0010074855417011956,
    "on-table(green-bottle,white-table)": 0.833930886311767,
    "on-table(loaf-of-bread,wood-table)": 0.19337071113598844,
    "on-table(loaf-of-bread,black-table)": 0.17704611289082095,
    "on-table(loaf-of-bread,white-table)": 0.2699847113787352,
    "on-table(red-box-of-cereal,wood-table)": 0.30756053066094563,
    "on-table(red-box-of-cereal,black-table)": 0.8740675449371338,
    "on-table(red-box-of-cereal,white-table)": 0.018860850495305687,
    "on-table(red-can-of-soda,wood-table)": 0.7111602599422137,
    "on-table(red-can-of-soda,black-table)": 0.49841982308256166,
    "on-table(red-can-of-soda,white-table)": 0.005710646015813836,
    "robot-gripper-empty()": 0.9304482142130533,
    "robot-gripping(milk-carton)": 0.3774200789630413,
    "robot-gripping(lemon)": 0.04240749326224128,
    "robot-gripping(green-bottle)": 0.015331509406678379,
    "robot-gripping(loaf-of-bread)": 0.13092348041633764,
    "robot-gripping(red-box-of-cereal)": 0.05909298329303662,
    "robot-gripping(red-can-of-soda)": 0.05029828085874518
}