{
    "on-table(milk-carton,wood-table)": 0.18753884810333452,
    "on-table(milk-carton,black-table)": 0.036297036429459695,
    "on-table(milk-carton,white-table)": 0.8133088871836662,
    "on-table(lemon,wood-table)": 0.2939780382439494,
    "on-table(lemon,black-table)": 0.42145286636029294,
    "on-table(lemon,white-table)": 0.24742968919842193,
    "on-table(green-bottle,wood-table)": 0.30495168128982186,
    "on-table(green-bottle,black-table)": 0.03403640180476941,
    "on-table(green-bottle,white-table)": 0.024243975029094145,
    "on-table(loaf-of-bread,wood-table)": 0.3810922255118688,
    "on-table(loaf-of-bread,black-table)": 0.48022755328565836,
    "on-table(loaf-of-bread,white-table)": 0.1350264943515261,
    "on-table(red-box-of-cereal,wood-table)": 0.20336333588541797,
    "on-table(red-box-of-cereal,black-table)": 0.28247326461132616,
    "on-table(red-box-of-cereal,white-table)": 0.013726717937970534,
    "on-table(red-can-of-soda,wood-table)": 0.17956546532999104,
    "on-table(red-can-of-soda,black-table)": 0.6697068330831826,
    "on-table(red-can-of-soda,white-table)": 0.004046775329849576,
    "robot-gripper-empty()": 0.9071696798006693,
    "robot-gripping(milk-carton)": 0.18010627307618657,
    "robot-gripping(lemon)": 0.0834107572833697,
    "robot-gripping(green-bottle)": 0.0845633892652889,
    "robot-gripping(loaf-of-bread)": 0.09594099565098684,
    "robot-gripping(red-box-of-cereal)": 0.04945033532567322,
    "robot-gripping(red-can-of-soda)": 0.16330663013892868
}