{
    "on-table(milk-carton,wood-table)": 0.3462975643245348,
    "on-table(milk-carton,black-table)": 0.003805481831174499,
    "on-table(milk-carton,white-table)": 0.6836411263793707,
    "on-table(lemon,wood-table)": 0.17934067694780728,
    "on-table(lemon,black-table)": 0.045304413969158,
    "on-table(lemon,white-table)": 0.8258361083765825,
    "on-table(green-bottle,wood-table)": 0.8336441401625052,
    "on-table(green-bottle,black-table)": 0.1669291584119795,
    "on-table(green-bottle,white-table)": 0.0004809562028829835,
    "on-table(loaf-of-bread,wood-table)": 0.6206718906760216,
    "on-table(loaf-of-bread,black-table)": 0.0794817684533579,
    "on-table(loaf-of-bread,white-table)": 0.155893243708609,
    "on-table(red-box-of-cereal,wood-table)": 0.08694937144658373,
    "on-table(red-box-of-cereal,black-table)": 0.0030587129203922814,
    "on-table(red-box-of-cereal,white-table)": 0.8302617350127548,
    "on-table(red-can-of-soda,wood-table)": 0.09729606543381426,
    "on-table(red-can-of-soda,black-table)": 0.0014815033379515323,
    "on-table(red-can-of-soda,white-table)": 0.7861364864899466,
    "robot-gripper-empty()": 0.9037770628929138,
    "robot-gripping(milk-carton)": 0.11371957479665677,
    "robot-gripping(lemon)": 0.04461838584393263,
    "robot-gripping(green-bottle)": 0.16218762813756862,
    "robot-gripping(loaf-of-bread)": 0.10509596019983292,
    "robot-gripping(red-box-of-cereal)": 0.0436095271531182,
    "robot-gripping(red-can-of-soda)": 0.12042581018370886
}