{
    "on-table(milk-carton,wood-table)": 0.7753079098959764,
    "on-table(milk-carton,black-table)": 0.07319367910167784,
    "on-table(milk-carton,white-table)": 0.019005422339735862,
    "on-table(lemon,wood-table)": 0.18898596340053095,
    "on-table(lemon,black-table)": 0.0002465237341766624,
    "on-table(lemon,white-table)": 0.8345565991476178,
    "on-table(green-bottle,wood-table)": 0.8336727425921708,
    "on-table(green-bottle,black-table)": 0.16782400266089326,
    "on-table(green-bottle,white-table)": 0.0004796029370481847,
    "on-table(loaf-of-bread,wood-table)": 0.5880361034845313,
    "on-table(loaf-of-bread,black-table)": 0.12133064351170712,
    "on-table(loaf-of-bread,white-table)": 0.09269590838933557,
    "on-table(red-box-of-cereal,wood-table)": 0.7688170619658194,
    "on-table(red-box-of-cereal,black-table)": 0.1681384232148654,
    "on-table(red-box-of-cereal,white-table)": 0.0036449467364339703,
    "on-table(red-can-of-soda,wood-table)": 0.831693347155427,
    "on-table(red-can-of-soda,black-table)": 0.1688844899842176,
    "on-table(red-can-of-soda,white-table)": 0.0032682648514613297,
    "robot-gripper-empty()": 0.9002276460329691,
    "robot-gripping(milk-carton)": 0.1318169926914076,
    "robot-gripping(lemon)": 0.022004132537404075,
    "robot-gripping(green-bottle)": 0.14684544515330344,
    "robot-gripping(loaf-of-bread)": 0.09309931099414825,
    "robot-gripping(red-box-of-cereal)": 0.060566177824512124,
    "robot-gripping(red-can-of-soda)": 0.09116483549587429
}