{
    "on-table(milk-carton,wood-table)": 0.4800986243741742,
    "on-table(milk-carton,black-table)": 0.5384697075933218,
    "on-table(milk-carton,white-table)": 0.14877460376980403,
    "on-table(lemon,wood-table)": 0.2059183459217214,
    "on-table(lemon,black-table)": 0.031436207816492846,
    "on-table(lemon,white-table)": 0.8351260997975866,
    "on-table(green-bottle,wood-table)": 0.8326821125422915,
    "on-table(green-bottle,black-table)": 0.17038541403866247,
    "on-table(green-bottle,white-table)": 0.003861816873230358,
    "on-table(loaf-of-bread,wood-table)": 0.565526613422359,
    "on-table(loaf-of-bread,black-table)": 0.24193477786805792,
    "on-table(loaf-of-bread,white-table)": 0.04274931439431384,
    "on-table(red-box-of-cereal,wood-table)": 0.7441698188583056,
    "on-table(red-box-of-cereal,black-table)": 0.14833628694456516,
    "on-table(red-box-of-cereal,white-table)": 0.062223244892569106,
    "on-table(red-can-of-soda,wood-table)": 0.33405616405980254,
    "on-table(red-can-of-soda,black-table)": 0.0014925660787715362,
    "on-table(red-can-of-soda,white-table)": 0.8358308944540719,
    "robot-gripper-empty()": 0.9797941048940023,
    "robot-gripping(milk-carton)": 0.06775019395475586,
    "robot-gripping(lemon)": 0.03828374824176232,
    "robot-gripping(green-bottle)": 0.08576806898539265,
    "robot-gripping(loaf-of-bread)": 0.05570798786357045,
    "robot-gripping(red-box-of-cereal)": 0.057354470792536937,
    "robot-gripping(red-can-of-soda)": 0.11476196760001282
}