{
    "on-table(milk-carton,wood-table)": 0.11560687841847539,
    "on-table(milk-carton,black-table)": 0.540158656736215,
    "on-table(milk-carton,white-table)": 0.018331383490779746,
    "on-table(lemon,wood-table)": 0.028340116751981743,
    "on-table(lemon,black-table)": 0.13428715209374786,
    "on-table(lemon,white-table)": 0.004467751804137758,
    "on-table(green-bottle,wood-table)": 0.1919054757381673,
    "on-table(green-bottle,black-table)": 0.029280989949484137,
    "on-table(green-bottle,white-table)": 0.9950380921363831,
    "on-table(loaf-of-bread,wood-table)": 0.29946793367465335,
    "on-table(loaf-of-bread,black-table)": 0.4920154109907647,
    "on-table(loaf-of-bread,white-table)": 0.025348789946292527,
    "on-table(red-box-of-cereal,wood-table)": 0.008465943023717651,
    "on-table(red-box-of-cereal,black-table)": 0.5388661117758602,
    "on-table(red-box-of-cereal,white-table)": 0.019665440275275614,
    "on-table(red-can-of-soda,wood-table)": 0.14812219180748798,
    "on-table(red-can-of-soda,black-table)": 0.6862757997587323,
    "on-table(red-can-of-soda,white-table)": 0.0016493515519565942,
    "robot-gripper-empty()": 0.7674809483190378,
    "robot-gripping(milk-carton)": 0.411248233790199,
    "robot-gripping(lemon)": 0.03862385964021087,
    "robot-gripping(green-bottle)": 0.03439769816274444,
    "robot-gripping(loaf-of-bread)": 0.10758342531820138,
    "robot-gripping(red-box-of-cereal)": 0.09507243843593945,
    "robot-gripping(red-can-of-soda)": 0.0728723860423391
}