{
    "on-table(milk-carton,wood-table)": 0.18112088118990263,
    "on-table(milk-carton,black-table)": 0.0640642011591505,
    "on-table(milk-carton,white-table)": 0.5924923519293467,
    "on-table(lemon,wood-table)": 0.028655313479248434,
    "on-table(lemon,black-table)": 0.004440306138500698,
    "on-table(lemon,white-table)": 0.8354798313230276,
    "on-table(green-bottle,wood-table)": 0.16955327180039603,
    "on-table(green-bottle,black-table)": 0.16949053631348457,
    "on-table(green-bottle,white-table)": 0.0013139306399049626,
    "on-table(loaf-of-bread,wood-table)": 0.23549247098465761,
    "on-table(loaf-of-bread,black-table)": 0.44952523392081883,
    "on-table(loaf-of-bread,white-table)": 0.19726887834258378,
    "on-table(red-box-of-cereal,wood-table)": 0.9962160388628641,
    "on-table(red-box-of-cereal,black-table)": 0.3401735081145792,
    "on-table(red-box-of-cereal,white-table)": 0.010164827807784604,
    "on-table(red-can-of-soda,wood-table)": 0.5784816818001369,
    "on-table(red-can-of-soda,black-table)": 0.7665107311719718,
    "on-table(red-can-of-soda,white-table)": 0.018494966040331445,
    "robot-gripper-empty()": 0.46047500546167913,
    "robot-gripping(milk-carton)": 0.1869909749754394,
    "robot-gripping(lemon)": 0.04154464953656619,
    "robot-gripping(green-bottle)": 0.7788896108977497,
    "robot-gripping(loaf-of-bread)": 0.1173822012109061,
    "robot-gripping(red-box-of-cereal)": 0.031030534436771024,
    "robot-gripping(red-can-of-soda)": 0.10280401849498351
}