{
    "on-table(milk-carton,wood-table)": 0.2234095133220156,
    "on-table(milk-carton,black-table)": 0.8151391098896662,
    "on-table(milk-carton,white-table)": 0.19484040347257783,
    "on-table(lemon,wood-table)": 0.3299418359529227,
    "on-table(lemon,black-table)": 0.7383309962848822,
    "on-table(lemon,white-table)": 0.18642634666563632,
    "on-table(green-bottle,wood-table)": 0.00508314873756414,
    "on-table(green-bottle,black-table)": 0.07635241420575767,
    "on-table(green-bottle,white-table)": 0.19822289257778417,
    "on-table(loaf-of-bread,wood-table)": 0.48699514971425134,
    "on-table(loaf-of-bread,black-table)": 0.11900760043257226,
    "on-table(loaf-of-bread,white-table)": 0.5775076871116956,
    "on-table(red-box-of-cereal,wood-table)": 0.29612056531671743,
    "on-table(red-box-of-cereal,black-table)": 0.35436296292270225,
    "on-table(red-box-of-cereal,white-table)": 0.30532133644252707,
    "on-table(red-can-of-soda,wood-table)": 0.17534338257974014,
    "on-table(red-can-of-soda,black-table)": 0.8395302363981804,
    "on-table(red-can-of-soda,white-table)": 0.0701947881001009,
    "robot-gripper-empty()": 0.7068147263101613,
    "robot-gripping(milk-carton)": 0.36842554931839305,
    "robot-gripping(lemon)": 0.05500533586988846,
    "robot-gripping(green-bottle)": 0.021391719463281333,
    "robot-gripping(loaf-of-bread)": 0.21343358668188253,
    "robot-gripping(red-box-of-cereal)": 0.5272183697670698,
    "robot-gripping(red-can-of-soda)": 0.5385129048178593
}