{
    "on-table(milk-carton,wood-table)": 0.8064585427443186,
    "on-table(milk-carton,black-table)": 0.2963227159731711,
    "on-table(milk-carton,white-table)": 0.09476039057093051,
    "on-table(lemon,wood-table)": 0.26369622512720525,
    "on-table(lemon,black-table)": 0.8812527060508728,
    "on-table(lemon,white-table)": 0.0016099053655883229,
    "on-table(green-bottle,wood-table)": 0.3347623280545425,
    "on-table(green-bottle,black-table)": 0.9723522464434305,
    "on-table(green-bottle,white-table)": 0.0006560901671643175,
    "on-table(loaf-of-bread,wood-table)": 0.311752294190228,
    "on-table(loaf-of-bread,black-table)": 0.4735504969333609,
    "on-table(loaf-of-bread,white-table)": 0.03441357430225859,
    "on-table(red-box-of-cereal,wood-table)": 0.11962361199160416,
    "on-table(red-box-of-cereal,black-table)": 0.5234346707584336,
    "on-table(red-box-of-cereal,white-table)": 0.22561591794753136,
    "on-table(red-can-of-soda,wood-table)": 0.11253233309010587,
    "on-table(red-can-of-soda,black-table)": 0.15293938689743905,
    "on-table(red-can-of-soda,white-table)": 0.8346494678407907,
    "robot-gripper-empty()": 0.8829707205295563,
    "robot-gripping(milk-carton)": 0.23389211234947047,
    "robot-gripping(lemon)": 0.05828522399921591,
    "robot-gripping(green-bottle)": 0.06643539907721181,
    "robot-gripping(loaf-of-bread)": 0.11365841220443447,
    "robot-gripping(red-box-of-cereal)": 0.13496602761248747,
    "robot-gripping(red-can-of-soda)": 0.09361204852272446
}