{
    "on-table(milk-carton,wood-table)": 0.33298918275007355,
    "on-table(milk-carton,black-table)": 0.9043319125970205,
    "on-table(milk-carton,white-table)": 0.06532566968962783,
    "on-table(lemon,wood-table)": 0.2730661487051596,
    "on-table(lemon,black-table)": 0.0008301972302433569,
    "on-table(lemon,white-table)": 0.9997370938460032,
    "on-table(green-bottle,wood-table)": 0.149839343483715,
    "on-table(green-bottle,black-table)": 0.001268042696210614,
    "on-table(green-bottle,white-table)": 0.8345940809231251,
    "on-table(loaf-of-bread,wood-table)": 0.45051563282807666,
    "on-table(loaf-of-bread,black-table)": 0.13582303654402494,
    "on-table(loaf-of-bread,white-table)": 0.5479433940102657,
    "on-table(red-box-of-cereal,wood-table)": 0.3522534015743683,
    "on-table(red-box-of-cereal,black-table)": 0.9709942738215128,
    "on-table(red-box-of-cereal,white-table)": 0.05651712513887711,
    "on-table(red-can-of-soda,wood-table)": 0.33267584393615834,
    "on-table(red-can-of-soda,black-table)": 0.9951255321502686,
    "on-table(red-can-of-soda,white-table)": 0.004342774496459849,
    "robot-gripper-empty()": 0.96942667166392,
    "robot-gripping(milk-carton)": 0.12085710527996223,
    "robot-gripping(lemon)": 0.09248107081900041,
    "robot-gripping(green-bottle)": 0.03103351672568048,
    "robot-gripping(loaf-of-bread)": 0.1109707107146581,
    "robot-gripping(red-box-of-cereal)": 0.035290714411530644,
    "robot-gripping(red-can-of-soda)": 0.0484212648589164
}