{
    "on-table(milk-carton,wood-table)": 0.2572019115323201,
    "on-table(milk-carton,black-table)": 0.6262285010889173,
    "on-table(milk-carton,white-table)": 0.34921084532228025,
    "on-table(lemon,wood-table)": 0.06673020520247519,
    "on-table(lemon,black-table)": 0.1756316230360729,
    "on-table(lemon,white-table)": 0.19954613266357532,
    "on-table(green-bottle,wood-table)": 0.03603359571813295,
    "on-table(green-bottle,black-table)": 0.03402840317964243,
    "on-table(green-bottle,white-table)": 0.02740238851038157,
    "on-table(loaf-of-bread,wood-table)": 0.40711648762226105,
    "on-table(loaf-of-bread,black-table)": 0.025269576154338818,
    "on-table(loaf-of-bread,white-table)": 0.40250869072042406,
    "on-table(red-box-of-cereal,wood-table)": 0.18046377218949297,
    "on-table(red-box-of-cereal,black-table)": 0.010632263033888497,
    "on-table(red-box-of-cereal,white-table)": 0.01804688261715152,
    "on-table(red-can-of-soda,wood-table)": 0.2053785846219398,
    "on-table(red-can-of-soda,black-table)": 0.026956412688984226,
    "on-table(red-can-of-soda,white-table)": 0.20022774231256335,
    "robot-gripper-empty()": 0.9251141647497813,
    "robot-gripping(milk-carton)": 0.11422544640178482,
    "robot-gripping(lemon)": 0.11582046669597428,
    "robot-gripping(green-bottle)": 0.024842355245103438,
    "robot-gripping(loaf-of-bread)": 0.08748721424490213,
    "robot-gripping(red-box-of-cereal)": 0.06502184333900611,
    "robot-gripping(red-can-of-soda)": 0.11123265318262081
}