{
    "on-table(milk-carton,wood-table)": 0.5304491577747589,
    "on-table(milk-carton,black-table)": 0.20169087387330364,
    "on-table(milk-carton,white-table)": 0.3088859415535505,
    "on-table(lemon,wood-table)": 0.17986508560352377,
    "on-table(lemon,black-table)": 0.030205641257945597,
    "on-table(lemon,white-table)": 0.9993967513243357,
    "on-table(green-bottle,wood-table)": 0.16652819073412198,
    "on-table(green-bottle,black-table)": 0.8354996292230984,
    "on-table(green-bottle,white-table)": 0.0007114907554447806,
    "on-table(loaf-of-bread,wood-table)": 0.5550449587705467,
    "on-table(loaf-of-bread,black-table)": 0.23610835393992602,
    "on-table(loaf-of-bread,white-table)": 0.497085058906426,
    "on-table(red-box-of-cereal,wood-table)": 0.2751924688394259,
    "on-table(red-box-of-cereal,black-table)": 0.22069183636146286,
    "on-table(red-box-of-cereal,white-table)": 0.23535648381221108,
    "on-table(red-can-of-soda,wood-table)": 0.14073743307502204,
    "on-table(red-can-of-soda,black-table)": 0.833989596615235,
    "on-table(red-can-of-soda,white-table)": 0.14602394673299082,
    "robot-gripper-empty()": 0.5977483434835449,
    "robot-gripping(milk-carton)": 0.6207961464921633,
    "robot-gripping(lemon)": 0.10004289271698023,
    "robot-gripping(green-bottle)": 0.1777502536327423,
    "robot-gripping(loaf-of-bread)": 0.2410069868589441,
    "robot-gripping(red-box-of-cereal)": 0.599020091816783,
    "robot-gripping(red-can-of-soda)": 0.6240645082046589
}