{
    "on-table(milk-carton,wood-table)": 0.3070259423305591,
    "on-table(milk-carton,black-table)": 0.23960174183594063,
    "on-table(milk-carton,white-table)": 0.5034558436212441,
    "on-table(lemon,wood-table)": 0.22573919819357494,
    "on-table(lemon,black-table)": 0.06027162397701128,
    "on-table(lemon,white-table)": 0.8348595102628072,
    "on-table(green-bottle,wood-table)": 0.18453724397598611,
    "on-table(green-bottle,black-table)": 0.8280726615339518,
    "on-table(green-bottle,white-table)": 0.0038901538653135503,
    "on-table(loaf-of-bread,wood-table)": 0.6727083176374435,
    "on-table(loaf-of-bread,black-table)": 0.09844497297065875,
    "on-table(loaf-of-bread,white-table)": 0.0743684976083993,
    "on-table(red-box-of-cereal,wood-table)": 0.16839821366981292,
    "on-table(red-box-of-cereal,black-table)": 0.1678162175230682,
    "on-table(red-box-of-cereal,white-table)": 0.6707391569701334,
    "on-table(red-can-of-soda,wood-table)": 0.32093681385110057,
    "on-table(red-can-of-soda,black-table)": 0.9350676635901133,
    "on-table(red-can-of-soda,white-table)": 0.033863981869975156,
    "robot-gripper-empty()": 0.9687996705373129,
    "robot-gripping(milk-carton)": 0.30406611288587254,
    "robot-gripping(lemon)": 0.05951119773089886,
    "robot-gripping(green-bottle)": 0.03091772348852828,
    "robot-gripping(loaf-of-bread)": 0.12731999469300112,
    "robot-gripping(red-box-of-cereal)": 0.058372948008279,
    "robot-gripping(red-can-of-soda)": 0.06084529093156258
}