{
    "on-table(milk-carton,wood-table)": 0.26127119983235997,
    "on-table(milk-carton,black-table)": 0.2555843643325109,
    "on-table(milk-carton,white-table)": 0.7314846003428102,
    "on-table(lemon,wood-table)": 0.18788369911878058,
    "on-table(lemon,black-table)": 0.8078264982905239,
    "on-table(lemon,white-table)": 0.09099941779641085,
    "on-table(green-bottle,wood-table)": 0.0009350486531426819,
    "on-table(green-bottle,black-table)": 0.001035511104419129,
    "on-table(green-bottle,white-table)": 0.09460458391004067,
    "on-table(loaf-of-bread,wood-table)": 0.35437423704812926,
    "on-table(loaf-of-bread,black-table)": 0.28048894243935746,
    "on-table(loaf-of-bread,white-table)": 0.36867342454691726,
    "on-table(red-box-of-cereal,wood-table)": 0.2620931048489486,
    "on-table(red-box-of-cereal,black-table)": 0.7268743912378947,
    "on-table(red-box-of-cereal,white-table)": 0.05776841736769711,
    "on-table(red-can-of-soda,wood-table)": 0.21358926694180505,
    "on-table(red-can-of-soda,black-table)": 0.8696363170941671,
    "on-table(red-can-of-soda,white-table)": 0.010156833612124197,
    "robot-gripper-empty()": 0.9291209081808726,
    "robot-gripping(milk-carton)": 0.15655888648082814,
    "robot-gripping(lemon)": 0.08762663199255864,
    "robot-gripping(green-bottle)": 0.03126887197625668,
    "robot-gripping(loaf-of-bread)": 0.17419215478003025,
    "robot-gripping(red-box-of-cereal)": 0.09775807444627087,
    "robot-gripping(red-can-of-soda)": 0.1324137862150868
}