{
    "on-table(milk-carton,wood-table)": 0.27696604281663895,
    "on-table(milk-carton,black-table)": 0.8298920740683874,
    "on-table(milk-carton,white-table)": 0.01540589306387119,
    "on-table(lemon,wood-table)": 0.17048498646181542,
    "on-table(lemon,black-table)": 0.003552206083895726,
    "on-table(lemon,white-table)": 0.8353776910031835,
    "on-table(green-bottle,wood-table)": 0.1674920359898048,
    "on-table(green-bottle,black-table)": 0.002125351221214563,
    "on-table(green-bottle,white-table)": 0.8354504470092555,
    "on-table(loaf-of-bread,wood-table)": 0.18030139074350396,
    "on-table(loaf-of-bread,black-table)": 0.5411263125327727,
    "on-table(loaf-of-bread,white-table)": 0.02436716822073019,
    "on-table(red-box-of-cereal,wood-table)": 0.39480481649904203,
    "on-table(red-box-of-cereal,black-table)": 0.9323726097742716,
    "on-table(red-box-of-cereal,white-table)": 0.01205424815028285,
    "on-table(red-can-of-soda,wood-table)": 0.997279574473699,
    "on-table(red-can-of-soda,black-table)": 0.3372992040088623,
    "on-table(red-can-of-soda,white-table)": 0.0036239955748745465,
    "robot-gripper-empty()": 0.918352464834849,
    "robot-gripping(milk-carton)": 0.16697455663233995,
    "robot-gripping(lemon)": 0.05497609649319202,
    "robot-gripping(green-bottle)": 0.009280054354652142,
    "robot-gripping(loaf-of-bread)": 0.14343420400594672,
    "robot-gripping(red-box-of-cereal)": 0.16499955649487674,
    "robot-gripping(red-can-of-soda)": 0.2040867340595772
}