{
    "on-table(milk-carton,wood-table)": 0.25704754616405506,
    "on-table(milk-carton,black-table)": 0.591490205998222,
    "on-table(milk-carton,white-table)": 0.17275093558297763,
    "on-table(lemon,wood-table)": 0.15612555882156207,
    "on-table(lemon,black-table)": 0.0056833339239877505,
    "on-table(lemon,white-table)": 0.9322711527347565,
    "on-table(green-bottle,wood-table)": 0.16686893645965029,
    "on-table(green-bottle,black-table)": 0.0009301796950088222,
    "on-table(green-bottle,white-table)": 0.8339035929335902,
    "on-table(loaf-of-bread,wood-table)": 0.18118552514351904,
    "on-table(loaf-of-bread,black-table)": 0.2430716418796995,
    "on-table(loaf-of-bread,white-table)": 0.30829184961233597,
    "on-table(red-box-of-cereal,wood-table)": 0.3274577518653435,
    "on-table(red-box-of-cereal,black-table)": 0.8381302158037821,
    "on-table(red-box-of-cereal,white-table)": 0.015120983770126864,
    "on-table(red-can-of-soda,wood-table)": 0.7305118693038821,
    "on-table(red-can-of-soda,black-table)": 0.4912050698500631,
    "on-table(red-can-of-soda,white-table)": 0.0060842939046779065,
    "robot-gripper-empty()": 0.9646215438842773,
    "robot-gripping(milk-carton)": 0.38656696677207947,
    "robot-gripping(lemon)": 0.04021900442118446,
    "robot-gripping(green-bottle)": 0.0177303534001112,
    "robot-gripping(loaf-of-bread)": 0.10934533302982648,
    "robot-gripping(red-box-of-cereal)": 0.07569328509271145,
    "robot-gripping(red-can-of-soda)": 0.05445270550747713
}