{
    "on-table(milk-carton,wood-table)": 0.5033967764660096,
    "on-table(milk-carton,black-table)": 0.028333315810111042,
    "on-table(milk-carton,white-table)": 0.675801811409959,
    "on-table(lemon,wood-table)": 0.1890811818787673,
    "on-table(lemon,black-table)": 0.9780887564023336,
    "on-table(lemon,white-table)": 0.0015911124346530414,
    "on-table(green-bottle,wood-table)": 0.3324326250197676,
    "on-table(green-bottle,black-table)": 0.9898827274640402,
    "on-table(green-bottle,white-table)": 0.002959628299170921,
    "on-table(loaf-of-bread,wood-table)": 0.6747115260610977,
    "on-table(loaf-of-bread,black-table)": 0.3162010779681926,
    "on-table(loaf-of-bread,white-table)": 0.11056379041595694,
    "on-table(red-box-of-cereal,wood-table)": 0.951651006937027,
    "on-table(red-box-of-cereal,black-table)": 0.24315990102801757,
    "on-table(red-box-of-cereal,white-table)": 0.16588689497469508,
    "on-table(red-can-of-soda,wood-table)": 0.9984830518563589,
    "on-table(red-can-of-soda,black-table)": 0.33374232851235774,
    "on-table(red-can-of-soda,white-table)": 0.014280293637208766,
    "robot-gripper-empty()": 0.7224822677671909,
    "robot-gripping(milk-carton)": 0.20456021651625633,
    "robot-gripping(lemon)": 0.09587809567650159,
    "robot-gripping(green-bottle)": 0.17702100154322883,
    "robot-gripping(loaf-of-bread)": 0.1306013079981009,
    "robot-gripping(red-box-of-cereal)": 0.18249169581880173,
    "robot-gripping(red-can-of-soda)": 0.19741983292624354
}