{
    "on-table(milk-carton,wood-table)": 0.15171072042236725,
    "on-table(milk-carton,black-table)": 0.019585916171005618,
    "on-table(milk-carton,white-table)": 0.07106688315980136,
    "on-table(lemon,wood-table)": 0.20821145450220988,
    "on-table(lemon,black-table)": 0.000792408117983238,
    "on-table(lemon,white-table)": 0.8363223249713579,
    "on-table(green-bottle,wood-table)": 0.004804141596650879,
    "on-table(green-bottle,black-table)": 0.05788224141603374,
    "on-table(green-bottle,white-table)": 0.0005166649890876821,
    "on-table(loaf-of-bread,wood-table)": 0.6608260969320933,
    "on-table(loaf-of-bread,black-table)": 0.004448210996391329,
    "on-table(loaf-of-bread,white-table)": 0.043624954041357945,
    "on-table(red-box-of-cereal,wood-table)": 0.003909862740935448,
    "on-table(red-box-of-cereal,black-table)": 0.0024617163968893387,
    "on-table(red-box-of-cereal,white-table)": 0.0024753648879899024,
    "on-table(red-can-of-soda,wood-table)": 0.0017058076227840502,
    "on-table(red-can-of-soda,black-table)": 0.0033204226432038317,
    "on-table(red-can-of-soda,white-table)": 0.0016034885999639907,
    "robot-gripper-empty()": 0.838589941461881,
    "robot-gripping(milk-carton)": 0.07095474594583114,
    "robot-gripping(lemon)": 0.02994819185308491,
    "robot-gripping(green-bottle)": 0.005555172353827705,
    "robot-gripping(loaf-of-bread)": 0.16439782408997416,
    "robot-gripping(red-box-of-cereal)": 0.013658045053792497,
    "robot-gripping(red-can-of-soda)": 0.01949483761563897
}