{
    "on-table(milk-carton,wood-table)": 0.8171547477444013,
    "on-table(milk-carton,black-table)": 0.34271947587452206,
    "on-table(milk-carton,white-table)": 0.029106023954227567,
    "on-table(lemon,wood-table)": 0.317059073325557,
    "on-table(lemon,black-table)": 0.15848799101725794,
    "on-table(lemon,white-table)": 0.8289603435744842,
    "on-table(green-bottle,wood-table)": 0.16552285605697156,
    "on-table(green-bottle,black-table)": 0.0003083105098464027,
    "on-table(green-bottle,white-table)": 0.8338482237498587,
    "on-table(loaf-of-bread,wood-table)": 0.8100670079390208,
    "on-table(loaf-of-bread,black-table)": 0.18682110408205213,
    "on-table(loaf-of-bread,white-table)": 0.17028010972254984,
    "on-table(red-box-of-cereal,wood-table)": 0.17577955677794913,
    "on-table(red-box-of-cereal,black-table)": 0.7961482256650925,
    "on-table(red-box-of-cereal,white-table)": 0.022366766740257542,
    "on-table(red-can-of-soda,wood-table)": 0.16444240099675275,
    "on-table(red-can-of-soda,black-table)": 0.15713899520111832,
    "on-table(red-can-of-soda,white-table)": 0.8347876071929932,
    "robot-gripper-empty()": 0.926370789607366,
    "robot-gripping(milk-carton)": 0.2586213139196237,
    "robot-gripping(lemon)": 0.09279276341355096,
    "robot-gripping(green-bottle)": 0.019696380933358643,
    "robot-gripping(loaf-of-bread)": 0.1692952161344389,
    "robot-gripping(red-box-of-cereal)": 0.1795828933439528,
    "robot-gripping(red-can-of-soda)": 0.18221308527669558
}