{
    "on-table(milk-carton,wood-table)": 0.7677696949491898,
    "on-table(milk-carton,black-table)": 0.4031089936483265,
    "on-table(milk-carton,white-table)": 0.014931217969660793,
    "on-table(lemon,wood-table)": 0.32217718760754605,
    "on-table(lemon,black-table)": 0.11410310659690974,
    "on-table(lemon,white-table)": 0.9037260214487711,
    "on-table(green-bottle,wood-table)": 0.31831997510259197,
    "on-table(green-bottle,black-table)": 0.4802274219303702,
    "on-table(green-bottle,white-table)": 0.12238363665286063,
    "on-table(loaf-of-bread,wood-table)": 0.25065507429341477,
    "on-table(loaf-of-bread,black-table)": 0.762330220391353,
    "on-table(loaf-of-bread,white-table)": 0.029374087469477672,
    "on-table(red-box-of-cereal,wood-table)": 0.23700375898139706,
    "on-table(red-box-of-cereal,black-table)": 0.8568028509616852,
    "on-table(red-box-of-cereal,white-table)": 0.003432998256660843,
    "on-table(red-can-of-soda,wood-table)": 0.2894303608336486,
    "on-table(red-can-of-soda,black-table)": 0.6347761748863073,
    "on-table(red-can-of-soda,white-table)": 0.002299022045917809,
    "robot-gripper-empty()": 0.8961416979630789,
    "robot-gripping(milk-carton)": 0.24109408942361674,
    "robot-gripping(lemon)": 0.16324982955120504,
    "robot-gripping(green-bottle)": 0.1412108970883613,
    "robot-gripping(loaf-of-bread)": 0.17772912296156088,
    "robot-gripping(red-box-of-cereal)": 0.18021655548363924,
    "robot-gripping(red-can-of-soda)": 0.4938987623900175
}