{
    "on-table(milk-carton,wood-table)": 0.190452647395432,
    "on-table(milk-carton,black-table)": 0.5200034556910396,
    "on-table(milk-carton,white-table)": 0.33818242551448446,
    "on-table(lemon,wood-table)": 0.8939965069293976,
    "on-table(lemon,black-table)": 0.2619462023254944,
    "on-table(lemon,white-table)": 0.018264682635390272,
    "on-table(green-bottle,wood-table)": 0.1681640256980851,
    "on-table(green-bottle,black-table)": 0.002898161807403691,
    "on-table(green-bottle,white-table)": 0.8339569254312664,
    "on-table(loaf-of-bread,wood-table)": 0.35316316100458306,
    "on-table(loaf-of-bread,black-table)": 0.27828305940298986,
    "on-table(loaf-of-bread,white-table)": 0.17336716760958856,
    "on-table(red-box-of-cereal,wood-table)": 0.21186519749850655,
    "on-table(red-box-of-cereal,black-table)": 0.19689725052254894,
    "on-table(red-box-of-cereal,white-table)": 0.5021756360268531,
    "on-table(red-can-of-soda,wood-table)": 0.8333995506691281,
    "on-table(red-can-of-soda,black-table)": 0.16709774629430285,
    "on-table(red-can-of-soda,white-table)": 0.001846035744695958,
    "robot-gripper-empty()": 0.8249562655886015,
    "robot-gripping(milk-carton)": 0.15491889665524164,
    "robot-gripping(lemon)": 0.12883072443461666,
    "robot-gripping(green-bottle)": 0.06750021308350067,
    "robot-gripping(loaf-of-bread)": 0.13379166647791862,
    "robot-gripping(red-box-of-cereal)": 0.07722794295599063,
    "robot-gripping(red-can-of-soda)": 0.2338663844857365
}