{
    "on-table(milk-carton,wood-table)": 0.5544622320545992,
    "on-table(milk-carton,black-table)": 0.4379365826025605,
    "on-table(milk-carton,white-table)": 0.011471752116146186,
    "on-table(lemon,wood-table)": 0.7926591535409292,
    "on-table(lemon,black-table)": 0.2912298403098248,
    "on-table(lemon,white-table)": 0.010012725767713468,
    "on-table(green-bottle,wood-table)": 0.1583987730118679,
    "on-table(green-bottle,black-table)": 0.006194913090060557,
    "on-table(green-bottle,white-table)": 0.9989812274773916,
    "on-table(loaf-of-bread,wood-table)": 0.4561762288212776,
    "on-table(loaf-of-bread,black-table)": 0.18444463733612793,
    "on-table(loaf-of-bread,white-table)": 0.0027627887029666454,
    "on-table(red-box-of-cereal,wood-table)": 0.9604645868142446,
    "on-table(red-box-of-cereal,black-table)": 0.3335205815366559,
    "on-table(red-box-of-cereal,white-table)": 0.005530033367904252,
    "on-table(red-can-of-soda,wood-table)": 0.9753953019777933,
    "on-table(red-can-of-soda,black-table)": 0.33008710053870044,
    "on-table(red-can-of-soda,white-table)": 0.0017779465058538335,
    "robot-gripper-empty()": 0.7772718866666158,
    "robot-gripping(milk-carton)": 0.4751676693558693,
    "robot-gripping(lemon)": 0.1475592634330193,
    "robot-gripping(green-bottle)": 0.1216033510863781,
    "robot-gripping(loaf-of-bread)": 0.2090313316633304,
    "robot-gripping(red-box-of-cereal)": 0.22603435069322586,
    "robot-gripping(red-can-of-soda)": 0.3807849201063315
}