{
    "on-table(milk-carton,wood-table)": 0.5877513562639555,
    "on-table(milk-carton,black-table)": 0.013175891171461748,
    "on-table(milk-carton,white-table)": 0.02509620242441694,
    "on-table(lemon,wood-table)": 0.013793884155650934,
    "on-table(lemon,black-table)": 0.007734749803300171,
    "on-table(lemon,white-table)": 0.006992206064751372,
    "on-table(green-bottle,wood-table)": 0.17401796026388183,
    "on-table(green-bottle,black-table)": 0.17068577722405584,
    "on-table(green-bottle,white-table)": 0.001497371390845122,
    "on-table(loaf-of-bread,wood-table)": 0.08140208652669874,
    "on-table(loaf-of-bread,black-table)": 0.003168188913453681,
    "on-table(loaf-of-bread,white-table)": 0.0035972619904593253,
    "on-table(red-box-of-cereal,wood-table)": 0.6729164747521281,
    "on-table(red-box-of-cereal,black-table)": 0.004157705242808636,
    "on-table(red-box-of-cereal,white-table)": 0.02087417781331169,
    "on-table(red-can-of-soda,wood-table)": 0.353131050821806,
    "on-table(red-can-of-soda,black-table)": 0.003933601253872136,
    "on-table(red-can-of-soda,white-table)": 0.839974531903863,
    "robot-gripper-empty()": 0.37376126486924477,
    "robot-gripping(milk-carton)": 0.29306082613766193,
    "robot-gripping(lemon)": 0.5161366181758543,
    "robot-gripping(green-bottle)": 0.7153767017492404,
    "robot-gripping(loaf-of-bread)": 0.04185258783400059,
    "robot-gripping(red-box-of-cereal)": 0.020250590663636103,
    "robot-gripping(red-can-of-soda)": 0.034756881854264066
}