{
    "on-table(milk-carton,wood-table)": 0.4804603202889363,
    "on-table(milk-carton,black-table)": 0.5496112440402309,
    "on-table(milk-carton,white-table)": 0.13118713911777982,
    "on-table(lemon,wood-table)": 0.13374296307726277,
    "on-table(lemon,black-table)": 0.338133983107582,
    "on-table(lemon,white-table)": 0.08168306486489503,
    "on-table(green-bottle,wood-table)": 0.01094637608184712,
    "on-table(green-bottle,black-table)": 0.839928762987256,
    "on-table(green-bottle,white-table)": 0.013525070520699956,
    "on-table(loaf-of-bread,wood-table)": 0.48711282821993035,
    "on-table(loaf-of-bread,black-table)": 0.1499884476264318,
    "on-table(loaf-of-bread,white-table)": 0.2095243901324769,
    "on-table(red-box-of-cereal,wood-table)": 0.0941802435554564,
    "on-table(red-box-of-cereal,black-table)": 0.8361255104343096,
    "on-table(red-box-of-cereal,white-table)": 0.0394647931777096,
    "on-table(red-can-of-soda,wood-table)": 0.04455651298242932,
    "on-table(red-can-of-soda,black-table)": 0.8518598328034083,
    "on-table(red-can-of-soda,white-table)": 0.02017517778100834,
    "robot-gripper-empty()": 0.5831920324514309,
    "robot-gripping(milk-carton)": 0.5586514274279276,
    "robot-gripping(lemon)": 0.190156617667526,
    "robot-gripping(green-bottle)": 0.1704100842277209,
    "robot-gripping(loaf-of-bread)": 0.3920598266025384,
    "robot-gripping(red-box-of-cereal)": 0.3258996410295367,
    "robot-gripping(red-can-of-soda)": 0.29822399963935214
}