{
    "on-table(milk-carton,wood-table)": 0.6303717344999313,
    "on-table(milk-carton,black-table)": 0.023502131594189752,
    "on-table(milk-carton,white-table)": 0.35198605014011264,
    "on-table(lemon,wood-table)": 0.1662520619429415,
    "on-table(lemon,black-table)": 0.8307982079374293,
    "on-table(lemon,white-table)": 0.0030722581899074917,
    "on-table(green-bottle,wood-table)": 0.0012354380281370443,
    "on-table(green-bottle,black-table)": 0.02177834638556912,
    "on-table(green-bottle,white-table)": 0.0008392786010820904,
    "on-table(loaf-of-bread,wood-table)": 0.24167339581375322,
    "on-table(loaf-of-bread,black-table)": 0.02966194200659326,
    "on-table(loaf-of-bread,white-table)": 0.01645478033121132,
    "on-table(red-box-of-cereal,wood-table)": 0.8811250676711401,
    "on-table(red-box-of-cereal,black-table)": 0.009163563683008155,
    "on-table(red-box-of-cereal,white-table)": 0.3468751952315567,
    "on-table(red-can-of-soda,wood-table)": 0.33247432062732213,
    "on-table(red-can-of-soda,black-table)": 0.0030188111166656504,
    "on-table(red-can-of-soda,white-table)": 0.8448261233667532,
    "robot-gripper-empty()": 0.9816842973232269,
    "robot-gripping(milk-carton)": 0.21364928595721722,
    "robot-gripping(lemon)": 0.03230296048180511,
    "robot-gripping(green-bottle)": 0.017175895084316533,
    "robot-gripping(loaf-of-bread)": 0.057852222894628845,
    "robot-gripping(red-box-of-cereal)": 0.050439728035901986,
    "robot-gripping(red-can-of-soda)": 0.03917616078009208
}