{
    "on-table(milk-carton,wood-table)": 0.8354869236548742,
    "on-table(milk-carton,black-table)": 0.30752769855325823,
    "on-table(milk-carton,white-table)": 0.042616574114314666,
    "on-table(lemon,wood-table)": 0.3199564998115723,
    "on-table(lemon,black-table)": 0.9173851609230042,
    "on-table(lemon,white-table)": 0.003338554862618063,
    "on-table(green-bottle,wood-table)": 0.33246630743209,
    "on-table(green-bottle,black-table)": 0.99657009045283,
    "on-table(green-bottle,white-table)": 0.001986908718132933,
    "on-table(loaf-of-bread,wood-table)": 0.26518500056893873,
    "on-table(loaf-of-bread,black-table)": 0.5213999869301915,
    "on-table(loaf-of-bread,white-table)": 0.008594466790479297,
    "on-table(red-box-of-cereal,wood-table)": 0.2562149517859022,
    "on-table(red-box-of-cereal,black-table)": 0.2112904564710334,
    "on-table(red-box-of-cereal,white-table)": 0.0491004087186108,
    "on-table(red-can-of-soda,wood-table)": 0.1291299384647573,
    "on-table(red-can-of-soda,black-table)": 0.0009625269096128856,
    "on-table(red-can-of-soda,white-table)": 0.8376519701754054,
    "robot-gripper-empty()": 0.5893060482533959,
    "robot-gripping(milk-carton)": 0.2993435511986415,
    "robot-gripping(lemon)": 0.0489061835493582,
    "robot-gripping(green-bottle)": 0.05967549607157707,
    "robot-gripping(loaf-of-bread)": 0.15041349021097025,
    "robot-gripping(red-box-of-cereal)": 0.6457974802081784,
    "robot-gripping(red-can-of-soda)": 0.4597076263744384
}