{
    "on-table(milk-carton,wood-table)": 0.3640829965782662,
    "on-table(milk-carton,black-table)": 0.010926593657738218,
    "on-table(milk-carton,white-table)": 0.36922016823276255,
    "on-table(lemon,wood-table)": 0.24373541322226325,
    "on-table(lemon,black-table)": 0.037234575327602215,
    "on-table(lemon,white-table)": 0.05897720583016053,
    "on-table(green-bottle,wood-table)": 0.8337371486316746,
    "on-table(green-bottle,black-table)": 0.1679889287527203,
    "on-table(green-bottle,white-table)": 0.00297265350309317,
    "on-table(loaf-of-bread,wood-table)": 0.06788395345211029,
    "on-table(loaf-of-bread,black-table)": 0.0035543044990239045,
    "on-table(loaf-of-bread,white-table)": 0.20289526689157356,
    "on-table(red-box-of-cereal,wood-table)": 0.12871725397902387,
    "on-table(red-box-of-cereal,black-table)": 0.0007072015359881334,
    "on-table(red-box-of-cereal,white-table)": 0.33619643923884723,
    "on-table(red-can-of-soda,wood-table)": 0.16918659100701916,
    "on-table(red-can-of-soda,black-table)": 0.009535480413736272,
    "on-table(red-can-of-soda,white-table)": 0.8348600215589007,
    "robot-gripper-empty()": 0.8454210211833318,
    "robot-gripping(milk-carton)": 0.22464711032807827,
    "robot-gripping(lemon)": 0.1403620606288314,
    "robot-gripping(green-bottle)": 0.18501425379266342,
    "robot-gripping(loaf-of-bread)": 0.10224426747299731,
    "robot-gripping(red-box-of-cereal)": 0.04210828555126985,
    "robot-gripping(red-can-of-soda)": 0.16606433604223034
}