{
    "on-table(milk-carton,wood-table)": 0.3764987555429495,
    "on-table(milk-carton,black-table)": 0.5788224266531566,
    "on-table(milk-carton,white-table)": 0.42314518010243773,
    "on-table(lemon,wood-table)": 0.004696002622343561,
    "on-table(lemon,black-table)": 0.0007481706828305809,
    "on-table(lemon,white-table)": 0.016017319110687822,
    "on-table(green-bottle,wood-table)": 0.833603463640126,
    "on-table(green-bottle,black-table)": 0.1676097414236608,
    "on-table(green-bottle,white-table)": 0.0026300198858090575,
    "on-table(loaf-of-bread,wood-table)": 0.2417967269817988,
    "on-table(loaf-of-bread,black-table)": 0.05054448369385985,
    "on-table(loaf-of-bread,white-table)": 0.8392873865862688,
    "on-table(red-box-of-cereal,wood-table)": 0.5443928163246406,
    "on-table(red-box-of-cereal,black-table)": 0.3383324807412767,
    "on-table(red-box-of-cereal,white-table)": 0.08965264345169999,
    "on-table(red-can-of-soda,wood-table)": 0.8538426011800766,
    "on-table(red-can-of-soda,black-table)": 0.18005684011101644,
    "on-table(red-can-of-soda,white-table)": 0.0448423119232757,
    "robot-gripper-empty()": 0.5451316217659041,
    "robot-gripping(milk-carton)": 0.5838631664713224,
    "robot-gripping(lemon)": 0.04379529762081802,
    "robot-gripping(green-bottle)": 0.18732602946693078,
    "robot-gripping(loaf-of-bread)": 0.33335729719450075,
    "robot-gripping(red-box-of-cereal)": 0.6265094286451737,
    "robot-gripping(red-can-of-soda)": 0.6232582082351049
}