{
    "on-table(milk-carton,wood-table)": 0.19720448135437132,
    "on-table(milk-carton,black-table)": 0.6814879124673704,
    "on-table(milk-carton,white-table)": 0.17037247926418786,
    "on-table(lemon,wood-table)": 0.8334185298299417,
    "on-table(lemon,black-table)": 0.16874125049503164,
    "on-table(lemon,white-table)": 0.001631970286325668,
    "on-table(green-bottle,wood-table)": 0.153669155373791,
    "on-table(green-bottle,black-table)": 0.8336086987983435,
    "on-table(green-bottle,white-table)": 0.005510999606788876,
    "on-table(loaf-of-bread,wood-table)": 0.5354587907592455,
    "on-table(loaf-of-bread,black-table)": 0.47609182870170724,
    "on-table(loaf-of-bread,white-table)": 0.02046253280423116,
    "on-table(red-box-of-cereal,wood-table)": 0.03590339843625164,
    "on-table(red-box-of-cereal,black-table)": 0.6261801569538269,
    "on-table(red-box-of-cereal,white-table)": 0.3488020653215547,
    "on-table(red-can-of-soda,wood-table)": 0.16842486506720888,
    "on-table(red-can-of-soda,black-table)": 0.14497816219924667,
    "on-table(red-can-of-soda,white-table)": 0.8355135063951215,
    "robot-gripper-empty()": 0.8258714266121387,
    "robot-gripping(milk-carton)": 0.1634960751980543,
    "robot-gripping(lemon)": 0.19101107384388646,
    "robot-gripping(green-bottle)": 0.14531837299000472,
    "robot-gripping(loaf-of-bread)": 0.15000695176422596,
    "robot-gripping(red-box-of-cereal)": 0.12026000403178234,
    "robot-gripping(red-can-of-soda)": 0.05841680883895606
}