{
    "on-table(milk-carton,wood-table)": 0.3576370347291231,
    "on-table(milk-carton,black-table)": 0.05837129608456356,
    "on-table(milk-carton,white-table)": 0.14484125168140358,
    "on-table(lemon,wood-table)": 0.1061822656338336,
    "on-table(lemon,black-table)": 0.6695476942695677,
    "on-table(lemon,white-table)": 0.009002105860114776,
    "on-table(green-bottle,wood-table)": 0.1642412227447494,
    "on-table(green-bottle,black-table)": 0.6813597183014887,
    "on-table(green-bottle,white-table)": 0.008157521316055258,
    "on-table(loaf-of-bread,wood-table)": 0.33408840869863826,
    "on-table(loaf-of-bread,black-table)": 0.03105305539793335,
    "on-table(loaf-of-bread,white-table)": 0.17674036258055517,
    "on-table(red-box-of-cereal,wood-table)": 0.41741560958325863,
    "on-table(red-box-of-cereal,black-table)": 0.1826445589370754,
    "on-table(red-box-of-cereal,white-table)": 0.01765056047831119,
    "on-table(red-can-of-soda,wood-table)": 0.9178532163302103,
    "on-table(red-can-of-soda,black-table)": 0.2715247820718408,
    "on-table(red-can-of-soda,white-table)": 0.026510443738516187,
    "robot-gripper-empty()": 0.7796437887785336,
    "robot-gripping(milk-carton)": 0.41836047048370045,
    "robot-gripping(lemon)": 0.10903237317688763,
    "robot-gripping(green-bottle)": 0.1796215883611391,
    "robot-gripping(loaf-of-bread)": 0.12302035714189212,
    "robot-gripping(red-box-of-cereal)": 0.05316904451077183,
    "robot-gripping(red-can-of-soda)": 0.184828395023942
}