{
    "on-table(milk-carton,wood-table)": 0.018893595881915342,
    "on-table(milk-carton,black-table)": 0.6910567237064242,
    "on-table(milk-carton,white-table)": 0.1383224457288937,
    "on-table(lemon,wood-table)": 0.837528019833068,
    "on-table(lemon,black-table)": 0.17776212317168452,
    "on-table(lemon,white-table)": 0.004078267085636374,
    "on-table(green-bottle,wood-table)": 0.17013547733949963,
    "on-table(green-bottle,black-table)": 0.984432190656662,
    "on-table(green-bottle,white-table)": 0.031901970758250776,
    "on-table(loaf-of-bread,wood-table)": 0.19399848219472915,
    "on-table(loaf-of-bread,black-table)": 0.15006363298743963,
    "on-table(loaf-of-bread,white-table)": 0.41725018357586424,
    "on-table(red-box-of-cereal,wood-table)": 0.16177432630017088,
    "on-table(red-box-of-cereal,black-table)": 0.002832535610650666,
    "on-table(red-box-of-cereal,white-table)": 0.8353868049258987,
    "on-table(red-can-of-soda,wood-table)": 0.19626449124189094,
    "on-table(red-can-of-soda,black-table)": 0.15135755157947037,
    "on-table(red-can-of-soda,white-table)": 0.7706034928560257,
    "robot-gripper-empty()": 0.9369835158189138,
    "robot-gripping(milk-carton)": 0.18166692554950714,
    "robot-gripping(lemon)": 0.06962542266895373,
    "robot-gripping(green-bottle)": 0.07552489277441055,
    "robot-gripping(loaf-of-bread)": 0.07004297943785787,
    "robot-gripping(red-box-of-cereal)": 0.1773313144221902,
    "robot-gripping(red-can-of-soda)": 0.40402796119451523
}