{
    "on-table(milk-carton,wood-table)": 0.21138450410217047,
    "on-table(milk-carton,black-table)": 0.6747833341360092,
    "on-table(milk-carton,white-table)": 0.1980347065255046,
    "on-table(lemon,wood-table)": 0.04909130474940563,
    "on-table(lemon,black-table)": 0.02321581164142117,
    "on-table(lemon,white-table)": 0.04341614663523311,
    "on-table(green-bottle,wood-table)": 0.002955330222903285,
    "on-table(green-bottle,black-table)": 0.02491089093867534,
    "on-table(green-bottle,white-table)": 0.2701958522811765,
    "on-table(loaf-of-bread,wood-table)": 0.4183026005824407,
    "on-table(loaf-of-bread,black-table)": 0.4778164252638817,
    "on-table(loaf-of-bread,white-table)": 0.25258694232131046,
    "on-table(red-box-of-cereal,wood-table)": 0.1780183440229545,
    "on-table(red-box-of-cereal,black-table)": 0.8344427486881614,
    "on-table(red-box-of-cereal,white-table)": 0.1814347065471035,
    "on-table(red-can-of-soda,wood-table)": 0.17009484973095823,
    "on-table(red-can-of-soda,black-table)": 0.8082302175462246,
    "on-table(red-can-of-soda,white-table)": 0.061524432544350326,
    "robot-gripper-empty()": 0.7942977920174599,
    "robot-gripping(milk-carton)": 0.20756858152647814,
    "robot-gripping(lemon)": 0.09015070813863228,
    "robot-gripping(green-bottle)": 0.03826177025136227,
    "robot-gripping(loaf-of-bread)": 0.25016571146746475,
    "robot-gripping(red-box-of-cereal)": 0.18436244712211192,
    "robot-gripping(red-can-of-soda)": 0.23198398489815494
}