{
    "on-table(milk-carton,wood-table)": 0.377171919933365,
    "on-table(milk-carton,black-table)": 0.010101306237629615,
    "on-table(milk-carton,white-table)": 0.7518760326008002,
    "on-table(lemon,wood-table)": 0.16832557603387008,
    "on-table(lemon,black-table)": 0.001109694633176635,
    "on-table(lemon,white-table)": 0.9972924888134003,
    "on-table(green-bottle,wood-table)": 0.9421833952267965,
    "on-table(green-bottle,black-table)": 0.3139618145911906,
    "on-table(green-bottle,white-table)": 0.056260568733781234,
    "on-table(loaf-of-bread,wood-table)": 0.44847824269284803,
    "on-table(loaf-of-bread,black-table)": 0.01113182595387722,
    "on-table(loaf-of-bread,white-table)": 0.6586278392933309,
    "on-table(red-box-of-cereal,wood-table)": 0.7975300469746193,
    "on-table(red-box-of-cereal,black-table)": 0.01461697882526399,
    "on-table(red-box-of-cereal,white-table)": 0.2086087682643362,
    "on-table(red-can-of-soda,wood-table)": 0.4786732456414029,
    "on-table(red-can-of-soda,black-table)": 0.3020989745139862,
    "on-table(red-can-of-soda,white-table)": 0.8182270238175988,
    "robot-gripper-empty()": 0.9573760529359182,
    "robot-gripping(milk-carton)": 0.17286406954129538,
    "robot-gripping(lemon)": 0.060365319872895874,
    "robot-gripping(green-bottle)": 0.12934319977648556,
    "robot-gripping(loaf-of-bread)": 0.14597551819557944,
    "robot-gripping(red-box-of-cereal)": 0.12712404256065687,
    "robot-gripping(red-can-of-soda)": 0.1650508885892729
}