{
    "on-table(milk-carton,wood-table)": 0.3873632902589937,
    "on-table(milk-carton,black-table)": 0.5433829247485846,
    "on-table(milk-carton,white-table)": 0.02137362826761091,
    "on-table(lemon,wood-table)": 0.011011120863258839,
    "on-table(lemon,black-table)": 0.01588193519273773,
    "on-table(lemon,white-table)": 0.01022546827637901,
    "on-table(green-bottle,wood-table)": 0.16214749798746197,
    "on-table(green-bottle,black-table)": 0.00015229825938452754,
    "on-table(green-bottle,white-table)": 0.8334898273751605,
    "on-table(loaf-of-bread,wood-table)": 0.2583364157859857,
    "on-table(loaf-of-bread,black-table)": 0.4590751243522391,
    "on-table(loaf-of-bread,white-table)": 0.006843316967812522,
    "on-table(red-box-of-cereal,wood-table)": 0.7750735593338808,
    "on-table(red-box-of-cereal,black-table)": 0.17242496999961077,
    "on-table(red-box-of-cereal,white-table)": 0.0019807414869319473,
    "on-table(red-can-of-soda,wood-table)": 0.8307971894585838,
    "on-table(red-can-of-soda,black-table)": 0.168397594649169,
    "on-table(red-can-of-soda,white-table)": 0.0011418207626547883,
    "robot-gripper-empty()": 0.9001392970482508,
    "robot-gripping(milk-carton)": 0.05849824488783876,
    "robot-gripping(lemon)": 0.03888701802740494,
    "robot-gripping(green-bottle)": 0.002551726317809274,
    "robot-gripping(loaf-of-bread)": 0.04339345428161323,
    "robot-gripping(red-box-of-cereal)": 0.06784078862983733,
    "robot-gripping(red-can-of-soda)": 0.17693752128009996
}