{
    "on-table(milk-carton,wood-table)": 0.6790047958493233,
    "on-table(milk-carton,black-table)": 0.028219877976274194,
    "on-table(milk-carton,white-table)": 0.33297847458500957,
    "on-table(lemon,wood-table)": 0.17358499146212125,
    "on-table(lemon,black-table)": 0.003123598488703768,
    "on-table(lemon,white-table)": 0.9992333153883616,
    "on-table(green-bottle,wood-table)": 0.9973109662532806,
    "on-table(green-bottle,black-table)": 0.33186349277245125,
    "on-table(green-bottle,white-table)": 0.06828021025963456,
    "on-table(loaf-of-bread,wood-table)": 0.33652384598584223,
    "on-table(loaf-of-bread,black-table)": 0.10769537799448396,
    "on-table(loaf-of-bread,white-table)": 0.6816676662613949,
    "on-table(red-box-of-cereal,wood-table)": 0.8174331685683379,
    "on-table(red-box-of-cereal,black-table)": 0.140381192470007,
    "on-table(red-box-of-cereal,white-table)": 0.0030078049547531314,
    "on-table(red-can-of-soda,wood-table)": 0.8430669034520785,
    "on-table(red-can-of-soda,black-table)": 0.16915319199961232,
    "on-table(red-can-of-soda,white-table)": 0.012367771347195836,
    "robot-gripper-empty()": 0.8700929582118988,
    "robot-gripping(milk-carton)": 0.17024128387371698,
    "robot-gripping(lemon)": 0.06458675550917785,
    "robot-gripping(green-bottle)": 0.15664454572834074,
    "robot-gripping(loaf-of-bread)": 0.10527585221764942,
    "robot-gripping(red-box-of-cereal)": 0.10980626905802637,
    "robot-gripping(red-can-of-soda)": 0.16788634525922438
}