{
    "on-table(milk-carton,wood-table)": 0.4039695693257575,
    "on-table(milk-carton,black-table)": 0.010135931073667356,
    "on-table(milk-carton,white-table)": 0.7011406614134709,
    "on-table(lemon,wood-table)": 0.08695611346047372,
    "on-table(lemon,black-table)": 0.006600055392482318,
    "on-table(lemon,white-table)": 0.17896039489399604,
    "on-table(green-bottle,wood-table)": 0.16126574326578216,
    "on-table(green-bottle,black-table)": 0.0709942108744599,
    "on-table(green-bottle,white-table)": 0.9949532647927603,
    "on-table(loaf-of-bread,wood-table)": 0.643225592871507,
    "on-table(loaf-of-bread,black-table)": 0.10328263982470769,
    "on-table(loaf-of-bread,white-table)": 0.021424372784773976,
    "on-table(red-box-of-cereal,wood-table)": 0.8222788386046886,
    "on-table(red-box-of-cereal,black-table)": 0.1677012109109152,
    "on-table(red-box-of-cereal,white-table)": 0.003234417879563504,
    "on-table(red-can-of-soda,wood-table)": 0.9263298213481903,
    "on-table(red-can-of-soda,black-table)": 0.27492731537086,
    "on-table(red-can-of-soda,white-table)": 0.0022282215476631486,
    "robot-gripper-empty()": 0.9380495746930441,
    "robot-gripping(milk-carton)": 0.07741660826529066,
    "robot-gripping(lemon)": 0.07263225487743814,
    "robot-gripping(green-bottle)": 0.03341677887753273,
    "robot-gripping(loaf-of-bread)": 0.11529095470905304,
    "robot-gripping(red-box-of-cereal)": 0.08551681321114302,
    "robot-gripping(red-can-of-soda)": 0.1559797435378035
}