{
    "on-table(milk-carton,wood-table)": 0.1646771061544617,
    "on-table(milk-carton,black-table)": 0.05326366713658596,
    "on-table(milk-carton,white-table)": 0.3067809788044542,
    "on-table(lemon,wood-table)": 0.05652486665834052,
    "on-table(lemon,black-table)": 0.19490121223498136,
    "on-table(lemon,white-table)": 0.021070002267758053,
    "on-table(green-bottle,wood-table)": 0.003934782892126047,
    "on-table(green-bottle,black-table)": 0.07072459000725455,
    "on-table(green-bottle,white-table)": 0.007637249136071962,
    "on-table(loaf-of-bread,wood-table)": 0.13334242960748574,
    "on-table(loaf-of-bread,black-table)": 0.025367822029996507,
    "on-table(loaf-of-bread,white-table)": 0.12897397720856438,
    "on-table(red-box-of-cereal,wood-table)": 0.28458416477466625,
    "on-table(red-box-of-cereal,black-table)": 0.06264693396709238,
    "on-table(red-box-of-cereal,white-table)": 0.008346021311202398,
    "on-table(red-can-of-soda,wood-table)": 0.9984415173530579,
    "on-table(red-can-of-soda,black-table)": 0.30594664300910307,
    "on-table(red-can-of-soda,white-table)": 0.16224548336147868,
    "robot-gripper-empty()": 0.7854344745477041,
    "robot-gripping(milk-carton)": 0.28267263745268184,
    "robot-gripping(lemon)": 0.30261076614260674,
    "robot-gripping(green-bottle)": 0.0979652750150611,
    "robot-gripping(loaf-of-bread)": 0.1216968164468805,
    "robot-gripping(red-box-of-cereal)": 0.04886246689905723,
    "robot-gripping(red-can-of-soda)": 0.153595686579744
}