{
    "on-table(milk-carton,wood-table)": 0.2906248580547981,
    "on-table(milk-carton,black-table)": 0.07897333327370386,
    "on-table(milk-carton,white-table)": 0.30515888760176796,
    "on-table(lemon,wood-table)": 0.1853896084940061,
    "on-table(lemon,black-table)": 0.15135833196647278,
    "on-table(lemon,white-table)": 0.8360489107047518,
    "on-table(green-bottle,wood-table)": 0.003680611554348919,
    "on-table(green-bottle,black-table)": 0.005420636297155094,
    "on-table(green-bottle,white-table)": 0.17007183625931552,
    "on-table(loaf-of-bread,wood-table)": 0.3233234581227104,
    "on-table(loaf-of-bread,black-table)": 0.5392383144547542,
    "on-table(loaf-of-bread,white-table)": 0.11884690526251991,
    "on-table(red-box-of-cereal,wood-table)": 0.40877340113123256,
    "on-table(red-box-of-cereal,black-table)": 0.04299393409686066,
    "on-table(red-box-of-cereal,white-table)": 0.9345384041468302,
    "on-table(red-can-of-soda,wood-table)": 0.5261733493146797,
    "on-table(red-can-of-soda,black-table)": 0.03928677805136734,
    "on-table(red-can-of-soda,white-table)": 0.8204144450525442,
    "robot-gripper-empty()": 0.9558592438697815,
    "robot-gripping(milk-carton)": 0.14075233663121858,
    "robot-gripping(lemon)": 0.04185990119973818,
    "robot-gripping(green-bottle)": 0.010346267100734016,
    "robot-gripping(loaf-of-bread)": 0.09536782714227836,
    "robot-gripping(red-box-of-cereal)": 0.150900659772257,
    "robot-gripping(red-can-of-soda)": 0.18268606741912663
}