{
    "on-table(milk-carton,wood-table)": 0.6353909187018871,
    "on-table(milk-carton,black-table)": 0.04302423942620711,
    "on-table(milk-carton,white-table)": 0.021731223100990366,
    "on-table(lemon,wood-table)": 0.012592359562404454,
    "on-table(lemon,black-table)": 0.004152633915509796,
    "on-table(lemon,white-table)": 0.172982062700612,
    "on-table(green-bottle,wood-table)": 0.1558581599529134,
    "on-table(green-bottle,black-table)": 0.025971080102635824,
    "on-table(green-bottle,white-table)": 0.9874445299307505,
    "on-table(loaf-of-bread,wood-table)": 0.07010129513218999,
    "on-table(loaf-of-bread,black-table)": 0.018434974452247843,
    "on-table(loaf-of-bread,white-table)": 0.010567971592536196,
    "on-table(red-box-of-cereal,wood-table)": 0.6896037384867668,
    "on-table(red-box-of-cereal,black-table)": 0.011986685867971877,
    "on-table(red-box-of-cereal,white-table)": 0.008324019029714691,
    "on-table(red-can-of-soda,wood-table)": 0.7698636135707299,
    "on-table(red-can-of-soda,black-table)": 0.17339478742421002,
    "on-table(red-can-of-soda,white-table)": 0.6554810488596559,
    "robot-gripper-empty()": 0.9317112863063812,
    "robot-gripping(milk-carton)": 0.17670862019682923,
    "robot-gripping(lemon)": 0.04902089030171434,
    "robot-gripping(green-bottle)": 0.03254029951252354,
    "robot-gripping(loaf-of-bread)": 0.04152953430699805,
    "robot-gripping(red-box-of-cereal)": 0.09959380278208603,
    "robot-gripping(red-can-of-soda)": 0.17175614624284208
}