{
    "on-table(milk-carton,wood-table)": 0.17778406883007847,
    "on-table(milk-carton,black-table)": 0.6790846215250591,
    "on-table(milk-carton,white-table)": 0.14698515138297807,
    "on-table(lemon,wood-table)": 0.18603556917029587,
    "on-table(lemon,black-table)": 0.0019761514913625433,
    "on-table(lemon,white-table)": 0.9948365092277527,
    "on-table(green-bottle,wood-table)": 0.8328910860388229,
    "on-table(green-bottle,black-table)": 0.16830128583622658,
    "on-table(green-bottle,white-table)": 0.0016813842447997256,
    "on-table(loaf-of-bread,wood-table)": 0.17077269700045386,
    "on-table(loaf-of-bread,black-table)": 0.16231513939176997,
    "on-table(loaf-of-bread,white-table)": 0.3949959134721818,
    "on-table(red-box-of-cereal,wood-table)": 0.1719459048472345,
    "on-table(red-box-of-cereal,black-table)": 0.5130624719895422,
    "on-table(red-box-of-cereal,white-table)": 0.04508524824026002,
    "on-table(red-can-of-soda,wood-table)": 0.16540104777474576,
    "on-table(red-can-of-soda,black-table)": 0.7242235887873297,
    "on-table(red-can-of-soda,white-table)": 0.009485556210696208,
    "robot-gripper-empty()": 0.9439590771993002,
    "robot-gripping(milk-carton)": 0.13555763848125935,
    "robot-gripping(lemon)": 0.04787927272263914,
    "robot-gripping(green-bottle)": 0.15839924974716268,
    "robot-gripping(loaf-of-bread)": 0.05328669693941871,
    "robot-gripping(red-box-of-cereal)": 0.031688757512407996,
    "robot-gripping(red-can-of-soda)": 0.066655567381531
}