{
    "on-table(milk-carton,wood-table)": 0.7588567628214756,
    "on-table(milk-carton,black-table)": 0.092630202343571,
    "on-table(milk-carton,white-table)": 0.007255811884533614,
    "on-table(lemon,wood-table)": 0.16828715901404698,
    "on-table(lemon,black-table)": 0.0031599584132967116,
    "on-table(lemon,white-table)": 0.9867384731769562,
    "on-table(green-bottle,wood-table)": 0.16634470065885884,
    "on-table(green-bottle,black-table)": 0.00037477873013358476,
    "on-table(green-bottle,white-table)": 0.833756627747789,
    "on-table(loaf-of-bread,wood-table)": 0.3248333051645507,
    "on-table(loaf-of-bread,black-table)": 0.09978412807686254,
    "on-table(loaf-of-bread,white-table)": 0.22589131560137807,
    "on-table(red-box-of-cereal,wood-table)": 0.5231348940869793,
    "on-table(red-box-of-cereal,black-table)": 0.5593139328217754,
    "on-table(red-box-of-cereal,white-table)": 0.005019081064043955,
    "on-table(red-can-of-soda,wood-table)": 0.728454101694903,
    "on-table(red-can-of-soda,black-table)": 0.49183519986399915,
    "on-table(red-can-of-soda,white-table)": 0.0038344931360825285,
    "robot-gripper-empty()": 0.7548803264896075,
    "robot-gripping(milk-carton)": 0.5167194058497747,
    "robot-gripping(lemon)": 0.0768920782332619,
    "robot-gripping(green-bottle)": 0.05481169023551047,
    "robot-gripping(loaf-of-bread)": 0.20500163175165653,
    "robot-gripping(red-box-of-cereal)": 0.14512503915466368,
    "robot-gripping(red-can-of-soda)": 0.25361146638169885
}