{
    "on-table(milk-carton,wood-table)": 0.3517293649104734,
    "on-table(milk-carton,black-table)": 0.030638834286946803,
    "on-table(milk-carton,white-table)": 0.11804343507780383,
    "on-table(lemon,wood-table)": 0.15588672356534516,
    "on-table(lemon,black-table)": 0.8329557310013721,
    "on-table(lemon,white-table)": 0.0009032000118622818,
    "on-table(green-bottle,wood-table)": 0.8341996786960711,
    "on-table(green-bottle,black-table)": 0.16780859910862014,
    "on-table(green-bottle,white-table)": 0.0007843861844776256,
    "on-table(loaf-of-bread,wood-table)": 0.034449359697949454,
    "on-table(loaf-of-bread,black-table)": 0.004282434422445173,
    "on-table(loaf-of-bread,white-table)": 0.0717435447780493,
    "on-table(red-box-of-cereal,wood-table)": 0.03677137078921078,
    "on-table(red-box-of-cereal,black-table)": 0.004722695775853936,
    "on-table(red-box-of-cereal,white-table)": 0.3796507975421264,
    "on-table(red-can-of-soda,wood-table)": 0.16899591548523554,
    "on-table(red-can-of-soda,black-table)": 0.00833991338428556,
    "on-table(red-can-of-soda,white-table)": 0.9543975293636322,
    "robot-gripper-empty()": 0.9543967147668203,
    "robot-gripping(milk-carton)": 0.16013511891166368,
    "robot-gripping(lemon)": 0.10782328353767905,
    "robot-gripping(green-bottle)": 0.07062174668923642,
    "robot-gripping(loaf-of-bread)": 0.059849697611449905,
    "robot-gripping(red-box-of-cereal)": 0.0322651086995999,
    "robot-gripping(red-can-of-soda)": 0.10863974422682077
}