{
    "on-table(milk-carton,wood-table)": 0.713981855660677,
    "on-table(milk-carton,black-table)": 0.4816882482130798,
    "on-table(milk-carton,white-table)": 0.07733691853839748,
    "on-table(lemon,wood-table)": 0.17379499464004766,
    "on-table(lemon,black-table)": 0.16015090660645606,
    "on-table(lemon,white-table)": 0.8348106918856502,
    "on-table(green-bottle,wood-table)": 0.12500519450744227,
    "on-table(green-bottle,black-table)": 0.9019628216822942,
    "on-table(green-bottle,white-table)": 0.0035326939206849297,
    "on-table(loaf-of-bread,wood-table)": 0.31964296226700145,
    "on-table(loaf-of-bread,black-table)": 0.3323170938529074,
    "on-table(loaf-of-bread,white-table)": 0.2112050692861279,
    "on-table(red-box-of-cereal,wood-table)": 0.3148963840212673,
    "on-table(red-box-of-cereal,black-table)": 0.865119089682897,
    "on-table(red-box-of-cereal,white-table)": 0.013647622124456879,
    "on-table(red-can-of-soda,wood-table)": 0.2586485408731581,
    "on-table(red-can-of-soda,black-table)": 0.9533283313115438,
    "on-table(red-can-of-soda,white-table)": 0.005310703726839468,
    "robot-gripper-empty()": 0.9413221577803293,
    "robot-gripping(milk-carton)": 0.21242596472923955,
    "robot-gripping(lemon)": 0.045066431746818125,
    "robot-gripping(green-bottle)": 0.12263791773390646,
    "robot-gripping(loaf-of-bread)": 0.07760127726942301,
    "robot-gripping(red-box-of-cereal)": 0.14255812275223434,
    "robot-gripping(red-can-of-soda)": 0.14682607473029444
}