{
    "on-table(milk-carton,wood-table)": 0.32748474334463634,
    "on-table(milk-carton,black-table)": 0.03433870498868904,
    "on-table(milk-carton,white-table)": 0.9842932025591532,
    "on-table(lemon,wood-table)": 0.21734263547114097,
    "on-table(lemon,black-table)": 0.027505432014853188,
    "on-table(lemon,white-table)": 0.9935061832269033,
    "on-table(green-bottle,wood-table)": 0.18139278913440648,
    "on-table(green-bottle,black-table)": 0.05128651260057874,
    "on-table(green-bottle,white-table)": 0.9931353429953257,
    "on-table(loaf-of-bread,wood-table)": 0.09413794024537007,
    "on-table(loaf-of-bread,black-table)": 0.0192328059420106,
    "on-table(loaf-of-bread,white-table)": 0.609247668646276,
    "on-table(red-box-of-cereal,wood-table)": 0.1748364745726576,
    "on-table(red-box-of-cereal,black-table)": 0.6061657212752228,
    "on-table(red-box-of-cereal,white-table)": 0.012456717030090658,
    "on-table(red-can-of-soda,wood-table)": 0.17189947147562634,
    "on-table(red-can-of-soda,black-table)": 0.6981572614749894,
    "on-table(red-can-of-soda,white-table)": 0.027653884353033693,
    "robot-gripper-empty()": 0.9507303635279337,
    "robot-gripping(milk-carton)": 0.10708476696163416,
    "robot-gripping(lemon)": 0.06803978056026001,
    "robot-gripping(green-bottle)": 0.06273165764287114,
    "robot-gripping(loaf-of-bread)": 0.09679356062163909,
    "robot-gripping(red-box-of-cereal)": 0.052942952529216804,
    "robot-gripping(red-can-of-soda)": 0.09195582141789298
}