{
    "on-table(milk-carton,wood-table)": 0.37012023041703895,
    "on-table(milk-carton,black-table)": 0.011401353490024727,
    "on-table(milk-carton,white-table)": 0.6866974171134643,
    "on-table(lemon,wood-table)": 0.186347532546885,
    "on-table(lemon,black-table)": 0.01627041747686538,
    "on-table(lemon,white-table)": 0.841126528258125,
    "on-table(green-bottle,wood-table)": 0.16693998547028363,
    "on-table(green-bottle,black-table)": 0.006363805252969239,
    "on-table(green-bottle,white-table)": 0.9901275833447775,
    "on-table(loaf-of-bread,wood-table)": 0.31127142139788094,
    "on-table(loaf-of-bread,black-table)": 0.01539927646323728,
    "on-table(loaf-of-bread,white-table)": 0.19405312393791974,
    "on-table(red-box-of-cereal,wood-table)": 0.8316808748447025,
    "on-table(red-box-of-cereal,black-table)": 0.1494097625448679,
    "on-table(red-box-of-cereal,white-table)": 0.022544004318585092,
    "on-table(red-can-of-soda,wood-table)": 0.8329678069179257,
    "on-table(red-can-of-soda,black-table)": 0.16692029269347586,
    "on-table(red-can-of-soda,white-table)": 0.00610799438709364,
    "robot-gripper-empty()": 0.9582245846589407,
    "robot-gripping(milk-carton)": 0.12035909357170264,
    "robot-gripping(lemon)": 0.048997321942200266,
    "robot-gripping(green-bottle)": 0.026915552928888548,
    "robot-gripping(loaf-of-bread)": 0.09054391955335934,
    "robot-gripping(red-box-of-cereal)": 0.12744898424716666,
    "robot-gripping(red-can-of-soda)": 0.1684329811638842
}