{
    "on-table(milk-carton,wood-table)": 0.11980144063515279,
    "on-table(milk-carton,black-table)": 0.6345996326611688,
    "on-table(milk-carton,white-table)": 0.30419096565553144,
    "on-table(lemon,wood-table)": 0.8337618405930698,
    "on-table(lemon,black-table)": 0.16761642144031916,
    "on-table(lemon,white-table)": 0.0012738948598780553,
    "on-table(green-bottle,wood-table)": 0.8321284075888494,
    "on-table(green-bottle,black-table)": 0.17095887577433663,
    "on-table(green-bottle,white-table)": 0.0031794465134756442,
    "on-table(loaf-of-bread,wood-table)": 0.06924409574518602,
    "on-table(loaf-of-bread,black-table)": 0.018166474105479818,
    "on-table(loaf-of-bread,white-table)": 0.2762496166008835,
    "on-table(red-box-of-cereal,wood-table)": 0.16370540661349273,
    "on-table(red-box-of-cereal,black-table)": 0.0005377946217777207,
    "on-table(red-box-of-cereal,white-table)": 0.8333631703183831,
    "on-table(red-can-of-soda,wood-table)": 0.15586418955717818,
    "on-table(red-can-of-soda,black-table)": 0.0005267244368951651,
    "on-table(red-can-of-soda,white-table)": 0.8334569524158724,
    "robot-gripper-empty()": 0.623037134607633,
    "robot-gripping(milk-carton)": 0.571172796189785,
    "robot-gripping(lemon)": 0.1420491375029087,
    "robot-gripping(green-bottle)": 0.2155083268880844,
    "robot-gripping(loaf-of-bread)": 0.21132745407521725,
    "robot-gripping(red-box-of-cereal)": 0.23876909088964263,
    "robot-gripping(red-can-of-soda)": 0.34581071487627923
}