{
    "on-table(milk-carton,wood-table)": 0.2775282174698077,
    "on-table(milk-carton,black-table)": 0.003837658485281281,
    "on-table(milk-carton,white-table)": 0.8323065837224325,
    "on-table(lemon,wood-table)": 0.16706859387340955,
    "on-table(lemon,black-table)": 0.6687576260301284,
    "on-table(lemon,white-table)": 0.0021823990840251404,
    "on-table(green-bottle,wood-table)": 0.17130872628088886,
    "on-table(green-bottle,black-table)": 0.16953514091619581,
    "on-table(green-bottle,white-table)": 0.0025414800341726127,
    "on-table(loaf-of-bread,wood-table)": 0.02649251470575109,
    "on-table(loaf-of-bread,black-table)": 0.0017061393591575325,
    "on-table(loaf-of-bread,white-table)": 0.12861531254990646,
    "on-table(red-box-of-cereal,wood-table)": 0.33578645806604374,
    "on-table(red-box-of-cereal,black-table)": 0.014729150959586454,
    "on-table(red-box-of-cereal,white-table)": 0.8346299842620889,
    "on-table(red-can-of-soda,wood-table)": 0.9555377860864004,
    "on-table(red-can-of-soda,black-table)": 0.16698715253733099,
    "on-table(red-can-of-soda,white-table)": 0.2687444240570282,
    "robot-gripper-empty()": 0.28084100474370643,
    "robot-gripping(milk-carton)": 0.14849573550357795,
    "robot-gripping(lemon)": 0.10463501349052724,
    "robot-gripping(green-bottle)": 0.8220993243157864,
    "robot-gripping(loaf-of-bread)": 0.058058668238421283,
    "robot-gripping(red-box-of-cereal)": 0.03225362638719768,
    "robot-gripping(red-can-of-soda)": 0.17480826984198453
}