{
    "on-table(milk-carton,wood-table)": 0.10322024983664353,
    "on-table(milk-carton,black-table)": 0.13005626310283938,
    "on-table(milk-carton,white-table)": 0.28008061383540434,
    "on-table(lemon,wood-table)": 0.25027236563619226,
    "on-table(lemon,black-table)": 0.03970762704299583,
    "on-table(lemon,white-table)": 0.902773842215538,
    "on-table(green-bottle,wood-table)": 0.03656268253871531,
    "on-table(green-bottle,black-table)": 0.1396591601384595,
    "on-table(green-bottle,white-table)": 0.02727155381095751,
    "on-table(loaf-of-bread,wood-table)": 0.24332834842304388,
    "on-table(loaf-of-bread,black-table)": 0.04122914527154838,
    "on-table(loaf-of-bread,white-table)": 0.17031342295619348,
    "on-table(red-box-of-cereal,wood-table)": 0.013856774700495103,
    "on-table(red-box-of-cereal,black-table)": 0.1829954958811868,
    "on-table(red-box-of-cereal,white-table)": 0.0152209569059778,
    "on-table(red-can-of-soda,wood-table)": 0.0938905289270527,
    "on-table(red-can-of-soda,black-table)": 0.20608811910885075,
    "on-table(red-can-of-soda,white-table)": 0.030226391611601382,
    "robot-gripper-empty()": 0.7993820309638977,
    "robot-gripping(milk-carton)": 0.2457422005633513,
    "robot-gripping(lemon)": 0.0860468194199105,
    "robot-gripping(green-bottle)": 0.13523058826103806,
    "robot-gripping(loaf-of-bread)": 0.09707561942438285,
    "robot-gripping(red-box-of-cereal)": 0.19616010350485644,
    "robot-gripping(red-can-of-soda)": 0.6502156325926384
}