{
    "on-table(milk-carton,wood-table)": 0.21217560162767768,
    "on-table(milk-carton,black-table)": 0.047213683024892816,
    "on-table(milk-carton,white-table)": 0.8631928836305937,
    "on-table(lemon,wood-table)": 0.27574109790536266,
    "on-table(lemon,black-table)": 0.4501508459215984,
    "on-table(lemon,white-table)": 0.2024166395519084,
    "on-table(green-bottle,wood-table)": 0.36451945232693106,
    "on-table(green-bottle,black-table)": 0.04994463501498103,
    "on-table(green-bottle,white-table)": 0.08409428730374202,
    "on-table(loaf-of-bread,wood-table)": 0.40643101930618286,
    "on-table(loaf-of-bread,black-table)": 0.5427656602114439,
    "on-table(loaf-of-bread,white-table)": 0.16695315615894893,
    "on-table(red-box-of-cereal,wood-table)": 0.1325169149786234,
    "on-table(red-box-of-cereal,black-table)": 0.2548386926064268,
    "on-table(red-box-of-cereal,white-table)": 0.00750909745208143,
    "on-table(red-can-of-soda,wood-table)": 0.17263843841889562,
    "on-table(red-can-of-soda,black-table)": 0.6698527866974473,
    "on-table(red-can-of-soda,white-table)": 0.004804895864860252,
    "robot-gripper-empty()": 0.8034294297297796,
    "robot-gripping(milk-carton)": 0.2939714224388202,
    "robot-gripping(lemon)": 0.26341340442498523,
    "robot-gripping(green-bottle)": 0.1397299887612462,
    "robot-gripping(loaf-of-bread)": 0.20699610436956087,
    "robot-gripping(red-box-of-cereal)": 0.06853636711214979,
    "robot-gripping(red-can-of-soda)": 0.180997502990067
}