{
    "on-table(milk-carton,wood-table)": 0.8174610858162245,
    "on-table(milk-carton,black-table)": 0.11507990250538569,
    "on-table(milk-carton,white-table)": 0.10653506383823697,
    "on-table(lemon,wood-table)": 0.16351302811259907,
    "on-table(lemon,black-table)": 0.11169891084591654,
    "on-table(lemon,white-table)": 0.03829074448428097,
    "on-table(green-bottle,wood-table)": 0.10672983714418176,
    "on-table(green-bottle,black-table)": 0.8331012955556313,
    "on-table(green-bottle,white-table)": 0.011282540651412395,
    "on-table(loaf-of-bread,wood-table)": 0.6661094153920809,
    "on-table(loaf-of-bread,black-table)": 0.011002959767210996,
    "on-table(loaf-of-bread,white-table)": 0.17406058190681506,
    "on-table(red-box-of-cereal,wood-table)": 0.9450106223424276,
    "on-table(red-box-of-cereal,black-table)": 0.21336309615435312,
    "on-table(red-box-of-cereal,white-table)": 0.1515706987623465,
    "on-table(red-can-of-soda,wood-table)": 0.5308159324692193,
    "on-table(red-can-of-soda,black-table)": 0.8565039758880933,
    "on-table(red-can-of-soda,white-table)": 0.059350766938526554,
    "robot-gripper-empty()": 0.9692730605602264,
    "robot-gripping(milk-carton)": 0.07831100684901078,
    "robot-gripping(lemon)": 0.026829589158296585,
    "robot-gripping(green-bottle)": 0.056154079657668866,
    "robot-gripping(loaf-of-bread)": 0.05688289118309816,
    "robot-gripping(red-box-of-cereal)": 0.0632005986602356,
    "robot-gripping(red-can-of-soda)": 0.14225941989570856
}