{
    "on-table(milk-carton,wood-table)": 0.32725492500079173,
    "on-table(milk-carton,black-table)": 0.832762802640597,
    "on-table(milk-carton,white-table)": 0.05875856079122362,
    "on-table(lemon,wood-table)": 0.24214645379106514,
    "on-table(lemon,black-table)": 0.005603426596129187,
    "on-table(lemon,white-table)": 0.8488166245321432,
    "on-table(green-bottle,wood-table)": 0.17397545230536102,
    "on-table(green-bottle,black-table)": 0.17495895283597443,
    "on-table(green-bottle,white-table)": 0.0024948832472849367,
    "on-table(loaf-of-bread,wood-table)": 0.32426760749270517,
    "on-table(loaf-of-bread,black-table)": 0.04697349958587438,
    "on-table(loaf-of-bread,white-table)": 0.5087639172561467,
    "on-table(red-box-of-cereal,wood-table)": 0.3637790728826076,
    "on-table(red-box-of-cereal,black-table)": 0.9581754604975382,
    "on-table(red-box-of-cereal,white-table)": 0.024770497271068354,
    "on-table(red-can-of-soda,wood-table)": 0.33010745886713266,
    "on-table(red-can-of-soda,black-table)": 0.9976104994614919,
    "on-table(red-can-of-soda,white-table)": 0.0047655074819582905,
    "robot-gripper-empty()": 0.4582846005796455,
    "robot-gripping(milk-carton)": 0.2761665254365653,
    "robot-gripping(lemon)": 0.07395735604222864,
    "robot-gripping(green-bottle)": 0.6850970567514499,
    "robot-gripping(loaf-of-bread)": 0.06819672238392134,
    "robot-gripping(red-box-of-cereal)": 0.0352804366654406,
    "robot-gripping(red-can-of-soda)": 0.0743037936432908
}