{
    "on-table(milk-carton,wood-table)": 0.1260770745575428,
    "on-table(milk-carton,black-table)": 0.46840783519049484,
    "on-table(milk-carton,white-table)": 0.016259589368322242,
    "on-table(lemon,wood-table)": 0.573830398110052,
    "on-table(lemon,black-table)": 0.406800498914284,
    "on-table(lemon,white-table)": 0.20870296750217676,
    "on-table(green-bottle,wood-table)": 0.9935248692830404,
    "on-table(green-bottle,black-table)": 0.33359471320253914,
    "on-table(green-bottle,white-table)": 0.006009503233144642,
    "on-table(loaf-of-bread,wood-table)": 0.9536033769448599,
    "on-table(loaf-of-bread,black-table)": 0.196232904723729,
    "on-table(loaf-of-bread,white-table)": 0.1657353628470446,
    "on-table(red-box-of-cereal,wood-table)": 0.06219450357699922,
    "on-table(red-box-of-cereal,black-table)": 0.011261689754974213,
    "on-table(red-box-of-cereal,white-table)": 0.22010320945992135,
    "on-table(red-can-of-soda,wood-table)": 0.03631355733220213,
    "on-table(red-can-of-soda,black-table)": 0.00680386440520427,
    "on-table(red-can-of-soda,white-table)": 0.24641328151604588,
    "robot-gripper-empty()": 0.8238736589749655,
    "robot-gripping(milk-carton)": 0.2327131467560927,
    "robot-gripping(lemon)": 0.3102795922507842,
    "robot-gripping(green-bottle)": 0.073300135632356,
    "robot-gripping(loaf-of-bread)": 0.23896597884595394,
    "robot-gripping(red-box-of-cereal)": 0.03740039394081881,
    "robot-gripping(red-can-of-soda)": 0.10388045936512451
}