{
    "on-table(milk-carton,wood-table)": 0.3869746177806519,
    "on-table(milk-carton,black-table)": 0.8229226109882196,
    "on-table(milk-carton,white-table)": 0.05645442687697747,
    "on-table(lemon,wood-table)": 0.15517481713807987,
    "on-table(lemon,black-table)": 0.8631378263235092,
    "on-table(lemon,white-table)": 0.001874501907953648,
    "on-table(green-bottle,wood-table)": 0.13662521052295537,
    "on-table(green-bottle,black-table)": 0.002316891549223025,
    "on-table(green-bottle,white-table)": 0.9985891481240591,
    "on-table(loaf-of-bread,wood-table)": 0.6883286057660977,
    "on-table(loaf-of-bread,black-table)": 0.14993422094266862,
    "on-table(loaf-of-bread,white-table)": 0.1600273079748149,
    "on-table(red-box-of-cereal,wood-table)": 0.25396994460121886,
    "on-table(red-box-of-cereal,black-table)": 0.01508104647412741,
    "on-table(red-box-of-cereal,white-table)": 0.5053592052621146,
    "on-table(red-can-of-soda,wood-table)": 0.9436014294624329,
    "on-table(red-can-of-soda,black-table)": 0.03540876443311921,
    "on-table(red-can-of-soda,white-table)": 0.1831826834753656,
    "robot-gripper-empty()": 0.8694801777601242,
    "robot-gripping(milk-carton)": 0.1125233427931865,
    "robot-gripping(lemon)": 0.07326005472956847,
    "robot-gripping(green-bottle)": 0.012184664548840374,
    "robot-gripping(loaf-of-bread)": 0.15698432239393392,
    "robot-gripping(red-box-of-cereal)": 0.1393008455634117,
    "robot-gripping(red-can-of-soda)": 0.18721556380235901
}