{
    "on-table(milk-carton,wood-table)": 0.42592875962145627,
    "on-table(milk-carton,black-table)": 0.029032401527122904,
    "on-table(milk-carton,white-table)": 0.8783087780078253,
    "on-table(lemon,wood-table)": 0.13046974947064882,
    "on-table(lemon,black-table)": 0.08271029451041538,
    "on-table(lemon,white-table)": 0.8387421586861213,
    "on-table(green-bottle,wood-table)": 0.16809327800486548,
    "on-table(green-bottle,black-table)": 0.8258189091381306,
    "on-table(green-bottle,white-table)": 0.020811579876863107,
    "on-table(loaf-of-bread,wood-table)": 0.5506081044053038,
    "on-table(loaf-of-bread,black-table)": 0.16455752329784445,
    "on-table(loaf-of-bread,white-table)": 0.07792344916864143,
    "on-table(red-box-of-cereal,wood-table)": 0.36878253500132513,
    "on-table(red-box-of-cereal,black-table)": 0.03071984736440451,
    "on-table(red-box-of-cereal,white-table)": 0.9952410360177358,
    "on-table(red-can-of-soda,wood-table)": 0.4424353924890359,
    "on-table(red-can-of-soda,black-table)": 0.08150217061120202,
    "on-table(red-can-of-soda,white-table)": 0.9065972318251928,
    "robot-gripper-empty()": 0.9016001025835673,
    "robot-gripping(milk-carton)": 0.11996886289368074,
    "robot-gripping(lemon)": 0.022043107737166185,
    "robot-gripping(green-bottle)": 0.1669812451194351,
    "robot-gripping(loaf-of-bread)": 0.07257259202500184,
    "robot-gripping(red-box-of-cereal)": 0.09160904791982223,
    "robot-gripping(red-can-of-soda)": 0.1898128594427059
}