{
    "on-table(milk-carton,wood-table)": 0.3703123868132631,
    "on-table(milk-carton,black-table)": 0.3112682339269668,
    "on-table(milk-carton,white-table)": 0.1846444911401098,
    "on-table(lemon,wood-table)": 0.1866669425944565,
    "on-table(lemon,black-table)": 0.029557707567922382,
    "on-table(lemon,white-table)": 0.8341235344608625,
    "on-table(green-bottle,wood-table)": 0.32120830504330417,
    "on-table(green-bottle,black-table)": 0.9983625511328379,
    "on-table(green-bottle,white-table)": 0.07001499882502078,
    "on-table(loaf-of-bread,wood-table)": 0.23104969236495285,
    "on-table(loaf-of-bread,black-table)": 0.10368071399473895,
    "on-table(loaf-of-bread,white-table)": 0.6636226821380357,
    "on-table(red-box-of-cereal,wood-table)": 0.391279873632205,
    "on-table(red-box-of-cereal,black-table)": 0.34504256162714836,
    "on-table(red-box-of-cereal,white-table)": 0.027712359131934743,
    "on-table(red-can-of-soda,wood-table)": 0.8508583543201288,
    "on-table(red-can-of-soda,black-table)": 0.1724740445331084,
    "on-table(red-can-of-soda,white-table)": 0.0288042615922753,
    "robot-gripper-empty()": 0.588560987651969,
    "robot-gripping(milk-carton)": 0.6060130695501963,
    "robot-gripping(lemon)": 0.19464560287694135,
    "robot-gripping(green-bottle)": 0.23859934120749435,
    "robot-gripping(loaf-of-bread)": 0.24887269300719103,
    "robot-gripping(red-box-of-cereal)": 0.6599903351937731,
    "robot-gripping(red-can-of-soda)": 0.47649748406062525
}