{
    "on-table(milk-carton,wood-table)": 0.16423923964612186,
    "on-table(milk-carton,black-table)": 0.6434152635435263,
    "on-table(milk-carton,white-table)": 0.2761935809733889,
    "on-table(lemon,wood-table)": 0.3191832909360528,
    "on-table(lemon,black-table)": 0.9843361973762512,
    "on-table(lemon,white-table)": 0.03686651785574213,
    "on-table(green-bottle,wood-table)": 0.32882030446004745,
    "on-table(green-bottle,black-table)": 0.9977460900942484,
    "on-table(green-bottle,white-table)": 0.14466376509123316,
    "on-table(loaf-of-bread,wood-table)": 0.37232893689846,
    "on-table(loaf-of-bread,black-table)": 0.20655420193603882,
    "on-table(loaf-of-bread,white-table)": 0.23828052007593215,
    "on-table(red-box-of-cereal,wood-table)": 0.025008617027197033,
    "on-table(red-box-of-cereal,black-table)": 0.11987788704088113,
    "on-table(red-box-of-cereal,white-table)": 0.07917843557273348,
    "on-table(red-can-of-soda,wood-table)": 0.16409999291257313,
    "on-table(red-can-of-soda,black-table)": 0.18359204016936323,
    "on-table(red-can-of-soda,white-table)": 0.05215654941275716,
    "robot-gripper-empty()": 0.7701880286137263,
    "robot-gripping(milk-carton)": 0.2118397280573845,
    "robot-gripping(lemon)": 0.10178193760414918,
    "robot-gripping(green-bottle)": 0.07819500130911668,
    "robot-gripping(loaf-of-bread)": 0.14774095298101506,
    "robot-gripping(red-box-of-cereal)": 0.11009460190931956,
    "robot-gripping(red-can-of-soda)": 0.542798638343811
}