{
    "on-table(milk-carton,wood-table)": 0.19670980078323433,
    "on-table(milk-carton,black-table)": 0.13401075623369252,
    "on-table(milk-carton,white-table)": 0.7613998018205166,
    "on-table(lemon,wood-table)": 0.14082521479576826,
    "on-table(lemon,black-table)": 0.015347452588078644,
    "on-table(lemon,white-table)": 0.8148162414630254,
    "on-table(green-bottle,wood-table)": 0.015187425029580481,
    "on-table(green-bottle,black-table)": 0.006418849176649625,
    "on-table(green-bottle,white-table)": 0.02414770254593653,
    "on-table(loaf-of-bread,wood-table)": 0.2789043012696008,
    "on-table(loaf-of-bread,black-table)": 0.3546266593039036,
    "on-table(loaf-of-bread,white-table)": 0.5067496648989618,
    "on-table(red-box-of-cereal,wood-table)": 0.2300660052957634,
    "on-table(red-box-of-cereal,black-table)": 0.6764632413784663,
    "on-table(red-box-of-cereal,white-table)": 0.4726690714621024,
    "on-table(red-can-of-soda,wood-table)": 0.1772325300068284,
    "on-table(red-can-of-soda,black-table)": 0.15463682627720723,
    "on-table(red-can-of-soda,white-table)": 0.916944831609726,
    "robot-gripper-empty()": 0.9631275832653046,
    "robot-gripping(milk-carton)": 0.12549858586862683,
    "robot-gripping(lemon)": 0.06754872808232903,
    "robot-gripping(green-bottle)": 0.049989001359790564,
    "robot-gripping(loaf-of-bread)": 0.10750844054079305,
    "robot-gripping(red-box-of-cereal)": 0.10800705295211326,
    "robot-gripping(red-can-of-soda)": 0.12754365945390114
}