{
    "on-table(milk-carton,wood-table)": 0.5452829177180926,
    "on-table(milk-carton,black-table)": 0.08891807162823777,
    "on-table(milk-carton,white-table)": 0.07115915323568818,
    "on-table(lemon,wood-table)": 0.3570329163679465,
    "on-table(lemon,black-table)": 0.00011489285331360104,
    "on-table(lemon,white-table)": 0.836015040675799,
    "on-table(green-bottle,wood-table)": 0.049499521004690905,
    "on-table(green-bottle,black-table)": 0.004125594295146584,
    "on-table(green-bottle,white-table)": 0.13245865110911836,
    "on-table(loaf-of-bread,wood-table)": 0.19340046495199203,
    "on-table(loaf-of-bread,black-table)": 0.3983998072023193,
    "on-table(loaf-of-bread,white-table)": 0.04996452194366915,
    "on-table(red-box-of-cereal,wood-table)": 0.15383532270789146,
    "on-table(red-box-of-cereal,black-table)": 0.021869770891498774,
    "on-table(red-box-of-cereal,white-table)": 0.06516368361189961,
    "on-table(red-can-of-soda,wood-table)": 0.8343672895183166,
    "on-table(red-can-of-soda,black-table)": 0.16492885939967059,
    "on-table(red-can-of-soda,white-table)": 0.005164954618862794,
    "robot-gripper-empty()": 0.8512829343477885,
    "robot-gripping(milk-carton)": 0.1887797967841228,
    "robot-gripping(lemon)": 0.023274338610159855,
    "robot-gripping(green-bottle)": 0.022696515118392806,
    "robot-gripping(loaf-of-bread)": 0.0940192894389232,
    "robot-gripping(red-box-of-cereal)": 0.1746669082591931,
    "robot-gripping(red-can-of-soda)": 0.19395146891474724
}