{
    "on-table(milk-carton,wood-table)": 0.3340073596530904,
    "on-table(milk-carton,black-table)": 0.07876850325070943,
    "on-table(milk-carton,white-table)": 0.03230508606065996,
    "on-table(lemon,wood-table)": 0.18851343016528213,
    "on-table(lemon,black-table)": 0.0094556825821428,
    "on-table(lemon,white-table)": 0.8373926229154071,
    "on-table(green-bottle,wood-table)": 0.16772744332774892,
    "on-table(green-bottle,black-table)": 0.8323060261706511,
    "on-table(green-bottle,white-table)": 0.1256385927251055,
    "on-table(loaf-of-bread,wood-table)": 0.1628275002197673,
    "on-table(loaf-of-bread,black-table)": 0.0336778282605034,
    "on-table(loaf-of-bread,white-table)": 0.081898731761612,
    "on-table(red-box-of-cereal,wood-table)": 0.3524549874515894,
    "on-table(red-box-of-cereal,black-table)": 0.1804349537099673,
    "on-table(red-box-of-cereal,white-table)": 0.0012682012590327456,
    "on-table(red-can-of-soda,wood-table)": 0.6015779661635557,
    "on-table(red-can-of-soda,black-table)": 0.25421130371008377,
    "on-table(red-can-of-soda,white-table)": 0.0020395894034663797,
    "robot-gripper-empty()": 0.8186518972118696,
    "robot-gripping(milk-carton)": 0.40039295703172684,
    "robot-gripping(lemon)": 0.03580325376242399,
    "robot-gripping(green-bottle)": 0.1805388337234035,
    "robot-gripping(loaf-of-bread)": 0.09999384917318821,
    "robot-gripping(red-box-of-cereal)": 0.015874244990603376,
    "robot-gripping(red-can-of-soda)": 0.08808237857495745
}