{
    "on-table(milk-carton,wood-table)": 0.3170087903078335,
    "on-table(milk-carton,black-table)": 0.5452192046989998,
    "on-table(milk-carton,white-table)": 0.22393483427489022,
    "on-table(lemon,wood-table)": 0.572091369471309,
    "on-table(lemon,black-table)": 0.20677496715294788,
    "on-table(lemon,white-table)": 0.15972395442743922,
    "on-table(green-bottle,wood-table)": 0.8350298414006829,
    "on-table(green-bottle,black-table)": 0.16936295048204406,
    "on-table(green-bottle,white-table)": 0.005505486237874872,
    "on-table(loaf-of-bread,wood-table)": 0.8296363577246666,
    "on-table(loaf-of-bread,black-table)": 0.05250190729263219,
    "on-table(loaf-of-bread,white-table)": 0.1704085195560765,
    "on-table(red-box-of-cereal,wood-table)": 0.04204648230127835,
    "on-table(red-box-of-cereal,black-table)": 0.4204839845187962,
    "on-table(red-box-of-cereal,white-table)": 0.05032439660135424,
    "on-table(red-can-of-soda,wood-table)": 0.036699526928714477,
    "on-table(red-can-of-soda,black-table)": 0.7422213740646839,
    "on-table(red-can-of-soda,white-table)": 0.007336721312943458,
    "robot-gripper-empty()": 0.5148610222774247,
    "robot-gripping(milk-carton)": 0.5148829085131487,
    "robot-gripping(lemon)": 0.11263556002328794,
    "robot-gripping(green-bottle)": 0.19808109993270287,
    "robot-gripping(loaf-of-bread)": 0.14516009421398243,
    "robot-gripping(red-box-of-cereal)": 0.6444655066976944,
    "robot-gripping(red-can-of-soda)": 0.5923402073482672
}