{
    "on-table(milk-carton,wood-table)": 0.047173001104965806,
    "on-table(milk-carton,black-table)": 0.40668609567607444,
    "on-table(milk-carton,white-table)": 0.4566454603918828,
    "on-table(lemon,wood-table)": 0.03393210149321627,
    "on-table(lemon,black-table)": 0.8335020282150557,
    "on-table(lemon,white-table)": 0.01256494039955669,
    "on-table(green-bottle,wood-table)": 0.15885310077464965,
    "on-table(green-bottle,black-table)": 0.8312615941201026,
    "on-table(green-bottle,white-table)": 0.006149563969756855,
    "on-table(loaf-of-bread,wood-table)": 0.16819815541384742,
    "on-table(loaf-of-bread,black-table)": 0.08309681984004176,
    "on-table(loaf-of-bread,white-table)": 0.5406034059512118,
    "on-table(red-box-of-cereal,wood-table)": 0.17693870338068032,
    "on-table(red-box-of-cereal,black-table)": 0.010954593400432108,
    "on-table(red-box-of-cereal,white-table)": 0.8338710453050832,
    "on-table(red-can-of-soda,wood-table)": 0.8429611275593439,
    "on-table(red-can-of-soda,black-table)": 0.16869501914546467,
    "on-table(red-can-of-soda,white-table)": 0.2191565488925941,
    "robot-gripper-empty()": 0.8219754000504812,
    "robot-gripping(milk-carton)": 0.1206105953703324,
    "robot-gripping(lemon)": 0.0794371796073392,
    "robot-gripping(green-bottle)": 0.09768265120995541,
    "robot-gripping(loaf-of-bread)": 0.08443931536749005,
    "robot-gripping(red-box-of-cereal)": 0.09471838521615912,
    "robot-gripping(red-can-of-soda)": 0.2044097438144187
}