{
    "on-table(milk-carton,wood-table)": 0.030345896996247273,
    "on-table(milk-carton,black-table)": 0.24958476657047868,
    "on-table(milk-carton,white-table)": 0.24269799965744218,
    "on-table(lemon,wood-table)": 0.9077578186988831,
    "on-table(lemon,black-table)": 0.16619294551461886,
    "on-table(lemon,white-table)": 0.15069902868647964,
    "on-table(green-bottle,wood-table)": 0.8284342476593641,
    "on-table(green-bottle,black-table)": 0.16756146651165219,
    "on-table(green-bottle,white-table)": 0.002428291355992466,
    "on-table(loaf-of-bread,wood-table)": 0.04469023823427657,
    "on-table(loaf-of-bread,black-table)": 0.08661900571314618,
    "on-table(loaf-of-bread,white-table)": 0.3892791446996853,
    "on-table(red-box-of-cereal,wood-table)": 0.004793692680929477,
    "on-table(red-box-of-cereal,black-table)": 0.19961704987023646,
    "on-table(red-box-of-cereal,white-table)": 0.013217581552453339,
    "on-table(red-can-of-soda,wood-table)": 0.00605694356878909,
    "on-table(red-can-of-soda,black-table)": 0.2505420586870362,
    "on-table(red-can-of-soda,white-table)": 0.05480322024474541,
    "robot-gripper-empty()": 0.8555816287795702,
    "robot-gripping(milk-carton)": 0.17246539828677973,
    "robot-gripping(lemon)": 0.05679783644154668,
    "robot-gripping(green-bottle)": 0.1877240571193397,
    "robot-gripping(loaf-of-bread)": 0.10141406045295298,
    "robot-gripping(red-box-of-cereal)": 0.030553467591137935,
    "robot-gripping(red-can-of-soda)": 0.1337240997236222
}