{
    "on-table(milk-carton,wood-table)": 0.28271412461375195,
    "on-table(milk-carton,black-table)": 0.8128756706913313,
    "on-table(milk-carton,white-table)": 0.03434084957310309,
    "on-table(lemon,wood-table)": 0.19473530301183928,
    "on-table(lemon,black-table)": 0.02130730744769001,
    "on-table(lemon,white-table)": 0.8270749648412069,
    "on-table(green-bottle,wood-table)": 0.16929537902857797,
    "on-table(green-bottle,black-table)": 0.1719603906270398,
    "on-table(green-bottle,white-table)": 0.0026204595258908134,
    "on-table(loaf-of-bread,wood-table)": 0.49717579533656436,
    "on-table(loaf-of-bread,black-table)": 0.2586510898375612,
    "on-table(loaf-of-bread,white-table)": 0.03150325656558076,
    "on-table(red-box-of-cereal,wood-table)": 0.18273177273416272,
    "on-table(red-box-of-cereal,black-table)": 0.8289738607903322,
    "on-table(red-box-of-cereal,white-table)": 0.008932967413178025,
    "on-table(red-can-of-soda,wood-table)": 0.16623222147245542,
    "on-table(red-can-of-soda,black-table)": 0.12596792673290716,
    "on-table(red-can-of-soda,white-table)": 0.8361962679773569,
    "robot-gripper-empty()": 0.4400943594033985,
    "robot-gripping(milk-carton)": 0.20528894057497382,
    "robot-gripping(lemon)": 0.1275444752536714,
    "robot-gripping(green-bottle)": 0.7139566028490663,
    "robot-gripping(loaf-of-bread)": 0.07613579525301854,
    "robot-gripping(red-box-of-cereal)": 0.07178402374847792,
    "robot-gripping(red-can-of-soda)": 0.14935428593162214
}