{
    "on-table(milk-carton,wood-table)": 0.5652254012723764,
    "on-table(milk-carton,black-table)": 0.15765729637496406,
    "on-table(milk-carton,white-table)": 0.21274222930514952,
    "on-table(lemon,wood-table)": 0.6705346807527045,
    "on-table(lemon,black-table)": 0.0029227274044008786,
    "on-table(lemon,white-table)": 0.0031324616188233754,
    "on-table(green-bottle,wood-table)": 0.1697337971854722,
    "on-table(green-bottle,black-table)": 0.17224159664025743,
    "on-table(green-bottle,white-table)": 0.00320435695660611,
    "on-table(loaf-of-bread,wood-table)": 0.24690897902473807,
    "on-table(loaf-of-bread,black-table)": 0.026627625649174053,
    "on-table(loaf-of-bread,white-table)": 0.19521004927810282,
    "on-table(red-box-of-cereal,wood-table)": 0.16632982783630723,
    "on-table(red-box-of-cereal,black-table)": 0.008841117398939483,
    "on-table(red-box-of-cereal,white-table)": 0.935299793879191,
    "on-table(red-can-of-soda,wood-table)": 0.1655521382454026,
    "on-table(red-can-of-soda,black-table)": 0.006402982963663817,
    "on-table(red-can-of-soda,white-table)": 0.9983675877253214,
    "robot-gripper-empty()": 0.45210104521053535,
    "robot-gripping(milk-carton)": 0.3405477972701192,
    "robot-gripping(lemon)": 0.24767524500687918,
    "robot-gripping(green-bottle)": 0.7814456097160777,
    "robot-gripping(loaf-of-bread)": 0.10947974833349387,
    "robot-gripping(red-box-of-cereal)": 0.04861955428107952,
    "robot-gripping(red-can-of-soda)": 0.11519338716607308
}