{
    "on-table(milk-carton,wood-table)": 0.2543250363475333,
    "on-table(milk-carton,black-table)": 0.4176284922286868,
    "on-table(milk-carton,white-table)": 0.40348566992906854,
    "on-table(lemon,wood-table)": 0.9728311399618784,
    "on-table(lemon,black-table)": 0.3320900427976691,
    "on-table(lemon,white-table)": 0.019693524175939576,
    "on-table(green-bottle,wood-table)": 0.19717241957672135,
    "on-table(green-bottle,black-table)": 0.9985199371973673,
    "on-table(green-bottle,white-table)": 0.008382848432271809,
    "on-table(loaf-of-bread,wood-table)": 0.8753998676935831,
    "on-table(loaf-of-bread,black-table)": 0.21861195867919983,
    "on-table(loaf-of-bread,white-table)": 0.019032098183136743,
    "on-table(red-box-of-cereal,wood-table)": 0.09542515438321668,
    "on-table(red-box-of-cereal,black-table)": 0.0031440375781433736,
    "on-table(red-box-of-cereal,white-table)": 0.8318550972617231,
    "on-table(red-can-of-soda,wood-table)": 0.1680280900473008,
    "on-table(red-can-of-soda,black-table)": 0.057883652412177376,
    "on-table(red-can-of-soda,white-table)": 0.6660484023353396,
    "robot-gripper-empty()": 0.7676558954020342,
    "robot-gripping(milk-carton)": 0.1643901914358139,
    "robot-gripping(lemon)": 0.07247044347847502,
    "robot-gripping(green-bottle)": 0.11408048895342897,
    "robot-gripping(loaf-of-bread)": 0.10926369577646255,
    "robot-gripping(red-box-of-cereal)": 0.19944163939605156,
    "robot-gripping(red-can-of-soda)": 0.3748235749080777
}