{
    "on-table(milk-carton,wood-table)": 0.19003247325114594,
    "on-table(milk-carton,black-table)": 0.7094647418707609,
    "on-table(milk-carton,white-table)": 0.1823855059046764,
    "on-table(lemon,wood-table)": 0.9478228886922201,
    "on-table(lemon,black-table)": 0.138462800188942,
    "on-table(lemon,white-table)": 0.16342358395468182,
    "on-table(green-bottle,wood-table)": 0.8089268940190474,
    "on-table(green-bottle,black-table)": 0.32936283349143497,
    "on-table(green-bottle,white-table)": 0.0057138817174973155,
    "on-table(loaf-of-bread,wood-table)": 0.33940175633567077,
    "on-table(loaf-of-bread,black-table)": 0.482900900611033,
    "on-table(loaf-of-bread,white-table)": 0.1728673584536106,
    "on-table(red-box-of-cereal,wood-table)": 0.2095295450029274,
    "on-table(red-box-of-cereal,black-table)": 0.8380815386772156,
    "on-table(red-box-of-cereal,white-table)": 0.03277932448933522,
    "on-table(red-can-of-soda,wood-table)": 0.41046114824712276,
    "on-table(red-can-of-soda,black-table)": 0.6477102729671363,
    "on-table(red-can-of-soda,white-table)": 0.0025633752982988276,
    "robot-gripper-empty()": 0.8146905799706777,
    "robot-gripping(milk-carton)": 0.21838695338616768,
    "robot-gripping(lemon)": 0.09180661415060361,
    "robot-gripping(green-bottle)": 0.1529187160388877,
    "robot-gripping(loaf-of-bread)": 0.1658268078851203,
    "robot-gripping(red-box-of-cereal)": 0.20822346435549358,
    "robot-gripping(red-can-of-soda)": 0.34919821463214856
}