{
    "on-table(milk-carton,wood-table)": 0.9466305573781332,
    "on-table(milk-carton,black-table)": 0.30593269241944654,
    "on-table(milk-carton,white-table)": 0.019913944464254502,
    "on-table(lemon,wood-table)": 0.06485819670342607,
    "on-table(lemon,black-table)": 0.17222882950833687,
    "on-table(lemon,white-table)": 0.33297775297736126,
    "on-table(green-bottle,wood-table)": 0.15658219576289412,
    "on-table(green-bottle,black-table)": 0.0008005693483331319,
    "on-table(green-bottle,white-table)": 0.8343627267361929,
    "on-table(loaf-of-bread,wood-table)": 0.260931928952535,
    "on-table(loaf-of-bread,black-table)": 0.08458318833921415,
    "on-table(loaf-of-bread,white-table)": 0.41221358807524666,
    "on-table(red-box-of-cereal,wood-table)": 0.9956707060337067,
    "on-table(red-box-of-cereal,black-table)": 0.3311510971179814,
    "on-table(red-box-of-cereal,white-table)": 0.029831910622306168,
    "on-table(red-can-of-soda,wood-table)": 0.6713825274879733,
    "on-table(red-can-of-soda,black-table)": 0.0017052300314996198,
    "on-table(red-can-of-soda,white-table)": 0.8121014102362096,
    "robot-gripper-empty()": 0.9146228432655334,
    "robot-gripping(milk-carton)": 0.1556282564997673,
    "robot-gripping(lemon)": 0.27544218208640814,
    "robot-gripping(green-bottle)": 0.05469318373555628,
    "robot-gripping(loaf-of-bread)": 0.13876257402201495,
    "robot-gripping(red-box-of-cereal)": 0.0655804608638088,
    "robot-gripping(red-can-of-soda)": 0.2016595321086546
}