{
    "on-table(milk-carton,wood-table)": 0.33555273758247495,
    "on-table(milk-carton,black-table)": 0.8818313479423523,
    "on-table(milk-carton,white-table)": 0.08535651436856521,
    "on-table(lemon,wood-table)": 0.1855590510337303,
    "on-table(lemon,black-table)": 0.24550121104402933,
    "on-table(lemon,white-table)": 0.25596194676836603,
    "on-table(green-bottle,wood-table)": 0.18979420659403937,
    "on-table(green-bottle,black-table)": 0.8557750557859739,
    "on-table(green-bottle,white-table)": 0.007824863364097231,
    "on-table(loaf-of-bread,wood-table)": 0.36643033598860103,
    "on-table(loaf-of-bread,black-table)": 0.23843326035421342,
    "on-table(loaf-of-bread,white-table)": 0.45428754792859155,
    "on-table(red-box-of-cereal,wood-table)": 0.43024016947795946,
    "on-table(red-box-of-cereal,black-table)": 0.965948075056076,
    "on-table(red-box-of-cereal,white-table)": 0.023835781815553975,
    "on-table(red-can-of-soda,wood-table)": 0.3423678350712483,
    "on-table(red-can-of-soda,black-table)": 0.9989881813526154,
    "on-table(red-can-of-soda,white-table)": 0.002547083244053283,
    "robot-gripper-empty()": 0.8176034833304584,
    "robot-gripping(milk-carton)": 0.23907438727716604,
    "robot-gripping(lemon)": 0.23229208091894785,
    "robot-gripping(green-bottle)": 0.020226841947684687,
    "robot-gripping(loaf-of-bread)": 0.22300411574542522,
    "robot-gripping(red-box-of-cereal)": 0.03992883604951203,
    "robot-gripping(red-can-of-soda)": 0.045206763820412256
}