{
    "on-table(milk-carton,wood-table)": 0.1750880762313803,
    "on-table(milk-carton,black-table)": 0.12398868923385938,
    "on-table(milk-carton,white-table)": 0.26675892101290327,
    "on-table(lemon,wood-table)": 0.24835293685706952,
    "on-table(lemon,black-table)": 0.8107870854437351,
    "on-table(lemon,white-table)": 0.01629344612532198,
    "on-table(green-bottle,wood-table)": 0.16646807645156514,
    "on-table(green-bottle,black-table)": 0.8301925001433119,
    "on-table(green-bottle,white-table)": 0.009241150274647225,
    "on-table(loaf-of-bread,wood-table)": 0.3957812587420146,
    "on-table(loaf-of-bread,black-table)": 0.002877110794846279,
    "on-table(loaf-of-bread,white-table)": 0.15457070292904973,
    "on-table(red-box-of-cereal,wood-table)": 0.059232394210994244,
    "on-table(red-box-of-cereal,black-table)": 0.10054565252115329,
    "on-table(red-box-of-cereal,white-table)": 0.180374167340536,
    "on-table(red-can-of-soda,wood-table)": 0.21790842830281085,
    "on-table(red-can-of-soda,black-table)": 0.834791101825734,
    "on-table(red-can-of-soda,white-table)": 0.014440914361936544,
    "robot-gripper-empty()": 0.9734890957673391,
    "robot-gripping(milk-carton)": 0.22984769443670908,
    "robot-gripping(lemon)": 0.05664263044794401,
    "robot-gripping(green-bottle)": 0.026018106339809794,
    "robot-gripping(loaf-of-bread)": 0.07936119784911473,
    "robot-gripping(red-box-of-cereal)": 0.02604358542400102,
    "robot-gripping(red-can-of-soda)": 0.038056793001790844
}