{
    "on-table(milk-carton,wood-table)": 0.7684007187684377,
    "on-table(milk-carton,black-table)": 0.3953108115044112,
    "on-table(milk-carton,white-table)": 0.01947786537493812,
    "on-table(lemon,wood-table)": 0.012603484812037399,
    "on-table(lemon,black-table)": 0.0016228944393030058,
    "on-table(lemon,white-table)": 0.028864213212121587,
    "on-table(green-bottle,wood-table)": 0.16861277783755213,
    "on-table(green-bottle,black-table)": 0.0006523184736882589,
    "on-table(green-bottle,white-table)": 0.8384620491415262,
    "on-table(loaf-of-bread,wood-table)": 0.7143407845093558,
    "on-table(loaf-of-bread,black-table)": 0.16902470545392134,
    "on-table(loaf-of-bread,white-table)": 0.0038232088494017566,
    "on-table(red-box-of-cereal,wood-table)": 0.9607847432295481,
    "on-table(red-box-of-cereal,black-table)": 0.2410119302245827,
    "on-table(red-box-of-cereal,white-table)": 0.009747208384624173,
    "on-table(red-can-of-soda,wood-table)": 0.7205271360774835,
    "on-table(red-can-of-soda,black-table)": 0.6749311403060952,
    "on-table(red-can-of-soda,white-table)": 0.0032951939645802972,
    "robot-gripper-empty()": 0.970545748869578,
    "robot-gripping(milk-carton)": 0.08139112141604225,
    "robot-gripping(lemon)": 0.02312622234846155,
    "robot-gripping(green-bottle)": 0.016717945458367467,
    "robot-gripping(loaf-of-bread)": 0.04729068500455469,
    "robot-gripping(red-box-of-cereal)": 0.06089924376768371,
    "robot-gripping(red-can-of-soda)": 0.11094039430220921
}