{
    "on-table(milk-carton,wood-table)": 0.19566493576470143,
    "on-table(milk-carton,black-table)": 0.05531613849386,
    "on-table(milk-carton,white-table)": 0.931666890780131,
    "on-table(lemon,wood-table)": 0.9324025313059489,
    "on-table(lemon,black-table)": 0.16670666264129372,
    "on-table(lemon,white-table)": 0.16401833623664666,
    "on-table(green-bottle,wood-table)": 0.14181605719932122,
    "on-table(green-bottle,black-table)": 0.10790274774990394,
    "on-table(green-bottle,white-table)": 0.9991685648759207,
    "on-table(loaf-of-bread,wood-table)": 0.08182410573742042,
    "on-table(loaf-of-bread,black-table)": 0.04104219004511833,
    "on-table(loaf-of-bread,white-table)": 0.0953234580035011,
    "on-table(red-box-of-cereal,wood-table)": 0.08674402786467302,
    "on-table(red-box-of-cereal,black-table)": 0.20865988160464136,
    "on-table(red-box-of-cereal,white-table)": 0.8357746551434199,
    "on-table(red-can-of-soda,wood-table)": 0.16011827902305717,
    "on-table(red-can-of-soda,black-table)": 0.017205707509826123,
    "on-table(red-can-of-soda,white-table)": 0.9906143744786581,
    "robot-gripper-empty()": 0.83367853363355,
    "robot-gripping(milk-carton)": 0.12337911330784361,
    "robot-gripping(lemon)": 0.16478979067566493,
    "robot-gripping(green-bottle)": 0.15969101979862899,
    "robot-gripping(loaf-of-bread)": 0.08762047222505014,
    "robot-gripping(red-box-of-cereal)": 0.06292234625046451,
    "robot-gripping(red-can-of-soda)": 0.09596345162329574
}