{
    "on-table(milk-carton,wood-table)": 0.2001523408422751,
    "on-table(milk-carton,black-table)": 0.05563566977525625,
    "on-table(milk-carton,white-table)": 0.917077640692393,
    "on-table(lemon,wood-table)": 0.8346358238098522,
    "on-table(lemon,black-table)": 0.16746822393937086,
    "on-table(lemon,white-table)": 0.005188581088987121,
    "on-table(green-bottle,wood-table)": 0.10185320446422945,
    "on-table(green-bottle,black-table)": 0.004159726324814983,
    "on-table(green-bottle,white-table)": 0.838179765890042,
    "on-table(loaf-of-bread,wood-table)": 0.11241811630316079,
    "on-table(loaf-of-bread,black-table)": 0.030248152383137494,
    "on-table(loaf-of-bread,white-table)": 0.036228222374726705,
    "on-table(red-box-of-cereal,wood-table)": 0.08273927860621673,
    "on-table(red-box-of-cereal,black-table)": 0.053711195425421465,
    "on-table(red-box-of-cereal,white-table)": 0.6696954760700464,
    "on-table(red-can-of-soda,wood-table)": 0.16991860250709578,
    "on-table(red-can-of-soda,black-table)": 0.03278998000526675,
    "on-table(red-can-of-soda,white-table)": 0.9988986452420553,
    "robot-gripper-empty()": 0.9475701649983724,
    "robot-gripping(milk-carton)": 0.0921545432259639,
    "robot-gripping(lemon)": 0.17562318857138356,
    "robot-gripping(green-bottle)": 0.018809591031943757,
    "robot-gripping(loaf-of-bread)": 0.11814255251859625,
    "robot-gripping(red-box-of-cereal)": 0.05548010355172058,
    "robot-gripping(red-can-of-soda)": 0.07572335082416733
}