{
    "on-table(milk-carton,wood-table)": 0.5161587844292322,
    "on-table(milk-carton,black-table)": 0.05268409454341357,
    "on-table(milk-carton,white-table)": 0.0176485998017597,
    "on-table(lemon,wood-table)": 0.03034412334333562,
    "on-table(lemon,black-table)": 0.20906263776729853,
    "on-table(lemon,white-table)": 0.002870492899698244,
    "on-table(green-bottle,wood-table)": 0.1677441413339693,
    "on-table(green-bottle,black-table)": 0.005066558218762414,
    "on-table(green-bottle,white-table)": 0.9002793331940969,
    "on-table(loaf-of-bread,wood-table)": 0.2415690009171764,
    "on-table(loaf-of-bread,black-table)": 0.5249489018072685,
    "on-table(loaf-of-bread,white-table)": 0.01874089805399611,
    "on-table(red-box-of-cereal,wood-table)": 0.005670642266826083,
    "on-table(red-box-of-cereal,black-table)": 0.5018991713198678,
    "on-table(red-box-of-cereal,white-table)": 0.02009823093006465,
    "on-table(red-can-of-soda,wood-table)": 0.1464027681395237,
    "on-table(red-can-of-soda,black-table)": 0.824474395175154,
    "on-table(red-can-of-soda,white-table)": 0.0021959779049514814,
    "robot-gripper-empty()": 0.7502098443607489,
    "robot-gripping(milk-carton)": 0.30288019170984626,
    "robot-gripping(lemon)": 0.03337630062984923,
    "robot-gripping(green-bottle)": 0.028711826026362058,
    "robot-gripping(loaf-of-bread)": 0.1103445280653735,
    "robot-gripping(red-box-of-cereal)": 0.06744810323774193,
    "robot-gripping(red-can-of-soda)": 0.06721784174442291
}