{
    "on-table(milk-carton,wood-table)": 0.23893317393958569,
    "on-table(milk-carton,black-table)": 0.05988503790770968,
    "on-table(milk-carton,white-table)": 0.588230382806311,
    "on-table(lemon,wood-table)": 0.08588664101747175,
    "on-table(lemon,black-table)": 0.048751843176432885,
    "on-table(lemon,white-table)": 0.08467079109201829,
    "on-table(green-bottle,wood-table)": 0.1784814834148468,
    "on-table(green-bottle,black-table)": 0.1803532050010593,
    "on-table(green-bottle,white-table)": 0.010252369035394318,
    "on-table(loaf-of-bread,wood-table)": 0.41378056568404037,
    "on-table(loaf-of-bread,black-table)": 0.01381261897040531,
    "on-table(loaf-of-bread,white-table)": 0.10447097164190684,
    "on-table(red-box-of-cereal,wood-table)": 0.1695631394201579,
    "on-table(red-box-of-cereal,black-table)": 0.0025788145170129915,
    "on-table(red-box-of-cereal,white-table)": 0.767014566808939,
    "on-table(red-can-of-soda,wood-table)": 0.1924065921945536,
    "on-table(red-can-of-soda,black-table)": 0.0002407050330172448,
    "on-table(red-can-of-soda,white-table)": 0.830925807201614,
    "robot-gripper-empty()": 0.2546343928843271,
    "robot-gripping(milk-carton)": 0.55587171514829,
    "robot-gripping(lemon)": 0.11318351328372955,
    "robot-gripping(green-bottle)": 0.827898726798594,
    "robot-gripping(loaf-of-bread)": 0.1266862329406043,
    "robot-gripping(red-box-of-cereal)": 0.02672835523359633,
    "robot-gripping(red-can-of-soda)": 0.21811672669233909
}