{
    "on-table(milk-carton,wood-table)": 0.255154735641554,
    "on-table(milk-carton,black-table)": 0.5303175571995477,
    "on-table(milk-carton,white-table)": 0.2836476472924308,
    "on-table(lemon,wood-table)": 0.833382744929016,
    "on-table(lemon,black-table)": 0.16664925915544396,
    "on-table(lemon,white-table)": 0.0001475620503394263,
    "on-table(green-bottle,wood-table)": 0.002044079215314317,
    "on-table(green-bottle,black-table)": 0.003124818589640199,
    "on-table(green-bottle,white-table)": 0.0005508444273800706,
    "on-table(loaf-of-bread,wood-table)": 0.12147409732763965,
    "on-table(loaf-of-bread,black-table)": 0.4374925704905763,
    "on-table(loaf-of-bread,white-table)": 0.08740536482461418,
    "on-table(red-box-of-cereal,wood-table)": 0.17795667859415212,
    "on-table(red-box-of-cereal,black-table)": 0.8280340901110321,
    "on-table(red-box-of-cereal,white-table)": 0.350143772873101,
    "on-table(red-can-of-soda,wood-table)": 0.16936551574326586,
    "on-table(red-can-of-soda,black-table)": 0.08540580128783404,
    "on-table(red-can-of-soda,white-table)": 0.9945548276106516,
    "robot-gripper-empty()": 0.9760997394720713,
    "robot-gripping(milk-carton)": 0.16713999460140863,
    "robot-gripping(lemon)": 0.03671366137374813,
    "robot-gripping(green-bottle)": 0.015946167055517435,
    "robot-gripping(loaf-of-bread)": 0.05869618306557337,
    "robot-gripping(red-box-of-cereal)": 0.03234553554405769,
    "robot-gripping(red-can-of-soda)": 0.07300179296483596
}