{
    "on-table(milk-carton,wood-table)": 0.10949749864327411,
    "on-table(milk-carton,black-table)": 0.5333524318411946,
    "on-table(milk-carton,white-table)": 0.3234390114278843,
    "on-table(lemon,wood-table)": 0.0682503908695556,
    "on-table(lemon,black-table)": 0.6912713553368425,
    "on-table(lemon,white-table)": 0.010454147078670909,
    "on-table(green-bottle,wood-table)": 0.8281805558751026,
    "on-table(green-bottle,black-table)": 0.17000516090486903,
    "on-table(green-bottle,white-table)": 0.00245029975436258,
    "on-table(loaf-of-bread,wood-table)": 0.1987384172146752,
    "on-table(loaf-of-bread,black-table)": 0.3193313491065055,
    "on-table(loaf-of-bread,white-table)": 0.16774304297481044,
    "on-table(red-box-of-cereal,wood-table)": 0.19020742918170677,
    "on-table(red-box-of-cereal,black-table)": 0.7336661376757547,
    "on-table(red-box-of-cereal,white-table)": 0.34115124882858555,
    "on-table(red-can-of-soda,wood-table)": 0.1311881324939653,
    "on-table(red-can-of-soda,black-table)": 0.14524323612264803,
    "on-table(red-can-of-soda,white-table)": 0.8341912727337331,
    "robot-gripper-empty()": 0.9609218935171763,
    "robot-gripping(milk-carton)": 0.39054521545767784,
    "robot-gripping(lemon)": 0.035650912672281265,
    "robot-gripping(green-bottle)": 0.12315238042113681,
    "robot-gripping(loaf-of-bread)": 0.09897399879992008,
    "robot-gripping(red-box-of-cereal)": 0.08738559988948207,
    "robot-gripping(red-can-of-soda)": 0.11427386415501435
}