{
    "on-table(milk-carton,wood-table)": 0.1063625159052511,
    "on-table(milk-carton,black-table)": 0.13489657622994855,
    "on-table(milk-carton,white-table)": 0.5559910399218401,
    "on-table(lemon,wood-table)": 0.0420007339756315,
    "on-table(lemon,black-table)": 0.2590202105542024,
    "on-table(lemon,white-table)": 0.07411640358623117,
    "on-table(green-bottle,wood-table)": 0.17075605568485722,
    "on-table(green-bottle,black-table)": 0.07044276307753232,
    "on-table(green-bottle,white-table)": 0.9940518240133921,
    "on-table(loaf-of-bread,wood-table)": 0.28903253966321546,
    "on-table(loaf-of-bread,black-table)": 0.571256972849369,
    "on-table(loaf-of-bread,white-table)": 0.014766410350906275,
    "on-table(red-box-of-cereal,wood-table)": 0.16693929634251012,
    "on-table(red-box-of-cereal,black-table)": 0.8298328921664506,
    "on-table(red-box-of-cereal,white-table)": 0.009965713233214046,
    "on-table(red-can-of-soda,wood-table)": 0.1685159556703487,
    "on-table(red-can-of-soda,black-table)": 0.8241933560930192,
    "on-table(red-can-of-soda,white-table)": 0.004571192623340418,
    "robot-gripper-empty()": 0.7327663277586302,
    "robot-gripping(milk-carton)": 0.27940756486107904,
    "robot-gripping(lemon)": 0.3219822521011035,
    "robot-gripping(green-bottle)": 0.05327732277025158,
    "robot-gripping(loaf-of-bread)": 0.27578286407515407,
    "robot-gripping(red-box-of-cereal)": 0.185123411899743,
    "robot-gripping(red-can-of-soda)": 0.21494865603744984
}