{
    "on-table(milk-carton,wood-table)": 0.3686173519527074,
    "on-table(milk-carton,black-table)": 0.6521700782080492,
    "on-table(milk-carton,white-table)": 0.11476276592293289,
    "on-table(lemon,wood-table)": 0.2027453569462523,
    "on-table(lemon,black-table)": 0.8928407728672028,
    "on-table(lemon,white-table)": 0.005960056751519005,
    "on-table(green-bottle,wood-table)": 0.7777209089448055,
    "on-table(green-bottle,black-table)": 0.17554353321190774,
    "on-table(green-bottle,white-table)": 0.009723169214036412,
    "on-table(loaf-of-bread,wood-table)": 0.7522856444120407,
    "on-table(loaf-of-bread,black-table)": 0.1563610961638915,
    "on-table(loaf-of-bread,white-table)": 0.17630315148502027,
    "on-table(red-box-of-cereal,wood-table)": 0.7369606345891953,
    "on-table(red-box-of-cereal,black-table)": 0.3282326781375862,
    "on-table(red-box-of-cereal,white-table)": 0.014582811468850801,
    "on-table(red-can-of-soda,wood-table)": 0.3629867295967415,
    "on-table(red-can-of-soda,black-table)": 0.7402032638589541,
    "on-table(red-can-of-soda,white-table)": 0.0026783114741798877,
    "robot-gripper-empty()": 0.8416520829002062,
    "robot-gripping(milk-carton)": 0.11823236818114917,
    "robot-gripping(lemon)": 0.04695734086756905,
    "robot-gripping(green-bottle)": 0.1698324397827188,
    "robot-gripping(loaf-of-bread)": 0.10536113784958918,
    "robot-gripping(red-box-of-cereal)": 0.16503861779347062,
    "robot-gripping(red-can-of-soda)": 0.14406574160481492
}