{
    "on-table(milk-carton,wood-table)": 0.2283061562726895,
    "on-table(milk-carton,black-table)": 0.6224657818675041,
    "on-table(milk-carton,white-table)": 0.07963495199025299,
    "on-table(lemon,wood-table)": 0.17287188085416952,
    "on-table(lemon,black-table)": 0.01735521036289356,
    "on-table(lemon,white-table)": 0.6991127668879926,
    "on-table(green-bottle,wood-table)": 0.1788055445649661,
    "on-table(green-bottle,black-table)": 0.01461736755838198,
    "on-table(green-bottle,white-table)": 0.8477178464333216,
    "on-table(loaf-of-bread,wood-table)": 0.3359120686848958,
    "on-table(loaf-of-bread,black-table)": 0.5156523389741778,
    "on-table(loaf-of-bread,white-table)": 0.06504882509276892,
    "on-table(red-box-of-cereal,wood-table)": 0.20169600704684854,
    "on-table(red-box-of-cereal,black-table)": 0.685756292194128,
    "on-table(red-box-of-cereal,white-table)": 0.038889775697801575,
    "on-table(red-can-of-soda,wood-table)": 0.1747478384640999,
    "on-table(red-can-of-soda,black-table)": 0.01675588340246274,
    "on-table(red-can-of-soda,white-table)": 0.8511745780706406,
    "robot-gripper-empty()": 0.8192078322172165,
    "robot-gripping(milk-carton)": 0.24382329111297926,
    "robot-gripping(lemon)": 0.12557703303173184,
    "robot-gripping(green-bottle)": 0.057350518162517496,
    "robot-gripping(loaf-of-bread)": 0.15245395184804997,
    "robot-gripping(red-box-of-cereal)": 0.18977841975477835,
    "robot-gripping(red-can-of-soda)": 0.17690719085900733
}