{
    "on-table(milk-carton,wood-table)": 0.40721534196442616,
    "on-table(milk-carton,black-table)": 0.5061542807767788,
    "on-table(milk-carton,white-table)": 0.18874951287580188,
    "on-table(lemon,wood-table)": 0.0008518656043937275,
    "on-table(lemon,black-table)": 0.00874256323610704,
    "on-table(lemon,white-table)": 0.0006729616482819741,
    "on-table(green-bottle,wood-table)": 0.13056346589170667,
    "on-table(green-bottle,black-table)": 0.9133656124273936,
    "on-table(green-bottle,white-table)": 0.0009414070461086036,
    "on-table(loaf-of-bread,wood-table)": 0.25078337130253203,
    "on-table(loaf-of-bread,black-table)": 0.12199823563181174,
    "on-table(loaf-of-bread,white-table)": 0.5514980151007572,
    "on-table(red-box-of-cereal,wood-table)": 0.7615908115791777,
    "on-table(red-box-of-cereal,black-table)": 0.6652740070421714,
    "on-table(red-box-of-cereal,white-table)": 0.0020661324451793917,
    "on-table(red-can-of-soda,wood-table)": 0.8817999611298243,
    "on-table(red-can-of-soda,black-table)": 0.3330503997543322,
    "on-table(red-can-of-soda,white-table)": 0.0010074909449334275,
    "robot-gripper-empty()": 0.8734614849090576,
    "robot-gripping(milk-carton)": 0.3042980246245861,
    "robot-gripping(lemon)": 0.016332426729301613,
    "robot-gripping(green-bottle)": 0.1754986323455038,
    "robot-gripping(loaf-of-bread)": 0.08448732318356633,
    "robot-gripping(red-box-of-cereal)": 0.04131465358659625,
    "robot-gripping(red-can-of-soda)": 0.12328516501778115
}