{
    "on-table(milk-carton,wood-table)": 0.1515245882134574,
    "on-table(milk-carton,black-table)": 0.019683450770874817,
    "on-table(milk-carton,white-table)": 0.3162268353626132,
    "on-table(lemon,wood-table)": 0.20444570555506894,
    "on-table(lemon,black-table)": 0.16809214209206402,
    "on-table(lemon,white-table)": 0.02753919514361769,
    "on-table(green-bottle,wood-table)": 0.7045938985344643,
    "on-table(green-bottle,black-table)": 0.012076069438307968,
    "on-table(green-bottle,white-table)": 0.0022680136463577583,
    "on-table(loaf-of-bread,wood-table)": 0.059659294628848634,
    "on-table(loaf-of-bread,black-table)": 0.004128113650949672,
    "on-table(loaf-of-bread,white-table)": 0.19008516786561813,
    "on-table(red-box-of-cereal,wood-table)": 0.14900300413137302,
    "on-table(red-box-of-cereal,black-table)": 0.0006955035011439273,
    "on-table(red-box-of-cereal,white-table)": 0.33231753519309376,
    "on-table(red-can-of-soda,wood-table)": 0.16760147425793548,
    "on-table(red-can-of-soda,black-table)": 0.005135747546016016,
    "on-table(red-can-of-soda,white-table)": 0.8333831946414042,
    "robot-gripper-empty()": 0.8972013592720032,
    "robot-gripping(milk-carton)": 0.3286849111318588,
    "robot-gripping(lemon)": 0.09180264951040347,
    "robot-gripping(green-bottle)": 0.1715465026209131,
    "robot-gripping(loaf-of-bread)": 0.10317271451155345,
    "robot-gripping(red-box-of-cereal)": 0.05137570000564059,
    "robot-gripping(red-can-of-soda)": 0.16341604525223374
}