{
    "on-table(milk-carton,wood-table)": 0.05428345214265088,
    "on-table(milk-carton,black-table)": 0.7215673672035336,
    "on-table(milk-carton,white-table)": 0.03845700398809034,
    "on-table(lemon,wood-table)": 0.17957257303836135,
    "on-table(lemon,black-table)": 0.006501991436834942,
    "on-table(lemon,white-table)": 0.6846557341826459,
    "on-table(green-bottle,wood-table)": 0.1766849640213574,
    "on-table(green-bottle,black-table)": 0.01752753846934259,
    "on-table(green-bottle,white-table)": 0.8434562360246977,
    "on-table(loaf-of-bread,wood-table)": 0.2474651933492472,
    "on-table(loaf-of-bread,black-table)": 0.5487693947119018,
    "on-table(loaf-of-bread,white-table)": 0.03867689573235111,
    "on-table(red-box-of-cereal,wood-table)": 0.23491548550858474,
    "on-table(red-box-of-cereal,black-table)": 0.8258851421220849,
    "on-table(red-box-of-cereal,white-table)": 0.09598622789417277,
    "on-table(red-can-of-soda,wood-table)": 0.0407540200491591,
    "on-table(red-can-of-soda,black-table)": 0.664509717685481,
    "on-table(red-can-of-soda,white-table)": 0.008106905508308651,
    "robot-gripper-empty()": 0.8591195344924927,
    "robot-gripping(milk-carton)": 0.17672226609041294,
    "robot-gripping(lemon)": 0.10069167513089876,
    "robot-gripping(green-bottle)": 0.10614706935787883,
    "robot-gripping(loaf-of-bread)": 0.15979503149477145,
    "robot-gripping(red-box-of-cereal)": 0.2570350783256193,
    "robot-gripping(red-can-of-soda)": 0.454493706425031
}