{
    "on-table(milk-carton,wood-table)": 0.2174601502774749,
    "on-table(milk-carton,black-table)": 0.43859283975325525,
    "on-table(milk-carton,white-table)": 0.01477860551191649,
    "on-table(lemon,wood-table)": 0.017818496550413936,
    "on-table(lemon,black-table)": 0.008814369211298375,
    "on-table(lemon,white-table)": 0.7527363415186604,
    "on-table(green-bottle,wood-table)": 0.16906128333721426,
    "on-table(green-bottle,black-table)": 0.0025171311270545025,
    "on-table(green-bottle,white-table)": 0.8374322957048813,
    "on-table(loaf-of-bread,wood-table)": 0.19725004393452159,
    "on-table(loaf-of-bread,black-table)": 0.09267832092397536,
    "on-table(loaf-of-bread,white-table)": 0.023762494238326326,
    "on-table(red-box-of-cereal,wood-table)": 0.3696521488018334,
    "on-table(red-box-of-cereal,black-table)": 0.2466881776053924,
    "on-table(red-box-of-cereal,white-table)": 0.0016454282097887092,
    "on-table(red-can-of-soda,wood-table)": 0.6174095965300997,
    "on-table(red-can-of-soda,black-table)": 0.195453099484439,
    "on-table(red-can-of-soda,white-table)": 0.000697240665431309,
    "robot-gripper-empty()": 0.9292059739430746,
    "robot-gripping(milk-carton)": 0.14238265280922255,
    "robot-gripping(lemon)": 0.0365702688965636,
    "robot-gripping(green-bottle)": 0.05722039430111181,
    "robot-gripping(loaf-of-bread)": 0.102136680468296,
    "robot-gripping(red-box-of-cereal)": 0.046112679061479867,
    "robot-gripping(red-can-of-soda)": 0.20457917839909592
}