{
    "on-table(milk-carton,wood-table)": 0.4078915766440332,
    "on-table(milk-carton,black-table)": 0.2284917407281076,
    "on-table(milk-carton,white-table)": 0.10003285653268297,
    "on-table(lemon,wood-table)": 0.11228855556328199,
    "on-table(lemon,black-table)": 0.3342144435591763,
    "on-table(lemon,white-table)": 0.013894308741024966,
    "on-table(green-bottle,wood-table)": 0.11313986546398762,
    "on-table(green-bottle,black-table)": 0.7343010273762047,
    "on-table(green-bottle,white-table)": 0.14804823154857635,
    "on-table(loaf-of-bread,wood-table)": 0.35299243312329054,
    "on-table(loaf-of-bread,black-table)": 0.2066622480682175,
    "on-table(loaf-of-bread,white-table)": 0.176972248358652,
    "on-table(red-box-of-cereal,wood-table)": 0.3970811287872493,
    "on-table(red-box-of-cereal,black-table)": 0.2793451822096055,
    "on-table(red-box-of-cereal,white-table)": 0.01856575460017969,
    "on-table(red-can-of-soda,wood-table)": 0.8377899772798022,
    "on-table(red-can-of-soda,black-table)": 0.16439676774814416,
    "on-table(red-can-of-soda,white-table)": 0.017574571125957544,
    "robot-gripper-empty()": 0.37798848633732024,
    "robot-gripping(milk-carton)": 0.5644209235906601,
    "robot-gripping(lemon)": 0.058082303032279015,
    "robot-gripping(green-bottle)": 0.3999904751156767,
    "robot-gripping(loaf-of-bread)": 0.2434234588096539,
    "robot-gripping(red-box-of-cereal)": 0.5677087153308094,
    "robot-gripping(red-can-of-soda)": 0.4379775145401557
}