{
    "on-table(milk-carton,wood-table)": 0.20264862873591483,
    "on-table(milk-carton,black-table)": 0.005107781743087496,
    "on-table(milk-carton,white-table)": 0.8448848053812981,
    "on-table(lemon,wood-table)": 0.13567741391792273,
    "on-table(lemon,black-table)": 0.0157767401875617,
    "on-table(lemon,white-table)": 0.9612340132395426,
    "on-table(green-bottle,wood-table)": 0.9487363497416178,
    "on-table(green-bottle,black-table)": 0.3292221619526193,
    "on-table(green-bottle,white-table)": 0.009771372045937218,
    "on-table(loaf-of-bread,wood-table)": 0.42270874441601336,
    "on-table(loaf-of-bread,black-table)": 0.02608658344252035,
    "on-table(loaf-of-bread,white-table)": 0.18853028677403927,
    "on-table(red-box-of-cereal,wood-table)": 0.7488402649760246,
    "on-table(red-box-of-cereal,black-table)": 0.013123991334092958,
    "on-table(red-box-of-cereal,white-table)": 0.11033381533585877,
    "on-table(red-can-of-soda,wood-table)": 0.4737474452267634,
    "on-table(red-can-of-soda,black-table)": 0.1865185646529426,
    "on-table(red-can-of-soda,white-table)": 0.8314876761287451,
    "robot-gripper-empty()": 0.7814877728621165,
    "robot-gripping(milk-carton)": 0.4491249496738116,
    "robot-gripping(lemon)": 0.16611995423833528,
    "robot-gripping(green-bottle)": 0.09989611990749836,
    "robot-gripping(loaf-of-bread)": 0.22848635849853358,
    "robot-gripping(red-box-of-cereal)": 0.24621926123897234,
    "robot-gripping(red-can-of-soda)": 0.4765085708349943
}