{
    "on-table(milk-carton,wood-table)": 0.8153873682022095,
    "on-table(milk-carton,black-table)": 0.15214151225518435,
    "on-table(milk-carton,white-table)": 0.12979913391366912,
    "on-table(lemon,wood-table)": 0.0899633487376074,
    "on-table(lemon,black-table)": 0.8348014601506293,
    "on-table(lemon,white-table)": 0.05543769236112439,
    "on-table(green-bottle,wood-table)": 0.14717835087018707,
    "on-table(green-bottle,black-table)": 0.002662538717231655,
    "on-table(green-bottle,white-table)": 0.9182864824930826,
    "on-table(loaf-of-bread,wood-table)": 0.22477145904364684,
    "on-table(loaf-of-bread,black-table)": 0.10467652975542781,
    "on-table(loaf-of-bread,white-table)": 0.3874318367646386,
    "on-table(red-box-of-cereal,wood-table)": 0.9760625660419464,
    "on-table(red-box-of-cereal,black-table)": 0.29264134911560785,
    "on-table(red-box-of-cereal,white-table)": 0.028966429297194434,
    "on-table(red-can-of-soda,wood-table)": 0.9810815254847208,
    "on-table(red-can-of-soda,black-table)": 0.32923198203457105,
    "on-table(red-can-of-soda,white-table)": 0.016513183245573753,
    "robot-gripper-empty()": 0.9730127851168314,
    "robot-gripping(milk-carton)": 0.09164537210017443,
    "robot-gripping(lemon)": 0.08706461409262072,
    "robot-gripping(green-bottle)": 0.06439774275834982,
    "robot-gripping(loaf-of-bread)": 0.04699673045737048,
    "robot-gripping(red-box-of-cereal)": 0.03493676334619522,
    "robot-gripping(red-can-of-soda)": 0.12207565441106756
}