{
    "on-table(milk-carton,wood-table)": 0.4653894111203651,
    "on-table(milk-carton,black-table)": 0.6081108821672387,
    "on-table(milk-carton,white-table)": 0.19607262511271983,
    "on-table(lemon,wood-table)": 0.18441228542845542,
    "on-table(lemon,black-table)": 0.9900194803873698,
    "on-table(lemon,white-table)": 0.004371739803900709,
    "on-table(green-bottle,wood-table)": 0.1709332086653982,
    "on-table(green-bottle,black-table)": 0.9997183879216512,
    "on-table(green-bottle,white-table)": 0.007048607465549139,
    "on-table(loaf-of-bread,wood-table)": 0.5817031065622965,
    "on-table(loaf-of-bread,black-table)": 0.08795663041140263,
    "on-table(loaf-of-bread,white-table)": 0.20209545288040923,
    "on-table(red-box-of-cereal,wood-table)": 0.9315666556358337,
    "on-table(red-box-of-cereal,black-table)": 0.342492450530699,
    "on-table(red-box-of-cereal,white-table)": 0.1259462117562483,
    "on-table(red-can-of-soda,wood-table)": 0.4004714301166435,
    "on-table(red-can-of-soda,black-table)": 0.8617651164531708,
    "on-table(red-can-of-soda,white-table)": 0.0036265257804188877,
    "robot-gripper-empty()": 0.9333712061246237,
    "robot-gripping(milk-carton)": 0.14909488459428152,
    "robot-gripping(lemon)": 0.04986215367292365,
    "robot-gripping(green-bottle)": 0.06259118082622687,
    "robot-gripping(loaf-of-bread)": 0.14358983235433698,
    "robot-gripping(red-box-of-cereal)": 0.15014054059671858,
    "robot-gripping(red-can-of-soda)": 0.18921489284063378
}