{
    "on-table(milk-carton,wood-table)": 0.19757685821969062,
    "on-table(milk-carton,black-table)": 0.395491761698698,
    "on-table(milk-carton,white-table)": 0.11603133664781733,
    "on-table(lemon,wood-table)": 0.23016837335308082,
    "on-table(lemon,black-table)": 0.028981567162948824,
    "on-table(lemon,white-table)": 0.9395251373449961,
    "on-table(green-bottle,wood-table)": 0.989974190791448,
    "on-table(green-bottle,black-table)": 0.3314381667532871,
    "on-table(green-bottle,white-table)": 0.03444038169129726,
    "on-table(loaf-of-bread,wood-table)": 0.3146694417422016,
    "on-table(loaf-of-bread,black-table)": 0.4072053642012179,
    "on-table(loaf-of-bread,white-table)": 0.14814042255360013,
    "on-table(red-box-of-cereal,wood-table)": 0.038934444142796565,
    "on-table(red-box-of-cereal,black-table)": 0.027037332132749725,
    "on-table(red-box-of-cereal,white-table)": 0.0884346985155086,
    "on-table(red-can-of-soda,wood-table)": 0.006591648165946633,
    "on-table(red-can-of-soda,black-table)": 0.0023379345614860845,
    "on-table(red-can-of-soda,white-table)": 0.04681451212339501,
    "robot-gripper-empty()": 0.8911300152540207,
    "robot-gripping(milk-carton)": 0.07314322547366221,
    "robot-gripping(lemon)": 0.058946283611779414,
    "robot-gripping(green-bottle)": 0.17049366121257967,
    "robot-gripping(loaf-of-bread)": 0.06127003347501159,
    "robot-gripping(red-box-of-cereal)": 0.011995677486993372,
    "robot-gripping(red-can-of-soda)": 0.021669265115633607
}