{
    "on-table(milk-carton,wood-table)": 0.2848613976190488,
    "on-table(milk-carton,black-table)": 0.07147838529393387,
    "on-table(milk-carton,white-table)": 0.6281691938638687,
    "on-table(lemon,wood-table)": 0.1706221584851543,
    "on-table(lemon,black-table)": 0.830425784147034,
    "on-table(lemon,white-table)": 0.004214671865156561,
    "on-table(green-bottle,wood-table)": 0.1679045899460713,
    "on-table(green-bottle,black-table)": 0.8258571803259352,
    "on-table(green-bottle,white-table)": 0.01044225562751914,
    "on-table(loaf-of-bread,wood-table)": 0.38141072541475296,
    "on-table(loaf-of-bread,black-table)": 0.14959946393112963,
    "on-table(loaf-of-bread,white-table)": 0.372750810192277,
    "on-table(red-box-of-cereal,wood-table)": 0.13263874095961606,
    "on-table(red-box-of-cereal,black-table)": 0.016892599283892196,
    "on-table(red-box-of-cereal,white-table)": 0.9099345803260803,
    "on-table(red-can-of-soda,wood-table)": 0.12428346450906247,
    "on-table(red-can-of-soda,black-table)": 0.011329465157208082,
    "on-table(red-can-of-soda,white-table)": 0.9979400038719177,
    "robot-gripper-empty()": 0.8030682255824407,
    "robot-gripping(milk-carton)": 0.20892633963376284,
    "robot-gripping(lemon)": 0.05121402582153678,
    "robot-gripping(green-bottle)": 0.18816240837137835,
    "robot-gripping(loaf-of-bread)": 0.10584017727524042,
    "robot-gripping(red-box-of-cereal)": 0.0880675205650429,
    "robot-gripping(red-can-of-soda)": 0.15296454987643907
}