{
    "on-table(milk-carton,wood-table)": 0.10212204663548619,
    "on-table(milk-carton,black-table)": 0.7457208645840486,
    "on-table(milk-carton,white-table)": 0.10236373061343329,
    "on-table(lemon,wood-table)": 0.16979057665836686,
    "on-table(lemon,black-table)": 0.01951769483124129,
    "on-table(lemon,white-table)": 0.9781118532021841,
    "on-table(green-bottle,wood-table)": 0.17163357237586752,
    "on-table(green-bottle,black-table)": 0.005266198104285043,
    "on-table(green-bottle,white-table)": 0.8378950286035737,
    "on-table(loaf-of-bread,wood-table)": 0.22116339781011143,
    "on-table(loaf-of-bread,black-table)": 0.30064021423459053,
    "on-table(loaf-of-bread,white-table)": 0.32975550126623904,
    "on-table(red-box-of-cereal,wood-table)": 0.18502160329565717,
    "on-table(red-box-of-cereal,black-table)": 0.7269805682202181,
    "on-table(red-box-of-cereal,white-table)": 0.009937145700556963,
    "on-table(red-can-of-soda,wood-table)": 0.13697070278188525,
    "on-table(red-can-of-soda,black-table)": 0.7340345233678818,
    "on-table(red-can-of-soda,white-table)": 0.007562711785491653,
    "robot-gripper-empty()": 0.9671971599260966,
    "robot-gripping(milk-carton)": 0.147981614805758,
    "robot-gripping(lemon)": 0.06849188536095123,
    "robot-gripping(green-bottle)": 0.02120492283332472,
    "robot-gripping(loaf-of-bread)": 0.07449058971057336,
    "robot-gripping(red-box-of-cereal)": 0.12840397091349587,
    "robot-gripping(red-can-of-soda)": 0.15829866232040027
}