{
    "on-table(milk-carton,wood-table)": 0.18881361085611084,
    "on-table(milk-carton,black-table)": 0.0676521299368081,
    "on-table(milk-carton,white-table)": 0.039185683631027736,
    "on-table(lemon,wood-table)": 0.22158180329521807,
    "on-table(lemon,black-table)": 0.0181417209967852,
    "on-table(lemon,white-table)": 0.9963473478953043,
    "on-table(green-bottle,wood-table)": 0.16710416434458844,
    "on-table(green-bottle,black-table)": 0.0011761007987540022,
    "on-table(green-bottle,white-table)": 0.8349991625485321,
    "on-table(loaf-of-bread,wood-table)": 0.6919804231729358,
    "on-table(loaf-of-bread,black-table)": 0.04628103508245355,
    "on-table(loaf-of-bread,white-table)": 0.029487494104614598,
    "on-table(red-box-of-cereal,wood-table)": 0.20678092351105684,
    "on-table(red-box-of-cereal,black-table)": 0.1448918778235869,
    "on-table(red-box-of-cereal,white-table)": 0.047832695587809816,
    "on-table(red-can-of-soda,wood-table)": 0.8333534882597936,
    "on-table(red-can-of-soda,black-table)": 0.16728883707272266,
    "on-table(red-can-of-soda,white-table)": 0.0013178030312701594,
    "robot-gripper-empty()": 0.9635428289572397,
    "robot-gripping(milk-carton)": 0.07613432205592592,
    "robot-gripping(lemon)": 0.023684148443862796,
    "robot-gripping(green-bottle)": 0.012602205659883717,
    "robot-gripping(loaf-of-bread)": 0.06484806533747663,
    "robot-gripping(red-box-of-cereal)": 0.02430855467294653,
    "robot-gripping(red-can-of-soda)": 0.15585448825731874
}