{
    "on-table(milk-carton,wood-table)": 0.14978783143063387,
    "on-table(milk-carton,black-table)": 0.025442422935157083,
    "on-table(milk-carton,white-table)": 0.651479247957468,
    "on-table(lemon,wood-table)": 0.14269421334999302,
    "on-table(lemon,black-table)": 0.0607725335782258,
    "on-table(lemon,white-table)": 0.5134801482781768,
    "on-table(green-bottle,wood-table)": 0.33154088829178363,
    "on-table(green-bottle,black-table)": 0.9974087178707123,
    "on-table(green-bottle,white-table)": 0.12687227365358922,
    "on-table(loaf-of-bread,wood-table)": 0.23771659751461507,
    "on-table(loaf-of-bread,black-table)": 0.08162819976352391,
    "on-table(loaf-of-bread,white-table)": 0.5067470744252205,
    "on-table(red-box-of-cereal,wood-table)": 0.06197264498526541,
    "on-table(red-box-of-cereal,black-table)": 0.008983066167881285,
    "on-table(red-box-of-cereal,white-table)": 0.802950493991375,
    "on-table(red-can-of-soda,wood-table)": 0.23074943285124996,
    "on-table(red-can-of-soda,black-table)": 0.007396187097280442,
    "on-table(red-can-of-soda,white-table)": 0.9407998124758402,
    "robot-gripper-empty()": 0.9562183022499084,
    "robot-gripping(milk-carton)": 0.10455005584905545,
    "robot-gripping(lemon)": 0.055949615159382425,
    "robot-gripping(green-bottle)": 0.1100743538797057,
    "robot-gripping(loaf-of-bread)": 0.06744896372159322,
    "robot-gripping(red-box-of-cereal)": 0.042111979254210986,
    "robot-gripping(red-can-of-soda)": 0.11352887381023417
}