{
    "on-table(milk-carton,wood-table)": 0.20532553161804876,
    "on-table(milk-carton,black-table)": 0.21237410822262368,
    "on-table(milk-carton,white-table)": 0.6187443267554045,
    "on-table(lemon,wood-table)": 0.19133125714142807,
    "on-table(lemon,black-table)": 0.9715352853139242,
    "on-table(lemon,white-table)": 0.003347669111462892,
    "on-table(green-bottle,wood-table)": 0.28104180059744976,
    "on-table(green-bottle,black-table)": 0.9995970825354258,
    "on-table(green-bottle,white-table)": 0.004602612879959149,
    "on-table(loaf-of-bread,wood-table)": 0.7532449439167976,
    "on-table(loaf-of-bread,black-table)": 0.19147647584516866,
    "on-table(loaf-of-bread,white-table)": 0.18754901403250793,
    "on-table(red-box-of-cereal,wood-table)": 0.1747370376785208,
    "on-table(red-box-of-cereal,black-table)": 0.16897914387421528,
    "on-table(red-box-of-cereal,white-table)": 0.8385900352150202,
    "on-table(red-can-of-soda,wood-table)": 0.17435256039122274,
    "on-table(red-can-of-soda,black-table)": 0.5059749892455633,
    "on-table(red-can-of-soda,white-table)": 0.3889995327820846,
    "robot-gripper-empty()": 0.9416042268276215,
    "robot-gripping(milk-carton)": 0.3732877125342687,
    "robot-gripping(lemon)": 0.05079495425646504,
    "robot-gripping(green-bottle)": 0.035903631806528814,
    "robot-gripping(loaf-of-bread)": 0.10721123404800892,
    "robot-gripping(red-box-of-cereal)": 0.07046395943810542,
    "robot-gripping(red-can-of-soda)": 0.17391685085992017
}