{
    "on-table(milk-carton,wood-table)": 0.238522400361641,
    "on-table(milk-carton,black-table)": 0.005907968162015702,
    "on-table(milk-carton,white-table)": 0.8265478604783615,
    "on-table(lemon,wood-table)": 0.010698739783644365,
    "on-table(lemon,black-table)": 0.17272239012982027,
    "on-table(lemon,white-table)": 0.6780011144777139,
    "on-table(green-bottle,wood-table)": 0.16722924040125994,
    "on-table(green-bottle,black-table)": 0.8327677355652364,
    "on-table(green-bottle,white-table)": 0.033813857187927475,
    "on-table(loaf-of-bread,wood-table)": 0.5070730122582366,
    "on-table(loaf-of-bread,black-table)": 0.0015129735499309997,
    "on-table(loaf-of-bread,white-table)": 0.1588460674926561,
    "on-table(red-box-of-cereal,wood-table)": 0.32687165620639763,
    "on-table(red-box-of-cereal,black-table)": 0.0016625688258500304,
    "on-table(red-box-of-cereal,white-table)": 0.6728163637841741,
    "on-table(red-can-of-soda,wood-table)": 0.9898406763871511,
    "on-table(red-can-of-soda,black-table)": 0.1667702485240928,
    "on-table(red-can-of-soda,white-table)": 0.1952200422201713,
    "robot-gripper-empty()": 0.9115792214870453,
    "robot-gripping(milk-carton)": 0.15592583268880844,
    "robot-gripping(lemon)": 0.07864682597573847,
    "robot-gripping(green-bottle)": 0.057063273658665516,
    "robot-gripping(loaf-of-bread)": 0.13832152588292956,
    "robot-gripping(red-box-of-cereal)": 0.1264485516391384,
    "robot-gripping(red-can-of-soda)": 0.1910590116555492
}