{
    "on-table(milk-carton,wood-table)": 0.20213561192698157,
    "on-table(milk-carton,black-table)": 0.06986520939972252,
    "on-table(milk-carton,white-table)": 0.018705302849411964,
    "on-table(lemon,wood-table)": 0.8386857764174541,
    "on-table(lemon,black-table)": 0.12066805683936839,
    "on-table(lemon,white-table)": 0.01397399228926588,
    "on-table(green-bottle,wood-table)": 0.16823733245352437,
    "on-table(green-bottle,black-table)": 0.1691862022598798,
    "on-table(green-bottle,white-table)": 0.003156052332390876,
    "on-table(loaf-of-bread,wood-table)": 0.12745111782957488,
    "on-table(loaf-of-bread,black-table)": 0.02013938286108896,
    "on-table(loaf-of-bread,white-table)": 0.03392334182475073,
    "on-table(red-box-of-cereal,wood-table)": 0.37106416779958334,
    "on-table(red-box-of-cereal,black-table)": 0.03206623486281993,
    "on-table(red-box-of-cereal,white-table)": 0.002598866771829004,
    "on-table(red-can-of-soda,wood-table)": 0.8327529966481961,
    "on-table(red-can-of-soda,black-table)": 0.16620972136392234,
    "on-table(red-can-of-soda,white-table)": 0.007943876930691355,
    "robot-gripper-empty()": 0.32896943541709334,
    "robot-gripping(milk-carton)": 0.35705626259247464,
    "robot-gripping(lemon)": 0.16046212767832913,
    "robot-gripping(green-bottle)": 0.812401045113802,
    "robot-gripping(loaf-of-bread)": 0.10384374903514981,
    "robot-gripping(red-box-of-cereal)": 0.03753282366960775,
    "robot-gripping(red-can-of-soda)": 0.08629851885295163
}