{
    "on-table(milk-carton,wood-table)": 0.33957424220473814,
    "on-table(milk-carton,black-table)": 0.49035037014012534,
    "on-table(milk-carton,white-table)": 0.13503164885332808,
    "on-table(lemon,wood-table)": 0.10525345656302913,
    "on-table(lemon,black-table)": 0.8328705963212997,
    "on-table(lemon,white-table)": 0.0019975433130336264,
    "on-table(green-bottle,wood-table)": 0.000877026206580922,
    "on-table(green-bottle,black-table)": 0.016761759577396635,
    "on-table(green-bottle,white-table)": 0.0006737877459575733,
    "on-table(loaf-of-bread,wood-table)": 0.8119827358362576,
    "on-table(loaf-of-bread,black-table)": 0.18722093775916923,
    "on-table(loaf-of-bread,white-table)": 0.051402971330996174,
    "on-table(red-box-of-cereal,wood-table)": 0.9955024719238281,
    "on-table(red-box-of-cereal,black-table)": 0.06348377606385232,
    "on-table(red-box-of-cereal,white-table)": 0.17240669858438196,
    "on-table(red-can-of-soda,wood-table)": 0.2258635838631259,
    "on-table(red-can-of-soda,black-table)": 0.0002020485559720934,
    "on-table(red-can-of-soda,white-table)": 0.8345720155630261,
    "robot-gripper-empty()": 0.9516370793183645,
    "robot-gripping(milk-carton)": 0.10573547302434842,
    "robot-gripping(lemon)": 0.03932757570873946,
    "robot-gripping(green-bottle)": 0.037531874511235706,
    "robot-gripping(loaf-of-bread)": 0.1450084465711067,
    "robot-gripping(red-box-of-cereal)": 0.1362389816592137,
    "robot-gripping(red-can-of-soda)": 0.04608059336896986
}