{
    "on-table(milk-carton,wood-table)": 0.31652302116466063,
    "on-table(milk-carton,black-table)": 0.005311311770734998,
    "on-table(milk-carton,white-table)": 0.820916565756003,
    "on-table(lemon,wood-table)": 0.9843150277932485,
    "on-table(lemon,black-table)": 0.15544636096291242,
    "on-table(lemon,white-table)": 0.1924089541940551,
    "on-table(green-bottle,wood-table)": 0.17321779617244223,
    "on-table(green-bottle,black-table)": 0.17229379275158863,
    "on-table(green-bottle,white-table)": 0.0007776830813478833,
    "on-table(loaf-of-bread,wood-table)": 0.4897815369380017,
    "on-table(loaf-of-bread,black-table)": 0.0012412333452023934,
    "on-table(loaf-of-bread,white-table)": 0.5581698229846855,
    "on-table(red-box-of-cereal,wood-table)": 0.7610663697123528,
    "on-table(red-box-of-cereal,black-table)": 0.17152497612308557,
    "on-table(red-box-of-cereal,white-table)": 0.00473476551087515,
    "on-table(red-can-of-soda,wood-table)": 0.6396533284593412,
    "on-table(red-can-of-soda,black-table)": 0.667074716523833,
    "on-table(red-can-of-soda,white-table)": 0.002720346122941919,
    "robot-gripper-empty()": 0.3717816697608214,
    "robot-gripping(milk-carton)": 0.07457515535255273,
    "robot-gripping(lemon)": 0.059755586922013514,
    "robot-gripping(green-bottle)": 0.7224989650615802,
    "robot-gripping(loaf-of-bread)": 0.034648331037412085,
    "robot-gripping(red-box-of-cereal)": 0.015912267631695915,
    "robot-gripping(red-can-of-soda)": 0.03704800982571518
}