{
    "on-table(milk-carton,wood-table)": 0.31374153184394044,
    "on-table(milk-carton,black-table)": 0.07968844822607934,
    "on-table(milk-carton,white-table)": 0.19354338323076567,
    "on-table(lemon,wood-table)": 0.09639967953747448,
    "on-table(lemon,black-table)": 0.8432873853792747,
    "on-table(lemon,white-table)": 0.014202770273338198,
    "on-table(green-bottle,wood-table)": 0.34247438493184745,
    "on-table(green-bottle,black-table)": 0.016228679781003546,
    "on-table(green-bottle,white-table)": 0.17067823975715632,
    "on-table(loaf-of-bread,wood-table)": 0.45640821009874344,
    "on-table(loaf-of-bread,black-table)": 0.07557092701123717,
    "on-table(loaf-of-bread,white-table)": 0.23595610105743012,
    "on-table(red-box-of-cereal,wood-table)": 0.003793568602607896,
    "on-table(red-box-of-cereal,black-table)": 0.0020497762258552634,
    "on-table(red-box-of-cereal,white-table)": 0.0019109908898826689,
    "on-table(red-can-of-soda,wood-table)": 0.004044047954569881,
    "on-table(red-can-of-soda,black-table)": 0.002515120999305509,
    "on-table(red-can-of-soda,white-table)": 0.0024322765918138125,
    "robot-gripper-empty()": 0.8569958408673605,
    "robot-gripping(milk-carton)": 0.12930313559869924,
    "robot-gripping(lemon)": 0.1831431418346862,
    "robot-gripping(green-bottle)": 0.02652345473567645,
    "robot-gripping(loaf-of-bread)": 0.1453264143007497,
    "robot-gripping(red-box-of-cereal)": 0.009426840658610066,
    "robot-gripping(red-can-of-soda)": 0.02488027171542247
}