{
    "on-table(milk-carton,wood-table)": 0.7835828910271326,
    "on-table(milk-carton,black-table)": 0.39206949064949487,
    "on-table(milk-carton,white-table)": 0.015718851051739573,
    "on-table(lemon,wood-table)": 0.15879722448153188,
    "on-table(lemon,black-table)": 0.003035851879966837,
    "on-table(lemon,white-table)": 0.8350973827764392,
    "on-table(green-bottle,wood-table)": 0.15950904822481485,
    "on-table(green-bottle,black-table)": 0.0007447359241723461,
    "on-table(green-bottle,white-table)": 0.837102790363133,
    "on-table(loaf-of-bread,wood-table)": 0.45494386662418645,
    "on-table(loaf-of-bread,black-table)": 0.4351103976368904,
    "on-table(loaf-of-bread,white-table)": 0.006577161778598868,
    "on-table(red-box-of-cereal,wood-table)": 0.9753391544024149,
    "on-table(red-box-of-cereal,black-table)": 0.344130521416749,
    "on-table(red-box-of-cereal,white-table)": 0.0110068909449789,
    "on-table(red-can-of-soda,wood-table)": 0.6650201973679941,
    "on-table(red-can-of-soda,black-table)": 0.9764328002929688,
    "on-table(red-can-of-soda,white-table)": 0.0024724551891874094,
    "robot-gripper-empty()": 0.990764727195104,
    "robot-gripping(milk-carton)": 0.12544457179804644,
    "robot-gripping(lemon)": 0.013449724880047143,
    "robot-gripping(green-bottle)": 0.011385109896461168,
    "robot-gripping(loaf-of-bread)": 0.05043415632098913,
    "robot-gripping(red-box-of-cereal)": 0.028907886783902843,
    "robot-gripping(red-can-of-soda)": 0.04980698134750128
}