{
    "on-table(milk-carton,wood-table)": 0.031558322972462825,
    "on-table(milk-carton,black-table)": 0.66615822724998,
    "on-table(milk-carton,white-table)": 0.16874709085095674,
    "on-table(lemon,wood-table)": 0.9283470412095388,
    "on-table(lemon,black-table)": 0.16733251070809274,
    "on-table(lemon,white-table)": 0.16182724504991106,
    "on-table(green-bottle,wood-table)": 0.7301047888273994,
    "on-table(green-bottle,black-table)": 0.19165640211230084,
    "on-table(green-bottle,white-table)": 0.002831353574009654,
    "on-table(loaf-of-bread,wood-table)": 0.21196094807237387,
    "on-table(loaf-of-bread,black-table)": 0.031959894113242626,
    "on-table(loaf-of-bread,white-table)": 0.6289249384620538,
    "on-table(red-box-of-cereal,wood-table)": 0.030807544681010768,
    "on-table(red-box-of-cereal,black-table)": 0.37528311368077993,
    "on-table(red-box-of-cereal,white-table)": 0.024830358238735546,
    "on-table(red-can-of-soda,wood-table)": 0.01816640096270324,
    "on-table(red-can-of-soda,black-table)": 0.6846743191902837,
    "on-table(red-can-of-soda,white-table)": 0.0030655153022962622,
    "robot-gripper-empty()": 0.5532201568906506,
    "robot-gripping(milk-carton)": 0.5114424315591654,
    "robot-gripping(lemon)": 0.09303509164601564,
    "robot-gripping(green-bottle)": 0.17798675856708238,
    "robot-gripping(loaf-of-bread)": 0.3375994609668851,
    "robot-gripping(red-box-of-cereal)": 0.5413389323900143,
    "robot-gripping(red-can-of-soda)": 0.6531222707902392
}