{
    "on-table(milk-carton,wood-table)": 0.11018900386989117,
    "on-table(milk-carton,black-table)": 0.11299804551526904,
    "on-table(milk-carton,white-table)": 0.29198110769114766,
    "on-table(lemon,wood-table)": 0.10084982985669437,
    "on-table(lemon,black-table)": 0.4484969430292646,
    "on-table(lemon,white-table)": 0.05692143512230056,
    "on-table(green-bottle,wood-table)": 0.17508431578365466,
    "on-table(green-bottle,black-table)": 0.8206251282244921,
    "on-table(green-bottle,white-table)": 0.007118600959984178,
    "on-table(loaf-of-bread,wood-table)": 0.32398007716983557,
    "on-table(loaf-of-bread,black-table)": 0.3258902433638771,
    "on-table(loaf-of-bread,white-table)": 0.11869439207172643,
    "on-table(red-box-of-cereal,wood-table)": 0.025398442327665787,
    "on-table(red-box-of-cereal,black-table)": 0.015388493930610517,
    "on-table(red-box-of-cereal,white-table)": 0.20344046716733524,
    "on-table(red-can-of-soda,wood-table)": 0.19987211783397166,
    "on-table(red-can-of-soda,black-table)": 0.008947787186571077,
    "on-table(red-can-of-soda,white-table)": 0.8763754367828369,
    "robot-gripper-empty()": 0.8314625124136606,
    "robot-gripping(milk-carton)": 0.2610704842954874,
    "robot-gripping(lemon)": 0.2601231671869755,
    "robot-gripping(green-bottle)": 0.17567639984190464,
    "robot-gripping(loaf-of-bread)": 0.14084988522032896,
    "robot-gripping(red-box-of-cereal)": 0.039670237068397306,
    "robot-gripping(red-can-of-soda)": 0.24581981163161495
}