{
    "on-table(milk-carton,wood-table)": 0.21941060883303484,
    "on-table(milk-carton,black-table)": 0.8562311331431071,
    "on-table(milk-carton,white-table)": 0.17063265037722886,
    "on-table(lemon,wood-table)": 0.31700580784430105,
    "on-table(lemon,black-table)": 0.9552284379800161,
    "on-table(lemon,white-table)": 0.31099646175577317,
    "on-table(green-bottle,wood-table)": 0.08859917868782456,
    "on-table(green-bottle,black-table)": 0.8539312481880188,
    "on-table(green-bottle,white-table)": 0.05790439930933644,
    "on-table(loaf-of-bread,wood-table)": 0.5191009516517321,
    "on-table(loaf-of-bread,black-table)": 0.33320841286331415,
    "on-table(loaf-of-bread,white-table)": 0.2839028879534453,
    "on-table(red-box-of-cereal,wood-table)": 0.19601581359650785,
    "on-table(red-box-of-cereal,black-table)": 0.9105369299650192,
    "on-table(red-box-of-cereal,white-table)": 0.13205178501387613,
    "on-table(red-can-of-soda,wood-table)": 0.1497480637723735,
    "on-table(red-can-of-soda,black-table)": 0.9686435163021088,
    "on-table(red-can-of-soda,white-table)": 0.09364857418101262,
    "robot-gripper-empty()": 0.9233881632486979,
    "robot-gripping(milk-carton)": 0.18411429226398468,
    "robot-gripping(lemon)": 0.0955325214502712,
    "robot-gripping(green-bottle)": 0.048860844845573105,
    "robot-gripping(loaf-of-bread)": 0.17901236657053232,
    "robot-gripping(red-box-of-cereal)": 0.08424117260922988,
    "robot-gripping(red-can-of-soda)": 0.1532782995297263
}