{
    "on-table(milk-carton,wood-table)": 0.2851410328100125,
    "on-table(milk-carton,black-table)": 0.007724932462830718,
    "on-table(milk-carton,white-table)": 0.7994657003631195,
    "on-table(lemon,wood-table)": 0.24259543082492505,
    "on-table(lemon,black-table)": 0.8561433578530947,
    "on-table(lemon,white-table)": 0.0018146025821958272,
    "on-table(green-bottle,wood-table)": 0.17083173908273844,
    "on-table(green-bottle,black-table)": 0.16968819273173116,
    "on-table(green-bottle,white-table)": 0.0008527063916214198,
    "on-table(loaf-of-bread,wood-table)": 0.43075177213177085,
    "on-table(loaf-of-bread,black-table)": 0.19411193420334408,
    "on-table(loaf-of-bread,white-table)": 0.00714532762261418,
    "on-table(red-box-of-cereal,wood-table)": 0.9045360585053762,
    "on-table(red-box-of-cereal,black-table)": 0.20303558743277486,
    "on-table(red-box-of-cereal,white-table)": 0.006506312946081986,
    "on-table(red-can-of-soda,wood-table)": 0.9992489814758301,
    "on-table(red-can-of-soda,black-table)": 0.3321571011764111,
    "on-table(red-can-of-soda,white-table)": 0.002619912699287852,
    "robot-gripper-empty()": 0.3777343247978327,
    "robot-gripping(milk-carton)": 0.0871541431794564,
    "robot-gripping(lemon)": 0.10437363285260896,
    "robot-gripping(green-bottle)": 0.7516931883680323,
    "robot-gripping(loaf-of-bread)": 0.04375788732431829,
    "robot-gripping(red-box-of-cereal)": 0.07994310130986075,
    "robot-gripping(red-can-of-soda)": 0.09611866594059393
}