{
    "on-table(milk-carton,wood-table)": 0.10525371208010863,
    "on-table(milk-carton,black-table)": 0.48857713195805746,
    "on-table(milk-carton,white-table)": 0.22568734183490355,
    "on-table(lemon,wood-table)": 0.18176054278349815,
    "on-table(lemon,black-table)": 0.8367558916409811,
    "on-table(lemon,white-table)": 0.005331438417215395,
    "on-table(green-bottle,wood-table)": 0.2929959903218939,
    "on-table(green-bottle,black-table)": 0.9677669604619344,
    "on-table(green-bottle,white-table)": 0.16148351445963272,
    "on-table(loaf-of-bread,wood-table)": 0.16488684395638606,
    "on-table(loaf-of-bread,black-table)": 0.009426504790705318,
    "on-table(loaf-of-bread,white-table)": 0.08580219418460426,
    "on-table(red-box-of-cereal,wood-table)": 0.036837018434501566,
    "on-table(red-box-of-cereal,black-table)": 0.014044771835566886,
    "on-table(red-box-of-cereal,white-table)": 0.4153128177664864,
    "on-table(red-can-of-soda,wood-table)": 0.218015843496687,
    "on-table(red-can-of-soda,black-table)": 0.008111982531924392,
    "on-table(red-can-of-soda,white-table)": 0.9263824025789896,
    "robot-gripper-empty()": 0.9707213739554087,
    "robot-gripping(milk-carton)": 0.07515263448779781,
    "robot-gripping(lemon)": 0.02678165309286366,
    "robot-gripping(green-bottle)": 0.01600728796135324,
    "robot-gripping(loaf-of-bread)": 0.05337259283987805,
    "robot-gripping(red-box-of-cereal)": 0.033846363716293126,
    "robot-gripping(red-can-of-soda)": 0.14474309924601889
}