{
    "on-table(milk-carton,wood-table)": 0.38883203139994293,
    "on-table(milk-carton,black-table)": 0.003882364704622887,
    "on-table(milk-carton,white-table)": 0.723556766907374,
    "on-table(lemon,wood-table)": 0.1971931382237623,
    "on-table(lemon,black-table)": 0.004004496596129077,
    "on-table(lemon,white-table)": 0.8302926446000735,
    "on-table(green-bottle,wood-table)": 0.16900755743457316,
    "on-table(green-bottle,black-table)": 0.1723055000353876,
    "on-table(green-bottle,white-table)": 0.0035467166405093544,
    "on-table(loaf-of-bread,wood-table)": 0.5208149207755923,
    "on-table(loaf-of-bread,black-table)": 0.007725442788796499,
    "on-table(loaf-of-bread,white-table)": 0.15526442105571428,
    "on-table(red-box-of-cereal,wood-table)": 0.1229754488473797,
    "on-table(red-box-of-cereal,black-table)": 0.005249752251984319,
    "on-table(red-box-of-cereal,white-table)": 0.8377297824869553,
    "on-table(red-can-of-soda,wood-table)": 0.03834353971372669,
    "on-table(red-can-of-soda,black-table)": 0.0035441088354370245,
    "on-table(red-can-of-soda,white-table)": 0.6601079260775199,
    "robot-gripper-empty()": 0.39485326686796424,
    "robot-gripping(milk-carton)": 0.2302965740673244,
    "robot-gripping(lemon)": 0.05955585422149549,
    "robot-gripping(green-bottle)": 0.8090792100410908,
    "robot-gripping(loaf-of-bread)": 0.12549380864948034,
    "robot-gripping(red-box-of-cereal)": 0.034895019630008996,
    "robot-gripping(red-can-of-soda)": 0.27782536954813014
}