{
    "on-table(milk-carton,wood-table)": 0.28260656787703436,
    "on-table(milk-carton,black-table)": 0.21301292022690177,
    "on-table(milk-carton,white-table)": 0.36551765620242804,
    "on-table(lemon,wood-table)": 0.9641883770624796,
    "on-table(lemon,black-table)": 0.2647083145043325,
    "on-table(lemon,white-table)": 0.12120827715898486,
    "on-table(green-bottle,wood-table)": 0.004631876496811553,
    "on-table(green-bottle,black-table)": 0.6709521745021144,
    "on-table(green-bottle,white-table)": 0.0011438905230534147,
    "on-table(loaf-of-bread,wood-table)": 0.2879104869983469,
    "on-table(loaf-of-bread,black-table)": 0.29217092782103765,
    "on-table(loaf-of-bread,white-table)": 0.2285160000125567,
    "on-table(red-box-of-cereal,wood-table)": 0.18375287281620936,
    "on-table(red-box-of-cereal,black-table)": 0.2715410344923536,
    "on-table(red-box-of-cereal,white-table)": 0.14816569685838962,
    "on-table(red-can-of-soda,wood-table)": 0.016151298870681785,
    "on-table(red-can-of-soda,black-table)": 0.6859366508821646,
    "on-table(red-can-of-soda,white-table)": 0.0027398108395573217,
    "robot-gripper-empty()": 0.4818705895449966,
    "robot-gripping(milk-carton)": 0.6032079271972179,
    "robot-gripping(lemon)": 0.18536911400345465,
    "robot-gripping(green-bottle)": 0.053018657063754894,
    "robot-gripping(loaf-of-bread)": 0.38313484533379477,
    "robot-gripping(red-box-of-cereal)": 0.7005585751806697,
    "robot-gripping(red-can-of-soda)": 0.7672867005070051
}