{
    "on-table(milk-carton,wood-table)": 0.9735286931196848,
    "on-table(milk-carton,black-table)": 0.2621539930484384,
    "on-table(milk-carton,white-table)": 0.01935873368832593,
    "on-table(lemon,wood-table)": 0.8546953598658243,
    "on-table(lemon,black-table)": 0.1699515743146852,
    "on-table(lemon,white-table)": 0.02726329441308432,
    "on-table(green-bottle,wood-table)": 0.1599572738802332,
    "on-table(green-bottle,black-table)": 0.0010739940495720173,
    "on-table(green-bottle,white-table)": 0.8347378481800357,
    "on-table(loaf-of-bread,wood-table)": 0.5410654411340753,
    "on-table(loaf-of-bread,black-table)": 0.08186142340612908,
    "on-table(loaf-of-bread,white-table)": 0.1216795274716181,
    "on-table(red-box-of-cereal,wood-table)": 0.9957327644030253,
    "on-table(red-box-of-cereal,black-table)": 0.33091498467789887,
    "on-table(red-box-of-cereal,white-table)": 0.03995333853041908,
    "on-table(red-can-of-soda,wood-table)": 0.5730684157460928,
    "on-table(red-can-of-soda,black-table)": 0.007271820976711751,
    "on-table(red-can-of-soda,white-table)": 0.83309073249499,
    "robot-gripper-empty()": 0.8751579771439234,
    "robot-gripping(milk-carton)": 0.1949193480735024,
    "robot-gripping(lemon)": 0.16838208628663173,
    "robot-gripping(green-bottle)": 0.03973121643260432,
    "robot-gripping(loaf-of-bread)": 0.20487118264039358,
    "robot-gripping(red-box-of-cereal)": 0.1381244440563023,
    "robot-gripping(red-can-of-soda)": 0.19617818226106465
}