{
    "on-table(milk-carton,wood-table)": 0.15899193760318062,
    "on-table(milk-carton,black-table)": 0.6619579972078403,
    "on-table(milk-carton,white-table)": 0.27516966981723573,
    "on-table(lemon,wood-table)": 0.8332735518342815,
    "on-table(lemon,black-table)": 0.16592365467374748,
    "on-table(lemon,white-table)": 0.0013782303761521082,
    "on-table(green-bottle,wood-table)": 0.002773496745552014,
    "on-table(green-bottle,black-table)": 0.0110065647107452,
    "on-table(green-bottle,white-table)": 0.0007963906818986288,
    "on-table(loaf-of-bread,wood-table)": 0.16747130806713054,
    "on-table(loaf-of-bread,black-table)": 0.26712369188680896,
    "on-table(loaf-of-bread,white-table)": 0.4546029089251533,
    "on-table(red-box-of-cereal,wood-table)": 0.19918267230483858,
    "on-table(red-box-of-cereal,black-table)": 0.8350431409974893,
    "on-table(red-box-of-cereal,white-table)": 0.1779138270455102,
    "on-table(red-can-of-soda,wood-table)": 0.13589708858247226,
    "on-table(red-can-of-soda,black-table)": 0.2644583124977847,
    "on-table(red-can-of-soda,white-table)": 0.022133116332042846,
    "robot-gripper-empty()": 0.8258926471074423,
    "robot-gripping(milk-carton)": 0.19810250774025917,
    "robot-gripping(lemon)": 0.13436098668413857,
    "robot-gripping(green-bottle)": 0.03726596249422679,
    "robot-gripping(loaf-of-bread)": 0.08196185280879338,
    "robot-gripping(red-box-of-cereal)": 0.20338665942351022,
    "robot-gripping(red-can-of-soda)": 0.5358463736871878
}