{
    "on-table(milk-carton,wood-table)": 0.43244690508193645,
    "on-table(milk-carton,black-table)": 0.047009905942104524,
    "on-table(milk-carton,white-table)": 0.8825709919134775,
    "on-table(lemon,wood-table)": 0.15006113064252227,
    "on-table(lemon,black-table)": 0.07076187633297575,
    "on-table(lemon,white-table)": 0.8339125195052475,
    "on-table(green-bottle,wood-table)": 0.3296960867373855,
    "on-table(green-bottle,black-table)": 0.982323427995046,
    "on-table(green-bottle,white-table)": 0.0048128162863273856,
    "on-table(loaf-of-bread,wood-table)": 0.7010659462151428,
    "on-table(loaf-of-bread,black-table)": 0.30951199366973015,
    "on-table(loaf-of-bread,white-table)": 0.14351706678280607,
    "on-table(red-box-of-cereal,wood-table)": 0.2648704327972761,
    "on-table(red-box-of-cereal,black-table)": 0.028573144694443425,
    "on-table(red-box-of-cereal,white-table)": 0.9407804111639658,
    "on-table(red-can-of-soda,wood-table)": 0.4801001861075444,
    "on-table(red-can-of-soda,black-table)": 0.09775492246474944,
    "on-table(red-can-of-soda,white-table)": 0.9891816874345144,
    "robot-gripper-empty()": 0.9419971903165182,
    "robot-gripping(milk-carton)": 0.13634250685572624,
    "robot-gripping(lemon)": 0.01740529512365659,
    "robot-gripping(green-bottle)": 0.015814205107744783,
    "robot-gripping(loaf-of-bread)": 0.11616304765144984,
    "robot-gripping(red-box-of-cereal)": 0.14896052159989873,
    "robot-gripping(red-can-of-soda)": 0.18421247593748072
}