{
    "on-table(milk-carton,wood-table)": 0.20756230736151338,
    "on-table(milk-carton,black-table)": 0.16818669166968903,
    "on-table(milk-carton,white-table)": 0.7639909237623215,
    "on-table(lemon,wood-table)": 0.21979432923641676,
    "on-table(lemon,black-table)": 0.011547622685005384,
    "on-table(lemon,white-table)": 0.86651644607385,
    "on-table(green-bottle,wood-table)": 0.01581115904264152,
    "on-table(green-bottle,black-table)": 0.015798890419925254,
    "on-table(green-bottle,white-table)": 0.020238427658720564,
    "on-table(loaf-of-bread,wood-table)": 0.28511621461560327,
    "on-table(loaf-of-bread,black-table)": 0.6390710311631361,
    "on-table(loaf-of-bread,white-table)": 0.33087922375610407,
    "on-table(red-box-of-cereal,wood-table)": 0.26605255232425407,
    "on-table(red-box-of-cereal,black-table)": 0.713795135418574,
    "on-table(red-box-of-cereal,white-table)": 0.1749830281599619,
    "on-table(red-can-of-soda,wood-table)": 0.16842474796673437,
    "on-table(red-can-of-soda,black-table)": 0.012374152160418816,
    "on-table(red-can-of-soda,white-table)": 0.8426109937330087,
    "robot-gripper-empty()": 0.9366884728272756,
    "robot-gripping(milk-carton)": 0.16096708457916975,
    "robot-gripping(lemon)": 0.0644054370932281,
    "robot-gripping(green-bottle)": 0.0675757381444176,
    "robot-gripping(loaf-of-bread)": 0.0992718570244809,
    "robot-gripping(red-box-of-cereal)": 0.048606058970714607,
    "robot-gripping(red-can-of-soda)": 0.15672057316017649
}