{
    "on-table(milk-carton,wood-table)": 0.3496303621989985,
    "on-table(milk-carton,black-table)": 0.1755945619030778,
    "on-table(milk-carton,white-table)": 0.687231837461392,
    "on-table(lemon,wood-table)": 0.10059134653420188,
    "on-table(lemon,black-table)": 0.02355381734863234,
    "on-table(lemon,white-table)": 0.006803627198678441,
    "on-table(green-bottle,wood-table)": 0.002045681181092126,
    "on-table(green-bottle,black-table)": 0.002341280173520014,
    "on-table(green-bottle,white-table)": 0.00011733698859946647,
    "on-table(loaf-of-bread,wood-table)": 0.7042557039918999,
    "on-table(loaf-of-bread,black-table)": 0.03701794405545419,
    "on-table(loaf-of-bread,white-table)": 0.05907738833532979,
    "on-table(red-box-of-cereal,wood-table)": 0.1731027397327125,
    "on-table(red-box-of-cereal,black-table)": 0.011866220340986425,
    "on-table(red-box-of-cereal,white-table)": 0.6953456041713556,
    "on-table(red-can-of-soda,wood-table)": 0.16830687068674402,
    "on-table(red-can-of-soda,black-table)": 0.7916673690827641,
    "on-table(red-can-of-soda,white-table)": 0.3612480838594365,
    "robot-gripper-empty()": 0.9518933693567911,
    "robot-gripping(milk-carton)": 0.06265905344237883,
    "robot-gripping(lemon)": 0.028509906987892464,
    "robot-gripping(green-bottle)": 0.00608545787933205,
    "robot-gripping(loaf-of-bread)": 0.05945083902527889,
    "robot-gripping(red-box-of-cereal)": 0.018693143831721198,
    "robot-gripping(red-can-of-soda)": 0.04340816151428347
}