{
    "on-table(milk-carton,wood-table)": 0.5476866052874053,
    "on-table(milk-carton,black-table)": 0.541914867334223,
    "on-table(milk-carton,white-table)": 0.20133196340854434,
    "on-table(lemon,wood-table)": 0.11212033684084115,
    "on-table(lemon,black-table)": 0.8505310863256454,
    "on-table(lemon,white-table)": 0.0024179659364259956,
    "on-table(green-bottle,wood-table)": 0.18677553158583274,
    "on-table(green-bottle,black-table)": 0.7723777902623018,
    "on-table(green-bottle,white-table)": 0.0017985516100604098,
    "on-table(loaf-of-bread,wood-table)": 0.0952648443247502,
    "on-table(loaf-of-bread,black-table)": 0.31441911015038687,
    "on-table(loaf-of-bread,white-table)": 0.018529483083208714,
    "on-table(red-box-of-cereal,wood-table)": 0.3419345579459332,
    "on-table(red-box-of-cereal,black-table)": 0.8228228583660288,
    "on-table(red-box-of-cereal,white-table)": 0.2692416167871367,
    "on-table(red-can-of-soda,wood-table)": 0.1674113406594794,
    "on-table(red-can-of-soda,black-table)": 0.11264525446388991,
    "on-table(red-can-of-soda,white-table)": 0.8357423118626078,
    "robot-gripper-empty()": 0.9532954891522726,
    "robot-gripping(milk-carton)": 0.1616672802095612,
    "robot-gripping(lemon)": 0.020490007086967427,
    "robot-gripping(green-bottle)": 0.04234885981228823,
    "robot-gripping(loaf-of-bread)": 0.03257748670876026,
    "robot-gripping(red-box-of-cereal)": 0.023645536042749882,
    "robot-gripping(red-can-of-soda)": 0.0522101780710121
}