{
    "on-table(milk-carton,wood-table)": 0.5951475168888768,
    "on-table(milk-carton,black-table)": 0.34171755076386034,
    "on-table(milk-carton,white-table)": 0.00704800402551579,
    "on-table(lemon,wood-table)": 0.9641624887784322,
    "on-table(lemon,black-table)": 0.3208531036598288,
    "on-table(lemon,white-table)": 0.0035444342329356004,
    "on-table(green-bottle,wood-table)": 0.16665479199339947,
    "on-table(green-bottle,black-table)": 0.0007615999065061866,
    "on-table(green-bottle,white-table)": 0.8340822097379714,
    "on-table(loaf-of-bread,wood-table)": 0.22591947046263763,
    "on-table(loaf-of-bread,black-table)": 0.4212719965726137,
    "on-table(loaf-of-bread,white-table)": 0.008269034630454067,
    "on-table(red-box-of-cereal,wood-table)": 0.007018747310212348,
    "on-table(red-box-of-cereal,black-table)": 0.1732387415249832,
    "on-table(red-box-of-cereal,white-table)": 0.0013903790750191547,
    "on-table(red-can-of-soda,wood-table)": 0.16119030230280865,
    "on-table(red-can-of-soda,black-table)": 0.19090322211074331,
    "on-table(red-can-of-soda,white-table)": 0.0017555353115312755,
    "robot-gripper-empty()": 0.9700755973656973,
    "robot-gripping(milk-carton)": 0.08735688061763842,
    "robot-gripping(lemon)": 0.04004617470006148,
    "robot-gripping(green-bottle)": 0.00913545563040922,
    "robot-gripping(loaf-of-bread)": 0.055839680756131806,
    "robot-gripping(red-box-of-cereal)": 0.0567680592648685,
    "robot-gripping(red-can-of-soda)": 0.3576107459763686
}