{
    "on-table(milk-carton,wood-table)": 0.43609338346868753,
    "on-table(milk-carton,black-table)": 0.41738240849614766,
    "on-table(milk-carton,white-table)": 0.018145035491518986,
    "on-table(lemon,wood-table)": 0.326492526288348,
    "on-table(lemon,black-table)": 0.0001933397122684255,
    "on-table(lemon,white-table)": 0.8336955655055741,
    "on-table(green-bottle,wood-table)": 0.7925641142452756,
    "on-table(green-bottle,black-table)": 0.19322913167767788,
    "on-table(green-bottle,white-table)": 0.0017029550496469408,
    "on-table(loaf-of-bread,wood-table)": 0.4526970680259789,
    "on-table(loaf-of-bread,black-table)": 0.16381879681769837,
    "on-table(loaf-of-bread,white-table)": 0.060570693256522645,
    "on-table(red-box-of-cereal,wood-table)": 0.889117032289505,
    "on-table(red-box-of-cereal,black-table)": 0.18324825965949762,
    "on-table(red-box-of-cereal,white-table)": 0.009039234951766653,
    "on-table(red-can-of-soda,wood-table)": 0.4738814660498368,
    "on-table(red-can-of-soda,black-table)": 0.8345604374383887,
    "on-table(red-can-of-soda,white-table)": 0.002389478779756852,
    "robot-gripper-empty()": 0.8166358123222986,
    "robot-gripping(milk-carton)": 0.4370194443811973,
    "robot-gripping(lemon)": 0.03591598756611347,
    "robot-gripping(green-bottle)": 0.17108004229764143,
    "robot-gripping(loaf-of-bread)": 0.12706315020720163,
    "robot-gripping(red-box-of-cereal)": 0.2360248484959205,
    "robot-gripping(red-can-of-soda)": 0.3357394076883793
}