{
    "on-table(milk-carton,wood-table)": 0.7031338413556417,
    "on-table(milk-carton,black-table)": 0.3049837529006254,
    "on-table(milk-carton,white-table)": 0.25854940877858706,
    "on-table(lemon,wood-table)": 0.20480810297400845,
    "on-table(lemon,black-table)": 0.9447339375813802,
    "on-table(lemon,white-table)": 0.0008296291052829474,
    "on-table(green-bottle,wood-table)": 0.3080172808525579,
    "on-table(green-bottle,black-table)": 0.9942901333173116,
    "on-table(green-bottle,white-table)": 0.0009917068023241882,
    "on-table(loaf-of-bread,wood-table)": 0.22512716225658855,
    "on-table(loaf-of-bread,black-table)": 0.08946355426451191,
    "on-table(loaf-of-bread,white-table)": 0.3352055573874774,
    "on-table(red-box-of-cereal,wood-table)": 0.16689673302850375,
    "on-table(red-box-of-cereal,black-table)": 0.08355998084395348,
    "on-table(red-box-of-cereal,white-table)": 0.8592439442873001,
    "on-table(red-can-of-soda,wood-table)": 0.12344245849332462,
    "on-table(red-can-of-soda,black-table)": 0.8213433884666301,
    "on-table(red-can-of-soda,white-table)": 0.33574767913281295,
    "robot-gripper-empty()": 0.9532951911290487,
    "robot-gripping(milk-carton)": 0.19371575210243464,
    "robot-gripping(lemon)": 0.026893732603639364,
    "robot-gripping(green-bottle)": 0.022969557942512136,
    "robot-gripping(loaf-of-bread)": 0.05954948874811331,
    "robot-gripping(red-box-of-cereal)": 0.045319804727720715,
    "robot-gripping(red-can-of-soda)": 0.1532564366934821
}