{
    "on-table(milk-carton,wood-table)": 0.31709980421389145,
    "on-table(milk-carton,black-table)": 0.6272174293796221,
    "on-table(milk-carton,white-table)": 0.013177081806740413,
    "on-table(lemon,wood-table)": 0.1703718433030493,
    "on-table(lemon,black-table)": 0.0035803911108966227,
    "on-table(lemon,white-table)": 0.8351926448134085,
    "on-table(green-bottle,wood-table)": 0.169395096891094,
    "on-table(green-bottle,black-table)": 0.17075509576685968,
    "on-table(green-bottle,white-table)": 0.0019805891221646257,
    "on-table(loaf-of-bread,wood-table)": 0.1802247888990678,
    "on-table(loaf-of-bread,black-table)": 0.4391284396212238,
    "on-table(loaf-of-bread,white-table)": 0.11462726929069807,
    "on-table(red-box-of-cereal,wood-table)": 0.3752622778216998,
    "on-table(red-box-of-cereal,black-table)": 0.9087088157733282,
    "on-table(red-box-of-cereal,white-table)": 0.010462382289309366,
    "on-table(red-can-of-soda,wood-table)": 0.9933383365472158,
    "on-table(red-can-of-soda,black-table)": 0.3358230540380494,
    "on-table(red-can-of-soda,white-table)": 0.0033034999020173927,
    "robot-gripper-empty()": 0.42888964726201567,
    "robot-gripping(milk-carton)": 0.3620617749790351,
    "robot-gripping(lemon)": 0.047573810292912334,
    "robot-gripping(green-bottle)": 0.7681780775698522,
    "robot-gripping(loaf-of-bread)": 0.06131717733417948,
    "robot-gripping(red-box-of-cereal)": 0.07427380885928869,
    "robot-gripping(red-can-of-soda)": 0.04465771337466625
}