{
    "on-table(milk-carton,wood-table)": 0.38268613318602246,
    "on-table(milk-carton,black-table)": 0.07036207264172845,
    "on-table(milk-carton,white-table)": 0.5605968547364076,
    "on-table(lemon,wood-table)": 0.06027276323463108,
    "on-table(lemon,black-table)": 0.022483996767429442,
    "on-table(lemon,white-table)": 0.3349599222807835,
    "on-table(green-bottle,wood-table)": 0.8333652201884737,
    "on-table(green-bottle,black-table)": 0.1511888360808674,
    "on-table(green-bottle,white-table)": 0.00048123221563400875,
    "on-table(loaf-of-bread,wood-table)": 0.36041785264387727,
    "on-table(loaf-of-bread,black-table)": 0.006735089501792875,
    "on-table(loaf-of-bread,white-table)": 0.2993708924332168,
    "on-table(red-box-of-cereal,wood-table)": 0.23337575354768583,
    "on-table(red-box-of-cereal,black-table)": 0.11274436162966595,
    "on-table(red-box-of-cereal,white-table)": 0.8362229547152916,
    "on-table(red-can-of-soda,wood-table)": 0.8357037628690401,
    "on-table(red-can-of-soda,black-table)": 0.16644515572928262,
    "on-table(red-can-of-soda,white-table)": 0.33747476518874464,
    "robot-gripper-empty()": 0.8733590394258499,
    "robot-gripping(milk-carton)": 0.23268395538131395,
    "robot-gripping(lemon)": 0.06295917082267503,
    "robot-gripping(green-bottle)": 0.15410251899932823,
    "robot-gripping(loaf-of-bread)": 0.08685779509445031,
    "robot-gripping(red-box-of-cereal)": 0.04128318613705536,
    "robot-gripping(red-can-of-soda)": 0.09660145252322157
}