{
    "on-table(milk-carton,wood-table)": 0.908223956823349,
    "on-table(milk-carton,black-table)": 0.29983806673650787,
    "on-table(milk-carton,white-table)": 0.15162232384561017,
    "on-table(lemon,wood-table)": 0.19279842934095845,
    "on-table(lemon,black-table)": 0.001745445318192651,
    "on-table(lemon,white-table)": 0.9938079218069712,
    "on-table(green-bottle,wood-table)": 0.8512098975479603,
    "on-table(green-bottle,black-table)": 0.1906915507160344,
    "on-table(green-bottle,white-table)": 0.011948739407216635,
    "on-table(loaf-of-bread,wood-table)": 0.244669591775164,
    "on-table(loaf-of-bread,black-table)": 0.07343313694582321,
    "on-table(loaf-of-bread,white-table)": 0.19213076370579074,
    "on-table(red-box-of-cereal,wood-table)": 0.380512524357376,
    "on-table(red-box-of-cereal,black-table)": 0.29597905253831414,
    "on-table(red-box-of-cereal,white-table)": 0.1666224784488198,
    "on-table(red-can-of-soda,wood-table)": 0.9988802274068197,
    "on-table(red-can-of-soda,black-table)": 0.33280707303579976,
    "on-table(red-can-of-soda,white-table)": 0.1670214227554728,
    "robot-gripper-empty()": 0.9609846075375875,
    "robot-gripping(milk-carton)": 0.2102108414595326,
    "robot-gripping(lemon)": 0.12916180188767612,
    "robot-gripping(green-bottle)": 0.18633145450924835,
    "robot-gripping(loaf-of-bread)": 0.09839852914835016,
    "robot-gripping(red-box-of-cereal)": 0.0453229621052742,
    "robot-gripping(red-can-of-soda)": 0.197606708543996
}