{
    "on-table(milk-carton,wood-table)": 0.36705517295437556,
    "on-table(milk-carton,black-table)": 0.04589458824678635,
    "on-table(milk-carton,white-table)": 0.6838538870215416,
    "on-table(lemon,wood-table)": 0.3098676835894973,
    "on-table(lemon,black-table)": 0.20157654183761528,
    "on-table(lemon,white-table)": 0.32970640222386766,
    "on-table(green-bottle,wood-table)": 0.9973646998405457,
    "on-table(green-bottle,black-table)": 0.33326758724676137,
    "on-table(green-bottle,white-table)": 0.046063430507501835,
    "on-table(loaf-of-bread,wood-table)": 0.37165387518083054,
    "on-table(loaf-of-bread,black-table)": 0.001682991208023547,
    "on-table(loaf-of-bread,white-table)": 0.2296367099042982,
    "on-table(red-box-of-cereal,wood-table)": 0.9162473380565643,
    "on-table(red-box-of-cereal,black-table)": 0.16724232995754088,
    "on-table(red-box-of-cereal,white-table)": 0.14849263757999628,
    "on-table(red-can-of-soda,wood-table)": 0.8320879151578993,
    "on-table(red-can-of-soda,black-table)": 0.1414964140784226,
    "on-table(red-can-of-soda,white-table)": 0.0037148550044700337,
    "robot-gripper-empty()": 0.8855984310309092,
    "robot-gripping(milk-carton)": 0.26914843668540317,
    "robot-gripping(lemon)": 0.3243705915908019,
    "robot-gripping(green-bottle)": 0.06469897118707497,
    "robot-gripping(loaf-of-bread)": 0.11628635351856549,
    "robot-gripping(red-box-of-cereal)": 0.06849235280727346,
    "robot-gripping(red-can-of-soda)": 0.13525306371351084
}