{
    "on-table(milk-carton,wood-table)": 0.5408210462968176,
    "on-table(milk-carton,black-table)": 0.00975769377934436,
    "on-table(milk-carton,white-table)": 0.4443872111539046,
    "on-table(lemon,wood-table)": 0.1350407807622105,
    "on-table(lemon,black-table)": 0.004419266944144813,
    "on-table(lemon,white-table)": 0.05579063583597114,
    "on-table(green-bottle,wood-table)": 0.699668277753517,
    "on-table(green-bottle,black-table)": 0.16736000297847417,
    "on-table(green-bottle,white-table)": 0.0009878824805582553,
    "on-table(loaf-of-bread,wood-table)": 0.1295868361291165,
    "on-table(loaf-of-bread,black-table)": 0.006222357968605745,
    "on-table(loaf-of-bread,white-table)": 0.5798002167139202,
    "on-table(red-box-of-cereal,wood-table)": 0.2753614268246262,
    "on-table(red-box-of-cereal,black-table)": 0.007317574235154704,
    "on-table(red-box-of-cereal,white-table)": 0.83037185195523,
    "on-table(red-can-of-soda,wood-table)": 0.7822545599192381,
    "on-table(red-can-of-soda,black-table)": 0.005343906857281884,
    "on-table(red-can-of-soda,white-table)": 0.39726643211906776,
    "robot-gripper-empty()": 0.8645338614781698,
    "robot-gripping(milk-carton)": 0.1697334060445428,
    "robot-gripping(lemon)": 0.04214548133313656,
    "robot-gripping(green-bottle)": 0.16946852765977383,
    "robot-gripping(loaf-of-bread)": 0.10445014821986358,
    "robot-gripping(red-box-of-cereal)": 0.06700768284887697,
    "robot-gripping(red-can-of-soda)": 0.15249547269195318
}