{
    "on-table(milk-carton,wood-table)": 0.39038496371358633,
    "on-table(milk-carton,black-table)": 0.3417574502527714,
    "on-table(milk-carton,white-table)": 0.2928541630196075,
    "on-table(lemon,wood-table)": 0.1368457988864975,
    "on-table(lemon,black-table)": 0.8249431056901813,
    "on-table(lemon,white-table)": 0.0034655271153193703,
    "on-table(green-bottle,wood-table)": 0.17490901347870627,
    "on-table(green-bottle,black-table)": 0.004706519813074313,
    "on-table(green-bottle,white-table)": 0.8373099286109209,
    "on-table(loaf-of-bread,wood-table)": 0.4652122923483451,
    "on-table(loaf-of-bread,black-table)": 0.48339199600741267,
    "on-table(loaf-of-bread,white-table)": 0.08514223787157486,
    "on-table(red-box-of-cereal,wood-table)": 0.13454853933459768,
    "on-table(red-box-of-cereal,black-table)": 0.24496133198651174,
    "on-table(red-box-of-cereal,white-table)": 0.03542398979576925,
    "on-table(red-can-of-soda,wood-table)": 0.03695848348919147,
    "on-table(red-can-of-soda,black-table)": 0.16504980317616477,
    "on-table(red-can-of-soda,white-table)": 0.012160898026801684,
    "robot-gripper-empty()": 0.9451381464799246,
    "robot-gripping(milk-carton)": 0.14932110905647278,
    "robot-gripping(lemon)": 0.06155541403374324,
    "robot-gripping(green-bottle)": 0.02456069709539103,
    "robot-gripping(loaf-of-bread)": 0.10376333600531022,
    "robot-gripping(red-box-of-cereal)": 0.05868035810999572,
    "robot-gripping(red-can-of-soda)": 0.05753485734264056
}