{
    "on-table(milk-carton,wood-table)": 0.1894093944671719,
    "on-table(milk-carton,black-table)": 0.7962282833953699,
    "on-table(milk-carton,white-table)": 0.009745754981850041,
    "on-table(lemon,wood-table)": 0.20781475203693844,
    "on-table(lemon,black-table)": 0.06422767612881823,
    "on-table(lemon,white-table)": 0.8722466950615247,
    "on-table(green-bottle,wood-table)": 0.1638605397408052,
    "on-table(green-bottle,black-table)": 0.4041418582298017,
    "on-table(green-bottle,white-table)": 0.06053802961165881,
    "on-table(loaf-of-bread,wood-table)": 0.15057492229000977,
    "on-table(loaf-of-bread,black-table)": 0.6648058380621175,
    "on-table(loaf-of-bread,white-table)": 0.04723952808550772,
    "on-table(red-box-of-cereal,wood-table)": 0.47294306341791525,
    "on-table(red-box-of-cereal,black-table)": 0.8688023189703623,
    "on-table(red-box-of-cereal,white-table)": 0.0035631588980322704,
    "on-table(red-can-of-soda,wood-table)": 0.8675320744514465,
    "on-table(red-can-of-soda,black-table)": 0.3408092246951355,
    "on-table(red-can-of-soda,white-table)": 0.005533716994780964,
    "robot-gripper-empty()": 0.8564147700866064,
    "robot-gripping(milk-carton)": 0.09082766839613517,
    "robot-gripping(lemon)": 0.1035292030137498,
    "robot-gripping(green-bottle)": 0.08015874757741888,
    "robot-gripping(loaf-of-bread)": 0.05141979044613739,
    "robot-gripping(red-box-of-cereal)": 0.06721582713847359,
    "robot-gripping(red-can-of-soda)": 0.19082566207119575
}