{
    "on-table(milk-carton,wood-table)": 0.2248889022739604,
    "on-table(milk-carton,black-table)": 0.49895781783076626,
    "on-table(milk-carton,white-table)": 0.12866315764646666,
    "on-table(lemon,wood-table)": 0.2024790118642462,
    "on-table(lemon,black-table)": 0.0012541322480501549,
    "on-table(lemon,white-table)": 0.9842686355113983,
    "on-table(green-bottle,wood-table)": 0.8690881729125977,
    "on-table(green-bottle,black-table)": 0.2046396985168144,
    "on-table(green-bottle,white-table)": 0.01779018228599701,
    "on-table(loaf-of-bread,wood-table)": 0.17677650523061553,
    "on-table(loaf-of-bread,black-table)": 0.07435191240316878,
    "on-table(loaf-of-bread,white-table)": 0.07052887020108756,
    "on-table(red-box-of-cereal,wood-table)": 0.3443641951889731,
    "on-table(red-box-of-cereal,black-table)": 0.3288911551195876,
    "on-table(red-box-of-cereal,white-table)": 0.15282615040147599,
    "on-table(red-can-of-soda,wood-table)": 0.9812569419542948,
    "on-table(red-can-of-soda,black-table)": 0.332738119276011,
    "on-table(red-can-of-soda,white-table)": 0.1561654700770608,
    "robot-gripper-empty()": 0.9269151190916697,
    "robot-gripping(milk-carton)": 0.14995020627975464,
    "robot-gripping(lemon)": 0.13111769019936523,
    "robot-gripping(green-bottle)": 0.18683856228987375,
    "robot-gripping(loaf-of-bread)": 0.08512382426609595,
    "robot-gripping(red-box-of-cereal)": 0.02573265826019148,
    "robot-gripping(red-can-of-soda)": 0.2023447557973365
}