{
    "on-table(milk-carton,wood-table)": 0.17889626106868187,
    "on-table(milk-carton,black-table)": 0.054129703203216195,
    "on-table(milk-carton,white-table)": 0.8713046113650004,
    "on-table(lemon,wood-table)": 0.18902216259448323,
    "on-table(lemon,black-table)": 0.01984319429629977,
    "on-table(lemon,white-table)": 0.8669232477744421,
    "on-table(green-bottle,wood-table)": 0.6840878307702951,
    "on-table(green-bottle,black-table)": 0.16793277376549062,
    "on-table(green-bottle,white-table)": 0.005350758623497616,
    "on-table(loaf-of-bread,wood-table)": 0.1855565735992665,
    "on-table(loaf-of-bread,black-table)": 0.6209596285286049,
    "on-table(loaf-of-bread,white-table)": 0.25656669462720555,
    "on-table(red-box-of-cereal,wood-table)": 0.17492211976787075,
    "on-table(red-box-of-cereal,black-table)": 0.04831127397483215,
    "on-table(red-box-of-cereal,white-table)": 0.9963099956512451,
    "on-table(red-can-of-soda,wood-table)": 0.16997777755993107,
    "on-table(red-can-of-soda,black-table)": 0.03050713561079495,
    "on-table(red-can-of-soda,white-table)": 0.9988164703051249,
    "robot-gripper-empty()": 0.8900683919588724,
    "robot-gripping(milk-carton)": 0.2240046417961518,
    "robot-gripping(lemon)": 0.05484786443412304,
    "robot-gripping(green-bottle)": 0.1726026777178049,
    "robot-gripping(loaf-of-bread)": 0.08322186954319477,
    "robot-gripping(red-box-of-cereal)": 0.044264493083270885,
    "robot-gripping(red-can-of-soda)": 0.1800327429858347
}