{
    "on-table(milk-carton,wood-table)": 0.5226712835331758,
    "on-table(milk-carton,black-table)": 0.1902656743247159,
    "on-table(milk-carton,white-table)": 0.07956058289043237,
    "on-table(lemon,wood-table)": 0.30582022180897184,
    "on-table(lemon,black-table)": 0.0007311250826660398,
    "on-table(lemon,white-table)": 0.9047227700551351,
    "on-table(green-bottle,wood-table)": 0.16651851379477497,
    "on-table(green-bottle,black-table)": 0.7964543720590882,
    "on-table(green-bottle,white-table)": 0.0062790616805917425,
    "on-table(loaf-of-bread,wood-table)": 0.4607496550306678,
    "on-table(loaf-of-bread,black-table)": 0.0016015254098723137,
    "on-table(loaf-of-bread,white-table)": 0.02426546196587272,
    "on-table(red-box-of-cereal,wood-table)": 0.1414250494854059,
    "on-table(red-box-of-cereal,black-table)": 0.03198003160650842,
    "on-table(red-box-of-cereal,white-table)": 0.061654920642467914,
    "on-table(red-can-of-soda,wood-table)": 0.1710669245561197,
    "on-table(red-can-of-soda,black-table)": 0.7137566645008823,
    "on-table(red-can-of-soda,white-table)": 0.01280060072243335,
    "robot-gripper-empty()": 0.8383512000242869,
    "robot-gripping(milk-carton)": 0.20894247479736805,
    "robot-gripping(lemon)": 0.13943446621609232,
    "robot-gripping(green-bottle)": 0.16433459737648567,
    "robot-gripping(loaf-of-bread)": 0.17778884169335166,
    "robot-gripping(red-box-of-cereal)": 0.0510602289189895,
    "robot-gripping(red-can-of-soda)": 0.1980659825882564
}