{
    "on-table(milk-carton,wood-table)": 0.30838379919684183,
    "on-table(milk-carton,black-table)": 0.618271621565024,
    "on-table(milk-carton,white-table)": 0.47907913151721004,
    "on-table(lemon,wood-table)": 0.2273434470698703,
    "on-table(lemon,black-table)": 0.04888224257403332,
    "on-table(lemon,white-table)": 0.9992642601331075,
    "on-table(green-bottle,wood-table)": 0.0804751942535707,
    "on-table(green-bottle,black-table)": 0.7117479785035054,
    "on-table(green-bottle,white-table)": 0.0059929505500804225,
    "on-table(loaf-of-bread,wood-table)": 0.33709963779741275,
    "on-table(loaf-of-bread,black-table)": 0.20241176337003708,
    "on-table(loaf-of-bread,white-table)": 0.5109620901445547,
    "on-table(red-box-of-cereal,wood-table)": 0.3935166241717525,
    "on-table(red-box-of-cereal,black-table)": 0.5080371475002418,
    "on-table(red-box-of-cereal,white-table)": 0.8944174547990164,
    "on-table(red-can-of-soda,wood-table)": 0.1646788820750468,
    "on-table(red-can-of-soda,black-table)": 0.6877403606971105,
    "on-table(red-can-of-soda,white-table)": 0.6112891135314081,
    "robot-gripper-empty()": 0.948483000199,
    "robot-gripping(milk-carton)": 0.12786422483623028,
    "robot-gripping(lemon)": 0.08220950289008518,
    "robot-gripping(green-bottle)": 0.025660978979431093,
    "robot-gripping(loaf-of-bread)": 0.10849487005422513,
    "robot-gripping(red-box-of-cereal)": 0.14505600448076925,
    "robot-gripping(red-can-of-soda)": 0.18827858691414198
}