{
    "on-table(milk-carton,wood-table)": 0.10442733280554724,
    "on-table(milk-carton,black-table)": 0.5990319885313511,
    "on-table(milk-carton,white-table)": 0.50635289910133,
    "on-table(lemon,wood-table)": 0.182572395860916,
    "on-table(lemon,black-table)": 0.8762636582056681,
    "on-table(lemon,white-table)": 0.07574959128123737,
    "on-table(green-bottle,wood-table)": 0.16134726906724003,
    "on-table(green-bottle,black-table)": 0.8351137375769516,
    "on-table(green-bottle,white-table)": 0.0012697348717362427,
    "on-table(loaf-of-bread,wood-table)": 0.19882581716713807,
    "on-table(loaf-of-bread,black-table)": 0.09804324138288696,
    "on-table(loaf-of-bread,white-table)": 0.5658484837040305,
    "on-table(red-box-of-cereal,wood-table)": 0.27910193814507994,
    "on-table(red-box-of-cereal,black-table)": 0.008818907300640907,
    "on-table(red-box-of-cereal,white-table)": 0.8707121138771375,
    "on-table(red-can-of-soda,wood-table)": 0.9942950705687205,
    "on-table(red-can-of-soda,black-table)": 0.16712999482532118,
    "on-table(red-can-of-soda,white-table)": 0.2747098403851851,
    "robot-gripper-empty()": 0.9540259142716726,
    "robot-gripping(milk-carton)": 0.12710452607522407,
    "robot-gripping(lemon)": 0.020426832449932892,
    "robot-gripping(green-bottle)": 0.04296773732251798,
    "robot-gripping(loaf-of-bread)": 0.09161175570140283,
    "robot-gripping(red-box-of-cereal)": 0.08206647913902998,
    "robot-gripping(red-can-of-soda)": 0.19613384121718505
}