{
    "on-table(milk-carton,wood-table)": 0.46992206759750843,
    "on-table(milk-carton,black-table)": 0.10739801681969159,
    "on-table(milk-carton,white-table)": 0.11448807263028964,
    "on-table(lemon,wood-table)": 0.1823406596716571,
    "on-table(lemon,black-table)": 0.03627441929772127,
    "on-table(lemon,white-table)": 0.8732105990250906,
    "on-table(green-bottle,wood-table)": 0.26955728652925853,
    "on-table(green-bottle,black-table)": 0.9921444952487946,
    "on-table(green-bottle,white-table)": 0.004698794098506672,
    "on-table(loaf-of-bread,wood-table)": 0.03132610575024349,
    "on-table(loaf-of-bread,black-table)": 0.0036463056627932624,
    "on-table(loaf-of-bread,white-table)": 0.10284421851489849,
    "on-table(red-box-of-cereal,wood-table)": 0.01208923819406967,
    "on-table(red-box-of-cereal,black-table)": 0.05135047137203704,
    "on-table(red-box-of-cereal,white-table)": 0.16977900764929169,
    "on-table(red-can-of-soda,wood-table)": 0.04279759421478957,
    "on-table(red-can-of-soda,black-table)": 0.7590805667762955,
    "on-table(red-can-of-soda,white-table)": 0.01296978789135513,
    "robot-gripper-empty()": 0.9539420008659363,
    "robot-gripping(milk-carton)": 0.18970540693650642,
    "robot-gripping(lemon)": 0.09430310153402388,
    "robot-gripping(green-bottle)": 0.04872938034047062,
    "robot-gripping(loaf-of-bread)": 0.06449751967253785,
    "robot-gripping(red-box-of-cereal)": 0.03944538452196866,
    "robot-gripping(red-can-of-soda)": 0.12784628476947546
}