{
    "on-table(milk-carton,wood-table)": 0.38363841859002906,
    "on-table(milk-carton,black-table)": 0.0979813919402659,
    "on-table(milk-carton,white-table)": 0.54621322453022,
    "on-table(lemon,wood-table)": 0.8454991964002451,
    "on-table(lemon,black-table)": 0.19999117754309736,
    "on-table(lemon,white-table)": 0.0032029795099788316,
    "on-table(green-bottle,wood-table)": 0.32447284925729036,
    "on-table(green-bottle,black-table)": 0.9902571141719818,
    "on-table(green-bottle,white-table)": 0.008138218498402239,
    "on-table(loaf-of-bread,wood-table)": 0.5070445351302624,
    "on-table(loaf-of-bread,black-table)": 0.1578407694081155,
    "on-table(loaf-of-bread,white-table)": 0.26777093407387537,
    "on-table(red-box-of-cereal,wood-table)": 0.10479904055440177,
    "on-table(red-box-of-cereal,black-table)": 0.027724264189600945,
    "on-table(red-box-of-cereal,white-table)": 0.9888043999671936,
    "on-table(red-can-of-soda,wood-table)": 0.13938244827416688,
    "on-table(red-can-of-soda,black-table)": 0.5228561463106113,
    "on-table(red-can-of-soda,white-table)": 0.5272275101724517,
    "robot-gripper-empty()": 0.9271648128827413,
    "robot-gripping(milk-carton)": 0.37274902562300366,
    "robot-gripping(lemon)": 0.08287631324492395,
    "robot-gripping(green-bottle)": 0.162835754318318,
    "robot-gripping(loaf-of-bread)": 0.13146325324972472,
    "robot-gripping(red-box-of-cereal)": 0.10847787170981367,
    "robot-gripping(red-can-of-soda)": 0.11621537494162719
}