{
    "on-table(milk-carton,wood-table)": 0.12811462193106612,
    "on-table(milk-carton,black-table)": 0.01356778604288896,
    "on-table(milk-carton,white-table)": 0.8285236141333977,
    "on-table(lemon,wood-table)": 0.3001687922102671,
    "on-table(lemon,black-table)": 0.9740636249383291,
    "on-table(lemon,white-table)": 0.0034065667571212543,
    "on-table(green-bottle,wood-table)": 0.8338088306675976,
    "on-table(green-bottle,black-table)": 0.16719323091390947,
    "on-table(green-bottle,white-table)": 0.0005152644760073599,
    "on-table(loaf-of-bread,wood-table)": 0.5501280383517345,
    "on-table(loaf-of-bread,black-table)": 0.02267408202169463,
    "on-table(loaf-of-bread,white-table)": 0.037616155510477256,
    "on-table(red-box-of-cereal,wood-table)": 0.016122962930239737,
    "on-table(red-box-of-cereal,black-table)": 0.00924425593499715,
    "on-table(red-box-of-cereal,white-table)": 0.6411503612374266,
    "on-table(red-can-of-soda,wood-table)": 0.16592737920048725,
    "on-table(red-can-of-soda,black-table)": 0.8288967670232523,
    "on-table(red-can-of-soda,white-table)": 0.3359020653369953,
    "robot-gripper-empty()": 0.930337389310201,
    "robot-gripping(milk-carton)": 0.1872914663205544,
    "robot-gripping(lemon)": 0.024496703835514683,
    "robot-gripping(green-bottle)": 0.05700572981731966,
    "robot-gripping(loaf-of-bread)": 0.1390472788674136,
    "robot-gripping(red-box-of-cereal)": 0.15650337542562434,
    "robot-gripping(red-can-of-soda)": 0.14018672747382274
}