{
    "on-table(milk-carton,wood-table)": 0.361127799609676,
    "on-table(milk-carton,black-table)": 0.003026847158859406,
    "on-table(milk-carton,white-table)": 0.8255928636838993,
    "on-table(lemon,wood-table)": 0.8237655373911063,
    "on-table(lemon,black-table)": 0.16602275409339504,
    "on-table(lemon,white-table)": 0.3046011384525779,
    "on-table(green-bottle,wood-table)": 0.16693591810083794,
    "on-table(green-bottle,black-table)": 0.0014152654600631347,
    "on-table(green-bottle,white-table)": 0.8437201796720425,
    "on-table(loaf-of-bread,wood-table)": 0.48992048591996235,
    "on-table(loaf-of-bread,black-table)": 0.002277118159327074,
    "on-table(loaf-of-bread,white-table)": 0.49460668746420805,
    "on-table(red-box-of-cereal,wood-table)": 0.8437305018305779,
    "on-table(red-box-of-cereal,black-table)": 0.16869897730551506,
    "on-table(red-box-of-cereal,white-table)": 0.005595514726337569,
    "on-table(red-can-of-soda,wood-table)": 0.4532957639118346,
    "on-table(red-can-of-soda,black-table)": 0.8317506238818169,
    "on-table(red-can-of-soda,white-table)": 0.002224559889630958,
    "robot-gripper-empty()": 0.8320866127808889,
    "robot-gripping(milk-carton)": 0.18180944863706827,
    "robot-gripping(lemon)": 0.053946815275897585,
    "robot-gripping(green-bottle)": 0.015448228659806773,
    "robot-gripping(loaf-of-bread)": 0.11796612897887826,
    "robot-gripping(red-box-of-cereal)": 0.14315300753029683,
    "robot-gripping(red-can-of-soda)": 0.219195593536521
}