{
    "on-table(milk-carton,wood-table)": 0.20082767742375532,
    "on-table(milk-carton,black-table)": 0.04941452667117119,
    "on-table(milk-carton,white-table)": 0.9049999415874481,
    "on-table(lemon,wood-table)": 0.0356349486974068,
    "on-table(lemon,black-table)": 0.8191790029716989,
    "on-table(lemon,white-table)": 0.016404213992662637,
    "on-table(green-bottle,wood-table)": 0.14875192737478451,
    "on-table(green-bottle,black-table)": 0.6992597062489949,
    "on-table(green-bottle,white-table)": 0.020196271110914193,
    "on-table(loaf-of-bread,wood-table)": 0.35049386726071435,
    "on-table(loaf-of-bread,black-table)": 0.177087460043064,
    "on-table(loaf-of-bread,white-table)": 0.2178297295079877,
    "on-table(red-box-of-cereal,wood-table)": 0.17808876127916543,
    "on-table(red-box-of-cereal,black-table)": 0.02375697674354645,
    "on-table(red-box-of-cereal,white-table)": 0.9628263612588247,
    "on-table(red-can-of-soda,wood-table)": 0.161080265766941,
    "on-table(red-can-of-soda,black-table)": 0.04699526089787772,
    "on-table(red-can-of-soda,white-table)": 0.9927365680535635,
    "robot-gripper-empty()": 0.9626657068729401,
    "robot-gripping(milk-carton)": 0.14398414672662815,
    "robot-gripping(lemon)": 0.03417108427189911,
    "robot-gripping(green-bottle)": 0.1581311170690848,
    "robot-gripping(loaf-of-bread)": 0.08290334263195594,
    "robot-gripping(red-box-of-cereal)": 0.08047595690004528,
    "robot-gripping(red-can-of-soda)": 0.160061840666458
}