{
    "on-table(milk-carton,wood-table)": 0.4419093156854312,
    "on-table(milk-carton,black-table)": 0.17360768257640302,
    "on-table(milk-carton,white-table)": 0.4760665722036113,
    "on-table(lemon,wood-table)": 0.1216886310382203,
    "on-table(lemon,black-table)": 0.13383473799937443,
    "on-table(lemon,white-table)": 0.12133934247928362,
    "on-table(green-bottle,wood-table)": 0.1969304864954514,
    "on-table(green-bottle,black-table)": 0.042970383423873194,
    "on-table(green-bottle,white-table)": 0.8862351030111313,
    "on-table(loaf-of-bread,wood-table)": 0.49005603417754173,
    "on-table(loaf-of-bread,black-table)": 0.046789255420056484,
    "on-table(loaf-of-bread,white-table)": 0.2100105105394808,
    "on-table(red-box-of-cereal,wood-table)": 0.0765262315204988,
    "on-table(red-box-of-cereal,black-table)": 0.008535379882838848,
    "on-table(red-box-of-cereal,white-table)": 0.5170865302594999,
    "on-table(red-can-of-soda,wood-table)": 0.04105326842303233,
    "on-table(red-can-of-soda,black-table)": 0.0005724305253049048,
    "on-table(red-can-of-soda,white-table)": 0.7745138097476835,
    "robot-gripper-empty()": 0.9575977027416229,
    "robot-gripping(milk-carton)": 0.1599499247968197,
    "robot-gripping(lemon)": 0.05236631414542595,
    "robot-gripping(green-bottle)": 0.03843591506786955,
    "robot-gripping(loaf-of-bread)": 0.14749822920809189,
    "robot-gripping(red-box-of-cereal)": 0.11053843039553612,
    "robot-gripping(red-can-of-soda)": 0.13941415203347182
}