{
    "on-table(milk-carton,wood-table)": 0.4948540075371663,
    "on-table(milk-carton,black-table)": 0.007543481988250278,
    "on-table(milk-carton,white-table)": 0.3878763151393893,
    "on-table(lemon,wood-table)": 0.004660494450945407,
    "on-table(lemon,black-table)": 0.015695178059710695,
    "on-table(lemon,white-table)": 0.012780152434667494,
    "on-table(green-bottle,wood-table)": 0.16961686095116116,
    "on-table(green-bottle,black-table)": 0.16816409102163257,
    "on-table(green-bottle,white-table)": 0.0019806831502743685,
    "on-table(loaf-of-bread,wood-table)": 0.04164681525435299,
    "on-table(loaf-of-bread,black-table)": 0.00275470638734987,
    "on-table(loaf-of-bread,white-table)": 0.42788257317927975,
    "on-table(red-box-of-cereal,wood-table)": 0.4009449981482855,
    "on-table(red-box-of-cereal,black-table)": 0.009999241231222792,
    "on-table(red-box-of-cereal,white-table)": 0.6699695896822959,
    "on-table(red-can-of-soda,wood-table)": 0.998613586028417,
    "on-table(red-can-of-soda,black-table)": 0.16663461841377133,
    "on-table(red-can-of-soda,white-table)": 0.16752906987054908,
    "robot-gripper-empty()": 0.45152611295149353,
    "robot-gripping(milk-carton)": 0.14157804804077992,
    "robot-gripping(lemon)": 0.5198975953583916,
    "robot-gripping(green-bottle)": 0.7142464687737325,
    "robot-gripping(loaf-of-bread)": 0.059557884465903044,
    "robot-gripping(red-box-of-cereal)": 0.042039577071894506,
    "robot-gripping(red-can-of-soda)": 0.05603767972206697
}