{
    "on-table(milk-carton,wood-table)": 0.5159867729526013,
    "on-table(milk-carton,black-table)": 0.010572508525001467,
    "on-table(milk-carton,white-table)": 0.7170296758413315,
    "on-table(lemon,wood-table)": 0.19146752349721888,
    "on-table(lemon,black-table)": 0.003309469206480268,
    "on-table(lemon,white-table)": 0.9923324286937714,
    "on-table(green-bottle,wood-table)": 0.0005336742682023518,
    "on-table(green-bottle,black-table)": 0.00034436240639479365,
    "on-table(green-bottle,white-table)": 0.008974130242980513,
    "on-table(loaf-of-bread,wood-table)": 0.8146223276853561,
    "on-table(loaf-of-bread,black-table)": 0.21148449786899923,
    "on-table(loaf-of-bread,white-table)": 0.05790128874408159,
    "on-table(red-box-of-cereal,wood-table)": 0.9943360984325409,
    "on-table(red-box-of-cereal,black-table)": 0.32967165458831005,
    "on-table(red-box-of-cereal,white-table)": 0.025790145685580985,
    "on-table(red-can-of-soda,wood-table)": 0.49805119742328924,
    "on-table(red-can-of-soda,black-table)": 0.00115708961228241,
    "on-table(red-can-of-soda,white-table)": 0.8341071046112726,
    "robot-gripper-empty()": 0.9821443557739258,
    "robot-gripping(milk-carton)": 0.08975730448340376,
    "robot-gripping(lemon)": 0.05450374943514665,
    "robot-gripping(green-bottle)": 0.012150803464464843,
    "robot-gripping(loaf-of-bread)": 0.11597246397286654,
    "robot-gripping(red-box-of-cereal)": 0.10658955092852314,
    "robot-gripping(red-can-of-soda)": 0.05820291392349949
}