{
    "on-table(milk-carton,wood-table)": 0.22785476461285725,
    "on-table(milk-carton,black-table)": 0.005197470003622584,
    "on-table(milk-carton,white-table)": 0.810573714474837,
    "on-table(lemon,wood-table)": 0.16259354462090414,
    "on-table(lemon,black-table)": 0.7658873605541885,
    "on-table(lemon,white-table)": 0.004759125230862082,
    "on-table(green-bottle,wood-table)": 0.16619495222645733,
    "on-table(green-bottle,black-table)": 0.8246128520210428,
    "on-table(green-bottle,white-table)": 0.007353297350997916,
    "on-table(loaf-of-bread,wood-table)": 0.045485779332617916,
    "on-table(loaf-of-bread,black-table)": 0.003294525609817356,
    "on-table(loaf-of-bread,white-table)": 0.23394757540275654,
    "on-table(red-box-of-cereal,wood-table)": 0.3771864565302773,
    "on-table(red-box-of-cereal,black-table)": 0.006535050661113928,
    "on-table(red-box-of-cereal,white-table)": 0.8272743001580238,
    "on-table(red-can-of-soda,wood-table)": 0.9785240888595581,
    "on-table(red-can-of-soda,black-table)": 0.16672542044398142,
    "on-table(red-can-of-soda,white-table)": 0.16955391538552553,
    "robot-gripper-empty()": 0.7287354787501196,
    "robot-gripping(milk-carton)": 0.11225219784925382,
    "robot-gripping(lemon)": 0.15882960881572217,
    "robot-gripping(green-bottle)": 0.17629342308888832,
    "robot-gripping(loaf-of-bread)": 0.06437809548030297,
    "robot-gripping(red-box-of-cereal)": 0.13834834042548513,
    "robot-gripping(red-can-of-soda)": 0.17507427224578956
}