{
    "on-table(milk-carton,wood-table)": 0.107591996435076,
    "on-table(milk-carton,black-table)": 0.5060891923494637,
    "on-table(milk-carton,white-table)": 0.6289262003362334,
    "on-table(lemon,wood-table)": 0.30378724324206513,
    "on-table(lemon,black-table)": 0.08218690830593307,
    "on-table(lemon,white-table)": 0.4555657774520417,
    "on-table(green-bottle,wood-table)": 0.8583503564198812,
    "on-table(green-bottle,black-table)": 0.2502630120963829,
    "on-table(green-bottle,white-table)": 0.007036230252083442,
    "on-table(loaf-of-bread,wood-table)": 0.21117868173557022,
    "on-table(loaf-of-bread,black-table)": 0.4109450736238311,
    "on-table(loaf-of-bread,white-table)": 0.6293576514387192,
    "on-table(red-box-of-cereal,wood-table)": 0.18362656033908328,
    "on-table(red-box-of-cereal,black-table)": 0.8302198279028138,
    "on-table(red-box-of-cereal,white-table)": 0.043281620603617434,
    "on-table(red-can-of-soda,wood-table)": 0.02293413336155936,
    "on-table(red-can-of-soda,black-table)": 0.44839239741365117,
    "on-table(red-can-of-soda,white-table)": 0.03384592395498961,
    "robot-gripper-empty()": 0.8753111561139425,
    "robot-gripping(milk-carton)": 0.17441139121850333,
    "robot-gripping(lemon)": 0.06870614178478718,
    "robot-gripping(green-bottle)": 0.1494051608024165,
    "robot-gripping(loaf-of-bread)": 0.10951528046280146,
    "robot-gripping(red-box-of-cereal)": 0.16124575150509676,
    "robot-gripping(red-can-of-soda)": 0.4957782346755266
}