{
    "on-table(milk-carton,wood-table)": 0.2185329608619213,
    "on-table(milk-carton,black-table)": 0.6924764340122541,
    "on-table(milk-carton,white-table)": 0.07955639950523619,
    "on-table(lemon,wood-table)": 0.24048261489951983,
    "on-table(lemon,black-table)": 0.0611591022062233,
    "on-table(lemon,white-table)": 0.8360015709574024,
    "on-table(green-bottle,wood-table)": 0.32517491180624347,
    "on-table(green-bottle,black-table)": 0.9992439250151316,
    "on-table(green-bottle,white-table)": 0.00404030326103566,
    "on-table(loaf-of-bread,wood-table)": 0.2047858198833031,
    "on-table(loaf-of-bread,black-table)": 0.4973202636077379,
    "on-table(loaf-of-bread,white-table)": 0.015702713858142186,
    "on-table(red-box-of-cereal,wood-table)": 0.17416601404935741,
    "on-table(red-box-of-cereal,black-table)": 0.2087451988942727,
    "on-table(red-box-of-cereal,white-table)": 0.03134189657794195,
    "on-table(red-can-of-soda,wood-table)": 0.5244816926618417,
    "on-table(red-can-of-soda,black-table)": 0.18910865117914,
    "on-table(red-can-of-soda,white-table)": 0.010225539327469354,
    "robot-gripper-empty()": 0.9016400376955668,
    "robot-gripping(milk-carton)": 0.12208276987075806,
    "robot-gripping(lemon)": 0.12787061875375608,
    "robot-gripping(green-bottle)": 0.1542177822169227,
    "robot-gripping(loaf-of-bread)": 0.15178023790940642,
    "robot-gripping(red-box-of-cereal)": 0.03439513718088468,
    "robot-gripping(red-can-of-soda)": 0.1857362697677066
}