{
    "on-table(milk-carton,wood-table)": 0.3402756284243272,
    "on-table(milk-carton,black-table)": 0.08677950534918939,
    "on-table(milk-carton,white-table)": 0.8340404729048411,
    "on-table(lemon,wood-table)": 0.09566898775907855,
    "on-table(lemon,black-table)": 0.19412010787831,
    "on-table(lemon,white-table)": 0.15842682317209741,
    "on-table(green-bottle,wood-table)": 0.15917860734528708,
    "on-table(green-bottle,black-table)": 0.01768046310898323,
    "on-table(green-bottle,white-table)": 0.8479254680375258,
    "on-table(loaf-of-bread,wood-table)": 0.32575916809340316,
    "on-table(loaf-of-bread,black-table)": 0.022479475708678365,
    "on-table(loaf-of-bread,white-table)": 0.14748421229887754,
    "on-table(red-box-of-cereal,wood-table)": 0.26395823232208687,
    "on-table(red-box-of-cereal,black-table)": 0.0193370493028245,
    "on-table(red-box-of-cereal,white-table)": 0.6550822474528104,
    "on-table(red-can-of-soda,wood-table)": 0.38459781592246145,
    "on-table(red-can-of-soda,black-table)": 0.013394508035465455,
    "on-table(red-can-of-soda,white-table)": 0.9955319960912069,
    "robot-gripper-empty()": 0.9159571429093679,
    "robot-gripping(milk-carton)": 0.21820217743515968,
    "robot-gripping(lemon)": 0.2918631328890721,
    "robot-gripping(green-bottle)": 0.055046183755621314,
    "robot-gripping(loaf-of-bread)": 0.17818640420834223,
    "robot-gripping(red-box-of-cereal)": 0.20478031776535013,
    "robot-gripping(red-can-of-soda)": 0.28716480328391
}