{
    "on-table(milk-carton,wood-table)": 0.5234274825779721,
    "on-table(milk-carton,black-table)": 0.6107193594798446,
    "on-table(milk-carton,white-table)": 0.010007726067366699,
    "on-table(lemon,wood-table)": 0.136647613728807,
    "on-table(lemon,black-table)": 0.0007216366551953494,
    "on-table(lemon,white-table)": 0.8275439293744663,
    "on-table(green-bottle,wood-table)": 0.13847794182705306,
    "on-table(green-bottle,black-table)": 0.00045186287472157954,
    "on-table(green-bottle,white-table)": 0.8336927050647015,
    "on-table(loaf-of-bread,wood-table)": 0.4112984148475031,
    "on-table(loaf-of-bread,black-table)": 0.14239622132542232,
    "on-table(loaf-of-bread,white-table)": 0.022371277222797897,
    "on-table(red-box-of-cereal,wood-table)": 0.996990978717804,
    "on-table(red-box-of-cereal,black-table)": 0.34091083105037495,
    "on-table(red-box-of-cereal,white-table)": 0.014748431373694379,
    "on-table(red-can-of-soda,wood-table)": 0.6057808687328361,
    "on-table(red-can-of-soda,black-table)": 0.8356942596534888,
    "on-table(red-can-of-soda,white-table)": 0.004609541544292976,
    "robot-gripper-empty()": 0.7824307630459467,
    "robot-gripping(milk-carton)": 0.3614192549139261,
    "robot-gripping(lemon)": 0.07732643683751424,
    "robot-gripping(green-bottle)": 0.014917090457553664,
    "robot-gripping(loaf-of-bread)": 0.2032474266986052,
    "robot-gripping(red-box-of-cereal)": 0.2119273580610752,
    "robot-gripping(red-can-of-soda)": 0.3268325198441744
}