{
    "on-table(milk-carton,wood-table)": 0.5412887452791134,
    "on-table(milk-carton,black-table)": 0.18113243234013984,
    "on-table(milk-carton,white-table)": 0.08316518679324265,
    "on-table(lemon,wood-table)": 0.20094161451561376,
    "on-table(lemon,black-table)": 0.07163953548047175,
    "on-table(lemon,white-table)": 0.8397433472176393,
    "on-table(green-bottle,wood-table)": 0.00423223015483624,
    "on-table(green-bottle,black-table)": 0.004716862326555808,
    "on-table(green-bottle,white-table)": 0.16711311108944452,
    "on-table(loaf-of-bread,wood-table)": 0.4050520012776057,
    "on-table(loaf-of-bread,black-table)": 0.6021008001019558,
    "on-table(loaf-of-bread,white-table)": 0.04809198676957749,
    "on-table(red-box-of-cereal,wood-table)": 0.8040527453025182,
    "on-table(red-box-of-cereal,black-table)": 0.34148548912889964,
    "on-table(red-box-of-cereal,white-table)": 0.0109948885757755,
    "on-table(red-can-of-soda,wood-table)": 0.8094742906590303,
    "on-table(red-can-of-soda,black-table)": 0.34037886331979433,
    "on-table(red-can-of-soda,white-table)": 0.0036778023282219388,
    "robot-gripper-empty()": 0.9516244033972422,
    "robot-gripping(milk-carton)": 0.12155776470899582,
    "robot-gripping(lemon)": 0.09033391679016252,
    "robot-gripping(green-bottle)": 0.015533823752775788,
    "robot-gripping(loaf-of-bread)": 0.08877066615968943,
    "robot-gripping(red-box-of-cereal)": 0.06288031469254445,
    "robot-gripping(red-can-of-soda)": 0.16343680090115717
}