{
    "on-table(milk-carton,wood-table)": 0.9071821570396423,
    "on-table(milk-carton,black-table)": 0.28153956141735154,
    "on-table(milk-carton,white-table)": 0.053903993151228256,
    "on-table(lemon,wood-table)": 0.15901008841926037,
    "on-table(lemon,black-table)": 0.002535700065588268,
    "on-table(lemon,white-table)": 0.9611338178316752,
    "on-table(green-bottle,wood-table)": 0.16508303809314384,
    "on-table(green-bottle,black-table)": 0.0006816671833197082,
    "on-table(green-bottle,white-table)": 0.8343013100481281,
    "on-table(loaf-of-bread,wood-table)": 0.2614823899542292,
    "on-table(loaf-of-bread,black-table)": 0.04726885391088823,
    "on-table(loaf-of-bread,white-table)": 0.517856296345902,
    "on-table(red-box-of-cereal,wood-table)": 0.9967847963174185,
    "on-table(red-box-of-cereal,black-table)": 0.33211060789744806,
    "on-table(red-box-of-cereal,white-table)": 0.051792206009849906,
    "on-table(red-can-of-soda,wood-table)": 0.698207264378046,
    "on-table(red-can-of-soda,black-table)": 0.0063448211822105804,
    "on-table(red-can-of-soda,white-table)": 0.8607204481959343,
    "robot-gripper-empty()": 0.9565373361110687,
    "robot-gripping(milk-carton)": 0.16790540609508753,
    "robot-gripping(lemon)": 0.06586952631672223,
    "robot-gripping(green-bottle)": 0.050833950352777414,
    "robot-gripping(loaf-of-bread)": 0.15657794661819935,
    "robot-gripping(red-box-of-cereal)": 0.09612768981605768,
    "robot-gripping(red-can-of-soda)": 0.17379272162603834
}