{
    "on-table(milk-carton,wood-table)": 0.5220037953307232,
    "on-table(milk-carton,black-table)": 0.1731477713168109,
    "on-table(milk-carton,white-table)": 0.2153267769717786,
    "on-table(lemon,wood-table)": 0.8270479055742422,
    "on-table(lemon,black-table)": 0.12889465881354076,
    "on-table(lemon,white-table)": 0.00721208220132515,
    "on-table(green-bottle,wood-table)": 0.33301308615894715,
    "on-table(green-bottle,black-table)": 0.9992048839728037,
    "on-table(green-bottle,white-table)": 0.009305048523325846,
    "on-table(loaf-of-bread,wood-table)": 0.23208834060157338,
    "on-table(loaf-of-bread,black-table)": 0.04110900691982048,
    "on-table(loaf-of-bread,white-table)": 0.20570215148230395,
    "on-table(red-box-of-cereal,wood-table)": 0.14879316041818433,
    "on-table(red-box-of-cereal,black-table)": 0.009301222225834257,
    "on-table(red-box-of-cereal,white-table)": 0.9714279969533285,
    "on-table(red-can-of-soda,wood-table)": 0.16717791109355554,
    "on-table(red-can-of-soda,black-table)": 0.014803979955407462,
    "on-table(red-can-of-soda,white-table)": 0.9877664744853973,
    "robot-gripper-empty()": 0.8443669279416403,
    "robot-gripping(milk-carton)": 0.1714706290513277,
    "robot-gripping(lemon)": 0.07106414406249921,
    "robot-gripping(green-bottle)": 0.18265898362733424,
    "robot-gripping(loaf-of-bread)": 0.09827296047781904,
    "robot-gripping(red-box-of-cereal)": 0.03580867142106096,
    "robot-gripping(red-can-of-soda)": 0.0815395712852478
}