{
    "on-table(milk-carton,wood-table)": 0.920012891292572,
    "on-table(milk-carton,black-table)": 0.11757164435099791,
    "on-table(milk-carton,white-table)": 0.22761809261889235,
    "on-table(lemon,wood-table)": 0.6752785031373302,
    "on-table(lemon,black-table)": 0.16635924159466717,
    "on-table(lemon,white-table)": 0.025984367368058276,
    "on-table(green-bottle,wood-table)": 0.8148095502207676,
    "on-table(green-bottle,black-table)": 0.1712890077856931,
    "on-table(green-bottle,white-table)": 0.0036998759868159445,
    "on-table(loaf-of-bread,wood-table)": 0.33798291720449924,
    "on-table(loaf-of-bread,black-table)": 0.02572712962864898,
    "on-table(loaf-of-bread,white-table)": 0.10988828063636902,
    "on-table(red-box-of-cereal,wood-table)": 0.1665991133583399,
    "on-table(red-box-of-cereal,black-table)": 0.16754395595247237,
    "on-table(red-box-of-cereal,white-table)": 0.8339892006479204,
    "on-table(red-can-of-soda,wood-table)": 0.16446615890284497,
    "on-table(red-can-of-soda,black-table)": 0.011768863042258696,
    "on-table(red-can-of-soda,white-table)": 0.8366896342486143,
    "robot-gripper-empty()": 0.9103706479072571,
    "robot-gripping(milk-carton)": 0.11182039448370536,
    "robot-gripping(lemon)": 0.035177525443335377,
    "robot-gripping(green-bottle)": 0.18096267781220376,
    "robot-gripping(loaf-of-bread)": 0.07409386926641066,
    "robot-gripping(red-box-of-cereal)": 0.056016978477903955,
    "robot-gripping(red-can-of-soda)": 0.10960001482938726
}