{
    "on-table(milk-carton,wood-table)": 0.11631160460334893,
    "on-table(milk-carton,black-table)": 0.1737909338553436,
    "on-table(milk-carton,white-table)": 0.3022259594872594,
    "on-table(lemon,wood-table)": 0.28943113457656483,
    "on-table(lemon,black-table)": 0.029477571334458236,
    "on-table(lemon,white-table)": 0.001205943731595956,
    "on-table(green-bottle,wood-table)": 0.8329219381169727,
    "on-table(green-bottle,black-table)": 0.16734991292833,
    "on-table(green-bottle,white-table)": 0.0020164543758861933,
    "on-table(loaf-of-bread,wood-table)": 0.07357720312817644,
    "on-table(loaf-of-bread,black-table)": 0.03188651678889679,
    "on-table(loaf-of-bread,white-table)": 0.0940118615544634,
    "on-table(red-box-of-cereal,wood-table)": 0.31570720551341463,
    "on-table(red-box-of-cereal,black-table)": 0.1680989288724959,
    "on-table(red-box-of-cereal,white-table)": 0.45936061174143106,
    "on-table(red-can-of-soda,wood-table)": 0.20927759877910526,
    "on-table(red-can-of-soda,black-table)": 0.0010414018627974049,
    "on-table(red-can-of-soda,white-table)": 0.8335939961252734,
    "robot-gripper-empty()": 0.3918567502017443,
    "robot-gripping(milk-carton)": 0.6856774998207887,
    "robot-gripping(lemon)": 0.03552191727794707,
    "robot-gripping(green-bottle)": 0.17839094957647225,
    "robot-gripping(loaf-of-bread)": 0.32781926915049553,
    "robot-gripping(red-box-of-cereal)": 0.7599402523289124,
    "robot-gripping(red-can-of-soda)": 0.6384211669986447
}