{
    "on-table(milk-carton,wood-table)": 0.19214415349900568,
    "on-table(milk-carton,black-table)": 0.714293380578359,
    "on-table(milk-carton,white-table)": 0.021442473736290896,
    "on-table(lemon,wood-table)": 0.17093517002649605,
    "on-table(lemon,black-table)": 0.18335312767885625,
    "on-table(lemon,white-table)": 0.17147015887409603,
    "on-table(green-bottle,wood-table)": 0.16571691594435833,
    "on-table(green-bottle,black-table)": 0.0014207268368409132,
    "on-table(green-bottle,white-table)": 0.9968589047590891,
    "on-table(loaf-of-bread,wood-table)": 0.709256270279487,
    "on-table(loaf-of-bread,black-table)": 0.1478318628433044,
    "on-table(loaf-of-bread,white-table)": 0.07170013358851672,
    "on-table(red-box-of-cereal,wood-table)": 0.4438272748763363,
    "on-table(red-box-of-cereal,black-table)": 0.6069700033791984,
    "on-table(red-box-of-cereal,white-table)": 0.012088087576557882,
    "on-table(red-can-of-soda,wood-table)": 0.9081709086894989,
    "on-table(red-can-of-soda,black-table)": 0.33341172998859747,
    "on-table(red-can-of-soda,white-table)": 0.0012126241819411614,
    "robot-gripper-empty()": 0.7500759972026572,
    "robot-gripping(milk-carton)": 0.1931645261744658,
    "robot-gripping(lemon)": 0.42515016595522565,
    "robot-gripping(green-bottle)": 0.08507127729050505,
    "robot-gripping(loaf-of-bread)": 0.28033886446307105,
    "robot-gripping(red-box-of-cereal)": 0.07839071998993556,
    "robot-gripping(red-can-of-soda)": 0.15177608056304356
}