{
    "on-table(milk-carton,wood-table)": 0.17483848112169653,
    "on-table(milk-carton,black-table)": 0.010726840732483348,
    "on-table(milk-carton,white-table)": 0.8618102173010508,
    "on-table(lemon,wood-table)": 0.17674029450669573,
    "on-table(lemon,black-table)": 0.41106096300063655,
    "on-table(lemon,white-table)": 0.017619345114023115,
    "on-table(green-bottle,wood-table)": 0.15629680085597406,
    "on-table(green-bottle,black-table)": 0.8331797907982642,
    "on-table(green-bottle,white-table)": 0.0013225543246638456,
    "on-table(loaf-of-bread,wood-table)": 0.5256978900482258,
    "on-table(loaf-of-bread,black-table)": 0.07238226626456405,
    "on-table(loaf-of-bread,white-table)": 0.2928313663578592,
    "on-table(red-box-of-cereal,wood-table)": 0.07420444792175356,
    "on-table(red-box-of-cereal,black-table)": 0.002789105751162424,
    "on-table(red-box-of-cereal,white-table)": 0.8454070563117663,
    "on-table(red-can-of-soda,wood-table)": 0.11432523048946071,
    "on-table(red-can-of-soda,black-table)": 0.011601753586091945,
    "on-table(red-can-of-soda,white-table)": 0.9759059349695841,
    "robot-gripper-empty()": 0.6662271181121469,
    "robot-gripping(milk-carton)": 0.22488735833515724,
    "robot-gripping(lemon)": 0.33946924408276874,
    "robot-gripping(green-bottle)": 0.16972403527082255,
    "robot-gripping(loaf-of-bread)": 0.23281819466501474,
    "robot-gripping(red-box-of-cereal)": 0.052214557848249875,
    "robot-gripping(red-can-of-soda)": 0.11836236816210051
}