{
    "on-table(milk-carton,wood-table)": 0.4909064046417673,
    "on-table(milk-carton,black-table)": 0.08822849631845504,
    "on-table(milk-carton,white-table)": 0.28722423115929513,
    "on-table(lemon,wood-table)": 0.6684543461694071,
    "on-table(lemon,black-table)": 0.001527653404176969,
    "on-table(lemon,white-table)": 0.0023058342464992165,
    "on-table(green-bottle,wood-table)": 0.8320214182216054,
    "on-table(green-bottle,black-table)": 0.16717059426522005,
    "on-table(green-bottle,white-table)": 0.002241311522197975,
    "on-table(loaf-of-bread,wood-table)": 0.14711327641271055,
    "on-table(loaf-of-bread,black-table)": 0.0074287775593499345,
    "on-table(loaf-of-bread,white-table)": 0.13663481827825308,
    "on-table(red-box-of-cereal,wood-table)": 0.21761306587723084,
    "on-table(red-box-of-cereal,black-table)": 0.011706083030427786,
    "on-table(red-box-of-cereal,white-table)": 0.9739896655082703,
    "on-table(red-can-of-soda,wood-table)": 0.1690677764575715,
    "on-table(red-can-of-soda,black-table)": 0.008350426947041948,
    "on-table(red-can-of-soda,white-table)": 0.9970009028911591,
    "robot-gripper-empty()": 0.8886241167783737,
    "robot-gripping(milk-carton)": 0.1758169666863978,
    "robot-gripping(lemon)": 0.09461539813006918,
    "robot-gripping(green-bottle)": 0.1696639652752007,
    "robot-gripping(loaf-of-bread)": 0.1747032138518989,
    "robot-gripping(red-box-of-cereal)": 0.07157980708871037,
    "robot-gripping(red-can-of-soda)": 0.14240188958744207
}