{
    "on-table(milk-carton,wood-table)": 0.415315447258763,
    "on-table(milk-carton,black-table)": 0.4016814424345891,
    "on-table(milk-carton,white-table)": 0.04478539760263326,
    "on-table(lemon,wood-table)": 0.9962772826353709,
    "on-table(lemon,black-table)": 0.1598396457563164,
    "on-table(lemon,white-table)": 0.249740142050238,
    "on-table(green-bottle,wood-table)": 0.10148291231174274,
    "on-table(green-bottle,black-table)": 0.7971081888535991,
    "on-table(green-bottle,white-table)": 0.004852011219630488,
    "on-table(loaf-of-bread,wood-table)": 0.39902863930910826,
    "on-table(loaf-of-bread,black-table)": 0.0041344234098990755,
    "on-table(loaf-of-bread,white-table)": 0.3986474118816356,
    "on-table(red-box-of-cereal,wood-table)": 0.8352141648841401,
    "on-table(red-box-of-cereal,black-table)": 0.19955727447086247,
    "on-table(red-box-of-cereal,white-table)": 0.007901499010282956,
    "on-table(red-can-of-soda,wood-table)": 0.57585527569366,
    "on-table(red-can-of-soda,black-table)": 0.7053480943044027,
    "on-table(red-can-of-soda,white-table)": 0.00948632044067684,
    "robot-gripper-empty()": 0.8644185438752174,
    "robot-gripping(milk-carton)": 0.11103051869819562,
    "robot-gripping(lemon)": 0.1303648353399088,
    "robot-gripping(green-bottle)": 0.10455056101394196,
    "robot-gripping(loaf-of-bread)": 0.11929378906885783,
    "robot-gripping(red-box-of-cereal)": 0.12548913822198907,
    "robot-gripping(red-can-of-soda)": 0.15821292453135052
}