{
    "on-table(milk-carton,wood-table)": 0.4580466797730575,
    "on-table(milk-carton,black-table)": 0.16478716735340035,
    "on-table(milk-carton,white-table)": 0.5980129148034999,
    "on-table(lemon,wood-table)": 0.4668456513124208,
    "on-table(lemon,black-table)": 0.03344403437252671,
    "on-table(lemon,white-table)": 0.8358308598399162,
    "on-table(green-bottle,wood-table)": 0.16877095557235103,
    "on-table(green-bottle,black-table)": 0.003408825651755857,
    "on-table(green-bottle,white-table)": 0.8354678976659974,
    "on-table(loaf-of-bread,wood-table)": 0.6308212776978811,
    "on-table(loaf-of-bread,black-table)": 0.16649124992545694,
    "on-table(loaf-of-bread,white-table)": 0.10929157329762045,
    "on-table(red-box-of-cereal,wood-table)": 0.19345009333240645,
    "on-table(red-box-of-cereal,black-table)": 0.1822159335812709,
    "on-table(red-box-of-cereal,white-table)": 0.022364525531884283,
    "on-table(red-can-of-soda,wood-table)": 0.06410681621734209,
    "on-table(red-can-of-soda,black-table)": 0.19062709612383819,
    "on-table(red-can-of-soda,white-table)": 0.007406314471154474,
    "robot-gripper-empty()": 0.44364939148848254,
    "robot-gripping(milk-carton)": 0.5383958468834559,
    "robot-gripping(lemon)": 0.11491659314682086,
    "robot-gripping(green-bottle)": 0.01461772876791656,
    "robot-gripping(loaf-of-bread)": 0.40643134092291194,
    "robot-gripping(red-box-of-cereal)": 0.759047600440681,
    "robot-gripping(red-can-of-soda)": 0.8248145260537664
}