{
    "on-table(milk-carton,wood-table)": 0.6455872133374214,
    "on-table(milk-carton,black-table)": 0.4393282951593089,
    "on-table(milk-carton,white-table)": 0.13684573981542295,
    "on-table(lemon,wood-table)": 0.18344211024426235,
    "on-table(lemon,black-table)": 0.8006320816154281,
    "on-table(lemon,white-table)": 0.055390126942559924,
    "on-table(green-bottle,wood-table)": 0.2990027092891978,
    "on-table(green-bottle,black-table)": 0.9978354076544443,
    "on-table(green-bottle,white-table)": 0.02718525358492722,
    "on-table(loaf-of-bread,wood-table)": 0.7257348025838534,
    "on-table(loaf-of-bread,black-table)": 0.21499568292028925,
    "on-table(loaf-of-bread,white-table)": 0.17451752148948194,
    "on-table(red-box-of-cereal,wood-table)": 0.1784699673492772,
    "on-table(red-box-of-cereal,black-table)": 0.8352367592354616,
    "on-table(red-box-of-cereal,white-table)": 0.024905502039473504,
    "on-table(red-can-of-soda,wood-table)": 0.1815656188991852,
    "on-table(red-can-of-soda,black-table)": 0.6913833568493525,
    "on-table(red-can-of-soda,white-table)": 0.011343722830739958,
    "robot-gripper-empty()": 0.8096760312716166,
    "robot-gripping(milk-carton)": 0.19451585287849107,
    "robot-gripping(lemon)": 0.10479700689514478,
    "robot-gripping(green-bottle)": 0.06040319303671519,
    "robot-gripping(loaf-of-bread)": 0.09200394774476688,
    "robot-gripping(red-box-of-cereal)": 0.2269044794763128,
    "robot-gripping(red-can-of-soda)": 0.5418051692346731
}