{
    "on-table(milk-carton,wood-table)": 0.8032566954692205,
    "on-table(milk-carton,black-table)": 0.19836898734016964,
    "on-table(milk-carton,white-table)": 0.36367931550679106,
    "on-table(lemon,wood-table)": 0.31520416575707105,
    "on-table(lemon,black-table)": 0.13191238899162272,
    "on-table(lemon,white-table)": 0.8680570498108864,
    "on-table(green-bottle,wood-table)": 0.3128586693298227,
    "on-table(green-bottle,black-table)": 0.8506052767237028,
    "on-table(green-bottle,white-table)": 0.0022757682408306814,
    "on-table(loaf-of-bread,wood-table)": 0.19760214715885618,
    "on-table(loaf-of-bread,black-table)": 0.04172532764641801,
    "on-table(loaf-of-bread,white-table)": 0.7594424697260062,
    "on-table(red-box-of-cereal,wood-table)": 0.15387228534867367,
    "on-table(red-box-of-cereal,black-table)": 0.01845809371055414,
    "on-table(red-box-of-cereal,white-table)": 0.9374055961767832,
    "on-table(red-can-of-soda,wood-table)": 0.13382102404284524,
    "on-table(red-can-of-soda,black-table)": 0.5683887248742394,
    "on-table(red-can-of-soda,white-table)": 0.4882415549650432,
    "robot-gripper-empty()": 0.9546595811843872,
    "robot-gripping(milk-carton)": 0.21646641132732233,
    "robot-gripping(lemon)": 0.061949762205282845,
    "robot-gripping(green-bottle)": 0.1594301259610802,
    "robot-gripping(loaf-of-bread)": 0.07179027376696467,
    "robot-gripping(red-box-of-cereal)": 0.06369434770507117,
    "robot-gripping(red-can-of-soda)": 0.15573213249444962
}