{
    "on-table(milk-carton,wood-table)": 0.5387276460727056,
    "on-table(milk-carton,black-table)": 0.3519549042296906,
    "on-table(milk-carton,white-table)": 0.006094460210685308,
    "on-table(lemon,wood-table)": 0.9045033554236094,
    "on-table(lemon,black-table)": 0.2428223179328294,
    "on-table(lemon,white-table)": 0.006820541602792218,
    "on-table(green-bottle,wood-table)": 0.16617654142525376,
    "on-table(green-bottle,black-table)": 0.000827223194543573,
    "on-table(green-bottle,white-table)": 0.8341492816495398,
    "on-table(loaf-of-bread,wood-table)": 0.20944144180975854,
    "on-table(loaf-of-bread,black-table)": 0.2490724214973549,
    "on-table(loaf-of-bread,white-table)": 0.005802798576041823,
    "on-table(red-box-of-cereal,wood-table)": 0.1652778742039421,
    "on-table(red-box-of-cereal,black-table)": 0.39226171956397593,
    "on-table(red-box-of-cereal,white-table)": 0.002422406318752716,
    "on-table(red-can-of-soda,wood-table)": 0.16608934021375413,
    "on-table(red-can-of-soda,black-table)": 0.8335430624429137,
    "on-table(red-can-of-soda,white-table)": 0.0013831606555262017,
    "robot-gripper-empty()": 0.977818508942922,
    "robot-gripping(milk-carton)": 0.1666008378379047,
    "robot-gripping(lemon)": 0.10863201413303614,
    "robot-gripping(green-bottle)": 0.009500263181204597,
    "robot-gripping(loaf-of-bread)": 0.0665733990414689,
    "robot-gripping(red-box-of-cereal)": 0.021852635274020333,
    "robot-gripping(red-can-of-soda)": 0.07398576211805145
}