{
    "on-table(milk-carton,wood-table)": 0.7008185784022013,
    "on-table(milk-carton,black-table)": 0.226617730067422,
    "on-table(milk-carton,white-table)": 0.06884269173800324,
    "on-table(lemon,wood-table)": 0.015884539927355945,
    "on-table(lemon,black-table)": 0.16759578889468685,
    "on-table(lemon,white-table)": 0.2403697036400748,
    "on-table(green-bottle,wood-table)": 0.0007197756531240884,
    "on-table(green-bottle,black-table)": 0.011979164006334031,
    "on-table(green-bottle,white-table)": 0.327669449885434,
    "on-table(loaf-of-bread,wood-table)": 0.5208748877048492,
    "on-table(loaf-of-bread,black-table)": 0.39580159799273434,
    "on-table(loaf-of-bread,white-table)": 0.1616823466514082,
    "on-table(red-box-of-cereal,wood-table)": 0.9815112153689066,
    "on-table(red-box-of-cereal,black-table)": 0.3389846007109251,
    "on-table(red-box-of-cereal,white-table)": 0.04831519623985514,
    "on-table(red-can-of-soda,wood-table)": 0.25832616083789617,
    "on-table(red-can-of-soda,black-table)": 0.930241584777832,
    "on-table(red-can-of-soda,white-table)": 0.020447390712737008,
    "robot-gripper-empty()": 0.9144513010978699,
    "robot-gripping(milk-carton)": 0.18940156046301126,
    "robot-gripping(lemon)": 0.03624900011345744,
    "robot-gripping(green-bottle)": 0.019244919628060114,
    "robot-gripping(loaf-of-bread)": 0.11178132891654968,
    "robot-gripping(red-box-of-cereal)": 0.16032063184926906,
    "robot-gripping(red-can-of-soda)": 0.177495728014037
}