{
    "on-table(milk-carton,wood-table)": 0.20899469371458204,
    "on-table(milk-carton,black-table)": 0.36676312441704795,
    "on-table(milk-carton,white-table)": 0.6075719822062334,
    "on-table(lemon,wood-table)": 0.16451347618324993,
    "on-table(lemon,black-table)": 0.0403045496688037,
    "on-table(lemon,white-table)": 0.9489567081133524,
    "on-table(green-bottle,wood-table)": 0.15492873945186147,
    "on-table(green-bottle,black-table)": 0.0026175104921624857,
    "on-table(green-bottle,white-table)": 0.8351631395829221,
    "on-table(loaf-of-bread,wood-table)": 0.20329920637110868,
    "on-table(loaf-of-bread,black-table)": 0.3156034756684676,
    "on-table(loaf-of-bread,white-table)": 0.30251505101720494,
    "on-table(red-box-of-cereal,wood-table)": 0.13482968479123278,
    "on-table(red-box-of-cereal,black-table)": 0.6690283653248722,
    "on-table(red-box-of-cereal,white-table)": 0.12428499235466006,
    "on-table(red-can-of-soda,wood-table)": 0.05451485737770175,
    "on-table(red-can-of-soda,black-table)": 0.6795441661961377,
    "on-table(red-can-of-soda,white-table)": 0.026979415893341258,
    "robot-gripper-empty()": 0.8690694868564606,
    "robot-gripping(milk-carton)": 0.12705684142808119,
    "robot-gripping(lemon)": 0.07918313331902027,
    "robot-gripping(green-bottle)": 0.022608708357438445,
    "robot-gripping(loaf-of-bread)": 0.1387825363005201,
    "robot-gripping(red-box-of-cereal)": 0.2928061205893755,
    "robot-gripping(red-can-of-soda)": 0.7120885147402684
}