{
    "on-table(milk-carton,wood-table)": 0.1302053815840433,
    "on-table(milk-carton,black-table)": 0.3634386582028431,
    "on-table(milk-carton,white-table)": 0.5700084450654685,
    "on-table(lemon,wood-table)": 0.29678012632454437,
    "on-table(lemon,black-table)": 0.32826545680412283,
    "on-table(lemon,white-table)": 0.014868437073649451,
    "on-table(green-bottle,wood-table)": 0.9976764520009359,
    "on-table(green-bottle,black-table)": 0.3333109504917881,
    "on-table(green-bottle,white-table)": 0.0023323855458556864,
    "on-table(loaf-of-bread,wood-table)": 0.17198942035126188,
    "on-table(loaf-of-bread,black-table)": 0.5529561198006073,
    "on-table(loaf-of-bread,white-table)": 0.21608525349680954,
    "on-table(red-box-of-cereal,wood-table)": 0.17250852808744335,
    "on-table(red-box-of-cereal,black-table)": 0.001577971210584413,
    "on-table(red-box-of-cereal,white-table)": 0.8334681781319281,
    "on-table(red-can-of-soda,wood-table)": 0.15151943592597186,
    "on-table(red-can-of-soda,black-table)": 0.015210060792014701,
    "on-table(red-can-of-soda,white-table)": 0.8320105956130041,
    "robot-gripper-empty()": 0.9717238148053488,
    "robot-gripping(milk-carton)": 0.1054931664839387,
    "robot-gripping(lemon)": 0.03405173635110259,
    "robot-gripping(green-bottle)": 0.05513717059511691,
    "robot-gripping(loaf-of-bread)": 0.06700919708237052,
    "robot-gripping(red-box-of-cereal)": 0.06259622178428496,
    "robot-gripping(red-can-of-soda)": 0.12856509637398025
}