{
    "on-table(milk-carton,wood-table)": 0.29842348117381334,
    "on-table(milk-carton,black-table)": 0.4699573621037416,
    "on-table(milk-carton,white-table)": 0.17193082879869812,
    "on-table(lemon,wood-table)": 0.27865217719227076,
    "on-table(lemon,black-table)": 0.02204859478903624,
    "on-table(lemon,white-table)": 0.5010775783836531,
    "on-table(green-bottle,wood-table)": 0.719187987037003,
    "on-table(green-bottle,black-table)": 0.19314791510081855,
    "on-table(green-bottle,white-table)": 0.0014257654006731475,
    "on-table(loaf-of-bread,wood-table)": 0.37345753035818535,
    "on-table(loaf-of-bread,black-table)": 0.05597853191041698,
    "on-table(loaf-of-bread,white-table)": 0.7474952245441576,
    "on-table(red-box-of-cereal,wood-table)": 0.7017071918429186,
    "on-table(red-box-of-cereal,black-table)": 0.17059072880389672,
    "on-table(red-box-of-cereal,white-table)": 0.00895425274165973,
    "on-table(red-can-of-soda,wood-table)": 0.25424416033395875,
    "on-table(red-can-of-soda,black-table)": 0.8169293121512359,
    "on-table(red-can-of-soda,white-table)": 0.001817073570540136,
    "robot-gripper-empty()": 0.9420610765616099,
    "robot-gripping(milk-carton)": 0.15327678186198077,
    "robot-gripping(lemon)": 0.22016884045054516,
    "robot-gripping(green-bottle)": 0.11991113470867276,
    "robot-gripping(loaf-of-bread)": 0.12017742109795411,
    "robot-gripping(red-box-of-cereal)": 0.07923941034823656,
    "robot-gripping(red-can-of-soda)": 0.2261587359632055
}