{
    "on-table(milk-carton,wood-table)": 0.08230510098898473,
    "on-table(milk-carton,black-table)": 0.5930255536998933,
    "on-table(milk-carton,white-table)": 0.35123996027202037,
    "on-table(lemon,wood-table)": 0.9039060374101003,
    "on-table(lemon,black-table)": 0.25278157554608544,
    "on-table(lemon,white-table)": 0.10857330242424723,
    "on-table(green-bottle,wood-table)": 0.9890442291895548,
    "on-table(green-bottle,black-table)": 0.33378430370278994,
    "on-table(green-bottle,white-table)": 0.001324243970657335,
    "on-table(loaf-of-bread,wood-table)": 0.19427702816513678,
    "on-table(loaf-of-bread,black-table)": 0.06520205235816927,
    "on-table(loaf-of-bread,white-table)": 0.6549564947684606,
    "on-table(red-box-of-cereal,wood-table)": 0.17392367761931382,
    "on-table(red-box-of-cereal,black-table)": 0.007692150563040438,
    "on-table(red-box-of-cereal,white-table)": 0.9433411061763763,
    "on-table(red-can-of-soda,wood-table)": 0.1652231510039807,
    "on-table(red-can-of-soda,black-table)": 0.0019446114274614956,
    "on-table(red-can-of-soda,white-table)": 0.9781942367553711,
    "robot-gripper-empty()": 0.8472448562582334,
    "robot-gripping(milk-carton)": 0.11860765734066565,
    "robot-gripping(lemon)": 0.13049442526729157,
    "robot-gripping(green-bottle)": 0.1725720176861311,
    "robot-gripping(loaf-of-bread)": 0.13220164148757854,
    "robot-gripping(red-box-of-cereal)": 0.04902951495993572,
    "robot-gripping(red-can-of-soda)": 0.10878496690808485
}