{
    "on-table(milk-carton,wood-table)": 0.06320305676975597,
    "on-table(milk-carton,black-table)": 0.7432131090511879,
    "on-table(milk-carton,white-table)": 0.04134004052320961,
    "on-table(lemon,wood-table)": 0.11926056020699131,
    "on-table(lemon,black-table)": 0.8305937446032962,
    "on-table(lemon,white-table)": 0.025610820822976166,
    "on-table(green-bottle,wood-table)": 0.33277111874970916,
    "on-table(green-bottle,black-table)": 0.8628924737373987,
    "on-table(green-bottle,white-table)": 0.15623336700218715,
    "on-table(loaf-of-bread,wood-table)": 0.105883284083878,
    "on-table(loaf-of-bread,black-table)": 0.41357681977873045,
    "on-table(loaf-of-bread,white-table)": 0.1272452534964638,
    "on-table(red-box-of-cereal,wood-table)": 0.572233686534067,
    "on-table(red-box-of-cereal,black-table)": 0.8636541465918223,
    "on-table(red-box-of-cereal,white-table)": 0.016773134494239155,
    "on-table(red-can-of-soda,wood-table)": 0.8353088541577259,
    "on-table(red-can-of-soda,black-table)": 0.2067905851965861,
    "on-table(red-can-of-soda,white-table)": 0.005411676674308789,
    "robot-gripper-empty()": 0.9209156632423401,
    "robot-gripping(milk-carton)": 0.13508222065865993,
    "robot-gripping(lemon)": 0.029199621950586636,
    "robot-gripping(green-bottle)": 0.03746070433408022,
    "robot-gripping(loaf-of-bread)": 0.06984079862013459,
    "robot-gripping(red-box-of-cereal)": 0.1648494238809993,
    "robot-gripping(red-can-of-soda)": 0.19290565132784346
}