{
    "on-table(milk-carton,wood-table)": 0.05473065651798,
    "on-table(milk-carton,black-table)": 0.42543781936789554,
    "on-table(milk-carton,white-table)": 0.027249271855301533,
    "on-table(lemon,wood-table)": 0.18049640844886503,
    "on-table(lemon,black-table)": 0.0011659607783561416,
    "on-table(lemon,white-table)": 0.9569072922070821,
    "on-table(green-bottle,wood-table)": 0.8340054366271943,
    "on-table(green-bottle,black-table)": 0.17011329205295547,
    "on-table(green-bottle,white-table)": 0.004621763131543351,
    "on-table(loaf-of-bread,wood-table)": 0.06137921164433161,
    "on-table(loaf-of-bread,black-table)": 0.02051675399222101,
    "on-table(loaf-of-bread,white-table)": 0.05279067591375982,
    "on-table(red-box-of-cereal,wood-table)": 0.010730883136905808,
    "on-table(red-box-of-cereal,black-table)": 0.009629511170108648,
    "on-table(red-box-of-cereal,white-table)": 0.002201610547369152,
    "on-table(red-can-of-soda,wood-table)": 0.16504675786321363,
    "on-table(red-can-of-soda,black-table)": 0.005713671647148051,
    "on-table(red-can-of-soda,white-table)": 0.0027255670405187025,
    "robot-gripper-empty()": 0.9385692377885183,
    "robot-gripping(milk-carton)": 0.1627252915253242,
    "robot-gripping(lemon)": 0.09512371391368409,
    "robot-gripping(green-bottle)": 0.20944208201641837,
    "robot-gripping(loaf-of-bread)": 0.08412639532859127,
    "robot-gripping(red-box-of-cereal)": 0.14916831580922008,
    "robot-gripping(red-can-of-soda)": 0.35376339219510555
}