{
    "on-table(milk-carton,wood-table)": 0.5330302367607752,
    "on-table(milk-carton,black-table)": 0.028334664064459503,
    "on-table(milk-carton,white-table)": 0.35788099466541706,
    "on-table(lemon,wood-table)": 0.2714602147849898,
    "on-table(lemon,black-table)": 0.020962862579229597,
    "on-table(lemon,white-table)": 0.18278161704074591,
    "on-table(green-bottle,wood-table)": 0.8340467614276955,
    "on-table(green-bottle,black-table)": 0.16857621537845566,
    "on-table(green-bottle,white-table)": 0.004087863847606362,
    "on-table(loaf-of-bread,wood-table)": 0.1594643514448156,
    "on-table(loaf-of-bread,black-table)": 0.02253841267277797,
    "on-table(loaf-of-bread,white-table)": 0.39900436777194653,
    "on-table(red-box-of-cereal,wood-table)": 0.2575330393156037,
    "on-table(red-box-of-cereal,black-table)": 0.11617811784769098,
    "on-table(red-box-of-cereal,white-table)": 0.25778666628320934,
    "on-table(red-can-of-soda,wood-table)": 0.986883670091629,
    "on-table(red-can-of-soda,black-table)": 0.25098816396560625,
    "on-table(red-can-of-soda,white-table)": 0.1889470124641169,
    "robot-gripper-empty()": 0.9405760566393534,
    "robot-gripping(milk-carton)": 0.19734989230831465,
    "robot-gripping(lemon)": 0.09405402978882194,
    "robot-gripping(green-bottle)": 0.17538631365944943,
    "robot-gripping(loaf-of-bread)": 0.09985148689399163,
    "robot-gripping(red-box-of-cereal)": 0.05105252094411602,
    "robot-gripping(red-can-of-soda)": 0.16556712069238225
}