{
    "on-table(milk-carton,wood-table)": 0.7891151010990143,
    "on-table(milk-carton,black-table)": 0.14152254637641212,
    "on-table(milk-carton,white-table)": 0.026404726680387586,
    "on-table(lemon,wood-table)": 0.18126080695462102,
    "on-table(lemon,black-table)": 0.11764804413299619,
    "on-table(lemon,white-table)": 0.8377534573276838,
    "on-table(green-bottle,wood-table)": 0.3326544967130758,
    "on-table(green-bottle,black-table)": 0.9961279630661011,
    "on-table(green-bottle,white-table)": 0.006288943422987359,
    "on-table(loaf-of-bread,wood-table)": 0.6432289760559797,
    "on-table(loaf-of-bread,black-table)": 0.30657064442251186,
    "on-table(loaf-of-bread,white-table)": 0.0440033731914203,
    "on-table(red-box-of-cereal,wood-table)": 0.8225774226399759,
    "on-table(red-box-of-cereal,black-table)": 0.09581391081049635,
    "on-table(red-box-of-cereal,white-table)": 0.016556644598646624,
    "on-table(red-can-of-soda,wood-table)": 0.8332363566150889,
    "on-table(red-can-of-soda,black-table)": 0.16330577578545066,
    "on-table(red-can-of-soda,white-table)": 0.016673611291973128,
    "robot-gripper-empty()": 0.9043775896231333,
    "robot-gripping(milk-carton)": 0.12547510862350464,
    "robot-gripping(lemon)": 0.03110664407722652,
    "robot-gripping(green-bottle)": 0.17560856832036129,
    "robot-gripping(loaf-of-bread)": 0.04645980801433325,
    "robot-gripping(red-box-of-cereal)": 0.028177858252699178,
    "robot-gripping(red-can-of-soda)": 0.0548122845745335
}