{
    "on-table(milk-carton,wood-table)": 0.14390788733726367,
    "on-table(milk-carton,black-table)": 0.006102606198207165,
    "on-table(milk-carton,white-table)": 0.8314181994646788,
    "on-table(lemon,wood-table)": 0.31117384699731093,
    "on-table(lemon,black-table)": 0.9616797268390656,
    "on-table(lemon,white-table)": 0.005535720389540681,
    "on-table(green-bottle,wood-table)": 0.833972366216282,
    "on-table(green-bottle,black-table)": 0.16739477761947796,
    "on-table(green-bottle,white-table)": 0.0010067451082325836,
    "on-table(loaf-of-bread,wood-table)": 0.5269433798578879,
    "on-table(loaf-of-bread,black-table)": 0.009496644968749024,
    "on-table(loaf-of-bread,white-table)": 0.011750971604972923,
    "on-table(red-box-of-cereal,wood-table)": 0.017256412965555985,
    "on-table(red-box-of-cereal,black-table)": 0.007285289005570424,
    "on-table(red-box-of-cereal,white-table)": 0.749536303182443,
    "on-table(red-can-of-soda,wood-table)": 0.18326878386687895,
    "on-table(red-can-of-soda,black-table)": 0.8278192129946547,
    "on-table(red-can-of-soda,white-table)": 0.33908283921058074,
    "robot-gripper-empty()": 0.9250005384286245,
    "robot-gripping(milk-carton)": 0.13364424432317415,
    "robot-gripping(lemon)": 0.012615748681128025,
    "robot-gripping(green-bottle)": 0.14981783061133078,
    "robot-gripping(loaf-of-bread)": 0.10556585403780143,
    "robot-gripping(red-box-of-cereal)": 0.16870078399855024,
    "robot-gripping(red-can-of-soda)": 0.08653216568442683
}